full_name,age,birthday,birthday_GMT,league,season,position,Current Club,minutes_played_overall,minutes_played_home,minutes_played_away,nationality,appearances_overall,appearances_home,appearances_away,goals_overall,goals_home,goals_away,assists_overall,assists_home,assists_away,penalty_goals,penalty_misses,clean_sheets_overall,clean_sheets_home,clean_sheets_away,conceded_overall,conceded_home,conceded_away,yellow_cards_overall,red_cards_overall,goals_involved_per_90_overall,assists_per_90_overall,goals_per_90_overall,goals_per_90_home,goals_per_90_away,min_per_goal_overall,conceded_per_90_overall,min_per_conceded_overall,min_per_match,min_per_card_overall,min_per_assist_overall,cards_per_90_overall,rank_in_league_top_attackers,rank_in_league_top_midfielders,rank_in_league_top_defenders,rank_in_club_top_scorer,annual_salary_eur,average_rating_overall,assists_per_game_overall,assists_per90_percentile_overall,passes_per_90_overall,passes_per_game_overall,passes_per90_percentile_overall,passes_total_overall,passes_completed_per_game_overall,passes_completed_total_overall,pass_completion_rate_percentile_overall,passes_completed_per_90_overall,passes_completed_per90_percentile_overall,short_passes_per_game_overall,long_passes_per_game_overall,key_passes_per_game_overall,key_passes_total_overall,through_passes_per_game_overall,crosses_per_game_overall,tackles_per_90_overall,tackles_per_game_overall,tackles_total_overall,tackles_successful_per_game_overall,dispossesed_per_game_overall,possession_regained_per_game_overall,pressures_per_game_overall,saves_per_game_overall,interceptions_per_game_overall,dribbles_successful_per_game_overall,shots_faced_per_game_overall,shots_per_goal_scored_overall,shots_per_90_overall,shots_off_target_per_game_overall,dribbles_per_game_overall,distance_travelled_per_game_overall,shots_on_target_per_game_overall,xg_per_game_overall,chances_created_per_game_overall,aerial_duels_won_per_game_overall,aerial_duels_per_game_overall,possession_regained_per_90_overall,possession_regained_total_overall,possession_regained_per90_percentile_overall,additional_info,shots_total_overall,shots_per_game_overall,shots_per90_percentile_overall,shots_on_target_total_overall,shots_on_target_per_90_overall,shots_on_target_per90_percentile_overall,shots_off_target_total_overall,shots_off_target_per_90_overall,shots_off_target_per90_percentile_overall,games_subbed_out,games_subbed_in,games_started,tackles_per90_percentile_overall,tackles_successful_per_90_overall,tackles_successful_per90_percentile_overall,tackles_successful_total_overall,interceptions_total_overall,interceptions_per_90_overall,interceptions_per90_percentile_overall,crosses_total_overall,cross_completion_rate_percentile_overall,crosses_per_90_overall,crosses_per90_percentile_overall,through_passes_total_overall,through_passes_per_90_overall,through_passes_per90_percentile_overall,long_passes_total_overall,long_passes_per_90_overall,long_passes_per90_percentile_overall,short_passes_total_overall,short_passes_per_90_overall,short_passes_per90_percentile_overall,key_passes_per_90_overall,key_passes_per90_percentile_overall,dribbles_total_overall,dribbles_per_90_overall,dribbles_per90_percentile_overall,dribbles_successful_total_overall,dribbles_successful_per_90_overall,dribbles_successful_percentage_overall,chances_created_total_overall,chances_created_per_90_overall,chances_created_per90_percentile_overall,saves_total_overall,save_percentage_percentile_overall,saves_per_90_overall,saves_per90_percentile_overall,shots_faced_total_overall,shots_per_goal_conceded_overall,conceded_per90_percentile_overall,shots_faced_per_90_overall,shots_faced_per90_percentile_overall,xg_faced_per_90_overall,xg_faced_per90_percentile_overall,xg_faced_per_game_overall,xg_faced_total_overall,save_percentage_overall,pressures_total_overall,pressures_per_90_overall,pressures_per90_percentile_overall,xg_total_overall,market_value,market_value_percentile,pass_completion_rate_overall,shot_accuraccy_percentage_overall,shot_accuraccy_percentage_percentile_overall,dribbled_past_per90_percentile_overall,dribbled_past_per_game_overall,dribbled_past_per_90_overall,dribbled_past_total_overall,dribbles_successful_per90_percentile_overall,dribbles_successful_percentage_percentile_overall,pen_scored_total_overall,pen_missed_total_overall,inside_box_saves_total_overall,blocks_per_game_overall,blocks_per_90_overall,blocks_total_overall,blocks_per90_percentile_overall,ratings_total_overall,clearances_per_game_overall,clearances_per_90_overall,clearances_total_overall,pen_committed_total_overall,pen_save_percentage_overall,pen_committed_per_90_overall,pen_committed_per90_percentile_overall,pen_committed_per_game_overall,pens_saved_total_overall,pens_taken_total_overall,hit_woodwork_total_overall,hit_woodwork_per_game_overall,hit_woodwork_per_90_overall,punches_total_overall,punches_per_game_overall,punches_per_90_overall,offsides_per_90_overall,offsides_per_game_overall,offsides_total_overall,penalties_won_total_overall,shot_conversion_rate_overall,shot_conversion_rate_percentile_overall,minutes_played_percentile_overall,matches_played_percentile_overall,min_per_goal_percentile_overall,min_per_conceded_percentile_overall,xa_total_overall,xa_per90_percentile_overall,xa_per_game_overall,xa_per_90_overall,npxg_total_overall,npxg_per90_percentile_overall,npxg_per_game_overall,npxg_per_90_overall,fouls_drawn_per90_percentile_overall,fouls_drawn_total_overall,fouls_drawn_per_game_overall,fouls_drawn_per_90_overall,fouls_committed_per_90_overall,fouls_committed_per_game_overall,fouls_committed_per90_percentile_overall,fouls_committed_total_overall,xg_per_90_overall,xg_per90_percentile_overall,average_rating_percentile_overall,clearances_per90_percentile_overall,hit_woodwork_per90_percentile_overall,punches_per90_percentile_overall,offsides_per90_percentile_overall,aerial_duels_won_per90_percentile_overall,aerial_duels_total_overall,aerial_duels_per_90_overall,aerial_duels_per90_percentile_overall,aerial_duels_won_total_overall,aerial_duels_won_percentage_overall,aerial_duels_won_per_90_overall,duels_per_90_overall,duels_per_game_overall,duels_total_overall,duels_won_total_overall,duels_won_per90_percentile_overall,duels_per90_percentile_overall,duels_won_per_90_overall,duels_won_per_game_overall,duels_won_percentage_overall,dispossesed_total_overall,dispossesed_per_90_overall,dispossesed_per90_percentile_overall,progressive_passes_total_overall,cross_completion_rate_overall,distance_travelled_total_overall,distance_travelled_per_90_overall,distance_travelled_per90_percentile_overall,accurate_crosses_total_overall,accurate_crosses_per_game_overall,accurate_crosses_per_90_overall,accurate_crosses_per90_percentile_overall,games_started_percentile_overall,games_subbed_in_percentile_overall,games_subbed_out_percentile_overall,hattricks_total_overall,two_goals_in_a_game_total_overall,three_goals_in_a_game_total_overall,two_goals_in_a_game_percentage_overall,three_goals_in_a_game_percentage_overall,goals_involved_per90_percentile_overall,goals_per90_percentile_overall,goals_per90_percentile_away,goals_per90_percentile_home,man_of_the_match_total_overall,annual_salary_eur_percentile,clean_sheets_percentage_percentile_overall,min_per_card_percentile_overall,cards_per90_percentile_overall,booked_over05_overall,booked_over05_percentage_overall,booked_over05_percentage_percentile_overall,shirt_number,annual_salary_gbp,annual_salary_usd
,36,615884400,1989/07/08,Serie A,2024,Midfielder,Vasco da Gama,0,0,0,,0,0,0,0,0,0,0,0,0,0,0,0,0,0,0,0,0,0,0,0,0,0,0,0,0,0,0,0,0,0,0,-1,-1,-1,24,N/A,N/A,N/A,N/A,N/A,N/A,N/A,N/A,N/A,N/A,N/A,N/A,N/A,N/A,N/A,N/A,N/A,N/A,N/A,N/A,N/A,N/A,N/A,N/A,N/A,N/A,N/A,N/A,N/A,N/A,N/A,N/A,N/A,N/A,N/A,N/A,N/A,N/A,N/A,N/A,N/A,N/A,N/A,N/A,N/A,N/A,N/A,N/A,N/A,N/A,N/A,N/A,N/A,N/A,N/A,N/A,N/A,N/A,N/A,N/A,N/A,N/A,N/A,N/A,N/A,N/A,N/A,N/A,N/A,N/A,N/A,N/A,N/A,N/A,N/A,N/A,N/A,N/A,N/A,N/A,N/A,N/A,N/A,N/A,N/A,N/A,N/A,N/A,N/A,N/A,N/A,N/A,N/A,N/A,N/A,N/A,N/A,N/A,N/A,N/A,N/A,N/A,N/A,N/A,N/A,N/A,N/A,N/A,N/A,N/A,N/A,N/A,N/A,N/A,N/A,N/A,N/A,N/A,N/A,N/A,N/A,N/A,N/A,N/A,N/A,N/A,N/A,N/A,N/A,N/A,N/A,N/A,N/A,N/A,N/A,N/A,N/A,N/A,N/A,N/A,N/A,N/A,N/A,N/A,N/A,N/A,N/A,N/A,N/A,N/A,N/A,N/A,N/A,N/A,N/A,N/A,N/A,N/A,N/A,N/A,N/A,N/A,N/A,N/A,N/A,N/A,N/A,N/A,N/A,N/A,N/A,N/A,N/A,N/A,N/A,N/A,N/A,N/A,N/A,N/A,N/A,N/A,N/A,N/A,N/A,N/A,N/A,N/A,N/A,N/A,N/A,N/A,N/A,N/A,N/A,N/A,N/A,N/A,N/A,N/A,N/A,N/A,N/A,N/A,N/A,N/A,N/A,N/A,N/A,N/A,N/A,N/A,N/A,N/A,N/A,N/A,N/A,N/A,N/A,N/A,N/A,N/A,N/A,N/A
Abner Salles da Silva,21,1082358000,2004/04/19,Serie A,2024,Midfielder,Juventude,106,90,16,Brazil,3,1,2,0,0,0,0,0,0,0,0,0,0,0,1,1,0,1,0,0,0,0,0,0,0,0.85,106,35,106,0,0.85,-1,-1,-1,31,0,6.58,0,45,22.92,9.00,17,27,6.00,18,4,15.28,13,0.00,0.00,0.00,0,0.00,0.00,1.70,0.67,2,0.00,0.33,0.00,0.00,0.00,0.67,0.00,0.00,0.00,0.00,0.00,0.00,0.00,0.00,0.00,0.00,1.00,0.00,0.00,0,0,,0,0.00,8,0,0.00,15,0,0.00,9,0,2,1,58,0.00,99,0,2,1.70,94,0,30,0.00,14,0,0.00,99,0,0.00,0,0,0.00,0,0.00,8,0,0.00,7,0,0.00,0.00,0,0.00,0,0,0,0.00,0,0,0.00,81,0.00,0,N/A,N/A,N/A,N/A,0.00,0,0.00,0,0.00,0.00,0,66.67,0.00,15,4,0.67,1.70,2,10,10,0,0,0,0.00,0.00,0,23,19.74,4.00,10.19,12,0,0.00,0.00,99,0.00,0,0,0,0.00,0.00,0,0.00,0.00,0.00,0.00,0,0,0.00,42,0,0,40,81,0.03,3,0.01,0.03,0.00,9,0.00,0.00,42,1,0.33,0.85,0.85,0.33,27,1,0.00,9,12,99,67,0,41,88,0,0.00,99,3,0.00,2.55,11.89,4.67,14,6,58,73,5.09,2.00,42.86,1,0.85,46,0,0.00,0,0.00,99,0,0.00,0.00,30,1,31,11,0,0,0,0,0,26,40,59,54,0,99,2,9,98,1,33,95,23,0,0
Ademir da Silva Santos Junior,30,792921600,1995/02/16,Serie A,2024,Forward,Bahia,1119,577,542,Brazil,31,16,15,3,0,3,4,2,2,0,0,7,7,0,14,5,9,0,0,0.56,0.32,0.24,0,0.5,373,1.13,80,36,0,280,0,91,13,-1,8,0,6.92,0.13,98,28.10,11.43,27,320,9.36,262,47,23.00,30,0.00,0.00,0.71,20,0.00,1.79,2.11,0.86,24,0.00,0.29,0.00,0.00,0.00,0.29,0.79,0.00,7.67,2.02,0.32,1.86,0.00,0.50,0.14,0.00,0.29,0.00,0.00,0,0,,23,0.82,91,14,1.23,95,9,0.79,77,4,21,10,75,0.00,99,0,8,0.70,48,50,67,4.39,88,0,0.00,99,0,0.00,0,0,0.00,0,1.76,88,52,4.57,93,22,1.93,42.31,0,0.00,0,0,0,0.00,0,0,0.00,48,0.00,0,N/A,N/A,N/A,N/A,0.00,0,0.00,0,3.98,0.00,0,81.88,60.87,89,8,0.61,1.49,17,91,33,0,0,0,0.00,0.00,0,23,193.89,0.11,0.26,3,0,0.00,0.00,99,0.00,0,0,0,0.00,0.00,0,0.00,0.00,0.61,0.25,7,0,13.04,69,42,83,57,48,3.60,97,0.13,0.32,3.98,92,0.14,0.35,89,25,0.89,2.20,1.32,0.54,60,15,0.35,91,55,7,67,0,95,34,0,0.00,99,8,0.00,0.70,14.66,5.96,167,79,90,90,6.94,2.82,47.31,8,0.70,56,0,26.00,0,0.00,99,13,0.46,1.14,88,32,99,77,0,0,0,0,0,95,84,97,54,0,99,39,7,7,0,0,7,7,0,0
Aderbar Melo dos Santos Neto,35,637660800,1990/03/17,Serie A,2024,Goalkeeper,Fortaleza,0,0,0,Brazil,0,0,0,0,0,0,0,0,0,0,0,0,0,0,0,0,0,0,0,0,0,0,0,0,0,0,0,0,0,0,0,-1,-1,-1,-1,N/A,N/A,N/A,N/A,N/A,N/A,N/A,N/A,N/A,N/A,N/A,N/A,N/A,N/A,N/A,N/A,N/A,N/A,N/A,N/A,N/A,N/A,N/A,N/A,N/A,N/A,N/A,N/A,N/A,N/A,N/A,N/A,N/A,N/A,N/A,N/A,N/A,N/A,N/A,N/A,N/A,N/A,N/A,N/A,N/A,N/A,N/A,N/A,N/A,N/A,N/A,N/A,N/A,N/A,N/A,N/A,N/A,N/A,N/A,N/A,N/A,N/A,N/A,N/A,N/A,N/A,N/A,N/A,N/A,N/A,N/A,N/A,N/A,N/A,N/A,N/A,N/A,N/A,N/A,N/A,N/A,N/A,N/A,N/A,N/A,N/A,N/A,N/A,N/A,N/A,N/A,N/A,N/A,N/A,N/A,N/A,N/A,N/A,N/A,N/A,N/A,N/A,N/A,N/A,N/A,N/A,N/A,N/A,N/A,N/A,N/A,N/A,N/A,N/A,N/A,N/A,N/A,N/A,N/A,N/A,N/A,N/A,N/A,N/A,N/A,N/A,N/A,N/A,N/A,N/A,N/A,N/A,N/A,N/A,N/A,N/A,N/A,N/A,N/A,N/A,N/A,N/A,N/A,N/A,N/A,N/A,N/A,N/A,N/A,N/A,N/A,N/A,N/A,N/A,N/A,N/A,N/A,N/A,N/A,N/A,N/A,N/A,N/A,N/A,N/A,N/A,N/A,N/A,N/A,N/A,N/A,N/A,N/A,N/A,N/A,N/A,N/A,N/A,N/A,N/A,N/A,N/A,N/A,N/A,N/A,N/A,N/A,N/A,N/A,N/A,N/A,N/A,N/A,N/A,N/A,N/A,N/A,N/A,N/A,N/A,N/A,N/A,N/A,N/A,N/A,N/A,N/A,N/A,N/A,N/A,N/A,N/A,N/A,N/A,N/A,N/A,N/A,N/A,N/A,N/A,N/A,N/A,N/A,N/A
Adriano Martins da Fonseca,28,859881600,1997/04/01,Serie A,2024,Defender,Atlético GO,2993,1426,1567,Brazil,34,16,18,0,0,0,0,0,0,0,0,6,4,2,48,16,32,7,0,0,0,0,0,0,0,1.44,62,88,428,0,0.21,521,449,165,39,0,6.97,0,45,42.90,41.91,66,1341,35.50,1136,66,36.35,66,0.00,0.00,0.12,4,0.00,0.19,1.18,1.16,37,0.00,0.00,0.00,0.00,0.00,1.47,0.19,0.00,0.00,0.54,0.34,0.34,0.00,0.19,0.04,0.00,1.59,0.00,0.00,0,0,,17,0.53,37,6,0.19,36,11,0.35,40,5,0,34,34,0.00,99,0,47,1.50,90,6,45,0.19,26,0,0.00,99,0,0.00,0,0,0.00,0,0.13,12,11,0.35,21,6,0.19,54.55,0,0.00,0,0,0,0.00,0,0,0.00,16,0.00,0,N/A,N/A,N/A,N/A,0.00,0,0.00,0,1.16,0.00,0,84.71,35.29,39,72,0.41,0.42,13,23,64,0,0,0,0.81,0.83,26,92,222.92,4.31,4.42,138,2,0.00,0.06,9,0.06,0,0,0,0.00,0.00,0,0.00,0.00,0.06,0.06,2,0,0.00,42,97,94,40,16,2.56,22,0.08,0.08,1.16,30,0.04,0.04,15,11,0.34,0.35,0.99,0.97,36,31,0.04,29,64,91,67,0,51,68,0,0.00,99,51,0.00,1.63,5.92,5.78,185,105,15,12,3.36,3.28,56.76,0,0.00,99,0,16.67,0,0.00,99,1,0.03,0.03,31,97,14,87,0,0,0,0,0,26,40,59,54,0,99,23,67,42,7,21,73,3,0,0
Adriano Silveira Borges Filho,21,1087196400,2004/06/14,Serie A,2024,Midfielder,Criciúma,0,0,0,Brazil,0,0,0,0,0,0,0,0,0,0,0,0,0,0,0,0,0,0,0,0,0,0,0,0,0,0,0,0,0,0,0,-1,-1,-1,-1,N/A,N/A,N/A,N/A,N/A,N/A,N/A,N/A,N/A,N/A,N/A,N/A,N/A,N/A,N/A,N/A,N/A,N/A,N/A,N/A,N/A,N/A,N/A,N/A,N/A,N/A,N/A,N/A,N/A,N/A,N/A,N/A,N/A,N/A,N/A,N/A,N/A,N/A,N/A,N/A,N/A,N/A,N/A,N/A,N/A,N/A,N/A,N/A,N/A,N/A,N/A,N/A,N/A,N/A,N/A,N/A,N/A,N/A,N/A,N/A,N/A,N/A,N/A,N/A,N/A,N/A,N/A,N/A,N/A,N/A,N/A,N/A,N/A,N/A,N/A,N/A,N/A,N/A,N/A,N/A,N/A,N/A,N/A,N/A,N/A,N/A,N/A,N/A,N/A,N/A,N/A,N/A,N/A,N/A,N/A,N/A,N/A,N/A,N/A,N/A,N/A,N/A,N/A,N/A,N/A,N/A,N/A,N/A,N/A,N/A,N/A,N/A,N/A,N/A,N/A,N/A,N/A,N/A,N/A,N/A,N/A,N/A,N/A,N/A,N/A,N/A,N/A,N/A,N/A,N/A,N/A,N/A,N/A,N/A,N/A,N/A,N/A,N/A,N/A,N/A,N/A,N/A,N/A,N/A,N/A,N/A,N/A,N/A,N/A,N/A,N/A,N/A,N/A,N/A,N/A,N/A,N/A,N/A,N/A,N/A,N/A,N/A,N/A,N/A,N/A,N/A,N/A,N/A,N/A,N/A,N/A,N/A,N/A,N/A,N/A,N/A,N/A,N/A,N/A,N/A,N/A,N/A,N/A,N/A,N/A,N/A,N/A,N/A,N/A,N/A,N/A,N/A,N/A,N/A,N/A,N/A,N/A,N/A,N/A,N/A,N/A,N/A,N/A,N/A,N/A,N/A,N/A,N/A,N/A,N/A,N/A,N/A,N/A,N/A,N/A,N/A,N/A,N/A,N/A,N/A,N/A,N/A,N/A,N/A
Adriel Vasconcelos Ramos,24,979459200,2001/01/14,Serie A,2024,Goalkeeper,Bahia,332,180,152,Brazil,4,2,2,0,0,0,0,0,0,0,0,0,0,0,6,3,3,1,0,0,0,0,0,0,0,1.63,55,83,332,0,0.27,477,391,181,24,0,6.79,0,45,31.72,29.25,34,117,23.00,92,31,24.94,33,0.00,0.00,0.00,0,0.00,0.00,0.27,0.25,1,0.00,0.00,0.00,0.00,1.75,0.00,0.25,3.50,0.00,0.00,0.00,0.25,0.00,0.00,0.00,0.00,0.00,0.00,0.00,0,0,,0,0.00,8,0,0.00,15,0,0.00,9,0,1,3,8,0.00,99,0,0,0.00,9,0,30,0.00,14,0,0.00,99,0,0.00,0,0,0.00,0,0.00,8,1,0.27,19,1,0.27,100.00,0,0.00,0,7,0,1.90,0,14,0.00,7,3.80,15,N/A,N/A,N/A,N/A,50.00,0,0.00,0,0.00,0.00,0,78.63,0.00,15,99,0.00,0.00,0,28,99,0,0,4,0.00,0.00,0,23,27.16,0.50,0.54,2,0,0.00,0.00,99,0.00,0,0,0,0.00,0.00,0,0.00,0.00,0.00,0.00,0,0,0.00,42,0,0,40,7,0.17,10,0.04,0.05,0.00,9,0.00,0.00,2,0,0.00,0.00,0.00,0.00,5,0,0.00,9,32,20,67,0,41,2,0,0.00,99,0,0.00,0.00,0.54,0.50,2,2,6,5,0.54,0.50,100.00,0,0.00,99,0,0.00,0,0.00,99,0,0.00,0.00,30,2,22,11,0,0,0,0,0,26,40,59,54,0,99,2,52,57,0,0,7,23,0,0
Adryelson Shawann Lima Silva,27,890640000,1998/03/23,Serie A,2024,Defender,Botafogo,580,338,242,Brazil,7,4,3,1,0,1,0,0,0,0,0,3,1,2,2,2,0,0,0,0.16,0,0.16,0,0.37,580,0.31,290,83,0,0,0,144,355,3,18,0,7.24,0,45,61.91,57.00,96,399,52.43,367,99,56.95,98,0.00,0.00,0.29,2,0.00,0.14,0.62,0.57,4,0.00,0.00,0.00,0.00,0.00,1.43,0.00,0.00,3.00,0.47,0.29,0.00,0.00,0.14,0.12,0.00,3.57,0.00,0.00,0,0,,3,0.43,30,1,0.16,30,2,0.31,36,2,1,6,14,0.00,99,0,10,1.55,91,1,99,0.16,24,0,0.00,99,0,0.00,0,0,0.00,0,0.31,24,0,0.00,7,0,0.00,0.00,0,0.00,0,0,0,0.00,0,0,0.00,99,0.00,0,N/A,N/A,N/A,N/A,0.00,0,0.00,0,0.83,0.00,0,91.98,33.33,37,99,0.00,0.00,0,10,10,0,0,0,0.43,0.47,3,77,50.70,4.43,4.81,31,0,0.00,0.00,99,0.00,0,0,1,0.14,0.16,0,0.00,0.00,0.00,0.00,0,0,33.33,99,14,4,68,99,0.75,45,0.11,0.12,0.83,59,0.12,0.13,2,0,0.00,0.00,0.31,0.29,9,2,0.13,58,92,93,96,0,41,99,0,0.00,99,25,0.00,3.88,6.36,5.86,41,29,42,14,4.50,4.14,70.73,0,0.00,99,0,100.00,0,0.00,99,1,0.14,0.16,48,14,22,46,0,0,0,0,0,55,73,92,54,0,99,91,7,7,0,0,7,34,0,0
Adson Soares,25,970815600,2000/10/06,Serie A,2024,Midfielder,Vasco da Gama,1230,730,500,Brazil,20,11,9,2,1,1,1,1,0,0,0,5,4,1,15,7,8,2,0,0.22,0.07,0.15,0.12,0.18,615,1.1,82,62,615,1230,0.15,154,217,-1,6,0,7.30,0.05,58,43.86,38.50,69,154,34.25,137,91,39.02,74,0.00,0.00,1.00,4,0.00,1.25,1.42,1.25,5,0.00,0.75,0.00,0.00,0.00,0.75,3.00,0.00,5.00,1.42,0.75,5.50,0.00,0.50,0.25,0.00,0.50,0.00,0.00,0,0,,5,1.25,75,2,0.57,69,3,0.85,81,7,6,14,44,0.00,99,0,3,0.85,58,5,30,1.42,58,0,0.00,99,0,0.00,0,0,0.00,0,1.14,66,22,6.27,99,12,3.42,54.55,0,0.00,0,0,0,0.00,0,0,0.00,52,0.00,0,N/A,N/A,N/A,N/A,0.00,0,0.00,0,0.99,0.00,0,88.96,40.00,51,84,0.25,0.28,1,99,64,0,0,0,0.00,0.00,0,23,29.20,0.25,0.28,1,0,0.00,0.00,99,0.00,0,0,0,0.00,0.00,0,0.00,0.00,0.00,0.00,0,0,20.00,87,47,43,69,53,0.43,45,0.11,0.12,0.99,85,0.25,0.28,79,6,1.50,1.71,0.57,0.50,13,2,0.28,83,95,7,67,0,41,28,0,0.00,99,2,0.00,0.57,11.96,10.50,42,25,91,73,7.12,6.25,59.52,3,0.85,46,0,0.00,0,0.00,99,0,0.00,0.00,30,48,63,97,0,0,0,0,0,66,72,80,65,0,99,47,81,29,2,10,29,28,0,0
Agustín Canobbio Graviz,27,907225200,1998/10/01,Serie A,2024,Midfielder,Atlético PR,1217,560,657,Uruguay,20,10,10,4,3,1,1,1,0,0,0,4,3,1,14,6,8,6,1,0.37,0.07,0.3,0.48,0.14,304,1.04,87,61,203,1217,0.44,58,216,-1,4,0,7.02,0.05,58,27.29,18.45,24,369,15.20,304,51,22.48,28,0.00,0.00,1.15,23,0.00,1.85,2.22,1.50,30,0.00,1.20,0.00,0.00,0.00,0.15,0.65,0.00,5.50,1.63,0.40,1.55,0.00,0.70,0.23,0.00,0.30,0.00,0.00,0,0,,22,1.10,81,14,1.04,91,8,0.59,64,4,6,14,78,0.00,99,0,3,0.22,19,37,43,2.74,72,0,0.00,99,0,0.00,0,0,0.00,0,1.70,87,31,2.29,77,13,0.96,41.94,0,0.00,0,0,0,0.00,0,0,0.00,58,0.00,0,N/A,N/A,N/A,N/A,0.00,0,0.00,0,4.55,0.00,0,82.38,63.64,92,14,0.85,1.26,17,73,32,0,0,0,0.00,0.00,0,23,140.32,0.30,0.44,6,0,0.00,0.00,99,0.00,0,0,0,0.00,0.00,0,0.00,0.00,0.52,0.35,7,0,18.18,82,46,43,51,59,2.23,66,0.11,0.16,4.55,91,0.23,0.34,79,23,1.15,1.70,0.96,0.65,34,13,0.34,89,72,14,67,0,93,21,0,0.00,99,6,0.00,0.44,11.17,7.55,151,72,63,67,5.32,3.60,47.68,24,1.77,14,0,16.22,0,0.00,99,6,0.30,0.44,64,48,63,77,0,0,0,0,0,82,89,74,94,0,99,29,24,84,5,25,84,14,0,0
Agustín Daniel Rossi,30,808988400,1995/08/21,Serie A,2024,Goalkeeper,Flamengo,3150,1620,1530,Argentina,35,18,17,0,0,0,0,0,0,0,0,8,3,5,34,19,15,1,0,0,0,0,0,0,0,0.97,93,90,3150,0,0.03,514,412,69,27,0,7.04,0,45,29.66,28.94,31,984,21.88,744,16,22.42,28,0.00,0.00,0.06,2,0.00,0.00,0.03,0.03,1,0.00,0.03,0.00,0.00,2.35,0.00,0.03,3.44,0.00,0.00,0.00,0.06,0.00,0.00,0.00,0.00,0.26,0.00,0.00,0,0,,0,0.00,8,0,0.00,15,0,0.00,9,0,0,35,5,0.00,99,0,0,0.00,9,0,30,0.00,14,0,0.00,99,0,0.00,0,0,0.00,0,0.06,9,2,0.06,9,1,0.03,50.00,0,0.00,0,80,24,2.41,3,117,0.00,65,3.53,12,N/A,N/A,N/A,N/A,68.38,0,0.00,0,0.00,0.00,0,75.61,0.00,15,94,0.06,0.06,2,11,57,0,0,41,0.00,0.00,0,23,239.49,0.47,0.48,16,0,0.00,0.00,99,0.00,2,0,0,0.00,0.00,10,0.29,0.30,0.00,0.00,0,0,0.00,42,98,97,40,66,1.85,13,0.05,0.06,0.00,9,0.00,0.00,11,8,0.24,0.24,0.00,0.00,5,0,0.00,9,75,17,67,21,41,10,0,0.00,99,9,0.00,0.27,0.60,0.59,20,16,5,6,0.48,0.47,80.00,1,0.03,88,0,0.00,0,0.00,99,0,0.00,0.00,30,98,14,11,0,0,0,0,0,26,40,59,54,0,99,39,99,8,1,3,8,1,0,0
Agustín Giay,21,1074240000,2004/01/16,Serie A,2024,Midfielder,Palmeiras,644,269,375,Argentina,10,4,6,0,0,0,0,0,0,0,0,3,0,3,7,4,3,1,0,0,0,0,0,0,0,0.98,92,64,644,0,0.14,350,386,-1,31,0,6.92,0,45,51.01,36.50,84,365,30.60,306,60,42.76,82,0.00,0.00,0.50,5,0.00,1.80,4.47,3.20,32,0.00,0.50,0.00,0.00,0.00,0.50,0.50,0.00,0.00,0.84,0.30,1.10,0.00,0.30,0.06,0.00,0.40,0.00,0.00,0,0,,6,0.60,55,3,0.42,61,3,0.42,50,6,2,8,99,0.00,99,0,5,0.70,48,18,45,2.52,70,0,0.00,99,0,0.00,0,0,0.00,0,0.70,42,11,1.54,64,5,0.70,45.45,0,0.00,0,0,0,0.00,0,0,0.00,64,0.00,0,N/A,N/A,N/A,N/A,0.00,0,0.00,0,0.61,0.00,0,83.84,50.00,74,3,1.30,1.82,13,60,42,0,0,0,0.20,0.28,2,61,69.17,0.90,1.26,9,0,0.00,0.00,99,0.00,0,0,0,0.00,0.00,0,0.00,0.00,0.00,0.00,0,0,0.00,42,16,8,40,64,0.70,33,0.07,0.10,0.61,49,0.06,0.09,87,15,1.50,2.10,1.68,1.20,78,12,0.09,49,55,52,67,0,41,28,0,0.00,99,4,0.00,0.56,13.42,9.60,96,56,97,83,7.83,5.60,58.33,5,0.70,56,0,16.67,0,0.00,99,3,0.30,0.42,63,24,31,93,0,0,0,0,0,26,40,59,54,0,99,65,83,27,1,10,29,4,0,0
Agustín Marchesín,37,574502400,1988/03/16,Serie A,2024,Goalkeeper,Grêmio,2476,1260,1216,Argentina,28,14,14,0,0,0,0,0,0,0,0,7,5,2,29,13,16,4,0,0,0,0,0,0,0,1.05,85,88,619,0,0.15,394,519,90,37,0,7.30,0,45,26.33,25.85,23,698,15.19,410,1,15.47,13,0.00,0.00,0.00,0,0.00,0.00,0.04,0.04,1,0.00,0.04,0.00,0.00,3.67,0.00,0.04,4.78,0.00,0.00,0.00,0.04,0.00,0.00,0.00,0.00,0.26,0.00,0.00,0,0,,0,0.00,8,0,0.00,15,0,0.00,9,2,0,28,6,0.00,99,0,0,0.00,9,0,30,0.00,14,0,0.00,99,0,0.00,0,0,0.00,0,0.00,8,1,0.04,9,1,0.04,100.00,0,0.00,0,99,71,3.73,71,129,0.00,57,4.87,65,N/A,N/A,N/A,N/A,76.74,0,0.00,0,0.00,0.00,0,58.74,0.00,15,99,0.00,0.00,0,12,99,0,0,50,0.00,0.00,0,23,197.00,0.74,0.75,20,0,0.00,0.00,99,0.00,2,0,0,0.00,0.00,13,0.48,0.49,0.00,0.00,0,0,0.00,42,87,74,40,56,0.72,3,0.03,0.03,0.00,9,0.00,0.00,13,8,0.30,0.30,0.00,0.00,5,0,0.00,9,95,32,67,61,41,10,0,0.00,99,7,0.00,0.26,0.64,0.63,17,14,6,6,0.53,0.52,82.35,1,0.04,88,0,0.00,0,0.00,99,0,0.00,0.00,30,86,14,46,0,0,0,0,0,26,40,59,54,0,99,47,81,29,4,14,48,1,0,0
Agustín Maximiliano Rogel Paita,28,877071600,1997/10/17,Serie A,2024,Defender,Internacional,1058,656,402,Uruguay,15,8,7,0,0,0,1,1,0,0,0,5,3,2,10,6,4,3,1,0.09,0.09,0,0,0,0,0.85,106,71,353,1058,0.26,307,191,38,22,0,6.78,0.07,65,44.32,34.73,70,521,30.27,454,82,38.62,73,0.00,0.00,0.13,2,0.00,0.07,1.02,0.80,12,0.00,0.00,0.00,0.00,0.00,0.53,0.07,0.00,0.00,0.77,0.33,0.07,0.00,0.27,0.06,0.00,2.07,0.00,0.00,0,0,,9,0.60,51,4,0.34,53,5,0.43,51,1,2,13,28,0.00,99,0,8,0.68,47,1,30,0.09,18,0,0.00,99,0,0.00,0,0,0.00,0,0.17,16,1,0.09,11,1,0.09,100.00,0,0.00,0,0,0,0.00,0,0,0.00,81,0.00,0,N/A,N/A,N/A,N/A,0.00,0,0.00,0,0.88,0.00,0,87.14,44.44,58,57,0.47,0.60,7,15,99,0,0,0,0.20,0.26,3,59,101.65,3.60,4.59,54,0,0.00,0.00,99,0.00,0,0,0,0.00,0.00,0,0.00,0.00,0.00,0.00,0,0,0.00,42,39,23,40,81,1.53,51,0.10,0.13,0.88,42,0.06,0.07,22,5,0.33,0.43,1.45,1.13,68,17,0.07,41,31,92,67,0,41,91,0,0.00,99,31,0.00,2.64,7.23,5.67,85,49,33,22,4.17,3.27,57.65,0,0.00,99,0,0.00,0,0.00,99,0,0.00,0.00,30,45,31,30,0,0,0,0,0,42,40,59,54,0,99,76,57,54,2,13,44,18,0,0
Ainoã Ricardo Silva Oliveira,20,1107244800,2005/02/01,Serie A,2024,Midfielder,Flamengo,0,0,0,Brazil,0,0,0,0,0,0,0,0,0,0,0,0,0,0,0,0,0,0,0,0,0,0,0,0,0,0,0,0,0,0,0,-1,-1,-1,-1,N/A,N/A,N/A,N/A,N/A,N/A,N/A,N/A,N/A,N/A,N/A,N/A,N/A,N/A,N/A,N/A,N/A,N/A,N/A,N/A,N/A,N/A,N/A,N/A,N/A,N/A,N/A,N/A,N/A,N/A,N/A,N/A,N/A,N/A,N/A,N/A,N/A,N/A,N/A,N/A,N/A,N/A,N/A,N/A,N/A,N/A,N/A,N/A,N/A,N/A,N/A,N/A,N/A,N/A,N/A,N/A,N/A,N/A,N/A,N/A,N/A,N/A,N/A,N/A,N/A,N/A,N/A,N/A,N/A,N/A,N/A,N/A,N/A,N/A,N/A,N/A,N/A,N/A,N/A,N/A,N/A,N/A,N/A,N/A,N/A,N/A,N/A,N/A,N/A,N/A,N/A,N/A,N/A,N/A,N/A,N/A,N/A,N/A,N/A,N/A,N/A,N/A,N/A,N/A,N/A,N/A,N/A,N/A,N/A,N/A,N/A,N/A,N/A,N/A,N/A,N/A,N/A,N/A,N/A,N/A,N/A,N/A,N/A,N/A,N/A,N/A,N/A,N/A,N/A,N/A,N/A,N/A,N/A,N/A,N/A,N/A,N/A,N/A,N/A,N/A,N/A,N/A,N/A,N/A,N/A,N/A,N/A,N/A,N/A,N/A,N/A,N/A,N/A,N/A,N/A,N/A,N/A,N/A,N/A,N/A,N/A,N/A,N/A,N/A,N/A,N/A,N/A,N/A,N/A,N/A,N/A,N/A,N/A,N/A,N/A,N/A,N/A,N/A,N/A,N/A,N/A,N/A,N/A,N/A,N/A,N/A,N/A,N/A,N/A,N/A,N/A,N/A,N/A,N/A,N/A,N/A,N/A,N/A,N/A,N/A,N/A,N/A,N/A,N/A,N/A,N/A,N/A,N/A,N/A,N/A,N/A,N/A,N/A,N/A,N/A,N/A,N/A,N/A,N/A,N/A,N/A,N/A,N/A,N/A
Alan Javier Franco,29,845017200,1996/10/11,Serie A,2024,Defender,São Paulo,2193,1076,1117,Argentina,27,12,15,1,0,1,1,1,0,0,0,9,4,5,23,10,13,7,1,0.08,0.04,0.04,0,0.08,2193,0.94,95,81,274,2193,0.33,279,262,59,11,0,6.93,0.04,50,67.07,58.96,99,1533,54.00,1404,98,61.43,99,0.00,0.00,0.27,7,0.00,0.08,1.01,0.88,23,0.00,0.12,0.00,0.00,0.00,0.50,0.31,0.00,0.00,0.26,0.23,0.35,0.00,0.00,0.01,0.00,1.50,0.00,0.00,0,0,,6,0.23,17,0,0.00,15,6,0.26,29,3,2,25,28,0.00,99,0,13,0.57,39,2,30,0.09,18,0,0.00,99,0,0.00,0,0,0.00,0,0.31,24,9,0.39,22,8,0.35,88.89,0,0.00,0,0,0,0.00,0,0,0.00,69,0.00,0,N/A,N/A,N/A,N/A,0.00,0,0.00,0,0.26,0.00,0,91.59,0.00,15,82,0.27,0.31,7,34,93,0,0,0,0.54,0.61,14,84,180.17,2.58,2.93,67,0,0.00,0.00,99,0.00,0,0,0,0.00,0.00,0,0.00,0.00,0.04,0.04,1,0,0.00,42,80,69,96,68,3.36,62,0.13,0.15,0.26,13,0.01,0.01,14,7,0.27,0.31,0.74,0.65,21,17,0.01,13,57,81,67,0,46,72,0,0.00,99,39,0.00,1.71,6.17,5.42,141,77,15,13,3.37,2.96,54.61,3,0.13,83,0,0.00,0,0.00,99,0,0.00,0.00,30,80,31,63,0,0,0,0,0,39,45,64,54,0,99,76,39,70,5,19,66,28,0,0
Alan Kardec de Souza Pereira Junior,36,600595200,1989/01/12,Serie A,2024,Forward,Atlético Mineiro,394,204,190,Brazil,18,8,10,0,0,0,0,0,0,0,0,3,1,2,9,5,4,0,0,0,0,0,0,0,0,2.06,44,22,0,0,0,401,454,-1,24,0,5.29,0,45,15.87,3.89,3,70,2.72,49,8,11.11,2,0.00,0.00,0.33,6,0.00,0.00,0.91,0.22,4,0.00,0.56,0.00,0.00,0.00,0.06,0.00,0.00,0.00,2.72,0.50,0.17,0.00,0.17,0.05,0.00,1.28,0.00,0.00,0,0,,12,0.67,98,3,0.68,75,9,2.04,99,0,15,3,23,0.00,99,0,1,0.23,20,0,30,0.00,14,0,0.00,99,0,0.00,0,0,0.00,0,1.36,77,3,0.68,33,0,0.00,0.00,0,0.00,0,0,0,0.00,0,0,0.00,1,0.00,0,N/A,N/A,N/A,N/A,0.00,0,0.00,0,0.96,0.00,0,70.00,25.00,24,87,0.06,0.23,1,10,10,0,0,0,0.06,0.23,1,55,95.29,0.22,0.91,4,0,0.00,0.00,99,0.00,0,0,2,0.11,0.45,0,0.00,0.00,0.23,0.06,1,0,0.00,42,2,36,40,1,0.31,17,0.02,0.07,0.96,77,0.05,0.22,82,8,0.44,1.81,1.81,0.44,85,8,0.22,75,0,40,99,0,81,99,0,0.00,99,23,0.00,5.21,16.55,4.06,73,35,97,97,7.93,1.94,47.95,10,2.27,4,0,0.00,0,0.00,99,0,0.00,0.00,30,2,95,11,0,0,0,0,0,26,40,59,54,0,99,20,7,7,0,0,7,14,0,0
Alan Luciano Ruschel,36,619858800,1989/08/23,Serie A,2024,Defender,Juventude,2244,1117,1127,Brazil,28,15,13,1,0,1,1,1,0,0,0,4,3,1,35,15,20,7,2,0.08,0.04,0.04,0,0.08,2244,1.4,64,80,321,2244,0.28,291,261,161,19,0,6.82,0.04,50,38.20,34.56,53,933,29.07,785,63,32.14,55,0.00,0.00,0.93,25,0.00,3.44,2.87,2.59,70,0.00,0.74,0.00,0.00,0.00,1.22,0.44,0.00,5.00,0.20,0.11,1.00,0.00,0.07,0.04,0.00,0.81,0.00,0.00,0,0,,5,0.19,12,2,0.08,18,3,0.12,14,2,3,25,92,0.00,99,0,33,1.35,84,93,64,3.81,84,0,0.00,99,0,0.00,0,0,0.00,0,1.02,61,27,1.11,48,12,0.49,44.44,0,0.00,0,0,0,0.00,0,0,0.00,19,0.00,0,N/A,N/A,N/A,N/A,0.00,0,0.00,0,0.99,0.00,0,84.14,40.00,51,11,1.22,1.35,33,46,39,0,0,0,0.37,0.41,10,75,184.22,1.41,1.56,38,1,0.00,0.04,15,0.04,0,0,0,0.00,0.00,0,0.00,0.00,0.00,0.00,0,0,20.00,87,81,74,96,19,3.13,51,0.12,0.13,0.99,30,0.04,0.04,75,39,1.44,1.60,1.19,1.07,50,29,0.04,29,39,60,67,0,41,43,0,0.00,99,22,0.00,0.90,10.48,9.48,256,141,72,61,5.77,5.22,55.08,20,0.82,48,0,24.73,0,0.00,99,23,0.85,0.94,84,80,41,46,0,0,0,0,0,39,45,64,54,0,99,12,50,59,5,18,63,28,0,0
Alan Patrick,34,674118000,1991/05/13,Serie A,2024,Midfielder,Internacional,1775,907,868,Brazil,23,12,11,8,6,2,3,1,2,4,1,9,6,3,18,7,11,3,0,0.56,0.15,0.41,0.6,0.21,222,0.91,99,77,592,592,0.15,26,116,-1,3,0,7.26,0.13,79,41.92,35.38,64,743,29.76,625,62,35.27,64,0.00,0.00,3.62,76,0.00,4.81,1.18,1.00,21,0.00,2.00,0.00,0.00,0.00,0.10,1.43,0.00,4.00,1.58,0.52,2.14,0.00,0.81,0.33,0.00,0.24,0.00,0.00,0,0,,28,1.33,80,17,0.96,89,11,0.62,67,4,3,20,34,0.00,99,0,2,0.11,12,101,87,5.70,95,0,0.00,99,0,0.00,0,0,0.00,0,4.29,99,45,2.54,80,30,1.69,66.67,0,0.00,0,0,0,0.00,0,0,0.00,72,0.00,0,N/A,N/A,N/A,N/A,0.00,0,0.00,0,6.84,0.00,0,84.12,60.71,88,45,0.62,0.73,13,88,83,4,1,0,0.00,0.00,0,23,152.45,0.14,0.17,3,0,0.00,0.00,99,0.00,0,5,0,0.00,0.00,0,0.00,0.00,0.00,0.00,0,0,25.00,93,67,55,45,72,6.32,98,0.30,0.36,3.34,72,0.16,0.19,74,28,1.33,1.58,1.02,0.86,39,18,0.39,92,93,3,67,0,41,11,0,0.00,99,5,0.00,0.28,11.00,9.29,195,84,48,66,4.74,4.00,43.08,42,2.37,3,0,34.65,0,0.00,99,35,1.67,1.97,98,67,41,77,0,0,0,0,0,95,95,82,97,0,99,86,79,29,3,13,44,10,0,0
Alan Pereira Empereur,31,763286400,1994/03/10,Serie A,2024,Defender,Cuiabá,2552,1315,1237,Brazil,30,15,15,0,0,0,1,0,1,0,0,8,6,2,33,15,18,9,0,0.04,0.04,0,0,0,0,1.16,77,85,284,2552,0.32,496,268,115,29,0,6.91,0.03,50,52.88,48.38,87,1403,40.72,1181,63,44.51,86,0.00,0.00,0.59,17,0.00,0.38,0.75,0.69,20,0.00,0.21,0.00,0.00,0.00,0.72,0.14,0.00,0.00,0.19,0.14,0.14,0.00,0.03,0.01,0.00,1.55,0.00,0.00,0,0,,5,0.17,12,1,0.04,16,4,0.15,16,5,0,30,18,0.00,99,0,21,0.79,55,11,47,0.41,35,0,0.00,99,0,0.00,0,0,0.00,0,0.64,39,4,0.15,13,4,0.15,100.00,0,0.00,0,0,0,0.00,0,0,0.00,43,0.00,0,N/A,N/A,N/A,N/A,0.00,0,0.00,0,0.30,0.00,0,84.18,20.00,18,76,0.34,0.38,10,20,99,0,0,0,0.45,0.49,13,79,200.25,3.17,3.47,92,0,0.00,0.00,99,0.00,0,0,0,0.00,0.00,0,0.00,0.00,0.00,0.00,0,0,0.00,42,90,80,40,42,4.01,62,0.14,0.15,0.30,13,0.01,0.01,28,15,0.52,0.57,0.45,0.41,11,12,0.01,13,54,84,67,0,41,72,0,0.00,99,45,0.00,1.70,5.31,4.86,141,81,12,10,3.05,2.79,57.45,6,0.23,76,0,18.18,0,0.00,99,2,0.07,0.08,39,90,14,87,0,0,0,0,0,30,40,59,54,0,99,55,41,68,9,30,91,33,0,0
Alan Steven Franco Palma,27,903682800,1998/08/21,Serie A,2024,Midfielder,Atlético Mineiro,1631,774,857,Ecuador,22,11,11,0,0,0,0,0,0,0,0,7,4,3,19,4,15,6,0,0,0,0,0,0,0,1.05,86,74,272,0,0.33,402,456,-1,23,0,6.81,0,45,34.55,27.85,42,557,24.25,485,81,30.08,49,0.00,0.00,0.60,12,0.00,0.45,1.61,1.30,26,0.00,0.30,0.00,0.00,0.00,0.80,0.10,0.00,0.00,0.43,0.20,0.35,0.00,0.15,0.03,0.00,1.15,0.00,0.00,0,0,,7,0.35,27,3,0.19,36,4,0.25,28,3,4,18,53,0.00,99,0,16,0.99,66,9,35,0.56,41,0,0.00,99,0,0.00,0,0,0.00,0,0.74,46,7,0.43,24,2,0.12,28.57,0,0.00,0,0,0,0.00,0,0,0.00,57,0.00,0,N/A,N/A,N/A,N/A,0.00,0,0.00,0,0.52,0.00,0,87.07,42.86,55,87,0.20,0.25,4,18,16,0,0,0,0.05,0.06,1,27,136.25,0.65,0.81,13,0,0.00,0.00,99,0.00,0,0,1,0.05,0.06,0,0.00,0.00,0.00,0.00,0,0,0.00,42,63,50,40,57,1.32,22,0.07,0.08,0.52,24,0.03,0.03,27,9,0.45,0.56,1.92,1.55,88,31,0.03,24,36,36,78,0,41,63,0,0.00,99,23,0.00,1.43,7.13,5.75,115,59,21,21,3.66,2.95,51.30,6,0.37,70,0,11.11,0,0.00,99,1,0.05,0.06,35,62,50,63,0,0,0,0,0,26,40,59,54,0,99,72,39,70,5,23,79,23,0,0
Aldemir dos Santos Ferreira,27,883555200,1997/12/31,Serie A,2024,Forward,São Paulo,1230,644,586,Brazil,26,12,14,5,2,3,1,1,0,0,0,9,5,4,15,7,8,3,0,0.44,0.07,0.37,0.28,0.46,246,1.1,82,47,410,1230,0.22,36,224,-1,5,0,7.11,0.04,58,37.42,19.36,51,484,16.76,419,78,32.40,55,0.00,0.00,1.08,27,0.00,2.60,1.93,1.00,25,0.00,0.92,0.00,0.00,0.00,0.24,1.64,0.00,3.20,1.24,0.24,2.96,0.00,0.40,0.18,0.00,0.20,0.00,0.00,0,0,,16,0.64,67,10,0.77,79,6,0.46,54,5,12,14,67,0.00,99,0,6,0.46,31,65,68,5.03,91,0,0.00,99,0,0.00,0,0,0.00,0,2.09,92,74,5.72,98,41,3.17,55.41,0,0.00,0,0,0,0.00,0,0,0.00,52,0.00,0,N/A,N/A,N/A,N/A,0.00,0,0.00,0,4.52,0.00,0,86.57,62.50,91,47,0.36,0.70,9,99,66,0,0,0,0.04,0.08,1,29,177.86,0.12,0.23,3,0,0.00,0.00,99,0.00,0,0,0,0.00,0.00,0,0.00,0.00,0.08,0.04,1,1,31.25,97,47,65,47,53,2.49,77,0.10,0.19,4.52,92,0.18,0.35,97,38,1.52,2.94,1.08,0.56,42,14,0.35,91,83,6,67,0,58,18,0,0.00,99,5,0.00,0.39,14.69,7.60,190,108,98,90,8.35,4.32,56.84,23,1.78,13,0,26.15,0,0.00,99,17,0.68,1.31,93,48,88,87,0,0,0,0,0,89,94,96,83,0,99,79,65,44,3,12,41,47,0,0
Alejo Cruz Techera,25,967791600,2000/09/01,Serie A,2024,Forward,Atlético GO,2162,1011,1151,Uruguay,36,18,18,2,2,0,2,1,1,1,0,7,5,2,30,10,20,4,0,0.17,0.08,0.08,0.18,0,1081,1.25,72,60,541,1081,0.17,231,198,-1,6,0,7.02,0.06,62,34.28,23.79,41,809,18.59,632,28,26.78,39,0.00,0.00,2.00,68,0.00,5.09,1.31,0.91,31,0.00,0.47,0.00,0.00,0.00,0.53,0.62,0.00,10.00,0.85,0.38,1.56,0.00,0.21,0.08,0.00,0.68,0.00,0.00,0,0,,20,0.59,55,7,0.30,50,13,0.55,62,5,14,22,40,0.00,99,0,18,0.76,53,173,76,7.33,98,0,0.00,99,0,0.00,0,0,0.00,0,2.88,98,53,2.25,77,21,0.89,39.62,0,0.00,0,0,0,0.00,0,0,0.00,31,0.00,0,N/A,N/A,N/A,N/A,0.00,0,0.00,0,2.75,0.00,0,78.12,35.00,38,36,0.62,0.89,21,70,26,1,0,0,0.06,0.08,2,29,238.78,0.56,0.81,19,0,0.00,0.00,99,0.00,0,1,0,0.00,0.00,0,0.00,0.00,0.08,0.06,2,0,10.00,57,79,98,85,31,4.60,77,0.14,0.19,2.05,49,0.06,0.09,63,30,0.88,1.27,0.68,0.47,18,16,0.12,56,72,36,67,0,58,46,0,0.00,99,23,0.00,0.97,8.73,6.06,206,103,37,37,4.36,3.03,50.00,16,0.68,57,0,28.90,0,0.00,99,50,1.47,2.12,98,72,93,87,0,0,0,0,0,57,56,59,74,0,99,27,77,33,4,11,35,7,0,0
Alerrandro Barra Mansa Realino de Souza,25,947664000,2000/01/12,Serie A,2024,Forward,Vitória,2421,1151,1270,Brazil,34,16,18,15,7,8,4,3,1,4,0,7,2,5,32,12,20,4,0,0.71,0.15,0.56,0.55,0.57,161,1.19,76,71,605,605,0.15,7,111,-1,1,0,7.14,0.12,79,18.74,14.78,8,473,10.56,338,9,13.39,8,0.00,0.00,1.00,32,0.00,0.22,0.79,0.62,20,0.00,0.94,0.00,0.00,0.00,0.41,0.28,0.00,3.29,1.82,0.56,0.66,0.00,0.88,0.39,0.00,1.12,0.00,0.00,0,0,,46,1.44,86,28,1.11,93,18,0.71,74,2,2,32,19,0.00,99,0,13,0.51,34,7,30,0.28,30,0,0.00,99,0,0.00,0,0,0.00,0,1.27,73,21,0.83,38,9,0.36,42.86,0,0.00,0,0,0,0.00,0,0,0.00,38,0.00,0,N/A,N/A,N/A,N/A,0.00,0,0.00,0,12.63,0.00,0,71.46,60.87,89,42,0.62,0.79,20,35,35,3,0,0,0.16,0.20,5,51,228.57,0.59,0.75,19,0,0.00,0.00,99,0.00,0,3,0,0.00,0.00,0,0.00,0.00,0.12,0.09,3,0,30.43,97,86,94,41,40,3.57,57,0.11,0.14,10.53,96,0.33,0.42,76,41,1.28,1.62,0.95,0.75,33,24,0.50,98,86,32,67,0,66,63,0,0.00,99,36,0.00,1.43,10.85,8.56,274,105,32,65,4.16,3.28,38.32,30,1.19,29,0,0.00,0,0.00,99,0,0.00,0.00,30,94,31,46,0,1,0,3,0,98,99,98,97,0,99,32,80,29,4,12,41,9,0,0
Alex Paulo Menezes Santana,30,800348400,1995/05/13,Serie A,2024,Midfielder,Corinthians,652,315,337,Brazil,16,8,8,0,0,0,0,0,0,0,0,7,4,3,5,2,3,4,0,0,0,0,0,0,0,0.69,130,41,163,0,0.55,502,434,-1,30,0,6.66,0,45,38.37,17.38,54,278,15.06,241,79,33.27,58,0.00,0.00,0.25,4,0.00,0.00,2.76,1.25,20,0.00,0.19,0.00,0.00,0.00,0.31,0.25,0.00,0.00,1.10,0.38,0.56,0.00,0.12,0.03,0.00,0.56,0.00,0.00,0,0,,8,0.50,63,2,0.28,48,6,0.83,80,3,10,6,90,0.00,99,0,5,0.69,48,0,30,0.00,14,0,0.00,99,0,0.00,0,0,0.00,0,0.55,35,9,1.24,54,4,0.55,44.44,0,0.00,0,0,0,0.00,0,0,0.00,92,0.00,0,N/A,N/A,N/A,N/A,0.00,0,0.00,0,0.52,0.00,0,86.69,25.00,24,8,0.69,1.52,11,48,39,0,0,0,0.19,0.41,3,75,106.58,0.81,1.79,13,0,0.00,0.00,99,0.00,0,0,0,0.00,0.00,0,0.00,0.00,0.00,0.00,0,0,0.00,42,17,27,40,91,0.76,33,0.05,0.10,0.52,42,0.03,0.07,78,12,0.75,1.66,2.07,0.94,92,15,0.07,41,17,65,67,0,41,57,0,0.00,99,9,0.00,1.24,12.01,5.44,87,45,81,74,6.21,2.81,51.72,3,0.41,68,0,0.00,0,0.00,99,0,0.00,0.00,30,14,82,63,0,0,0,0,0,26,40,59,54,0,99,93,17,91,3,19,66,80,0,0
Alex Sandro,34,664876800,1991/01/26,Serie A,2024,Defender,Flamengo,509,318,191,Brazil,8,5,3,0,0,0,1,1,0,0,0,4,2,2,4,3,1,1,0,0.18,0.18,0,0,0,0,0.71,127,64,509,509,0.18,315,89,16,26,0,7.28,0.12,85,58.17,41.12,92,329,36.50,292,90,51.63,92,0.00,0.00,1.38,11,0.00,2.12,2.12,1.50,12,0.00,0.38,0.00,0.00,0.00,1.00,0.50,0.00,0.00,0.71,0.25,0.88,0.00,0.25,0.04,0.00,1.50,0.00,0.00,0,0,,4,0.50,47,2,0.35,53,2,0.35,40,0,3,5,75,0.00,99,0,8,1.41,87,17,92,3.01,75,0,0.00,99,0,0.00,0,0,0.00,0,1.94,91,7,1.24,54,4,0.71,57.14,0,0.00,0,0,0,0.00,0,0,0.00,91,0.00,0,N/A,N/A,N/A,N/A,0.00,0,0.00,0,0.32,0.00,0,88.75,50.00,74,79,0.25,0.35,2,61,70,0,0,0,0.00,0.00,0,23,58.21,1.38,1.94,11,0,0.00,0.00,99,0.00,0,0,0,0.00,0.00,0,0.00,0.00,0.53,0.38,3,0,0.00,42,10,5,40,91,1.62,94,0.20,0.29,0.32,39,0.04,0.06,54,6,0.75,1.06,2.48,1.75,97,14,0.06,38,94,68,67,0,94,80,0,0.00,99,12,0.00,2.12,11.32,8.00,64,34,77,68,6.01,4.25,53.12,3,0.53,64,0,47.06,0,0.00,99,8,1.00,1.41,93,11,41,11,0,0,0,0,0,59,40,59,54,0,99,96,75,34,1,12,41,26,0,0
Alex Teixeira Santos,35,631612800,1990/01/06,Serie A,2024,Forward,Vasco da Gama,235,152,83,Brazil,7,3,4,1,1,0,1,1,0,0,0,1,1,0,3,2,1,0,0,0.77,0.38,0.38,0.59,0,235,1.15,78,34,0,235,0,-1,-1,-1,13,0,7.01,0.14,98,37.15,13.86,50,97,12.57,88,96,33.70,59,0.00,0.00,0.29,2,0.00,0.14,0.77,0.29,2,0.00,0.14,0.00,0.00,0.00,0.14,0.43,0.00,7.00,2.68,0.43,0.71,0.00,0.57,0.18,0.00,0.71,0.00,0.00,0,0,,7,1.00,98,4,1.53,98,3,1.15,93,6,5,2,18,0.00,99,0,1,0.38,27,1,30,0.38,34,0,0.00,99,0,0.00,0,0,0.00,0,0.77,46,5,1.91,72,3,1.15,60.00,0,0.00,0,0,0,0.00,0,0,0.00,44,0.00,0,N/A,N/A,N/A,N/A,0.00,0,0.00,0,1.27,0.00,0,90.72,57.14,84,76,0.14,0.38,1,79,76,0,0,0,0.00,0.00,0,23,49.05,0.14,0.38,1,0,0.00,0.00,99,0.00,0,0,0,0.00,0.00,0,0.00,0.00,0.38,0.14,1,0,14.29,72,0,4,46,44,0.81,97,0.12,0.31,1.27,98,0.18,0.49,98,8,1.14,3.06,0.38,0.14,9,1,0.49,97,70,11,67,0,89,75,0,0.00,99,5,0.00,1.91,9.96,3.71,26,18,90,54,6.89,2.57,69.23,1,0.38,69,0,0.00,0,0.00,99,0,0.00,0.00,30,1,57,93,0,0,0,0,0,99,94,59,97,0,99,12,7,7,0,0,7,90,0,0
Alex Telles,32,724406400,1992/12/15,Serie A,2024,Defender,Botafogo,652,359,293,Brazil,11,6,5,0,0,0,1,1,0,0,0,7,3,4,1,1,0,1,0,0.14,0.14,0,0,0,0,0.14,652,59,652,652,0.14,318,118,1,36,0,6.38,0.09,78,30.78,20.27,33,223,17.09,188,64,25.95,36,0.00,0.00,1.09,12,0.00,5.00,1.38,0.91,10,0.00,0.45,0.00,0.00,0.00,0.91,0.55,0.00,0.00,0.69,0.27,1.09,0.00,0.18,0.03,0.00,0.91,0.00,0.00,0,0,,5,0.45,46,2,0.28,48,3,0.41,48,3,3,8,42,0.00,99,0,10,1.38,86,55,87,7.59,99,0,0.00,99,0,0.00,0,0,0.00,0,1.66,86,12,1.66,67,6,0.83,50.00,0,0.00,0,0,0,0.00,0,0,0.00,99,0.00,0,N/A,N/A,N/A,N/A,0.00,0,0.00,0,0.38,0.00,0,84.30,40.00,51,29,0.64,0.97,7,67,57,0,0,0,0.27,0.41,3,75,70.21,0.55,0.83,6,0,0.00,0.00,99,0.00,0,0,0,0.00,0.00,0,0.00,0.00,0.00,0.00,0,0,0.00,42,17,11,40,99,1.37,77,0.12,0.19,0.38,35,0.03,0.05,20,3,0.27,0.41,1.38,0.91,64,10,0.05,34,7,37,67,0,41,61,0,0.00,99,10,0.00,1.38,8.97,5.91,65,29,28,40,4.00,2.64,44.62,5,0.69,57,0,34.55,0,0.00,99,19,1.73,2.62,99,24,41,63,0,0,0,0,0,52,40,59,54,0,99,99,83,27,1,9,26,13,0,0
Alexander Barboza,30,795340800,1995/03/16,Serie A,2024,Defender,Botafogo,2062,998,1064,Argentina,27,12,15,0,0,0,1,1,0,0,0,15,8,7,12,3,9,12,2,0.04,0.04,0,0,0,0,0.52,172,76,159,2062,0.57,458,266,5,33,0,7.05,0.04,50,51.92,45.00,85,1080,36.92,886,48,42.60,82,0.00,0.00,0.38,9,0.00,0.21,1.30,1.12,27,0.00,0.33,0.00,0.00,0.00,1.12,0.25,0.00,0.00,0.72,0.38,0.38,0.00,0.25,0.05,0.00,2.79,0.00,0.00,0,0,,15,0.62,48,6,0.29,49,9,0.43,51,4,4,23,39,0.00,99,0,27,1.30,82,5,30,0.24,28,0,0.00,99,0,0.00,0,0,0.00,0,0.43,30,9,0.43,24,6,0.29,66.67,0,0.00,0,0,0,0.00,0,0,0.00,98,0.00,0,N/A,N/A,N/A,N/A,0.00,0,0.00,0,1.11,0.00,0,82.04,40.00,51,80,0.29,0.34,7,31,83,0,0,0,0.62,0.72,15,89,169.26,4.54,5.24,109,1,0.00,0.05,12,0.04,0,0,0,0.00,0.00,0,0.00,0.00,0.05,0.04,1,0,0.00,42,75,69,40,97,3.07,62,0.13,0.15,1.11,35,0.05,0.05,11,5,0.21,0.24,1.68,1.46,78,35,0.05,34,76,97,67,0,48,97,0,0.00,99,67,0.00,3.22,9.13,7.92,190,105,57,45,5.05,4.38,55.26,8,0.38,69,0,0.00,0,0.00,99,0,0.00,0.00,30,75,50,77,0,0,0,0,0,30,40,59,54,0,99,99,16,93,10,37,96,20,0,0
Alexander Ernesto Aravena Guzmán,23,1031295600,2002/09/06,Serie A,2024,Forward,Grêmio,772,240,532,Chile,16,6,10,2,1,1,2,1,1,0,0,3,0,3,11,4,7,0,0,0.47,0.23,0.23,0.38,0.17,386,1.28,70,48,0,386,0,95,43,-1,8,0,6.80,0.12,93,18.65,10.00,8,160,8.00,128,37,14.92,12,0.00,0.00,0.56,9,0.00,0.69,0.47,0.25,4,0.00,1.12,0.00,0.00,0.00,0.12,0.81,0.00,7.50,1.75,0.38,1.69,0.00,0.56,0.17,0.00,0.62,0.00,0.00,0,0,,15,0.94,85,9,1.05,91,6,0.70,73,6,5,11,10,0.00,99,0,2,0.23,20,11,89,1.28,56,0,0.00,99,0,0.00,0,0,0.00,0,1.05,63,27,3.15,85,13,1.52,48.15,0,0.00,0,0,0,0.00,0,0,0.00,28,0.00,0,N/A,N/A,N/A,N/A,0.00,0,0.00,0,2.69,0.00,0,80.00,60.00,88,47,0.38,0.70,6,85,48,0,0,0,0.00,0.00,0,23,108.78,0.38,0.70,6,0,0.00,0.00,99,0.00,0,0,0,0.00,0.00,0,0.00,0.00,0.23,0.12,2,0,13.33,70,23,27,58,28,1.79,82,0.11,0.21,2.69,88,0.17,0.31,80,15,0.94,1.75,0.23,0.12,8,2,0.31,85,34,29,67,0,81,54,0,0.00,99,10,0.00,1.17,10.73,5.75,92,44,59,64,5.13,2.75,47.83,18,2.10,7,0,36.36,0,0.00,99,4,0.25,0.47,66,37,57,93,0,0,0,0,0,90,83,78,89,0,99,27,7,7,0,0,7,16,0,0
Alexandre Fintelman de Mello Ribeiro da Silva,24,995612400,2001/07/20,Serie A,2024,Goalkeeper,Vitória,0,0,0,Brazil,0,0,0,0,0,0,0,0,0,0,0,0,0,0,0,0,0,0,0,0,0,0,0,0,0,0,0,0,0,0,0,-1,-1,-1,-1,N/A,N/A,N/A,N/A,N/A,N/A,N/A,N/A,N/A,N/A,N/A,N/A,N/A,N/A,N/A,N/A,N/A,N/A,N/A,N/A,N/A,N/A,N/A,N/A,N/A,N/A,N/A,N/A,N/A,N/A,N/A,N/A,N/A,N/A,N/A,N/A,N/A,N/A,N/A,N/A,N/A,N/A,N/A,N/A,N/A,N/A,N/A,N/A,N/A,N/A,N/A,N/A,N/A,N/A,N/A,N/A,N/A,N/A,N/A,N/A,N/A,N/A,N/A,N/A,N/A,N/A,N/A,N/A,N/A,N/A,N/A,N/A,N/A,N/A,N/A,N/A,N/A,N/A,N/A,N/A,N/A,N/A,N/A,N/A,N/A,N/A,N/A,N/A,N/A,N/A,N/A,N/A,N/A,N/A,N/A,N/A,N/A,N/A,N/A,N/A,N/A,N/A,N/A,N/A,N/A,N/A,N/A,N/A,N/A,N/A,N/A,N/A,N/A,N/A,N/A,N/A,N/A,N/A,N/A,N/A,N/A,N/A,N/A,N/A,N/A,N/A,N/A,N/A,N/A,N/A,N/A,N/A,N/A,N/A,N/A,N/A,N/A,N/A,N/A,N/A,N/A,N/A,N/A,N/A,N/A,N/A,N/A,N/A,N/A,N/A,N/A,N/A,N/A,N/A,N/A,N/A,N/A,N/A,N/A,N/A,N/A,N/A,N/A,N/A,N/A,N/A,N/A,N/A,N/A,N/A,N/A,N/A,N/A,N/A,N/A,N/A,N/A,N/A,N/A,N/A,N/A,N/A,N/A,N/A,N/A,N/A,N/A,N/A,N/A,N/A,N/A,N/A,N/A,N/A,N/A,N/A,N/A,N/A,N/A,N/A,N/A,N/A,N/A,N/A,N/A,N/A,N/A,N/A,N/A,N/A,N/A,N/A,N/A,N/A,N/A,N/A,N/A,N/A,N/A,N/A,N/A,N/A,N/A,N/A
Alexandro Ezequiel Bernabei,25,969778800,2000/09/24,Serie A,2024,Defender,Internacional,2064,1164,900,Argentina,23,13,10,3,0,3,6,3,3,0,0,6,5,1,23,9,14,5,0,0.39,0.26,0.13,0,0.3,688,1,90,90,413,344,0.22,168,30,79,6,0,7.43,0.26,95,42.95,42.82,66,942,34.45,758,38,34.56,62,0.00,0.00,1.86,41,0.00,4.68,2.51,2.50,55,0.00,0.86,0.00,0.00,0.00,2.00,1.05,0.00,5.67,0.78,0.41,2.50,0.00,0.36,0.15,0.00,1.32,0.00,0.00,0,0,,17,0.77,52,8,0.36,55,9,0.41,48,2,0,23,86,0.00,99,0,44,2.01,99,103,81,4.70,90,0,0.00,99,0,0.00,0,0,0.00,0,1.87,90,55,2.51,80,23,1.05,41.82,0,0.00,0,0,0,0.00,0,0,0.00,63,0.00,0,N/A,N/A,N/A,N/A,0.00,0,0.00,0,3.23,0.00,0,80.47,47.06,61,11,1.36,1.37,30,76,32,0,0,0,0.32,0.32,7,65,163.55,1.59,1.60,35,0,0.00,0.00,99,0.00,0,0,1,0.05,0.05,0,0.00,0.00,0.05,0.05,1,1,17.65,82,76,55,73,63,6.68,95,0.30,0.30,3.23,63,0.15,0.15,43,19,0.86,0.87,1.78,1.77,83,39,0.15,62,98,61,74,0,48,60,0,0.00,99,29,0.00,1.32,12.13,12.09,266,126,72,75,5.74,5.73,47.37,19,0.87,44,0,31.07,0,0.00,99,32,1.45,1.46,93,75,14,46,0,0,0,0,0,84,68,88,54,0,99,51,65,44,5,22,75,26,0,0
Alexsander Cristhian Gomes da Costa,22,1065596400,2003/10/08,Serie A,2024,Midfielder,Fluminense,784,430,354,Brazil,15,8,7,0,0,0,1,1,0,0,0,3,2,1,11,6,5,4,0,0.11,0.11,0,0,0,0,1.26,71,52,196,784,0.46,431,169,-1,31,0,6.78,0.07,70,50.44,29.23,82,380,25.38,330,80,43.81,84,0.00,0.00,0.46,6,0.00,0.46,2.79,1.62,21,0.00,1.31,0.00,0.00,0.00,0.62,1.23,0.00,0.00,1.06,0.46,2.62,0.00,0.15,0.04,0.00,0.31,0.00,0.00,0,0,,8,0.62,62,2,0.27,46,6,0.80,78,3,8,7,90,0.00,99,0,8,1.06,70,6,96,0.80,48,0,0.00,99,0,0.00,0,0,0.00,0,0.80,49,34,4.51,93,16,2.12,47.06,0,0.00,0,0,0,0.00,0,0,0.00,30,0.00,0,N/A,N/A,N/A,N/A,0.00,0,0.00,0,0.47,0.00,0,86.84,25.00,24,4,1.00,1.73,13,93,45,0,0,0,0.23,0.40,3,74,88.13,0.54,0.93,7,0,0.00,0.00,99,0.00,0,0,0,0.00,0.00,0,0.00,0.00,0.00,0.00,0,0,0.00,42,24,23,40,30,1.54,80,0.12,0.20,0.47,39,0.04,0.06,94,19,1.46,2.52,2.39,1.38,95,18,0.06,38,31,41,67,0,41,24,0,0.00,99,4,0.00,0.53,17.92,10.38,135,60,98,99,7.96,4.62,44.44,17,2.26,4,0,50.00,0,0.00,99,3,0.23,0.40,61,18,73,63,0,0,0,0,0,45,40,59,54,0,99,29,22,86,4,27,86,5,0,0
Alexsandro Amorim de Freitas Filho,20,1116399600,2005/05/18,Serie A,2024,Midfielder,Fortaleza,0,0,0,Brazil,0,0,0,0,0,0,0,0,0,0,0,0,0,0,0,0,0,0,0,0,0,0,0,0,0,0,0,0,0,0,0,-1,-1,-1,-1,N/A,N/A,N/A,N/A,N/A,N/A,N/A,N/A,N/A,N/A,N/A,N/A,N/A,N/A,N/A,N/A,N/A,N/A,N/A,N/A,N/A,N/A,N/A,N/A,N/A,N/A,N/A,N/A,N/A,N/A,N/A,N/A,N/A,N/A,N/A,N/A,N/A,N/A,N/A,N/A,N/A,N/A,N/A,N/A,N/A,N/A,N/A,N/A,N/A,N/A,N/A,N/A,N/A,N/A,N/A,N/A,N/A,N/A,N/A,N/A,N/A,N/A,N/A,N/A,N/A,N/A,N/A,N/A,N/A,N/A,N/A,N/A,N/A,N/A,N/A,N/A,N/A,N/A,N/A,N/A,N/A,N/A,N/A,N/A,N/A,N/A,N/A,N/A,N/A,N/A,N/A,N/A,N/A,N/A,N/A,N/A,N/A,N/A,N/A,N/A,N/A,N/A,N/A,N/A,N/A,N/A,N/A,N/A,N/A,N/A,N/A,N/A,N/A,N/A,N/A,N/A,N/A,N/A,N/A,N/A,N/A,N/A,N/A,N/A,N/A,N/A,N/A,N/A,N/A,N/A,N/A,N/A,N/A,N/A,N/A,N/A,N/A,N/A,N/A,N/A,N/A,N/A,N/A,N/A,N/A,N/A,N/A,N/A,N/A,N/A,N/A,N/A,N/A,N/A,N/A,N/A,N/A,N/A,N/A,N/A,N/A,N/A,N/A,N/A,N/A,N/A,N/A,N/A,N/A,N/A,N/A,N/A,N/A,N/A,N/A,N/A,N/A,N/A,N/A,N/A,N/A,N/A,N/A,N/A,N/A,N/A,N/A,N/A,N/A,N/A,N/A,N/A,N/A,N/A,N/A,N/A,N/A,N/A,N/A,N/A,N/A,N/A,N/A,N/A,N/A,N/A,N/A,N/A,N/A,N/A,N/A,N/A,N/A,N/A,N/A,N/A,N/A,N/A,N/A,N/A,N/A,N/A,N/A,N/A
Alisson Euler de Freitas Castro,32,740991600,1993/06/25,Serie A,2024,Midfielder,São Paulo,1616,917,699,Brazil,21,12,9,1,1,0,2,1,1,0,0,6,4,2,17,7,10,5,0,0.17,0.11,0.06,0.1,0,1616,0.95,95,77,323,808,0.28,261,165,-1,13,0,7.17,0.1,70,71.30,57.40,99,1148,52.70,1054,98,65.47,99,0.00,0.00,0.70,14,0.00,0.75,1.80,1.45,29,0.00,0.55,0.00,0.00,0.00,0.70,0.70,0.00,8.00,0.50,0.10,1.20,0.00,0.30,0.07,0.00,0.20,0.00,0.00,0,0,,8,0.40,33,6,0.37,55,2,0.12,14,4,2,19,62,0.00,99,0,14,0.87,58,15,52,0.93,50,0,0.00,99,0,0.00,0,0,0.00,0,0.87,53,24,1.49,62,14,0.87,58.33,0,0.00,0,0,0,0.00,0,0,0.00,68,0.00,0,N/A,N/A,N/A,N/A,0.00,0,0.00,0,1.50,0.00,0,91.81,75.00,98,24,0.85,1.06,17,69,72,0,0,0,0.15,0.19,3,49,143.40,0.60,0.75,12,0,0.00,0.00,99,0.00,0,0,0,0.00,0.00,0,0.00,0.00,0.00,0.00,0,0,12.50,68,62,46,93,68,4.11,92,0.21,0.26,1.50,49,0.07,0.09,85,31,1.55,1.93,1.43,1.15,67,23,0.09,49,89,32,67,0,41,10,0,0.00,99,4,0.00,0.25,9.01,7.25,145,78,51,41,4.84,3.90,53.79,11,0.68,57,0,20.00,0,0.00,99,3,0.15,0.19,50,64,31,77,0,0,0,0,0,57,49,59,61,0,99,61,50,59,5,24,82,25,0,0
Alisson Machado dos Santos,30,802594800,1995/06/08,Serie A,2024,Goalkeeper,Criciúma,411,106,305,Brazil,6,2,4,0,0,0,0,0,0,0,0,0,0,0,5,1,4,2,0,0,0,0,0,0,0,1.09,82,69,206,0,0.44,460,387,98,21,0,6.89,0,45,28.69,21.83,28,131,12.33,74,0,16.20,15,0.00,0.00,0.00,0,0.00,0.00,0.00,0.00,0,0.00,0.00,0.00,0.00,3.00,0.00,0.00,3.83,0.00,0.00,0.00,0.00,0.00,0.00,0.00,0.00,0.00,0.00,0.00,0,0,,0,0.00,8,0,0.00,15,0,0.00,9,0,2,4,4,0.00,99,0,0,0.00,9,0,30,0.00,14,0,0.00,99,0,0.00,0,0,0.00,0,0.00,8,0,0.00,7,0,0.00,0.00,0,0.00,0,18,82,3.94,88,23,0.00,53,5.04,76,N/A,N/A,N/A,N/A,78.26,0,0.00,0,0.00,0.00,0,56.49,0.00,15,99,0.00,0.00,0,10,10,0,0,7,0.00,0.00,0,23,41.37,0.67,0.88,4,0,0.00,0.00,99,0.00,0,0,0,0.00,0.00,2,0.33,0.44,0.00,0.00,0,0,0.00,42,3,3,40,53,0.17,6,0.03,0.04,0.00,9,0.00,0.00,10,1,0.17,0.22,0.00,0.00,5,0,0.00,9,50,40,67,58,41,2,0,0.00,99,0,0.00,0.00,0.44,0.33,2,1,1,3,0.22,0.17,50.00,0,0.00,99,0,0.00,0,0.00,99,0,0.00,0.00,30,6,31,11,0,0,0,0,0,26,40,59,54,0,99,2,24,84,1,17,60,25,0,0
Alisson Santana Lopes da Fonseca,20,1127286000,2005/09/21,Serie A,2024,Midfielder,Atlético Mineiro,842,392,450,Brazil,18,10,8,1,1,0,0,0,0,0,0,4,2,2,16,9,7,1,0,0.11,0,0.11,0.23,0,842,1.71,53,47,842,0,0.11,186,452,-1,12,0,6.88,0,45,33.61,18.11,39,326,13.83,249,19,25.67,35,0.00,0.00,0.78,14,0.00,2.28,1.44,0.78,14,0.00,0.44,0.00,0.00,0.00,0.22,1.28,0.00,22.00,2.27,0.72,2.67,0.00,0.50,0.13,0.00,0.39,0.00,0.00,0,0,,22,1.22,94,9,0.93,86,13,1.34,98,1,11,7,45,0.00,99,0,4,0.41,29,41,63,4.23,88,0,0.00,99,0,0.00,0,0,0.00,0,1.44,80,48,4.95,96,23,2.37,47.92,0,0.00,0,0,0,0.00,0,0,0.00,6,0.00,0,N/A,N/A,N/A,N/A,0.00,0,0.00,0,2.33,0.00,0,76.38,40.91,51,46,0.39,0.72,7,95,47,0,0,0,0.00,0.00,0,23,123.87,0.17,0.31,3,0,0.00,0.00,99,0.00,0,0,1,0.06,0.10,0,0.00,0.00,0.10,0.06,1,0,4.55,44,27,36,78,6,1.16,45,0.06,0.12,2.33,80,0.13,0.24,96,27,1.50,2.78,1.75,0.94,82,17,0.24,78,49,8,90,0,63,35,0,0.00,99,7,0.00,0.72,14.23,7.67,138,71,94,87,7.32,3.94,51.45,8,0.82,48,0,24.39,0,0.00,99,10,0.56,1.03,86,18,85,30,0,0,0,0,0,45,64,59,79,0,99,36,92,17,1,6,15,45,0,0
Alix Vinicius de Souza Sampaio,26,941875200,1999/11/06,Serie A,2024,Defender,Atlético GO,2045,1009,1036,Brazil,25,13,12,2,0,2,0,0,0,0,0,4,3,1,32,10,22,7,2,0.09,0,0.09,0,0.17,1023,1.41,64,82,256,0,0.35,210,450,162,4,0,7.07,0,45,40.10,36.13,58,831,30.91,711,70,34.31,61,0.00,0.00,0.39,9,0.00,0.04,1.40,1.26,29,0.00,0.13,0.00,0.00,0.00,1.39,0.39,0.00,0.00,0.72,0.52,0.52,0.00,0.13,0.04,0.00,2.22,0.00,0.00,0,0,,15,0.65,48,3,0.14,28,12,0.58,64,1,1,24,42,0.00,99,0,32,1.54,91,1,30,0.05,16,0,0.00,99,0,0.00,0,0,0.00,0,0.43,30,12,0.58,31,9,0.43,75.00,0,0.00,0,0,0,0.00,0,0,0.00,18,0.00,0,N/A,N/A,N/A,N/A,0.00,0,0.00,0,0.91,0.00,0,85.56,20.00,18,64,0.48,0.53,11,41,90,0,0,0,0.87,0.97,20,96,162.54,4.70,5.21,108,1,0.00,0.05,12,0.04,0,0,0,0.00,0.00,0,0.00,0.00,0.10,0.09,2,0,0.00,42,74,62,82,19,1.99,33,0.09,0.10,0.91,30,0.04,0.04,22,9,0.39,0.43,0.87,0.78,29,18,0.04,29,78,96,67,0,63,87,0,0.00,99,51,0.00,2.46,8.01,7.22,166,98,48,30,4.73,4.26,59.04,3,0.14,82,0,0.00,0,0.00,99,0,0.00,0.00,30,76,22,30,0,0,0,0,0,42,60,78,54,0,99,16,35,73,5,20,70,4,0,0
Allan,28,857376000,1997/03/03,Serie A,2024,Midfielder,Flamengo,1400,625,775,Brazil,23,9,14,0,0,0,0,0,0,0,0,6,1,5,20,9,11,7,1,0,0,0,0,0,0,1.29,70,61,200,0,0.45,510,409,-1,33,0,6.72,0,45,50.49,32.82,83,722,28.91,636,87,44.48,86,0.00,0.00,0.36,8,0.00,0.18,2.03,1.32,29,0.00,0.18,0.00,0.00,0.00,1.00,0.09,0.00,0.00,0.56,0.18,0.41,0.00,0.18,0.03,0.00,0.73,0.00,0.00,0,0,,8,0.36,38,4,0.28,48,4,0.28,31,1,7,16,71,0.00,99,0,22,1.54,91,4,66,0.28,30,0,0.00,99,0,0.00,0,0,0.00,0,0.56,36,9,0.63,32,2,0.14,22.22,0,0.00,0,0,0,0.00,0,0,0.00,27,0.00,0,N/A,N/A,N/A,N/A,0.00,0,0.00,0,0.70,0.00,0,88.09,50.00,74,38,0.55,0.84,12,20,12,0,0,0,0.18,0.28,4,61,147.83,0.64,0.98,14,1,0.00,0.07,8,0.05,0,0,0,0.00,0.00,0,0.00,0.00,0.00,0.00,0,0,0.00,42,54,55,40,28,1.72,45,0.08,0.12,0.70,35,0.03,0.05,51,14,0.64,0.98,1.68,1.09,78,24,0.05,34,22,44,67,0,41,52,0,0.00,99,16,0.00,1.12,8.18,5.32,117,61,35,32,4.27,2.77,52.14,4,0.28,75,0,25.00,0,0.00,99,1,0.05,0.07,38,56,68,30,0,0,0,0,0,26,40,59,54,0,99,51,23,85,6,26,85,21,0,0
Allan,34,663321600,1991/01/08,Serie A,2024,Midfielder,Botafogo,310,130,180,Brazil,11,6,5,0,0,0,1,1,0,0,0,4,2,2,5,1,4,1,0,0.29,0.29,0,0,0,0,1.45,62,28,310,310,0.29,351,21,-1,21,0,6.84,0.09,96,56.32,17.64,91,194,15.45,170,84,49.35,90,0.00,0.00,0.09,1,0.00,0.18,4.65,1.45,16,0.00,0.18,0.00,0.00,0.00,0.55,0.00,0.00,0.00,0.00,0.00,0.18,0.00,0.00,0.00,0.00,0.18,0.00,0.00,0,0,,0,0.00,8,0,0.00,15,0,0.00,9,8,9,2,99,0.00,99,0,6,1.74,95,2,30,0.58,42,0,0.00,99,0,0.00,0,0,0.00,0,0.29,23,2,0.58,31,0,0.00,0.00,0,0.00,0,0,0,0.00,0,0,0.00,15,0.00,0,N/A,N/A,N/A,N/A,0.00,0,0.00,0,0.00,0.00,0,87.63,0.00,15,9,0.45,1.45,5,10,10,0,0,0,0.18,0.58,2,84,75.29,0.27,0.87,3,0,0.00,0.00,99,0.00,0,0,0,0.00,0.00,0,0.00,0.00,0.00,0.00,0,0,0.00,42,0,11,40,16,0.98,93,0.09,0.28,0.00,9,0.00,0.00,80,6,0.55,1.74,2.61,0.82,98,9,0.00,9,42,39,67,0,41,29,0,0.00,99,2,0.00,0.58,13.35,4.18,46,24,91,83,6.97,2.18,52.17,2,0.58,60,0,0.00,0,0.00,99,0,0.00,0.00,30,1,78,99,0,0,0,0,0,73,40,59,54,0,99,81,48,61,1,9,26,28,0,0
Allano,30,798706800,1995/04/24,Serie A,2024,Forward,Criciúma,1295,507,788,Brazil,24,11,13,1,0,1,2,2,0,0,0,4,4,0,14,4,10,11,2,0.21,0.14,0.07,0,0.11,1295,0.97,93,54,118,648,0.76,255,123,-1,16,0,6.82,0.08,78,31.23,19.27,34,424,15.95,351,53,25.85,35,0.00,0.00,0.77,17,0.00,0.77,1.99,1.23,27,0.00,1.64,0.00,0.00,0.00,0.18,1.23,0.00,21.00,1.55,0.55,2.45,0.00,0.41,0.10,0.00,1.00,0.00,0.00,0,0,,21,0.95,79,9,0.66,73,12,0.88,82,2,11,13,69,0.00,99,0,4,0.29,23,17,77,1.25,55,0,0.00,99,0,0.00,0,0,0.00,0,1.25,72,54,3.98,91,27,1.99,50.00,0,0.00,0,0,0,0.00,0,0,0.00,65,0.00,0,N/A,N/A,N/A,N/A,0.00,0,0.00,0,2.17,0.00,0,82.78,42.86,55,11,0.86,1.40,19,92,57,0,0,0,0.09,0.15,2,43,150.06,0.27,0.44,6,0,0.00,0.00,99,0.00,0,0,2,0.09,0.15,0,0.00,0.00,0.52,0.32,7,0,4.76,45,49,58,88,66,2.62,77,0.12,0.19,2.17,66,0.10,0.16,99,45,2.05,3.31,2.43,1.50,96,33,0.16,64,39,14,96,0,93,67,0,0.00,99,22,0.00,1.62,19.08,11.77,259,120,99,99,8.84,5.45,46.33,36,2.65,2,0,29.41,0,0.00,99,5,0.23,0.37,60,45,85,46,0,0,0,0,0,65,53,69,54,0,99,20,11,97,8,33,95,2,0,0
Allyson Aires dos Santos,35,656665200,1990/10/23,Serie A,2024,Defender,Cuiabá,90,0,90,Brazil,1,0,1,0,0,0,0,0,0,0,0,0,0,0,4,0,4,1,0,0,0,0,0,0,0,4,23,90,90,0,1,-1,-1,-1,30,0,6.13,0,45,34.00,34.00,40,34,32.00,32,99,32.00,54,0.00,0.00,0.00,0,0.00,0.00,0.00,0.00,0,0.00,0.00,0.00,0.00,0.00,3.00,0.00,0.00,0.00,0.00,0.00,0.00,0.00,0.00,0.00,0.00,0.00,0.00,0.00,0,0,,0,0.00,8,0,0.00,15,0,0.00,9,0,0,1,4,0.00,99,0,3,3.00,99,0,30,0.00,14,0,0.00,99,0,0.00,0,0,0.00,0,0.00,8,0,0.00,7,0,0.00,0.00,0,0.00,0,0,0,0.00,0,0,0.00,0,0.00,0,N/A,N/A,N/A,N/A,0.00,0,0.00,0,0.00,0.00,0,94.12,0.00,15,99,0.00,0.00,0,10,10,0,0,0,0.00,0.00,0,23,6.13,7.00,7.00,7,0,0.00,0.00,99,0.00,0,0,0,0.00,0.00,0,0.00,0.00,0.00,0.00,0,0,0.00,42,0,0,40,0,0.06,13,0.06,0.06,0.00,9,0.00,0.00,2,0,0.00,0.00,0.00,0.00,5,0,0.00,9,3,99,67,0,41,2,0,0.00,99,0,0.00,0.00,1.00,1.00,1,0,0,7,0.00,0.00,0.00,0,0.00,99,0,0.00,0,0.00,99,0,0.00,0.00,30,1,14,11,0,0,0,0,0,26,40,59,54,0,99,2,8,99,0,0,7,3,0,0
Álvaro Barreal,25,966495600,2000/08/17,Serie A,2024,Midfielder,Cruzeiro,1501,762,739,Argentina,28,14,14,2,1,1,4,3,1,0,0,7,3,4,15,7,8,6,0,0.36,0.24,0.12,0.12,0.12,751,0.9,100,54,250,375,0.36,176,40,-1,9,0,6.66,0.14,94,44.48,25.96,70,597,21.22,488,46,36.36,66,0.00,0.00,0.87,20,0.00,2.65,2.09,1.22,28,0.00,0.65,0.00,0.00,0.00,0.26,0.48,0.00,21.00,1.56,0.57,1.04,0.00,0.35,0.11,0.00,0.13,0.00,0.00,0,0,,21,0.91,80,8,0.60,71,13,0.97,87,6,11,17,74,0.00,99,0,6,0.45,30,61,89,4.54,89,0,0.00,99,0,0.00,0,0,0.00,0,1.49,83,24,1.79,70,11,0.82,45.83,0,0.00,0,0,0,0.00,0,0,0.00,73,0.00,0,N/A,N/A,N/A,N/A,0.00,0,0.00,0,2.49,0.00,0,81.74,38.10,45,10,0.83,1.42,19,67,43,0,0,0,0.09,0.15,2,43,153.21,0.48,0.82,11,0,0.00,0.00,99,0.00,0,0,2,0.09,0.15,0,0.00,0.00,0.00,0.00,0,0,4.76,45,58,74,75,73,3.43,92,0.15,0.26,2.49,72,0.11,0.19,63,17,0.74,1.27,1.19,0.70,50,16,0.19,70,17,37,96,0,41,8,0,0.00,99,3,0.00,0.22,9.69,5.65,130,59,39,51,4.40,2.57,45.38,15,1.12,33,0,36.07,0,0.00,99,22,0.96,1.64,96,60,85,93,0,0,0,0,0,80,66,70,65,0,99,47,34,75,6,21,73,21,0,0
Alysson Edward Franco da Rocha dos Santos,19,1146812400,2006/05/05,Serie A,2024,Midfielder,Grêmio,73,31,42,Brazil,3,1,2,0,0,0,0,0,0,0,0,0,0,0,2,0,2,0,0,0,0,0,0,0,0,2.47,37,24,0,0,0,-1,-1,-1,21,0,6.50,0,45,33.33,10.00,38,10,9.00,9,94,30.00,49,0.00,0.00,0.00,0,0.00,0.00,3.33,1.00,1,0.00,1.00,0.00,0.00,0.00,1.00,1.00,0.00,0.00,0.00,0.00,1.00,0.00,0.00,0.00,0.00,0.00,0.00,0.00,0,0,,0,0.00,8,0,0.00,15,0,0.00,9,0,3,0,97,0.00,99,0,1,3.33,99,0,30,0.00,14,0,0.00,99,0,0.00,0,0,0.00,0,0.00,8,1,3.33,87,1,3.33,100.00,0,0.00,0,0,0,0.00,0,0,0.00,0,0.00,0,N/A,N/A,N/A,N/A,0.00,0,0.00,0,0.00,0.00,0,90.00,0.00,15,99,0.00,0.00,0,99,99,0,0,0,0.00,0.00,0,23,6.50,0.00,0.00,0,0,0.00,0.00,99,0.00,0,0,0,0.00,0.00,0,0.00,0.00,0.00,0.00,0,0,0.00,42,0,0,40,0,0.02,17,0.02,0.07,0.00,9,0.00,0.00,2,0,0.00,0.00,6.67,2.00,99,2,0.00,9,10,1,67,0,41,2,0,0.00,99,0,0.00,0.00,20.00,6.00,6,2,87,99,6.67,2.00,33.33,1,3.33,0,0,0.00,0,0.00,99,0,0.00,0.00,30,0,41,11,0,0,0,0,0,26,40,59,54,0,99,2,7,7,0,0,7,47,0,0
Anderson Luis de Carvalho,44,364374000,1981/07/19,Serie A,2024,Forward,Juventude,1532,796,736,Brazil,28,13,15,3,1,2,4,4,0,0,0,4,3,1,20,8,12,5,1,0.41,0.23,0.18,0.11,0.24,511,1.17,77,55,306,383,0.29,122,45,-1,6,0,7.01,0.14,93,29.43,17.89,30,501,12.29,344,6,20.21,23,0.00,0.00,1.71,48,0.00,5.57,0.65,0.39,11,0.00,0.57,0.00,0.00,0.00,0.14,0.39,0.00,5.67,1.00,0.29,0.75,0.00,0.32,0.12,0.00,0.21,0.00,0.00,0,0,,17,0.61,60,9,0.53,67,8,0.47,55,4,9,19,15,0.00,99,0,4,0.23,20,156,87,9.16,99,0,0.00,99,0,0.00,0,0,0.00,0,2.82,98,21,1.23,53,11,0.65,52.38,0,0.00,0,0,0,0.00,0,0,0.00,42,0.00,0,N/A,N/A,N/A,N/A,0.00,0,0.00,0,3.29,0.00,0,68.66,52.94,78,36,0.54,0.88,15,55,59,0,0,0,0.04,0.06,1,27,196.34,0.21,0.35,6,0,0.00,0.00,99,0.00,0,0,2,0.07,0.12,0,0.00,0.00,0.18,0.11,3,0,17.65,82,59,74,65,42,4.81,93,0.17,0.28,3.29,72,0.12,0.19,92,40,1.43,2.35,0.88,0.54,29,15,0.19,70,70,9,93,0,75,16,0,0.00,99,6,0.00,0.35,8.34,5.07,142,68,27,33,3.99,2.43,47.89,16,0.94,42,0,34.62,0,0.00,99,54,1.93,3.17,99,64,78,77,0,0,0,0,0,86,77,85,62,0,99,12,47,61,4,14,48,10,0,0
Anderson Silva Da Paixao,27,889084800,1998/03/05,Serie A,2024,Goalkeeper,Cruzeiro,1530,540,990,Brazil,17,6,11,0,0,0,0,0,0,0,0,6,3,3,20,4,16,2,0,0,0,0,0,0,0,1.18,77,90,765,0,0.12,489,413,121,37,0,7.08,0,45,22.79,22.79,17,319,18.43,258,41,18.43,21,0.00,0.00,0.00,0,0.00,0.00,0.00,0.00,0,0.00,0.00,0.00,0.00,3.07,0.00,0.00,4.64,0.00,0.00,0.00,0.00,0.00,0.00,0.00,0.00,0.29,0.00,0.00,0,0,,0,0.00,8,0,0.00,15,0,0.00,9,0,0,17,4,0.00,99,0,0,0.00,9,0,30,0.00,14,0,0.00,99,0,0.00,0,0,0.00,0,0.00,8,0,0.00,7,0,0.00,0.00,0,0.00,0,43,6,3.07,26,65,0.00,40,4.64,50,N/A,N/A,N/A,N/A,66.15,0,0.00,0,0.00,0.00,0,80.88,0.00,15,94,0.07,0.07,1,10,10,0,0,31,0.00,0.00,0,23,99.18,0.50,0.50,7,0,0.00,0.00,99,0.00,0,0,0,0.00,0.00,5,0.36,0.36,0.00,0.00,0,0,0.00,42,59,32,40,42,0.55,6,0.04,0.04,0.00,9,0.00,0.00,9,3,0.21,0.21,0.00,0.00,5,0,0.00,9,79,18,67,36,41,12,0,0.00,99,4,0.00,0.29,0.50,0.50,7,6,4,4,0.43,0.43,85.71,0,0.00,99,0,0.00,0,0.00,99,0,0.00,0.00,30,60,14,11,0,0,0,0,0,26,40,59,54,0,99,79,90,20,1,6,15,98,0,0
André Luis da Costa Alfredo,28,861606000,1997/04/21,Serie A,2024,Forward,Cuiabá,480,249,231,Brazil,20,11,9,0,0,0,0,0,0,0,0,5,3,2,5,3,2,4,0,0,0,0,0,0,0,0.94,96,24,120,0,0.75,524,447,-1,18,0,6.25,0,45,29.68,8.16,31,155,6.63,126,43,24.13,31,0.00,0.00,0.11,2,0.00,0.21,1.53,0.42,8,0.00,0.42,0.00,0.00,0.00,0.05,0.21,0.00,0.00,0.77,0.05,0.47,0.00,0.16,0.03,0.00,0.58,0.00,0.00,0,0,,4,0.21,51,3,0.57,69,1,0.19,19,2,18,2,49,0.00,99,0,1,0.19,17,4,30,0.77,47,0,0.00,99,0,0.00,0,0,0.00,0,0.38,28,9,1.72,68,4,0.77,44.44,0,0.00,0,0,0,0.00,0,0,0.00,69,0.00,0,N/A,N/A,N/A,N/A,0.00,0,0.00,0,0.50,0.00,0,81.29,75.00,98,43,0.21,0.77,4,65,39,0,0,0,0.05,0.19,1,49,118.82,0.11,0.38,2,0,0.00,0.00,99,0.00,0,0,0,0.00,0.00,0,0.00,0.00,0.38,0.11,2,0,0.00,42,8,43,40,69,0.31,13,0.02,0.06,0.50,52,0.03,0.10,98,16,0.84,3.06,1.72,0.47,80,9,0.10,51,4,11,67,0,89,80,0,0.00,99,11,0.00,2.11,16.09,4.42,84,39,96,96,7.47,2.05,46.43,8,1.53,18,0,0.00,0,0.00,99,0,0.00,0.00,30,1,98,46,0,0,0,0,0,26,40,59,54,0,99,47,11,96,3,15,51,97,0,0
André Martín Carrillo Díaz,34,676882800,1991/06/14,Serie A,2024,Midfielder,Corinthians,743,437,306,Peru,13,7,6,0,0,0,2,1,1,0,0,5,3,2,9,5,4,3,0,0.24,0.24,0,0,0,0,1.09,83,57,248,372,0.36,317,39,-1,16,0,7.01,0.15,94,58.38,37.08,92,482,33.77,439,96,53.18,94,0.00,0.00,0.77,10,0.00,1.15,2.79,1.77,23,0.00,0.92,0.00,0.00,0.00,0.69,0.69,0.00,0.00,0.48,0.23,0.92,0.00,0.08,0.02,0.00,0.00,0.00,0.00,0,0,,4,0.31,32,1,0.12,25,3,0.36,41,4,5,8,90,0.00,99,0,9,1.09,73,15,86,1.82,62,0,0.00,99,0,0.00,0,0,0.00,0,1.21,69,12,1.45,61,9,1.09,75.00,0,0.00,0,0,0,0.00,0,0,0.00,53,0.00,0,N/A,N/A,N/A,N/A,0.00,0,0.00,0,0.29,0.00,0,91.08,25.00,24,22,0.69,1.09,9,77,90,0,0,0,0.23,0.36,3,71,91.07,0.31,0.48,4,0,0.00,0.00,99,0.00,0,0,0,0.00,0.00,0,0.00,0.00,0.00,0.00,0,0,0.00,42,22,18,40,53,2.40,94,0.18,0.29,0.29,30,0.02,0.04,16,3,0.23,0.36,2.30,1.46,95,19,0.04,29,70,17,67,0,41,2,0,0.00,99,0,0.00,0.00,9.81,6.23,81,35,34,53,4.24,2.69,43.21,12,1.45,21,0,33.33,0,0.00,99,5,0.38,0.61,71,24,57,77,0,0,0,0,0,68,40,59,54,0,99,85,33,75,3,23,79,19,0,0
André Oliveira Silva,28,865321200,1997/06/03,Serie A,2024,Forward,São Paulo,1533,700,833,Brazil,30,14,16,7,6,1,2,0,2,0,0,9,5,4,21,11,10,2,0,0.53,0.12,0.41,0.77,0.11,219,1.23,73,51,767,767,0.12,28,151,-1,3,0,6.75,0.07,72,20.59,11.45,13,332,8.31,241,12,14.95,12,0.00,0.00,0.48,14,0.00,0.66,0.19,0.10,3,0.00,1.03,0.00,0.00,0.00,0.14,0.38,0.00,4.00,1.49,0.41,0.76,0.00,0.41,0.20,0.00,0.90,0.00,0.00,0,0,,24,0.83,77,12,0.74,78,12,0.74,75,7,13,17,8,0.00,99,0,4,0.25,21,19,42,1.18,54,0,0.00,99,0,0.00,0,0,0.00,0,0.87,53,22,1.36,58,11,0.68,50.00,0,0.00,0,0,0,0.00,0,0,0.00,32,0.00,0,N/A,N/A,N/A,N/A,0.00,0,0.00,0,5.67,0.00,0,72.59,50.00,74,61,0.31,0.56,9,59,57,0,0,0,0.07,0.12,2,39,195.65,0.34,0.62,10,0,0.00,0.00,99,0.00,0,0,1,0.03,0.06,0,0.00,0.00,0.37,0.21,6,0,25.00,93,59,80,45,33,2.23,57,0.08,0.14,5.67,92,0.20,0.35,60,19,0.66,1.18,1.43,0.79,67,23,0.35,91,25,25,78,0,89,67,0,0.00,99,26,0.00,1.61,10.67,5.93,172,58,20,63,3.60,2.00,33.72,30,1.86,11,0,15.79,0,0.00,99,3,0.10,0.19,50,60,91,97,0,0,0,0,0,94,95,69,99,0,99,65,90,20,2,7,17,17,0,0
André Ramalho,33,698227200,1992/02/16,Serie A,2024,Defender,Corinthians,1484,766,718,Brazil,18,9,9,0,0,0,1,1,0,0,0,6,2,4,17,9,8,6,1,0.06,0.06,0,0,0,0,1.03,87,82,212,1484,0.42,347,237,83,18,0,6.93,0.06,54,50.94,46.67,84,840,41.67,750,92,45.49,87,0.00,0.00,0.17,3,0.00,0.06,1.39,1.28,23,0.00,0.06,0.00,0.00,0.00,1.39,0.22,0.00,0.00,0.30,0.17,0.28,0.00,0.11,0.02,0.00,1.22,0.00,0.00,0,0,,5,0.28,20,2,0.12,25,3,0.18,18,7,1,17,42,0.00,99,0,25,1.52,90,1,30,0.06,16,0,0.00,99,0,0.00,0,0,0.00,0,0.18,17,5,0.30,20,4,0.24,80.00,0,0.00,0,0,0,0.00,0,0,0.00,59,0.00,0,N/A,N/A,N/A,N/A,0.00,0,0.00,0,0.35,0.00,0,89.29,40.00,51,61,0.50,0.55,9,27,91,0,0,0,0.72,0.79,13,91,124.71,3.89,4.25,70,1,0.00,0.06,9,0.06,0,0,0,0.00,0.00,0,0.00,0.00,0.06,0.06,1,0,0.00,42,58,36,40,59,2.27,57,0.13,0.14,0.35,19,0.02,0.02,16,6,0.33,0.36,1.39,1.28,64,23,0.02,19,57,89,67,0,51,60,0,0.00,99,22,0.00,1.33,6.61,6.06,109,55,15,16,3.34,3.06,50.46,1,0.06,87,0,0.00,0,0.00,99,0,0.00,0.00,30,60,22,97,0,0,0,0,0,33,40,59,54,0,99,76,25,83,5,28,87,5,0,0
Andrei Gabriel dos Santos Ferreira,20,1114844400,2005/04/30,Serie A,2024,Midfielder,Vitória,0,0,0,Brazil,0,0,0,0,0,0,0,0,0,0,0,0,0,0,0,0,0,0,0,0,0,0,0,0,0,0,0,0,0,0,0,-1,-1,-1,-1,N/A,N/A,N/A,N/A,N/A,N/A,N/A,N/A,N/A,N/A,N/A,N/A,N/A,N/A,N/A,N/A,N/A,N/A,N/A,N/A,N/A,N/A,N/A,N/A,N/A,N/A,N/A,N/A,N/A,N/A,N/A,N/A,N/A,N/A,N/A,N/A,N/A,N/A,N/A,N/A,N/A,N/A,N/A,N/A,N/A,N/A,N/A,N/A,N/A,N/A,N/A,N/A,N/A,N/A,N/A,N/A,N/A,N/A,N/A,N/A,N/A,N/A,N/A,N/A,N/A,N/A,N/A,N/A,N/A,N/A,N/A,N/A,N/A,N/A,N/A,N/A,N/A,N/A,N/A,N/A,N/A,N/A,N/A,N/A,N/A,N/A,N/A,N/A,N/A,N/A,N/A,N/A,N/A,N/A,N/A,N/A,N/A,N/A,N/A,N/A,N/A,N/A,N/A,N/A,N/A,N/A,N/A,N/A,N/A,N/A,N/A,N/A,N/A,N/A,N/A,N/A,N/A,N/A,N/A,N/A,N/A,N/A,N/A,N/A,N/A,N/A,N/A,N/A,N/A,N/A,N/A,N/A,N/A,N/A,N/A,N/A,N/A,N/A,N/A,N/A,N/A,N/A,N/A,N/A,N/A,N/A,N/A,N/A,N/A,N/A,N/A,N/A,N/A,N/A,N/A,N/A,N/A,N/A,N/A,N/A,N/A,N/A,N/A,N/A,N/A,N/A,N/A,N/A,N/A,N/A,N/A,N/A,N/A,N/A,N/A,N/A,N/A,N/A,N/A,N/A,N/A,N/A,N/A,N/A,N/A,N/A,N/A,N/A,N/A,N/A,N/A,N/A,N/A,N/A,N/A,N/A,N/A,N/A,N/A,N/A,N/A,N/A,N/A,N/A,N/A,N/A,N/A,N/A,N/A,N/A,N/A,N/A,N/A,N/A,N/A,N/A,N/A,N/A,N/A,N/A,N/A,N/A,N/A,N/A
Ángel Romero,33,710233200,1992/07/04,Serie A,2024,Forward,Corinthians,1453,757,696,Paraguay,28,14,14,5,4,1,5,2,3,0,1,9,6,3,18,5,13,6,0,0.62,0.31,0.31,0.48,0.13,291,1.11,81,52,242,291,0.37,54,17,-1,5,0,6.91,0.18,97,30.00,17.12,32,428,13.80,345,39,24.18,32,0.00,0.00,0.80,20,0.00,1.88,0.91,0.52,13,0.00,0.72,0.00,0.00,0.00,0.20,0.76,0.00,6.60,2.31,0.84,1.60,0.00,0.48,0.22,0.00,0.84,0.00,0.00,0,0,,33,1.32,95,12,0.84,82,21,1.47,98,4,12,16,23,0.00,99,0,5,0.35,26,47,40,3.29,79,0,0.00,99,0,0.00,0,0,0.00,0,1.40,79,40,2.80,82,19,1.33,47.50,0,0.00,0,0,0,0.00,0,0,0.00,51,0.00,0,N/A,N/A,N/A,N/A,0.00,0,0.00,0,5.46,0.00,0,80.61,36.36,41,17,0.68,1.19,17,83,46,0,1,0,0.00,0.00,0,23,172.67,0.44,0.77,11,0,0.00,0.00,99,0.00,0,1,1,0.04,0.07,0,0.00,0.00,0.63,0.36,9,1,15.15,73,56,74,50,51,4.48,97,0.18,0.31,4.76,90,0.19,0.33,94,37,1.48,2.59,1.12,0.64,44,16,0.38,92,54,33,83,0,96,63,0,0.00,99,21,0.00,1.47,13.32,7.60,190,90,82,82,6.31,3.60,47.37,18,1.26,27,0,14.89,0,0.00,99,7,0.28,0.49,67,56,88,77,0,1,0,4,0,96,90,72,94,0,99,72,31,77,6,21,73,11,0,0
Anibal Ismael Moreno,26,926578800,1999/05/13,Serie A,2024,Midfielder,Palmeiras,2528,1156,1372,Argentina,34,16,18,1,0,1,1,1,0,0,0,14,7,7,22,8,14,7,0,0.07,0.04,0.04,0,0.07,2528,0.78,115,74,361,2528,0.25,289,265,-1,15,0,6.90,0.03,50,48.83,39.81,80,1274,33.50,1072,63,41.09,78,0.00,0.00,0.75,24,0.00,0.41,2.11,1.72,55,0.00,0.66,0.00,0.00,0.00,1.03,0.31,0.00,16.00,0.61,0.38,0.59,0.00,0.12,0.05,0.00,0.72,0.00,0.00,0,0,,16,0.50,43,4,0.15,29,12,0.46,54,5,3,31,75,0.00,99,0,33,1.26,80,13,81,0.50,38,0,0.00,99,0,0.00,0,0,0.00,0,0.92,57,19,0.73,35,10,0.38,52.63,0,0.00,0,0,0,0.00,0,0,0.00,85,0.00,0,N/A,N/A,N/A,N/A,0.00,0,0.00,0,1.70,0.00,0,84.14,25.00,24,3,1.50,1.84,48,37,59,0,0,0,0.12,0.15,4,43,220.82,0.94,1.15,30,0,0.00,0.00,99,0.00,0,0,0,0.00,0.00,0,0.00,0.00,0.08,0.06,2,0,6.25,48,90,94,98,85,2.81,39,0.09,0.11,1.70,42,0.05,0.07,55,28,0.88,1.07,1.11,0.91,44,29,0.07,41,52,48,67,0,58,42,0,0.00,99,23,0.00,0.88,9.16,7.47,239,115,39,45,4.41,3.59,48.12,21,0.80,49,0,30.77,0,0.00,99,4,0.12,0.15,47,92,41,87,0,0,0,0,0,36,45,63,54,0,99,89,58,51,7,21,73,5,0,0
Antônio Carlos,32,731491200,1993/03/07,Serie A,2024,Defender,Fluminense,1078,448,630,Brazil,13,6,7,0,0,0,0,0,0,0,0,2,1,1,10,3,7,1,0,0,0,0,0,0,0,0.83,108,83,1078,0,0.08,429,312,33,29,0,7.14,0,45,63.04,57.18,97,629,50.73,558,89,55.92,96,0.00,0.00,0.55,6,0.00,0.36,0.50,0.45,5,0.00,0.09,0.00,0.00,0.00,1.36,0.09,0.00,0.00,0.50,0.36,0.18,0.00,0.09,0.03,0.00,3.18,0.00,0.00,0,0,,5,0.45,33,1,0.10,21,4,0.40,47,0,2,11,11,0.00,99,0,15,1.50,90,4,96,0.40,35,0,0.00,99,0,0.00,0,0,0.00,0,0.60,37,2,0.20,16,1,0.10,50.00,0,0.00,0,0,0,0.00,0,0,0.00,83,0.00,0,N/A,N/A,N/A,N/A,0.00,0,0.00,0,0.33,0.00,0,88.71,20.00,18,93,0.09,0.10,1,16,57,0,0,0,1.00,1.10,11,97,78.50,4.45,4.91,49,0,0.00,0.00,99,0.00,0,0,0,0.00,0.00,0,0.00,0.00,0.10,0.09,1,0,0.00,42,39,18,40,82,1.58,66,0.14,0.16,0.33,24,0.03,0.03,51,10,0.91,1.00,1.00,0.91,37,10,0.03,24,86,95,67,0,63,98,0,0.00,99,35,0.00,3.51,7.72,7.00,77,50,56,27,5.01,4.55,64.94,1,0.10,85,0,50.00,0,0.00,99,2,0.18,0.20,51,37,31,11,0,0,0,0,0,26,40,59,54,0,99,14,95,12,1,8,21,25,0,0
Arthur Caíke do Nascimento Cruz,33,708591600,1992/06/15,Serie A,2024,Midfielder,Criciúma,1673,628,1045,Brazil,33,17,16,5,2,3,1,0,1,0,0,4,3,1,29,7,22,4,0,0.32,0.05,0.27,0.29,0.26,335,1.56,58,51,418,1673,0.22,71,251,-1,2,0,6.82,0.03,52,15.45,8.47,2,254,6.17,185,12,11.25,3,0.00,0.00,0.67,20,0.00,0.13,0.30,0.17,5,0.00,0.53,0.00,0.00,0.00,0.00,0.10,0.00,5.80,1.76,0.60,0.37,0.00,0.37,0.17,0.00,1.60,0.00,0.00,0,0,,29,0.97,85,11,0.67,74,18,1.09,91,2,15,18,8,0.00,99,0,0,0.00,9,4,30,0.24,28,0,0.00,99,0,0.00,0,0,0.00,0,1.22,70,11,0.67,33,3,0.18,27.27,0,0.00,0,0,0,0.00,0,0,0.00,10,0.00,0,N/A,N/A,N/A,N/A,0.00,0,0.00,0,5.25,0.00,0,72.83,37.93,45,92,0.07,0.12,2,23,16,0,0,0,0.10,0.18,3,47,204.55,0.40,0.73,12,0,0.00,0.00,99,0.00,0,0,2,0.07,0.12,0,0.00,0.00,0.91,0.50,15,0,17.24,80,65,91,53,10,1.77,39,0.06,0.11,5.25,89,0.17,0.32,77,27,0.90,1.64,1.28,0.70,57,21,0.32,87,39,30,93,0,99,93,0,0.00,99,48,0.00,2.92,10.82,5.93,178,83,57,64,5.05,2.77,46.63,16,0.97,39,0,0.00,0,0.00,99,0,0.00,0.00,30,62,95,46,0,0,0,0,0,77,88,86,84,0,99,8,66,44,4,12,41,35,0,0
Arthur dos Santos Barbosa Dias,18,1176188400,2007/04/10,Serie A,2024,Midfielder,Atlético PR,0,0,0,Brazil,0,0,0,0,0,0,0,0,0,0,0,0,0,0,0,0,0,0,0,0,0,0,0,0,0,0,0,0,0,0,0,-1,-1,-1,-1,N/A,N/A,N/A,N/A,N/A,N/A,N/A,N/A,N/A,N/A,N/A,N/A,N/A,N/A,N/A,N/A,N/A,N/A,N/A,N/A,N/A,N/A,N/A,N/A,N/A,N/A,N/A,N/A,N/A,N/A,N/A,N/A,N/A,N/A,N/A,N/A,N/A,N/A,N/A,N/A,N/A,N/A,N/A,N/A,N/A,N/A,N/A,N/A,N/A,N/A,N/A,N/A,N/A,N/A,N/A,N/A,N/A,N/A,N/A,N/A,N/A,N/A,N/A,N/A,N/A,N/A,N/A,N/A,N/A,N/A,N/A,N/A,N/A,N/A,N/A,N/A,N/A,N/A,N/A,N/A,N/A,N/A,N/A,N/A,N/A,N/A,N/A,N/A,N/A,N/A,N/A,N/A,N/A,N/A,N/A,N/A,N/A,N/A,N/A,N/A,N/A,N/A,N/A,N/A,N/A,N/A,N/A,N/A,N/A,N/A,N/A,N/A,N/A,N/A,N/A,N/A,N/A,N/A,N/A,N/A,N/A,N/A,N/A,N/A,N/A,N/A,N/A,N/A,N/A,N/A,N/A,N/A,N/A,N/A,N/A,N/A,N/A,N/A,N/A,N/A,N/A,N/A,N/A,N/A,N/A,N/A,N/A,N/A,N/A,N/A,N/A,N/A,N/A,N/A,N/A,N/A,N/A,N/A,N/A,N/A,N/A,N/A,N/A,N/A,N/A,N/A,N/A,N/A,N/A,N/A,N/A,N/A,N/A,N/A,N/A,N/A,N/A,N/A,N/A,N/A,N/A,N/A,N/A,N/A,N/A,N/A,N/A,N/A,N/A,N/A,N/A,N/A,N/A,N/A,N/A,N/A,N/A,N/A,N/A,N/A,N/A,N/A,N/A,N/A,N/A,N/A,N/A,N/A,N/A,N/A,N/A,N/A,N/A,N/A,N/A,N/A,N/A,N/A,N/A,N/A,N/A,N/A,N/A,N/A
Arthur Gomes,27,899449200,1998/07/03,Serie A,2024,Midfielder,Cruzeiro,1260,575,685,Brazil,21,10,11,2,1,1,1,1,0,0,0,9,6,3,14,2,12,1,0,0.21,0.07,0.14,0.16,0.13,630,1,90,60,1260,1260,0.07,161,230,-1,10,0,6.88,0.05,58,29.78,18.18,31,309,15.41,262,66,25.25,34,0.00,0.00,0.53,9,0.00,1.76,1.25,0.76,13,0.00,0.82,0.00,0.00,0.00,0.12,1.18,0.00,14.00,1.35,0.24,2.06,0.00,0.59,0.13,0.00,0.12,0.00,0.00,0,0,,14,0.82,73,10,0.96,89,4,0.39,46,1,7,14,38,0.00,99,0,2,0.19,17,30,34,2.89,74,0,0.00,99,0,0.00,0,0,0.00,0,0.87,53,35,3.37,87,20,1.93,57.14,0,0.00,0,0,0,0.00,0,0,0.00,63,0.00,0,N/A,N/A,N/A,N/A,0.00,0,0.00,0,2.26,0.00,0,84.79,71.43,96,90,0.12,0.19,2,91,70,0,0,0,0.06,0.10,1,36,116.96,0.12,0.19,2,0,0.00,0.00,99,0.00,0,0,1,0.06,0.10,0,0.00,0.00,0.87,0.53,9,0,7.14,51,49,46,70,63,1.42,57,0.08,0.14,2.26,77,0.13,0.22,62,13,0.76,1.25,1.73,1.06,80,18,0.22,75,49,5,90,0,99,6,0,0.00,99,2,0.00,0.19,10.31,6.29,107,48,46,58,4.63,2.82,44.86,14,1.35,23,0,10.00,0,0.00,99,3,0.18,0.29,58,48,68,30,0,0,0,0,0,65,70,72,71,0,99,91,97,11,1,5,13,11,0,0
Arthur Rodrigues Viana,21,1076572800,2004/02/12,Serie A,2024,Midfielder,Cruzeiro,76,0,76,Brazil,3,0,3,0,0,0,0,0,0,0,0,1,0,1,1,0,1,1,0,0,0,0,0,0,0,1.18,76,25,76,0,1.18,-1,-1,-1,25,0,6.19,0,45,16.58,4.67,4,14,3.00,9,3,10.66,2,0.00,0.00,0.67,2,0.00,0.00,0.00,0.00,0,0.00,0.00,0.00,0.00,0.00,0.00,0.00,0.00,0.00,1.18,0.33,1.33,0.00,0.00,0.02,0.00,0.00,0.00,0.00,0,0,,1,0.33,64,0,0.00,15,1,1.18,95,0,3,0,4,0.00,99,0,0,0.00,9,0,30,0.00,14,0,0.00,99,0,0.00,0,0,0.00,0,2.37,95,4,4.74,95,0,0.00,0.00,0,0.00,0,0,0,0.00,0,0,0.00,40,0.00,0,N/A,N/A,N/A,N/A,0.00,0,0.00,0,0.06,0.00,0,64.29,0.00,15,18,0.33,1.18,1,10,10,0,0,0,0.00,0.00,0,23,18.58,0.33,1.18,1,0,0.00,0.00,99,0.00,0,0,0,0.00,0.00,0,0.00,0.00,2.37,0.67,2,0,0.00,42,0,0,40,40,0.09,39,0.03,0.11,0.06,42,0.02,0.07,2,0,0.00,0.00,1.18,0.33,49,1,0.07,41,3,50,67,0,99,2,0,0.00,99,0,0.00,0.00,9.47,2.67,8,0,0,49,0.00,0.00,0.00,0,0.00,99,0,0.00,0,0.00,99,0,0.00,0.00,30,0,41,11,0,0,0,0,0,26,40,59,54,0,99,76,8,99,1,33,95,68,0,0
Arthur Sousa Araújo,22,1047456000,2003/03/12,Serie A,2024,Midfielder,Bragantino,170,77,93,Brazil,9,5,4,0,0,0,0,0,0,0,0,2,2,0,3,2,1,1,0,0,0,0,0,0,0,1.59,57,19,170,0,0.53,-1,-1,-1,20,0,6.53,0,45,16.78,3.67,5,33,3.00,27,46,13.73,9,0.00,0.00,0.56,5,0.00,0.00,0.00,0.00,0,0.00,0.33,0.00,0.00,0.00,0.00,0.11,0.00,0.00,0.51,0.11,0.11,0.00,0.00,0.00,0.00,0.67,0.00,0.00,0,0,,1,0.11,33,0,0.00,15,1,0.51,58,0,9,0,4,0.00,99,0,0,0.00,9,0,30,0.00,14,0,0.00,99,0,0.00,0,0,0.00,0,2.54,96,1,0.51,28,1,0.51,100.00,0,0.00,0,0,0,0.00,0,0,0.00,8,0.00,0,N/A,N/A,N/A,N/A,0.00,0,0.00,0,0.04,0.00,0,81.82,0.00,15,99,0.00,0.00,0,47,99,0,0,0,0.00,0.00,0,23,58.77,0.11,0.51,1,0,0.00,0.00,99,0.00,0,0,0,0.00,0.00,0,0.00,0.00,0.00,0.00,0,0,0.00,42,0,6,40,9,0.21,39,0.02,0.11,0.04,19,0.00,0.02,51,2,0.22,1.02,1.02,0.22,39,2,0.02,19,10,18,67,0,41,95,0,0.00,99,6,0.00,3.05,10.68,2.33,21,9,43,63,4.58,1.00,42.86,3,1.53,18,0,0.00,0,0.00,99,0,0.00,0.00,30,0,78,11,0,0,0,0,0,26,40,59,54,0,99,36,17,90,1,11,35,29,0,0
Ayrton Lucas,28,866703600,1997/06/19,Serie A,2024,Defender,Flamengo,2403,1238,1165,Brazil,32,16,16,3,1,2,3,2,1,0,0,9,4,5,27,14,13,3,0,0.22,0.11,0.11,0.07,0.15,801,1.01,89,75,801,801,0.11,195,160,80,7,0,6.98,0.09,70,39.87,32.00,57,992,27.10,840,65,33.77,59,0.00,0.00,0.61,19,0.00,2.03,2.05,1.65,51,0.00,0.65,0.00,0.00,0.00,0.42,0.90,0.00,8.00,0.96,0.55,1.71,0.00,0.23,0.11,0.00,0.84,0.00,0.00,0,0,,24,0.77,58,7,0.28,48,17,0.68,71,3,3,29,72,0.00,99,0,13,0.52,35,63,35,2.53,70,0,0.00,99,0,0.00,0,0,0.00,0,0.76,46,53,2.13,75,28,1.13,52.83,0,0.00,0,0,0,0.00,0,0,0.00,61,0.00,0,N/A,N/A,N/A,N/A,0.00,0,0.00,0,3.46,0.00,0,84.68,29.17,28,49,0.55,0.68,17,79,60,0,0,0,0.10,0.12,3,39,216.40,0.81,1.00,25,1,0.00,0.04,15,0.03,0,0,2,0.06,0.08,0,0.00,0.00,0.00,0.00,0,0,12.50,68,86,88,77,61,3.84,62,0.12,0.15,3.46,61,0.11,0.14,62,30,0.97,1.21,0.76,0.61,22,19,0.14,59,65,45,84,0,41,49,0,0.00,99,26,0.00,1.05,9.81,7.87,244,135,65,53,5.43,4.35,55.33,20,0.80,49,0,11.11,0,0.00,99,7,0.23,0.28,57,88,41,63,0,0,0,0,0,66,64,75,57,0,99,61,90,17,3,9,26,6,0,0
Bastos,34,670060800,1991/03/27,Serie A,2024,Defender,Botafogo,2632,1368,1264,Angola,32,16,16,3,2,1,0,0,0,0,0,15,8,7,21,10,11,6,0,0.1,0,0.1,0.13,0.07,877,0.72,125,82,439,0,0.21,198,494,17,8,0,7.06,0,45,56.86,51.81,91,1606,47.03,1458,96,51.62,92,0.00,0.00,0.13,4,0.00,0.13,1.06,0.97,30,0.00,0.13,0.00,0.00,0.00,1.00,0.06,0.00,5.00,0.53,0.35,0.16,0.00,0.13,0.09,0.00,1.90,0.00,0.00,0,0,,15,0.48,35,4,0.14,28,11,0.39,46,3,1,31,29,0.00,99,0,31,1.10,73,4,66,0.14,22,0,0.00,99,0,0.00,0,0,0.00,0,0.14,13,5,0.18,14,2,0.07,40.00,0,0.00,0,0,0,0.00,0,0,0.00,90,0.00,0,N/A,N/A,N/A,N/A,0.00,0,0.00,0,2.83,0.00,0,90.78,26.67,25,75,0.35,0.39,11,14,28,0,0,0,0.61,0.67,19,87,218.98,3.52,3.86,109,1,0.00,0.04,15,0.03,0,0,1,0.03,0.04,0,0.00,0.00,0.04,0.03,1,0,20.00,87,91,88,79,90,3.43,45,0.11,0.12,2.83,52,0.09,0.10,12,7,0.23,0.25,1.17,1.06,48,33,0.10,51,77,87,72,0,46,79,0,0.00,99,59,0.00,2.09,6.05,5.52,171,97,16,12,3.43,3.13,56.73,4,0.14,82,0,25.00,0,0.00,99,1,0.03,0.04,33,92,22,63,0,0,0,0,0,43,61,63,67,0,99,96,68,42,6,19,66,15,0,0
Benjamín Kuscevic Jaramillo,29,831020400,1996/05/02,Serie A,2024,Defender,Fortaleza,1858,865,993,Chile,22,10,12,2,1,1,0,0,0,0,0,8,7,1,19,3,16,8,1,0.1,0,0.1,0.1,0.09,929,0.92,98,84,232,0,0.39,202,481,54,10,0,7.16,0,45,39.59,38.86,56,816,33.43,702,74,34.06,60,0.00,0.00,0.14,3,0.00,0.10,1.46,1.43,30,0.00,0.14,0.00,0.00,0.00,0.95,0.10,0.00,4.00,0.39,0.19,0.14,0.00,0.19,0.09,0.00,2.33,0.00,0.00,0,0,,8,0.38,23,4,0.19,36,4,0.19,19,0,1,21,46,0.00,99,0,20,0.97,65,2,30,0.10,19,0,0.00,99,0,0.00,0,0,0.00,0,0.15,14,3,0.15,13,2,0.10,66.67,0,0.00,0,0,0,0.00,0,0,0.00,71,0.00,0,N/A,N/A,N/A,N/A,0.00,0,0.00,0,1.86,0.00,0,86.03,50.00,74,75,0.38,0.39,8,16,83,0,0,0,1.24,1.26,26,98,150.36,5.76,5.87,121,0,0.00,0.00,99,0.00,0,0,0,0.00,0.00,0,0.00,0.00,0.05,0.05,1,0,25.00,93,69,50,79,71,1.81,27,0.09,0.09,1.86,49,0.09,0.09,19,8,0.38,0.39,0.82,0.81,26,17,0.09,49,88,98,67,0,48,85,0,0.00,99,49,0.00,2.38,7.71,7.57,159,89,36,27,4.32,4.24,55.97,3,0.15,81,0,0.00,0,0.00,99,0,0.00,0.00,30,70,22,11,0,0,0,0,0,43,61,65,61,0,99,81,29,80,7,32,93,13,0,0
Bento Matheus Krepski,26,928998000,1999/06/10,Serie A,2024,Goalkeeper,Atlético PR,630,270,360,Brazil,7,3,4,0,0,0,0,0,0,0,0,4,3,1,4,0,4,1,0,0,0,0,0,0,0,0.57,158,90,630,0,0.14,400,448,7,23,0,7.26,0,45,19.43,19.43,9,136,13.14,92,5,13.14,7,0.00,0.00,0.00,0,0.00,0.00,0.00,0.00,0,0.00,0.00,0.00,0.00,2.86,0.00,0.00,3.43,0.00,0.00,0.00,0.00,0.00,0.00,0.00,0.00,0.29,0.00,0.00,0,0,,0,0.00,8,0,0.00,15,0,0.00,9,0,0,7,4,0.00,99,0,0,0.00,9,0,30,0.00,14,0,0.00,99,0,0.00,0,0,0.00,0,0.00,8,0,0.00,7,0,0.00,0.00,0,0.00,0,20,99,2.86,18,24,0.00,96,3.43,3,N/A,N/A,N/A,N/A,83.33,0,0.00,0,0.00,0.00,0,67.65,0.00,15,91,0.14,0.14,1,10,10,0,0,11,0.00,0.00,0,23,50.81,0.57,0.57,4,1,0.00,0.14,2,0.14,1,0,0,0.00,0.00,3,0.43,0.43,0.00,0.00,0,0,0.00,42,16,4,40,96,0.19,3,0.03,0.03,0.00,9,0.00,0.00,2,0,0.00,0.00,0.14,0.14,7,1,0.00,9,93,22,67,55,41,12,0,0.00,99,2,0.00,0.29,0.57,0.57,4,2,2,5,0.29,0.29,50.00,0,0.00,99,0,0.00,0,0.00,99,0,0.00,0.00,30,18,14,11,0,0,0,0,0,26,40,59,54,0,99,99,82,27,1,14,48,1,0,0
Bernard Anício Caldeira Duarte,33,715935600,1992/09/08,Serie A,2024,Midfielder,Atlético Mineiro,906,375,531,Brazil,16,7,9,0,0,0,0,0,0,0,0,5,3,2,13,6,7,1,0,0,0,0,0,0,0,1.29,70,57,906,0,0.1,366,378,-1,20,0,6.85,0,45,44.90,28.25,71,452,24.38,390,76,38.74,73,0.00,0.00,1.25,20,0.00,1.94,1.99,1.25,20,0.00,0.69,0.00,0.00,0.00,0.25,0.75,0.00,0.00,0.30,0.19,1.50,0.00,0.00,0.01,0.00,0.00,0.00,0.00,0,0,,3,0.19,20,0,0.00,15,3,0.30,34,10,4,12,69,0.00,99,0,4,0.40,28,31,43,3.08,76,0,0.00,99,0,0.00,0,0,0.00,0,1.99,91,24,2.38,78,12,1.19,50.00,0,0.00,0,0,0,0.00,0,0,0.00,27,0.00,0,N/A,N/A,N/A,N/A,0.00,0,0.00,0,0.17,0.00,0,86.28,0.00,15,22,0.69,1.09,11,80,57,0,0,0,0.06,0.10,1,36,109.57,0.50,0.79,8,0,0.00,0.00,99,0.00,0,0,1,0.06,0.10,0,0.00,0.00,0.10,0.06,1,0,0.00,42,30,27,40,28,1.81,73,0.11,0.18,0.17,19,0.01,0.02,35,7,0.44,0.70,1.79,1.12,84,18,0.02,19,44,34,90,0,63,2,0,0.00,99,0,0.00,0.00,9.34,5.88,94,39,25,48,3.87,2.44,41.49,11,1.09,34,0,16.13,0,0.00,99,5,0.31,0.50,68,41,50,99,0,0,0,0,0,26,40,59,54,0,99,68,93,15,1,6,15,20,0,0
Bernardo Romeo Benítez Fariña,23,1037260800,2002/11/14,Serie A,2024,Midfielder,Atlético PR,0,0,0,Paraguay,0,0,0,0,0,0,0,0,0,0,0,0,0,0,0,0,0,0,0,0,0,0,0,0,0,0,0,0,0,0,0,-1,-1,-1,-1,N/A,N/A,N/A,N/A,N/A,N/A,N/A,N/A,N/A,N/A,N/A,N/A,N/A,N/A,N/A,N/A,N/A,N/A,N/A,N/A,N/A,N/A,N/A,N/A,N/A,N/A,N/A,N/A,N/A,N/A,N/A,N/A,N/A,N/A,N/A,N/A,N/A,N/A,N/A,N/A,N/A,N/A,N/A,N/A,N/A,N/A,N/A,N/A,N/A,N/A,N/A,N/A,N/A,N/A,N/A,N/A,N/A,N/A,N/A,N/A,N/A,N/A,N/A,N/A,N/A,N/A,N/A,N/A,N/A,N/A,N/A,N/A,N/A,N/A,N/A,N/A,N/A,N/A,N/A,N/A,N/A,N/A,N/A,N/A,N/A,N/A,N/A,N/A,N/A,N/A,N/A,N/A,N/A,N/A,N/A,N/A,N/A,N/A,N/A,N/A,N/A,N/A,N/A,N/A,N/A,N/A,N/A,N/A,N/A,N/A,N/A,N/A,N/A,N/A,N/A,N/A,N/A,N/A,N/A,N/A,N/A,N/A,N/A,N/A,N/A,N/A,N/A,N/A,N/A,N/A,N/A,N/A,N/A,N/A,N/A,N/A,N/A,N/A,N/A,N/A,N/A,N/A,N/A,N/A,N/A,N/A,N/A,N/A,N/A,N/A,N/A,N/A,N/A,N/A,N/A,N/A,N/A,N/A,N/A,N/A,N/A,N/A,N/A,N/A,N/A,N/A,N/A,N/A,N/A,N/A,N/A,N/A,N/A,N/A,N/A,N/A,N/A,N/A,N/A,N/A,N/A,N/A,N/A,N/A,N/A,N/A,N/A,N/A,N/A,N/A,N/A,N/A,N/A,N/A,N/A,N/A,N/A,N/A,N/A,N/A,N/A,N/A,N/A,N/A,N/A,N/A,N/A,N/A,N/A,N/A,N/A,N/A,N/A,N/A,N/A,N/A,N/A,N/A,N/A,N/A,N/A,N/A,N/A,N/A
Brahian Palacios Alzate,23,1038124800,2002/11/24,Serie A,2024,Midfielder,Atlético Mineiro,842,460,382,Colombia,20,10,10,1,0,1,3,2,1,0,0,1,1,0,14,7,7,4,0,0.43,0.32,0.11,0,0.24,842,1.5,60,42,211,281,0.43,194,14,-1,10,0,6.81,0.15,98,30.30,15.59,32,265,13.35,227,72,25.96,36,0.00,0.00,0.71,12,0.00,1.76,1.72,0.88,15,0.00,1.06,0.00,0.00,0.00,0.29,0.94,0.00,12.50,2.86,0.65,2.76,0.00,0.82,0.20,0.00,0.12,0.00,0.00,0,0,,25,1.47,99,14,1.60,99,11,1.26,96,4,12,8,59,0.00,99,0,5,0.57,39,30,78,3.43,79,0,0.00,99,0,0.00,0,0,0.00,0,1.37,78,47,5.37,97,16,1.83,34.04,0,0.00,0,0,0,0.00,0,0,0.00,12,0.00,0,N/A,N/A,N/A,N/A,0.00,0,0.00,0,3.47,0.00,0,85.66,56.00,83,21,0.59,1.14,10,90,20,1,0,0,0.00,0.00,0,23,115.82,0.41,0.80,7,0,0.00,0.00,99,0.00,0,1,0,0.00,0.00,0,0.00,0.00,0.34,0.18,3,2,8.00,52,27,43,78,13,2.63,95,0.15,0.30,2.77,89,0.16,0.32,58,10,0.59,1.14,1.60,0.82,74,14,0.40,93,36,35,67,0,87,9,0,0.00,99,2,0.00,0.23,14.64,7.53,128,46,62,89,5.26,2.71,35.94,18,2.06,8,0,30.00,0,0.00,99,9,0.53,1.03,86,24,88,77,0,0,0,0,0,88,64,85,54,0,99,2,24,83,3,15,51,30,0,0
Braian Nahuel Aguirre,25,964767600,2000/07/28,Serie A,2024,Defender,Internacional,90,0,90,Argentina,1,0,1,0,0,0,0,0,0,0,0,1,0,1,0,0,0,0,0,0,0,0,0,0,0,0,0,90,0,0,0,-1,-1,-1,36,0,8.02,0,45,35.00,35.00,43,35,26.00,26,14,26.00,36,0.00,0.00,1.00,1,0.00,4.00,5.00,5.00,5,0.00,0.00,0.00,0.00,0.00,1.00,0.00,0.00,0.00,1.00,1.00,1.00,0.00,0.00,0.04,0.00,2.00,0.00,0.00,0,0,,1,1.00,60,0,0.00,15,1,1.00,88,0,0,1,99,0.00,99,0,1,1.00,67,4,30,4.00,85,0,0.00,99,0,0.00,0,0,0.00,0,1.00,60,1,1.00,45,0,0.00,0.00,0,0.00,0,0,0,0.00,0,0,0.00,99,0.00,0,N/A,N/A,N/A,N/A,0.00,0,0.00,0,0.04,0.00,0,74.29,0.00,15,0,3.00,3.00,3,10,10,0,0,0,2.00,2.00,2,99,8.02,2.00,2.00,2,0,0.00,0.00,99,0.00,0,0,0,0.00,0.00,0,0.00,0.00,0.00,0.00,0,0,0.00,42,0,0,40,0,0.09,27,0.09,0.09,0.04,30,0.04,0.04,51,1,1.00,1.00,1.00,1.00,37,1,0.04,29,99,70,67,0,41,77,0,0.00,99,2,0.00,2.00,14.00,14.00,14,8,98,86,8.00,8.00,57.14,0,0.00,99,0,0.00,0,0.00,99,0,0.00,0.00,30,1,14,11,0,0,0,0,0,26,40,59,54,0,99,99,7,7,0,0,7,35,0,0
Breno de Souza Bidon,20,1108886400,2005/02/20,Serie A,2024,Midfielder,Corinthians,1792,866,926,Brazil,29,14,15,0,0,0,0,0,0,0,0,8,5,3,22,8,14,5,0,0,0,0,0,0,0,1.1,81,62,358,0,0.25,413,419,-1,33,0,6.91,0,45,43.18,29.41,67,794,25.78,696,84,37.85,71,0.00,0.00,0.67,18,0.00,0.48,2.07,1.41,38,0.00,0.89,0.00,0.00,0.00,0.74,0.93,0.00,0.00,0.87,0.30,1.37,0.00,0.30,0.06,0.00,0.37,0.00,0.00,0,0,,16,0.59,56,8,0.44,61,8,0.44,52,6,7,22,73,0.00,99,0,20,1.09,73,13,32,0.71,46,0,0.00,99,0,0.00,0,0,0.00,0,0.98,59,37,2.01,74,25,1.36,67.57,0,0.00,0,0,0,0.00,0,0,0.00,52,0.00,0,N/A,N/A,N/A,N/A,0.00,0,0.00,0,1.65,0.00,0,87.66,50.00,74,12,0.89,1.31,24,84,84,0,0,0,0.15,0.22,4,54,186.64,0.67,0.98,18,0,0.00,0.00,99,0.00,0,0,0,0.00,0.00,0,0.00,0.00,0.05,0.04,1,0,0.00,42,68,76,40,51,2.14,45,0.08,0.12,1.65,49,0.06,0.09,78,31,1.15,1.69,1.41,0.96,66,26,0.09,49,54,44,67,0,48,25,0,0.00,99,10,0.00,0.54,10.77,7.33,198,104,69,64,5.66,3.85,52.53,24,1.31,25,0,7.69,0,0.00,99,1,0.04,0.05,34,72,68,93,0,0,0,0,0,26,40,59,54,0,99,61,58,51,5,17,60,27,0,0
Breno Lopes,29,822470400,1996/01/24,Serie A,2024,Forward,Fortaleza,1910,940,970,Brazil,32,16,16,5,2,3,3,3,0,0,0,12,10,2,24,4,20,4,0,0.38,0.14,0.24,0.19,0.28,382,1.13,80,60,478,637,0.19,86,119,-1,5,0,7.03,0.09,78,29.89,19.31,32,560,16.59,481,74,25.68,35,0.00,0.00,0.55,16,0.00,2.38,0.53,0.34,10,0.00,0.93,0.00,0.00,0.00,0.21,0.79,0.00,6.20,1.65,0.48,1.31,0.00,0.59,0.20,0.00,0.38,0.00,0.00,0,0,,31,1.07,82,17,0.91,85,14,0.75,75,7,10,22,12,0.00,99,0,6,0.32,25,69,46,3.68,81,0,0.00,99,0,0.00,0,0,0.00,0,0.85,51,38,2.03,74,23,1.23,60.53,0,0.00,0,0,0,0.00,0,0,0.00,48,0.00,0,N/A,N/A,N/A,N/A,0.00,0,0.00,0,5.85,0.00,0,85.89,54.84,81,85,0.17,0.27,5,80,76,0,0,0,0.03,0.05,1,26,203.94,0.31,0.48,9,0,0.00,0.00,99,0.00,0,0,1,0.03,0.05,0,0.00,0.00,0.37,0.24,7,2,16.13,76,70,88,57,48,3.38,73,0.12,0.18,5.85,88,0.20,0.31,96,52,1.79,2.78,0.80,0.52,24,15,0.31,85,73,17,74,0,89,30,0,0.00,99,11,0.00,0.59,9.18,5.93,172,96,59,46,5.12,3.31,55.81,27,1.44,21,0,17.39,0,0.00,99,12,0.41,0.64,73,72,82,97,0,0,0,0,0,82,84,87,74,0,99,85,72,37,4,12,41,26,0,0
Bruno Conceição Praxedes,23,1013155200,2002/02/08,Serie A,2024,Midfielder,Atlético PR,493,161,332,Brazil,13,5,8,0,0,0,0,0,0,0,0,3,1,2,8,3,5,2,0,0,0,0,0,0,0,1.46,62,38,247,0,0.37,397,493,-1,19,0,6.70,0,45,32.58,13.00,37,143,10.00,110,22,25.06,33,0.00,0.00,0.82,9,0.00,0.82,2.51,1.00,11,0.00,0.64,0.00,0.00,0.00,0.18,0.27,0.00,0.00,0.46,0.09,0.64,0.00,0.09,0.02,0.00,0.45,0.00,0.00,0,0,,2,0.18,30,1,0.23,41,1,0.23,24,6,8,5,86,0.00,99,0,2,0.46,31,9,97,2.05,64,0,0.00,99,0,0.00,0,0,0.00,0,2.05,92,7,1.59,65,3,0.68,42.86,0,0.00,0,0,0,0.00,0,0,0.00,15,0.00,0,N/A,N/A,N/A,N/A,0.00,0,0.00,0,0.20,0.00,0,76.92,50.00,74,6,0.64,1.59,7,59,35,0,0,0,0.27,0.68,3,88,73.75,0.55,1.37,6,0,0.00,0.00,99,0.00,0,0,0,0.00,0.00,0,0.00,0.00,0.00,0.00,0,0,0.00,42,9,18,40,16,0.62,57,0.06,0.14,0.20,35,0.02,0.05,58,5,0.45,1.14,2.51,1.00,97,11,0.05,34,21,55,67,0,41,53,0,0.00,99,5,0.00,1.14,12.99,5.18,57,24,66,80,5.47,2.18,42.11,7,1.59,16,0,55.56,0,0.00,99,5,0.45,1.14,88,11,73,93,0,0,0,0,0,26,40,59,54,0,99,39,33,77,2,15,51,21,0,0
Bruno Fabiano Alves,34,671785200,1991/04/16,Serie A,2024,Defender,Cuiabá,2010,994,1016,Brazil,28,13,15,0,0,0,0,0,0,0,0,7,3,4,26,13,13,3,0,0,0,0,0,0,0,1.16,77,72,670,0,0.13,507,443,114,20,0,6.70,0,45,35.20,29.85,45,776,25.73,669,76,30.35,50,0.00,0.00,0.00,0,0.00,0.04,1.04,0.88,23,0.00,0.08,0.00,0.00,0.00,1.15,0.15,0.00,0.00,0.41,0.19,0.19,0.00,0.15,0.03,0.00,1.38,0.00,0.00,0,0,,9,0.35,26,4,0.18,34,5,0.23,24,3,7,21,29,0.00,99,0,30,1.36,85,1,30,0.05,16,0,0.00,99,0,0.00,0,0,0.00,0,0.00,8,5,0.23,17,4,0.18,80.00,0,0.00,0,0,0,0.00,0,0,0.00,43,0.00,0,N/A,N/A,N/A,N/A,0.00,0,0.00,0,0.83,0.00,0,86.21,44.44,58,70,0.38,0.45,10,23,91,0,0,0,0.69,0.82,18,92,174.08,4.50,5.31,117,0,0.00,0.00,99,0.00,0,0,0,0.00,0.00,0,0.00,0.00,0.00,0.00,0,0,0.00,42,73,74,40,42,1.42,13,0.05,0.06,0.83,30,0.03,0.04,37,17,0.65,0.77,0.64,0.54,16,14,0.04,29,21,97,67,0,41,68,0,0.00,99,36,0.00,1.63,6.12,5.19,135,80,21,12,3.63,3.08,59.26,2,0.09,86,0,0.00,0,0.00,99,0,0.00,0.00,30,70,68,63,0,0,0,0,0,26,40,59,54,0,99,47,85,23,3,11,35,34,0,0
Bruno Fuchs,26,922953600,1999/04/01,Serie A,2024,Defender,Atlético Mineiro,2029,1111,918,Brazil,26,14,12,0,0,0,1,0,1,0,0,4,2,2,35,20,15,9,1,0.04,0.04,0,0,0,0,1.55,58,78,225,2029,0.4,374,264,174,18,0,6.79,0.04,50,63.13,54.04,97,1297,48.62,1167,94,56.80,97,0.00,0.00,0.67,16,0.00,0.62,1.75,1.50,36,0.00,0.08,0.00,0.00,0.00,0.92,0.25,0.00,0.00,0.15,0.08,0.33,0.00,0.04,0.01,0.00,1.17,0.00,0.00,0,0,,3,0.12,11,1,0.05,16,2,0.10,12,4,3,23,60,0.00,99,0,22,1.07,71,15,92,0.73,46,0,0.00,99,0,0.00,0,0,0.00,0,0.78,48,8,0.39,22,6,0.29,75.00,0,0.00,0,0,0,0.00,0,0,0.00,10,0.00,0,N/A,N/A,N/A,N/A,0.00,0,0.00,0,0.25,0.00,0,89.98,33.33,37,67,0.42,0.49,10,31,90,0,0,0,0.75,0.88,18,94,162.96,3.25,3.80,78,1,0.00,0.05,12,0.04,0,0,0,0.00,0.00,0,0.00,0.00,0.00,0.00,0,0,0.00,42,74,65,40,10,3.86,77,0.16,0.19,0.25,13,0.01,0.01,34,14,0.58,0.68,1.12,0.96,44,23,0.01,13,32,86,67,0,41,60,0,0.00,99,28,0.00,1.36,6.67,5.71,137,83,29,16,4.04,3.46,60.58,2,0.10,85,0,46.67,0,0.00,99,7,0.29,0.34,59,75,41,77,0,0,0,0,0,30,40,59,54,0,99,14,27,81,8,31,92,3,0,0
Bruno Gomes da Silva Clevelário,24,986367600,2001/04/04,Serie A,2024,Midfielder,Internacional,2157,1169,988,Brazil,30,17,13,1,0,1,2,2,0,0,0,8,7,1,25,10,15,3,0,0.13,0.08,0.04,0,0.09,2157,1.04,86,72,719,1079,0.13,290,212,-1,15,0,7.08,0.07,62,52.91,42.96,87,1160,35.33,954,50,43.52,83,0.00,0.00,0.37,10,0.00,1.89,2.51,2.04,55,0.00,0.78,0.00,0.00,0.00,0.74,0.63,0.00,9.00,0.41,0.22,1.07,0.00,0.11,0.05,0.00,0.89,0.00,0.00,0,0,,9,0.33,26,3,0.14,28,6,0.27,30,1,6,24,86,0.00,99,0,20,0.91,62,51,50,2.33,67,0,0.00,99,0,0.00,0,0,0.00,0,0.46,31,29,1.32,57,17,0.78,58.62,0,0.00,0,0,0,0.00,0,0,0.00,58,0.00,0,N/A,N/A,N/A,N/A,0.00,0,0.00,0,1.25,0.00,0,82.24,33.33,37,36,0.70,0.87,19,66,73,0,0,0,0.19,0.23,5,55,191.17,1.78,2.19,48,0,0.00,0.00,99,0.00,0,0,0,0.00,0.00,0,0.00,0.00,0.00,0.00,0,1,11.11,61,78,80,95,57,3.23,62,0.12,0.15,1.25,39,0.05,0.06,85,44,1.63,2.01,1.19,0.96,50,26,0.06,38,79,72,67,0,41,50,0,0.00,99,24,0.00,1.09,10.90,8.85,239,138,82,65,6.29,5.11,57.74,21,0.96,40,0,19.61,0,0.00,99,10,0.37,0.46,65,76,63,30,0,0,0,0,0,50,45,65,54,0,99,55,87,23,3,10,29,15,0,0
Bruno Gonçalves de Jesus,22,1047628800,2003/03/14,Serie A,2024,Forward,Bragantino,79,79,0,Brazil,2,2,0,0,0,0,1,1,0,0,0,1,1,0,0,0,0,0,0,1.14,1.14,0,0,0,0,0,0,40,0,79,0,-1,-1,-1,34,0,7.12,0.5,99,34.18,15.00,41,30,12.00,24,37,27.34,41,0.00,0.00,1.00,2,0.00,0.00,1.14,0.50,1,0.00,1.00,0.00,0.00,0.00,0.00,0.50,0.00,0.00,2.28,1.00,0.50,0.00,0.00,0.05,0.00,0.00,0.00,0.00,0,0,,2,1.00,94,0,0.00,15,2,2.28,99,2,1,1,33,0.00,99,0,0,0.00,9,0,30,0.00,14,0,0.00,99,0,0.00,0,0,0.00,0,2.28,94,1,1.14,49,1,1.14,100.00,0,0.00,0,0,0,0.00,0,0,0.00,99,0.00,0,N/A,N/A,N/A,N/A,0.00,0,0.00,0,0.10,0.00,0,80.00,0.00,15,0,1.00,2.28,2,79,99,0,0,0,0.00,0.00,0,23,14.23,0.00,0.00,0,0,0.00,0.00,99,0.00,0,0,0,0.00,0.00,0,0.00,0.00,0.00,0.00,0,0,0.00,42,0,0,40,0,0.70,99,0.35,0.80,0.10,55,0.05,0.11,99,4,2.00,4.56,1.14,0.50,46,1,0.11,53,83,1,67,0,41,2,0,0.00,99,0,0.00,0.00,13.67,6.00,12,6,89,84,6.84,3.00,50.00,2,2.28,3,0,0.00,0,0.00,99,0,0.00,0.00,30,1,22,46,0,0,0,0,0,99,40,59,54,0,99,96,7,7,0,0,7,17,0,0
Bruno Henrique Corsini,36,624956400,1989/10/21,Serie A,2024,Midfielder,Internacional,1924,862,1062,Brazil,37,18,19,3,2,1,1,1,0,0,0,12,7,5,14,7,7,5,0,0.19,0.05,0.14,0.21,0.08,641,0.65,137,52,385,1924,0.23,158,247,-1,5,0,6.91,0.03,52,43.51,25.91,68,907,21.97,769,66,36.89,68,0.00,0.00,0.77,27,0.00,1.60,1.97,1.17,41,0.00,0.51,0.00,0.00,0.00,0.43,0.26,0.00,9.67,1.39,0.43,0.69,0.00,0.40,0.13,0.00,0.71,0.00,0.00,0,0,,29,0.83,74,14,0.67,74,15,0.72,74,7,16,21,68,0.00,99,0,15,0.72,49,56,79,2.69,72,0,0.00,99,0,0.00,0,0,0.00,0,1.30,74,24,1.15,49,9,0.43,37.50,0,0.00,0,0,0,0.00,0,0,0.00,93,0.00,0,N/A,N/A,N/A,N/A,0.00,0,0.00,0,4.38,0.00,0,84.79,48.28,63,16,0.71,1.20,25,41,24,0,0,0,0.20,0.34,7,67,241.80,0.86,1.44,30,0,0.00,0.00,99,0.00,0,0,0,0.00,0.00,0,0.00,0.00,0.00,0.00,0,0,10.34,57,71,99,71,93,3.50,69,0.10,0.17,4.38,75,0.13,0.21,47,19,0.54,0.91,2.40,1.43,96,50,0.21,73,54,57,67,0,41,56,0,0.00,99,25,0.00,1.20,10.51,6.26,219,92,39,61,4.41,2.63,42.01,18,0.86,45,0,30.36,0,0.00,99,17,0.49,0.82,80,70,97,97,0,0,0,0,0,61,70,64,77,0,99,72,60,48,5,14,48,8,0,0
Bruno Henrique Pinto,34,662544000,1990/12/30,Serie A,2024,Forward,Flamengo,2074,869,1205,Brazil,29,13,16,6,0,6,1,0,1,1,0,8,2,6,19,9,10,6,0,0.3,0.04,0.26,0,0.45,346,0.82,109,72,346,2074,0.26,74,257,-1,2,0,7.00,0.03,50,22.54,17.72,16,514,13.69,397,23,17.41,17,0.00,0.00,0.72,21,0.00,0.79,1.14,0.90,26,0.00,0.72,0.00,0.00,0.00,0.41,0.72,0.00,6.50,1.71,0.66,1.86,0.00,0.69,0.25,0.00,1.45,0.00,0.00,0,0,,39,1.34,83,20,0.88,83,19,0.83,80,3,5,24,33,0.00,99,0,12,0.53,35,23,56,1.01,52,0,0.00,99,0,0.00,0,0,0.00,0,0.92,57,54,2.37,78,21,0.92,38.89,0,0.00,0,0,0,0.00,0,0,0.00,84,0.00,0,N/A,N/A,N/A,N/A,0.00,0,0.00,0,7.21,0.00,0,77.24,51.28,74,71,0.34,0.44,10,71,26,1,0,0,0.00,0.00,0,23,202.86,0.59,0.75,17,0,0.00,0.00,99,0.00,0,1,3,0.10,0.13,0,0.00,0.00,0.44,0.34,10,2,15.38,75,76,76,54,83,2.29,33,0.08,0.10,6.51,86,0.22,0.29,92,55,1.90,2.41,1.75,1.38,82,40,0.32,87,69,32,94,0,91,74,0,0.00,99,42,0.00,1.84,12.32,9.69,281,141,80,75,6.18,4.86,50.18,21,0.92,43,0,21.74,0,0.00,99,5,0.17,0.22,53,76,57,63,0,1,0,3,0,74,86,96,54,0,99,61,55,54,6,21,73,27,0,0
Bruno Lopes Ferreira,18,1185346800,2007/07/25,Serie A,2024,Midfielder,Vasco da Gama,10,10,0,Brazil,1,1,0,0,0,0,0,0,0,0,0,1,1,0,0,0,0,1,0,0,0,0,0,0,0,0,0,10,10,0,9,-1,-1,-1,29,0,0.00,0,45,0.00,0.00,0,0,0.00,0,0,0.00,0,0.00,0.00,0.00,0,0.00,0.00,0.00,0.00,0,0.00,0.00,0.00,0.00,0.00,0.00,0.00,0.00,0.00,0.00,0.00,0.00,0.00,0.00,0.00,0.00,0.00,0.00,0.00,0,0,,0,0.00,8,0,0.00,15,0,0.00,9,0,1,0,4,0.00,99,0,0,0.00,9,0,30,0.00,14,0,0.00,99,0,0.00,0,0,0.00,0,0.00,8,0,0.00,7,0,0.00,0.00,0,0.00,0,0,0,0.00,0,0,0.00,99,0.00,0,N/A,N/A,N/A,N/A,0.00,0,0.00,0,0.00,0.00,0,0.00,0.00,15,99,0.00,0.00,0,10,10,0,0,0,0.00,0.00,0,23,0.00,0.00,0.00,0,0,0.00,0.00,99,0.00,0,0,0,0.00,0.00,0,0.00,0.00,0.00,0.00,0,0,0.00,42,0,0,40,0,0.00,0,0.00,0.00,0.00,9,0.00,0.00,2,0,0.00,0.00,0.00,0.00,5,0,0.00,9,0,1,67,0,41,2,0,0.00,99,0,0.00,0.00,0.00,0.00,0,0,0,0,0.00,0.00,0.00,0,0.00,99,0,0.00,0,0.00,99,0,0.00,0.00,30,0,22,11,0,0,0,0,0,26,40,59,54,0,99,99,7,99,1,0,7,72,0,0
Bruno Nunes de Barros,30,794390400,1995/03/05,Serie A,2024,Forward,Atlético GO,1583,854,729,Brazil,23,13,10,0,0,0,0,0,0,0,0,4,4,0,25,9,16,4,1,0,0,0,0,0,0,1.42,63,69,396,0,0.23,324,490,-1,28,0,6.48,0,45,42.91,33.71,66,708,28.05,589,56,35.70,65,0.00,0.00,0.95,20,0.00,3.14,2.00,1.57,33,0.00,0.52,0.00,0.00,0.00,0.76,0.52,0.00,0.00,0.61,0.19,1.29,0.00,0.29,0.05,0.00,1.14,0.00,0.00,0,0,,10,0.48,43,6,0.36,55,4,0.24,26,7,6,17,70,0.00,99,0,16,0.97,65,66,79,4.00,85,0,0.00,99,0,0.00,0,0,0.00,0,1.21,69,27,1.64,67,11,0.67,40.74,0,0.00,0,0,0,0.00,0,0,0.00,16,0.00,0,N/A,N/A,N/A,N/A,0.00,0,0.00,0,1.08,0.00,0,83.19,60.00,88,50,0.52,0.67,11,57,29,0,0,0,0.14,0.18,3,47,136.15,1.10,1.39,23,0,0.00,0.00,99,0.00,0,0,1,0.05,0.06,0,0.00,0.00,0.06,0.05,1,0,0.00,42,61,55,40,16,2.33,57,0.11,0.14,1.08,42,0.05,0.07,42,14,0.67,0.85,0.79,0.62,23,13,0.07,41,9,56,78,0,51,63,0,0.00,99,24,0.00,1.45,8.85,6.95,146,82,55,39,4.97,3.90,56.16,11,0.67,57,0,30.30,0,0.00,99,20,0.95,1.21,90,60,63,97,0,0,0,0,0,26,40,59,54,0,99,20,63,48,3,13,44,2,0,0
Bruno Pacheco,33,692179200,1991/12/08,Serie A,2024,Defender,Fortaleza,1178,512,666,Brazil,20,9,11,1,1,0,1,0,1,0,0,6,4,2,16,4,12,4,0,0.15,0.08,0.08,0.18,0,1178,1.22,74,59,295,1178,0.31,237,208,136,16,0,6.81,0.05,62,33.52,22.22,38,400,16.22,292,12,24.47,32,0.00,0.00,0.33,6,0.00,0.72,2.26,1.50,27,0.00,0.83,0.00,0.00,0.00,0.72,0.89,0.00,7.00,0.59,0.28,1.00,0.00,0.11,0.06,0.00,1.56,0.00,0.00,0,0,,7,0.39,42,2,0.17,32,5,0.42,50,2,8,12,79,0.00,99,0,13,1.09,73,13,81,1.09,53,0,0.00,99,0,0.00,0,0,0.00,0,0.50,33,18,1.51,63,16,1.34,88.89,0,0.00,0,0,0,0.00,0,0,0.00,34,0.00,0,N/A,N/A,N/A,N/A,0.00,0,0.00,0,1.10,0.00,0,73.00,28.57,27,50,0.44,0.67,8,83,93,0,0,0,0.11,0.17,2,45,122.65,1.50,2.26,27,0,0.00,0.00,99,0.00,0,0,0,0.00,0.00,0,0.00,0.00,0.00,0.00,0,0,14.29,72,45,43,86,35,1.37,39,0.08,0.11,1.10,49,0.06,0.09,68,17,0.94,1.42,1.09,0.72,42,13,0.09,49,36,73,67,0,41,84,0,0.00,99,28,0.00,2.35,12.15,8.06,145,88,95,75,7.37,4.89,60.69,15,1.26,27,0,30.77,0,0.00,99,4,0.22,0.34,59,41,73,46,0,0,0,0,0,54,56,59,74,0,99,65,45,66,4,20,70,6,0,0
Bruno Tabata,28,859708800,1997/03/30,Serie A,2024,Forward,Internacional,1079,622,457,Brazil,17,10,7,2,1,1,3,2,1,0,1,6,4,2,12,5,7,3,0,0.42,0.25,0.17,0.14,0.2,540,1,90,63,360,360,0.25,134,35,-1,9,0,6.92,0.18,94,36.56,25.44,48,407,19.75,316,25,28.38,44,0.00,0.00,1.00,16,0.00,3.75,0.90,0.62,10,0.00,1.50,0.00,0.00,0.00,0.38,1.06,0.00,9.50,1.71,0.44,2.56,0.00,0.75,0.19,0.00,0.56,0.00,0.00,0,0,,19,1.19,83,12,1.08,92,7,0.63,68,1,3,14,22,0.00,99,0,6,0.54,36,60,83,5.39,93,0,0.00,99,0,0.00,0,0,0.00,0,1.44,80,41,3.68,89,17,1.53,41.46,0,0.00,0,0,0,0.00,0,0,0.00,63,0.00,0,N/A,N/A,N/A,N/A,0.00,0,0.00,0,3.02,0.00,0,77.64,63.16,91,46,0.50,0.72,8,85,30,0,1,0,0.06,0.09,1,32,110.79,0.38,0.54,6,0,0.00,0.00,99,0.00,0,1,1,0.06,0.09,0,0.00,0.00,0.09,0.06,1,1,10.53,58,40,32,66,63,2.49,84,0.16,0.22,2.32,75,0.14,0.21,73,17,1.06,1.53,0.81,0.56,25,9,0.27,82,55,20,88,0,61,39,0,0.00,99,9,0.00,0.81,12.04,8.38,134,53,49,74,4.76,3.31,39.55,24,2.16,6,0,31.67,0,0.00,99,19,1.19,1.71,96,48,41,30,0,0,0,0,0,87,75,81,68,0,99,79,58,51,3,18,63,17,0,0
Bruno Uvini Bortolanca,34,675932400,1991/06/03,Serie A,2024,Defender,Vitória,428,248,180,Brazil,6,4,2,0,0,0,0,0,0,0,0,0,0,0,12,6,6,1,0,0,0,0,0,0,0,2.52,36,71,428,0,0.21,485,520,192,35,0,6.58,0,45,40.97,38.60,61,193,33.40,167,78,35.45,65,0.00,0.00,0.00,0,0.00,0.00,0.21,0.20,1,0.00,0.00,0.00,0.00,0.00,1.20,0.00,0.00,0.00,0.42,0.40,0.00,0.00,0.00,0.02,0.00,3.00,0.00,0.00,0,0,,2,0.40,27,0,0.00,15,2,0.42,50,1,1,5,8,0.00,99,0,6,1.27,81,0,30,0.00,14,0,0.00,99,0,0.00,0,0,0.00,0,0.00,8,0,0.00,7,0,0.00,0.00,0,0.00,0,0,0,0.00,0,0,0.00,0,0.00,0,N/A,N/A,N/A,N/A,0.00,0,0.00,0,0.11,0.00,0,86.53,0.00,15,99,0.00,0.00,0,10,10,0,0,0,0.80,0.85,4,93,32.92,3.40,3.61,17,0,0.00,0.00,99,0.00,0,0,0,0.00,0.00,0,0.00,0.00,0.00,0.00,0,0,0.00,42,4,3,40,0,0.41,27,0.08,0.09,0.11,19,0.02,0.02,9,1,0.20,0.21,0.42,0.40,10,2,0.02,19,12,85,67,0,41,97,0,0.00,99,15,0.00,3.18,4.67,4.40,22,17,20,8,3.61,3.40,77.27,0,0.00,99,0,0.00,0,0.00,99,0,0.00,0.00,30,11,22,30,0,0,0,0,0,26,40,59,54,0,99,2,67,42,1,17,60,25,0,0
Bruno Zapelli,23,1021618800,2002/05/17,Serie A,2024,Midfielder,Atlético PR,1405,695,710,Argentina,32,17,15,0,0,0,5,3,2,0,0,7,5,2,20,14,6,3,0,0.32,0.32,0,0,0,0,1.28,70,44,468,281,0.19,500,15,-1,21,0,6.99,0.16,98,42.09,20.45,64,593,16.52,479,40,34.00,60,0.00,0.00,1.48,43,0.00,2.90,2.06,1.00,29,0.00,1.14,0.00,0.00,0.00,0.31,0.79,0.00,0.00,1.49,0.34,1.55,0.00,0.38,0.07,0.00,0.14,0.00,0.00,0,0,,21,0.72,77,11,0.78,80,10,0.71,74,4,16,16,73,0.00,99,0,9,0.64,45,84,55,5.96,96,0,0.00,99,0,0.00,0,0,0.00,0,3.05,99,45,3.19,86,23,1.63,51.11,0,0.00,0,0,0,0.00,0,0,0.00,28,0.00,0,N/A,N/A,N/A,N/A,0.00,0,0.00,0,2.06,0.00,0,80.78,52.38,76,10,0.69,1.42,20,87,57,0,0,0,0.10,0.21,3,53,202.63,0.34,0.71,10,0,0.00,0.00,99,0.00,0,0,2,0.07,0.14,0,0.00,0.00,0.07,0.03,1,0,0.00,42,54,88,40,28,5.51,99,0.19,0.39,2.06,63,0.07,0.15,58,16,0.55,1.14,1.42,0.69,66,20,0.15,62,67,30,95,0,54,11,0,0.00,99,4,0.00,0.28,12.78,6.21,180,71,57,79,5.04,2.45,39.44,33,2.34,3,0,21.43,0,0.00,99,18,0.62,1.28,92,56,97,77,0,0,0,0,0,77,40,59,54,0,99,36,71,37,3,9,26,10,0,0
Caetano,26,930207600,1999/06/24,Serie A,2024,Defender,Corinthians,284,113,171,Brazil,5,2,3,0,0,0,0,0,0,0,0,0,0,0,6,3,3,2,1,0,0,0,0,0,0,1.9,47,57,142,0,0.63,305,394,185,29,0,6.68,0,45,38.98,24.60,55,123,23.00,115,99,36.44,67,0.00,0.00,0.20,1,0.00,0.00,1.58,1.00,5,0.00,0.00,0.00,0.00,0.00,0.60,0.00,0.00,0.00,0.00,0.00,0.00,0.00,0.00,0.00,0.00,0.20,0.00,0.00,0,0,,0,0.00,8,0,0.00,15,0,0.00,9,5,1,4,52,0.00,99,0,3,0.95,64,0,30,0.00,14,0,0.00,99,0,0.00,0,0,0.00,0,0.32,24,0,0.00,7,0,0.00,0.00,0,0.00,0,0,0,0.00,0,0,0.00,3,0.00,0,N/A,N/A,N/A,N/A,0.00,0,0.00,0,0.00,0.00,0,93.50,0.00,15,81,0.20,0.32,1,10,10,0,0,0,0.80,1.27,4,98,33.38,3.60,5.70,18,0,0.00,0.00,99,0.00,0,0,0,0.00,0.00,0,0.00,0.00,0.00,0.00,0,0,0.00,42,0,1,40,3,0.27,27,0.05,0.09,0.00,9,0.00,0.00,14,1,0.20,0.32,1.58,1.00,74,5,0.00,9,19,98,67,0,41,15,0,0.00,99,1,0.00,0.32,5.70,3.60,18,7,8,10,2.22,1.40,38.89,0,0.00,99,0,0.00,0,0.00,99,0,0.00,0.00,30,6,22,87,0,0,0,0,0,26,40,59,54,0,99,2,14,94,1,20,70,4,0,0
Caio Albado Barone,19,1146726000,2006/05/04,Serie A,2024,Midfielder,Flamengo,0,0,0,Brazil,0,0,0,0,0,0,0,0,0,0,0,0,0,0,0,0,0,0,0,0,0,0,0,0,0,0,0,0,0,0,0,-1,-1,-1,-1,N/A,N/A,N/A,N/A,N/A,N/A,N/A,N/A,N/A,N/A,N/A,N/A,N/A,N/A,N/A,N/A,N/A,N/A,N/A,N/A,N/A,N/A,N/A,N/A,N/A,N/A,N/A,N/A,N/A,N/A,N/A,N/A,N/A,N/A,N/A,N/A,N/A,N/A,N/A,N/A,N/A,N/A,N/A,N/A,N/A,N/A,N/A,N/A,N/A,N/A,N/A,N/A,N/A,N/A,N/A,N/A,N/A,N/A,N/A,N/A,N/A,N/A,N/A,N/A,N/A,N/A,N/A,N/A,N/A,N/A,N/A,N/A,N/A,N/A,N/A,N/A,N/A,N/A,N/A,N/A,N/A,N/A,N/A,N/A,N/A,N/A,N/A,N/A,N/A,N/A,N/A,N/A,N/A,N/A,N/A,N/A,N/A,N/A,N/A,N/A,N/A,N/A,N/A,N/A,N/A,N/A,N/A,N/A,N/A,N/A,N/A,N/A,N/A,N/A,N/A,N/A,N/A,N/A,N/A,N/A,N/A,N/A,N/A,N/A,N/A,N/A,N/A,N/A,N/A,N/A,N/A,N/A,N/A,N/A,N/A,N/A,N/A,N/A,N/A,N/A,N/A,N/A,N/A,N/A,N/A,N/A,N/A,N/A,N/A,N/A,N/A,N/A,N/A,N/A,N/A,N/A,N/A,N/A,N/A,N/A,N/A,N/A,N/A,N/A,N/A,N/A,N/A,N/A,N/A,N/A,N/A,N/A,N/A,N/A,N/A,N/A,N/A,N/A,N/A,N/A,N/A,N/A,N/A,N/A,N/A,N/A,N/A,N/A,N/A,N/A,N/A,N/A,N/A,N/A,N/A,N/A,N/A,N/A,N/A,N/A,N/A,N/A,N/A,N/A,N/A,N/A,N/A,N/A,N/A,N/A,N/A,N/A,N/A,N/A,N/A,N/A,N/A,N/A,N/A,N/A,N/A,N/A,N/A,N/A
Caio Alexandre	 Souza e Silva,26,919843200,1999/02/24,Serie A,2024,Midfielder,Bahia,2792,1571,1221,Brazil,36,19,17,2,1,1,0,0,0,0,0,10,9,1,38,12,26,6,0,0.06,0,0.06,0.06,0.07,1396,1.22,73,78,465,0,0.19,266,345,-1,11,0,6.97,0,45,72.41,63.36,99,2091,58.30,1924,99,66.63,99,0.00,0.00,0.85,28,0.00,0.67,2.08,1.82,60,0.00,0.76,0.00,0.00,0.00,0.24,0.39,0.00,7.50,0.52,0.33,0.73,0.00,0.12,0.07,0.00,0.21,0.00,0.00,0,0,,15,0.45,34,4,0.14,28,11,0.38,43,1,1,35,73,0.00,99,0,8,0.28,23,22,83,0.76,47,0,0.00,99,0,0.00,0,0,0.00,0,0.97,58,24,0.83,38,13,0.45,54.17,0,0.00,0,0,0,0.00,0,0,0.00,34,0.00,0,N/A,N/A,N/A,N/A,0.00,0,0.00,0,2.26,0.00,0,92.01,26.67,25,8,1.30,1.49,43,43,63,0,0,0,0.09,0.10,3,36,230.02,0.39,0.45,13,1,0.00,0.03,16,0.03,0,0,1,0.03,0.03,0,0.00,0.00,0.10,0.09,3,0,13.33,70,94,98,91,33,5.39,77,0.16,0.19,2.26,44,0.07,0.08,75,46,1.39,1.59,1.87,1.64,86,54,0.08,43,64,15,68,0,63,9,0,0.00,99,7,0.00,0.24,9.21,8.06,266,126,37,46,4.36,3.82,47.37,25,0.87,44,0,31.82,0,0.00,99,7,0.21,0.24,54,98,22,30,0,0,0,0,0,33,49,63,55,0,99,61,71,37,6,17,60,19,0,0
Caio da Silva Maia,20,1112342400,2005/04/01,Serie A,2024,Midfielder,Atlético Mineiro,24,5,19,Brazil,2,1,1,0,0,0,0,0,0,0,0,0,0,0,1,1,0,1,0,0,0,0,0,0,0,3.75,24,12,24,0,3.75,-1,-1,-1,34,0,6.51,0,45,33.75,4.50,39,9,3.50,7,26,26.25,37,0.00,0.00,0.00,0,0.00,0.50,0.00,0.00,0,0.00,0.00,0.00,0.00,0.00,0.00,0.50,0.00,0.00,3.75,0.00,0.50,0.00,0.50,0.07,0.00,0.50,0.00,0.00,0,0,,1,0.50,99,1,3.75,99,0,0.00,9,0,2,0,4,0.00,99,0,0,0.00,9,1,30,3.75,83,0,0.00,99,0,0.00,0,0,0.00,0,0.00,8,1,3.75,89,1,3.75,100.00,0,0.00,0,0,0,0.00,0,0,0.00,0,0.00,0,N/A,N/A,N/A,N/A,0.00,0,0.00,0,0.13,0.00,0,77.78,100.00,99,99,0.00,0.00,0,99,99,0,0,0,0.00,0.00,0,23,13.02,0.00,0.00,0,0,0.00,0.00,99,0.00,0,0,0,0.00,0.00,0,0.00,0.00,0.00,0.00,0,0,0.00,42,0,0,40,0,0.01,6,0.01,0.04,0.13,98,0.07,0.49,99,1,0.50,3.75,3.75,0.50,99,1,0.49,97,10,1,67,0,41,99,0,0.00,99,1,0.00,3.75,15.00,2.00,4,3,99,92,11.25,1.50,75.00,0,0.00,99,0,0.00,0,0.00,99,0,0.00,0.00,30,0,31,11,0,0,0,0,0,26,40,59,54,0,99,2,7,99,1,50,99,39,0,0
Caio Fernando de Oliveira,27,894870000,1998/05/11,Serie A,2024,Midfielder,Palmeiras,1199,673,526,Brazil,24,13,11,0,0,0,0,0,0,0,0,9,6,3,15,7,8,2,1,0,0,0,0,0,0,1.13,80,50,400,0,0.23,474,469,-1,24,0,6.79,0,45,46.32,27.91,75,614,24.09,530,76,39.98,77,0.00,0.00,0.50,11,0.00,2.23,2.11,1.27,28,0.00,0.45,0.00,0.00,0.00,0.45,0.95,0.00,0.00,0.53,0.14,1.86,0.00,0.18,0.03,0.00,0.50,0.00,0.00,0,0,,7,0.32,35,4,0.30,50,3,0.23,24,3,9,15,75,0.00,99,0,10,0.75,52,49,35,3.70,82,0,0.00,99,0,0.00,0,0,0.00,0,0.83,50,41,3.09,84,21,1.58,51.22,0,0.00,0,0,0,0.00,0,0,0.00,48,0.00,0,N/A,N/A,N/A,N/A,0.00,0,0.00,0,0.59,0.00,0,86.32,57.14,84,39,0.50,0.83,11,87,57,0,0,0,0.05,0.08,1,29,149.47,1.05,1.74,23,0,0.00,0.00,99,0.00,0,0,0,0.00,0.00,0,0.00,0.00,0.30,0.18,4,0,0.00,42,45,58,40,48,1.37,33,0.06,0.10,0.59,30,0.03,0.04,54,14,0.64,1.06,1.06,0.64,40,14,0.04,29,32,64,67,0,85,40,0,0.00,99,11,0.00,0.83,10.34,6.23,137,74,67,59,5.58,3.36,54.01,10,0.75,53,0,12.24,0,0.00,99,6,0.27,0.45,64,51,78,63,0,0,0,0,0,26,40,59,54,0,99,85,64,48,1,4,10,16,0,0
Caio Vinícius da Conceição,26,916041600,1999/01/11,Serie A,2024,Midfielder,Vitória,601,308,293,Brazil,11,5,6,0,0,0,0,0,0,0,0,2,0,2,10,6,4,6,0,0,0,0,0,0,0,1.5,60,55,100,0,0.9,483,524,-1,33,0,6.06,0,45,49.27,29.91,81,329,26.73,294,93,44.03,84,0.00,0.00,0.00,0,0.00,0.27,2.40,1.45,16,0.00,0.09,0.00,0.00,0.00,0.45,0.27,0.00,0.00,0.30,0.18,0.27,0.00,0.00,0.01,0.00,1.18,0.00,0.00,0,0,,2,0.18,20,0,0.00,15,2,0.30,34,1,3,8,83,0.00,99,0,5,0.75,52,3,86,0.45,36,0,0.00,99,0,0.00,0,0,0.00,0,0.00,8,3,0.45,25,3,0.45,100.00,0,0.00,0,0,0,0.00,0,0,0.00,12,0.00,0,N/A,N/A,N/A,N/A,0.00,0,0.00,0,0.10,0.00,0,89.36,0.00,15,57,0.36,0.60,4,43,99,0,0,0,0.18,0.30,2,64,66.65,2.36,3.89,26,0,0.00,0.00,99,0.00,0,0,0,0.00,0.00,0,0.00,0.00,0.00,0.00,0,0,0.00,42,14,11,40,13,0.58,27,0.05,0.09,0.10,13,0.01,0.01,53,7,0.64,1.05,1.20,0.73,51,8,0.01,13,2,87,67,0,41,76,0,0.00,99,13,0.00,1.95,8.99,5.45,60,38,70,41,5.69,3.45,63.33,1,0.15,81,0,33.33,0,0.00,99,1,0.09,0.15,47,24,41,30,0,0,0,0,0,26,40,59,54,0,99,23,8,99,6,55,99,15,0,0
Caio Vinicius Garcia Guilhen,21,1080979200,2004/04/03,Serie A,2024,Midfielder,Flamengo,0,0,0,Brazil,0,0,0,0,0,0,0,0,0,0,0,0,0,0,0,0,0,0,0,0,0,0,0,0,0,0,0,0,0,0,0,-1,-1,-1,-1,N/A,N/A,N/A,N/A,N/A,N/A,N/A,N/A,N/A,N/A,N/A,N/A,N/A,N/A,N/A,N/A,N/A,N/A,N/A,N/A,N/A,N/A,N/A,N/A,N/A,N/A,N/A,N/A,N/A,N/A,N/A,N/A,N/A,N/A,N/A,N/A,N/A,N/A,N/A,N/A,N/A,N/A,N/A,N/A,N/A,N/A,N/A,N/A,N/A,N/A,N/A,N/A,N/A,N/A,N/A,N/A,N/A,N/A,N/A,N/A,N/A,N/A,N/A,N/A,N/A,N/A,N/A,N/A,N/A,N/A,N/A,N/A,N/A,N/A,N/A,N/A,N/A,N/A,N/A,N/A,N/A,N/A,N/A,N/A,N/A,N/A,N/A,N/A,N/A,N/A,N/A,N/A,N/A,N/A,N/A,N/A,N/A,N/A,N/A,N/A,N/A,N/A,N/A,N/A,N/A,N/A,N/A,N/A,N/A,N/A,N/A,N/A,N/A,N/A,N/A,N/A,N/A,N/A,N/A,N/A,N/A,N/A,N/A,N/A,N/A,N/A,N/A,N/A,N/A,N/A,N/A,N/A,N/A,N/A,N/A,N/A,N/A,N/A,N/A,N/A,N/A,N/A,N/A,N/A,N/A,N/A,N/A,N/A,N/A,N/A,N/A,N/A,N/A,N/A,N/A,N/A,N/A,N/A,N/A,N/A,N/A,N/A,N/A,N/A,N/A,N/A,N/A,N/A,N/A,N/A,N/A,N/A,N/A,N/A,N/A,N/A,N/A,N/A,N/A,N/A,N/A,N/A,N/A,N/A,N/A,N/A,N/A,N/A,N/A,N/A,N/A,N/A,N/A,N/A,N/A,N/A,N/A,N/A,N/A,N/A,N/A,N/A,N/A,N/A,N/A,N/A,N/A,N/A,N/A,N/A,N/A,N/A,N/A,N/A,N/A,N/A,N/A,N/A,N/A,N/A,N/A,N/A,N/A,N/A
Caique de Jesus Gonçalves,30,813308400,1995/10/10,Serie A,2024,Midfielder,Juventude,1428,846,582,Brazil,17,10,7,0,0,0,0,0,0,0,0,5,5,0,20,4,16,4,0,0,0,0,0,0,0,1.26,71,84,357,0,0.25,405,308,-1,33,0,7.11,0,45,52.47,48.75,86,780,44.19,707,95,47.56,89,0.00,0.00,0.38,6,0.00,0.12,2.89,2.69,43,0.00,0.44,0.00,0.00,0.00,1.19,0.62,0.00,0.00,0.07,0.06,0.88,0.00,0.00,0.00,0.00,0.75,0.00,0.00,0,0,,1,0.06,9,0,0.00,15,1,0.07,10,3,0,17,93,0.00,99,0,19,1.28,82,2,96,0.13,22,0,0.00,99,0,0.00,0,0,0.00,0,0.40,29,14,0.94,43,10,0.67,71.43,0,0.00,0,0,0,0.00,0,0,0.00,30,0.00,0,N/A,N/A,N/A,N/A,0.00,0,0.00,0,0.05,0.00,0,90.64,0.00,15,40,0.75,0.81,12,57,86,0,0,0,0.38,0.40,6,74,113.80,1.75,1.88,28,1,0.00,0.07,8,0.06,0,0,0,0.00,0.00,0,0.00,0.00,0.00,0.00,0,0,0.00,42,55,32,40,30,1.96,51,0.12,0.13,0.05,9,0.00,0.00,80,26,1.62,1.75,1.14,1.06,46,17,0.00,9,83,68,67,0,41,39,0,0.00,99,12,0.00,0.81,9.62,8.94,143,91,79,50,6.12,5.69,63.64,7,0.47,66,0,50.00,0,0.00,99,1,0.06,0.07,38,60,14,63,0,0,0,0,0,26,40,59,54,0,99,61,57,51,4,24,82,95,0,0
Caíque Luiz Santos da Purificação,28,870332400,1997/07/31,Serie A,2024,Goalkeeper,Grêmio,488,354,134,Brazil,6,4,2,0,0,0,0,0,0,0,0,0,0,0,9,7,2,1,0,0,0,0,0,0,0,1.66,54,81,488,0,0.18,316,480,182,26,0,6.79,0,45,19.92,18.00,11,108,9.00,54,0,9.96,1,0.00,0.00,0.00,0,0.00,0.00,0.00,0.00,0,0.00,0.00,0.00,0.00,3.00,0.00,0.00,4.50,0.00,0.00,0.00,0.00,0.00,0.00,0.00,0.00,0.17,0.00,0.00,0,0,,0,0.00,8,0,0.00,15,0,0.00,9,1,1,5,4,0.00,99,0,0,0.00,9,0,30,0.00,14,0,0.00,99,0,0.00,0,0,0.00,0,0.00,8,0,0.00,7,0,0.00,0.00,0,0.00,0,18,9,3.32,50,27,0.00,7,4.98,71,N/A,N/A,N/A,N/A,66.67,0,0.00,0,0.00,0.00,0,50.00,0.00,15,99,0.00,0.00,0,10,10,0,0,5,0.00,0.00,0,23,40.73,0.33,0.37,2,0,0.00,0.00,99,0.00,0,0,0,0.00,0.00,1,0.17,0.18,0.00,0.00,0,0,0.00,42,8,3,40,7,0.12,0,0.02,0.02,0.00,9,0.00,0.00,2,0,0.00,0.00,0.00,0.00,5,0,0.00,9,32,11,67,3,41,5,0,0.00,99,1,0.00,0.18,0.18,0.17,1,1,1,1,0.18,0.17,100.00,0,0.00,99,0,0.00,0,0.00,99,0,0.00,0.00,30,11,22,30,0,0,0,0,0,26,40,59,54,0,99,2,73,34,1,17,60,97,0,0
Carlos Alberto Gomes da Silva Filho,23,1018767600,2002/04/14,Serie A,2024,Forward,Botafogo,209,-2,211,Brazil,7,2,5,1,0,1,0,0,0,0,0,2,0,2,4,0,4,0,0,0.43,0,0.43,0,0.43,209,1.72,52,30,0,0,0,-1,-1,-1,13,0,6.73,0,45,8.61,2.86,0,20,2.43,17,67,7.32,0,0.00,0.00,0.29,2,0.00,0.29,1.29,0.43,3,0.00,0.00,0.00,0.00,0.00,0.00,0.57,0.00,6.00,2.58,0.43,0.86,0.00,0.43,0.16,0.00,0.43,0.00,0.00,0,0,,6,0.86,97,3,1.29,96,3,1.29,97,2,5,2,39,0.00,99,0,0,0.00,9,2,30,0.86,49,0,0.00,99,0,0.00,0,0,0.00,0,0.86,52,6,2.58,81,4,1.72,66.67,0,0.00,0,0,0,0.00,0,0,0.00,5,0.00,0,N/A,N/A,N/A,N/A,0.00,0,0.00,0,1.10,0.00,0,85.00,50.00,74,72,0.14,0.43,1,89,83,0,0,0,0.14,0.43,1,76,47.13,0.29,0.86,2,0,0.00,0.00,99,0.00,0,0,0,0.00,0.00,0,0.00,0.00,0.00,0.00,0,0,16.67,80,0,4,44,5,0.10,6,0.01,0.04,1.10,97,0.16,0.47,43,2,0.29,0.86,1.29,0.43,58,3,0.47,96,23,39,67,0,41,59,0,0.00,99,3,0.00,1.29,9.47,3.14,22,12,60,49,5.17,1.71,54.55,0,0.00,99,0,0.00,0,0.00,99,0,0.00,0.00,30,1,57,46,0,0,0,0,0,88,96,95,54,0,99,61,7,7,0,0,7,27,0,0
Carlos de Menezes Júnior,26,925023600,1999/04/25,Serie A,2024,Defender,Corinthians,2301,1170,1131,Brazil,26,13,13,6,4,2,1,0,1,0,0,7,3,4,28,14,14,6,1,0.27,0.04,0.23,0.31,0.16,384,1.1,82,89,329,2301,0.27,94,254,100,4,0,7.09,0.04,50,45.19,44.38,72,1065,39.04,937,85,39.76,76,0.00,0.00,0.25,6,0.00,0.04,0.93,0.92,22,0.00,0.21,0.00,0.00,0.00,0.54,0.04,0.00,4.00,0.68,0.42,0.08,0.00,0.25,0.15,0.00,2.50,0.00,0.00,0,0,,16,0.67,46,6,0.25,43,10,0.42,50,1,0,26,24,0.00,99,0,13,0.55,37,1,99,0.04,15,0,0.00,99,0,0.00,0,0,0.00,0,0.25,21,2,0.08,11,1,0.04,50.00,0,0.00,0,0,0,0.00,0,0,0.00,52,0.00,0,N/A,N/A,N/A,N/A,0.00,0,0.00,0,3.64,0.00,0,87.98,37.50,45,89,0.21,0.21,5,12,57,0,0,0,1.38,1.40,33,99,170.09,4.08,4.16,98,1,0.00,0.04,15,0.04,0,0,0,0.00,0.00,0,0.00,0.00,0.00,0.00,0,0,25.00,93,83,65,57,53,2.65,39,0.11,0.11,3.64,63,0.15,0.15,21,10,0.42,0.42,1.06,1.04,40,25,0.15,62,81,88,67,0,41,88,0,0.00,99,60,0.00,2.55,7.09,6.96,167,93,27,21,3.95,3.88,55.69,5,0.21,77,0,100.00,0,0.00,99,1,0.04,0.04,33,83,14,30,0,0,0,0,0,71,83,77,85,0,99,55,51,57,5,19,66,25,0,0
Carlos de Pena,33,700300800,1992/03/11,Serie A,2024,Midfielder,Bahia,701,367,334,Uruguay,31,15,16,0,0,0,3,1,2,0,0,7,6,1,6,2,4,6,0,0.39,0.39,0,0,0,0,0.77,117,23,117,234,0.77,486,8,-1,22,0,6.83,0.1,99,72.70,16.81,99,454,13.19,356,30,57.01,98,0.00,0.00,0.63,17,0.00,2.04,1.76,0.41,11,0.00,0.15,0.00,0.00,0.00,0.44,0.22,0.00,0.00,1.28,0.22,0.37,0.00,0.07,0.02,0.00,0.26,0.00,0.00,0,0,,8,0.30,70,2,0.32,51,6,0.96,87,1,27,4,60,0.00,99,0,12,1.92,98,55,67,8.81,99,0,0.00,99,0,0.00,0,0,0.00,0,2.72,97,10,1.60,66,6,0.96,60.00,0,0.00,0,0,0,0.00,0,0,0.00,86,0.00,0,N/A,N/A,N/A,N/A,0.00,0,0.00,0,0.59,0.00,0,78.41,25.00,24,29,0.22,0.96,6,73,76,0,0,0,0.11,0.48,3,78,184.54,0.52,2.24,14,0,0.00,0.00,99,0.00,0,0,0,0.00,0.00,0,0.00,0.00,0.00,0.00,0,0,0.00,42,20,83,40,86,3.12,99,0.12,0.50,0.59,49,0.02,0.09,50,6,0.22,0.96,1.12,0.26,44,7,0.09,49,41,73,67,0,41,52,0,0.00,99,7,0.00,1.12,8.49,1.96,53,30,50,35,4.80,1.11,56.60,4,0.64,59,0,25.45,0,0.00,99,14,0.52,2.24,99,6,99,30,0,0,0,0,0,84,40,59,54,0,99,39,11,97,5,16,54,14,0,0
Carlos Eduardo Amaral Pereira de Castro,21,1085382000,2004/05/24,Serie A,2024,Midfielder,Atlético Mineiro,1016,512,504,Brazil,20,10,10,3,1,2,0,0,0,0,0,2,1,1,20,10,10,1,0,0.27,0,0.27,0.18,0.36,339,1.77,51,51,1016,0,0.09,67,451,-1,6,0,6.49,0,45,20.51,11.72,12,211,9.61,173,48,16.81,16,0.00,0.00,0.33,6,0.00,0.33,2.62,1.50,27,0.00,0.61,0.00,0.00,0.00,0.33,0.50,0.00,3.67,1.07,0.22,0.67,0.00,0.39,0.16,0.00,0.94,0.00,0.00,0,0,,11,0.61,62,7,0.68,75,4,0.39,46,2,8,12,88,0.00,99,0,6,0.58,41,6,45,0.58,42,0,0.00,99,0,0.00,0,0,0.00,0,0.58,37,12,1.17,50,9,0.87,75.00,0,0.00,0,0,0,0.00,0,0,0.00,5,0.00,0,N/A,N/A,N/A,N/A,0.00,0,0.00,0,2.86,0.00,0,81.99,63.64,92,75,0.22,0.39,4,69,90,0,0,0,0.06,0.10,1,36,116.89,0.44,0.78,8,0,0.00,0.00,99,0.00,0,0,2,0.11,0.19,0,0.00,0.00,0.19,0.11,2,0,27.27,95,36,43,54,5,0.57,13,0.03,0.06,2.86,85,0.16,0.28,88,22,1.22,2.14,2.43,1.39,96,25,0.28,83,10,33,98,0,77,69,0,0.00,99,17,0.00,1.65,13.70,7.83,141,75,93,84,7.29,4.17,53.19,11,1.07,36,0,16.67,0,0.00,99,1,0.06,0.10,44,41,73,46,0,0,0,0,0,71,88,92,74,0,99,5,95,14,1,5,13,42,0,0
Carlos Eduardo de Oliveira Alves,36,624610800,1989/10/17,Serie A,2024,Midfielder,Botafogo,816,351,465,Brazil,17,7,10,2,2,0,1,0,1,0,1,7,2,5,5,3,2,1,0,0.33,0.11,0.22,0.51,0,408,0.55,163,48,816,816,0.11,105,163,-1,12,0,6.85,0.06,70,35.34,17.93,45,269,15.27,229,68,30.09,49,0.00,0.00,0.67,10,0.00,0.53,0.66,0.33,5,0.00,0.27,0.00,0.00,0.00,0.60,0.20,0.00,4.00,1.05,0.27,0.33,0.00,0.27,0.12,0.00,0.60,0.00,0.00,0,0,,8,0.53,61,4,0.53,67,4,0.53,60,6,9,8,15,0.00,99,0,9,1.18,76,8,66,1.05,52,0,0.00,99,0,0.00,0,0,0.00,0,1.31,74,5,0.66,33,3,0.39,60.00,0,0.00,0,0,0,0.00,0,0,0.00,97,0.00,0,N/A,N/A,N/A,N/A,0.00,0,0.00,0,1.86,0.00,0,85.13,50.00,74,50,0.33,0.66,5,38,76,0,0,0,0.07,0.13,1,41,102.78,0.27,0.53,4,0,0.00,0.00,99,0.00,0,0,0,0.00,0.00,0,0.00,0.00,0.13,0.07,1,0,25.00,93,26,32,59,97,1.46,77,0.10,0.19,1.86,80,0.12,0.24,53,8,0.53,1.05,1.45,0.73,68,11,0.24,78,44,19,67,0,69,55,0,0.00,99,9,0.00,1.18,8.15,4.13,62,25,14,32,3.28,1.67,40.32,4,0.53,64,0,25.00,0,0.00,99,2,0.13,0.26,56,24,78,93,0,1,0,6,0,78,82,59,95,0,99,89,91,17,1,6,15,33,0,0
Carlos Eduardo De Souza Vieira,31,761731200,1994/02/20,Serie A,2024,Midfielder,Juventude,269,80,189,Brazil,5,2,3,0,0,0,0,0,0,0,0,0,0,0,5,3,2,1,0,0,0,0,0,0,0,1.67,54,54,269,0,0.33,-1,-1,-1,23,0,6.79,0,45,28.44,17.00,28,85,13.00,65,20,21.75,26,0.00,0.00,0.00,0,0.00,0.00,1.34,0.80,4,0.00,0.80,0.00,0.00,0.00,0.80,0.40,0.00,0.00,0.33,0.00,0.60,0.00,0.20,0.02,0.00,1.00,0.00,0.00,0,0,,1,0.20,20,1,0.33,52,0,0.00,9,3,2,3,41,0.00,99,0,4,1.34,84,0,30,0.00,14,0,0.00,99,0,0.00,0,0,0.00,0,0.00,8,3,1.00,45,2,0.67,66.67,0,0.00,0,0,0,0.00,0,0,0.00,6,0.00,0,N/A,N/A,N/A,N/A,0.00,0,0.00,0,0.11,0.00,0,76.47,100.00,99,81,0.20,0.33,1,57,83,0,0,0,0.60,1.00,3,96,33.94,0.60,1.00,3,0,0.00,0.00,99,0.00,0,0,0,0.00,0.00,0,0.00,0.00,0.00,0.00,0,0,0.00,42,0,1,40,7,0.14,10,0.03,0.05,0.11,30,0.02,0.04,51,3,0.60,1.00,1.34,0.80,60,4,0.04,29,32,45,67,0,41,70,0,0.00,99,5,0.00,1.67,9.03,5.40,27,14,47,41,4.68,2.80,51.85,4,1.34,23,0,0.00,0,0.00,99,0,0.00,0.00,30,2,31,63,0,0,0,0,0,26,40,59,54,0,99,2,38,70,1,20,70,30,0,0
Carlos Eduardo Ferreira de Souza,29,844930800,1996/10/10,Serie A,2024,Midfielder,Vitória,867,339,528,Brazil,17,8,9,0,0,0,2,1,1,0,0,5,3,2,11,4,7,4,0,0.21,0.21,0,0,0,0,1.14,79,51,217,434,0.42,358,61,-1,41,0,6.83,0.12,90,18.89,10.71,9,182,7.88,134,13,13.91,10,0.00,0.00,0.53,9,0.00,1.06,2.08,1.18,20,0.00,0.88,0.00,0.00,0.00,0.47,0.76,0.00,0.00,1.87,0.65,1.71,0.00,0.41,0.09,0.00,1.06,0.00,0.00,0,0,,18,1.06,87,7,0.73,78,11,1.14,93,3,9,8,73,0.00,99,0,8,0.83,57,18,35,1.87,62,0,0.00,99,0,0.00,0,0,0.00,0,0.93,57,29,3.01,84,13,1.35,44.83,0,0.00,0,0,0,0.00,0,0,0.00,46,0.00,0,N/A,N/A,N/A,N/A,0.00,0,0.00,0,1.50,0.00,0,73.63,38.89,47,21,0.65,1.14,11,84,40,0,0,0,0.06,0.10,1,36,116.09,0.94,1.66,16,1,0.00,0.10,4,0.06,0,0,0,0.00,0.00,0,0.00,0.00,0.73,0.41,7,1,0.00,42,28,32,40,46,1.77,73,0.10,0.18,1.50,66,0.09,0.16,89,21,1.24,2.18,1.66,0.94,77,16,0.16,64,41,62,67,0,97,74,0,0.00,99,18,0.00,1.87,15.78,8.94,152,72,96,95,7.47,4.24,47.37,15,1.56,17,0,11.11,0,0.00,99,2,0.12,0.21,53,24,78,63,0,0,0,0,0,65,40,59,54,0,99,61,26,83,4,24,82,96,0,0
Carlos Jonas Alcaraz,22,1038643200,2002/11/30,Serie A,2024,Midfielder,Flamengo,753,285,468,Argentina,14,6,8,1,0,1,1,0,1,1,0,6,2,4,7,3,4,2,1,0.24,0.12,0.12,0,0.19,753,0.84,108,54,251,753,0.36,180,153,-1,18,0,6.91,0.07,72,45.70,27.69,73,360,23.08,300,58,38.08,71,0.00,0.00,1.23,16,0.00,2.31,2.03,1.23,16,0.00,1.15,0.00,0.00,0.00,0.46,0.92,0.00,8.00,2.03,0.62,2.23,0.00,0.62,0.20,0.00,0.54,0.00,0.00,0,0,,16,1.23,91,8,1.02,90,8,1.02,89,3,6,8,71,0.00,99,0,6,0.76,53,30,86,3.81,84,0,0.00,99,0,0.00,0,0,0.00,0,2.03,91,29,3.68,89,12,1.52,41.38,0,0.00,0,0,0,0.00,0,0,0.00,82,0.00,0,N/A,N/A,N/A,N/A,0.00,0,0.00,0,2.63,0.00,0,83.33,50.00,74,11,0.85,1.40,11,85,30,2,0,0,0.15,0.25,2,58,89.89,0.23,0.38,3,0,0.00,0.00,99,0.00,0,2,2,0.15,0.25,0,0.00,0.00,0.13,0.08,1,0,12.50,68,22,20,75,82,1.74,84,0.13,0.22,1.23,66,0.09,0.16,51,8,0.62,1.02,1.52,0.92,72,12,0.33,88,54,11,99,0,69,43,0,0.00,99,7,0.00,0.89,13.07,7.92,103,43,66,81,5.46,3.31,41.75,15,1.90,10,0,33.33,0,0.00,99,10,0.77,1.27,92,24,63,63,0,0,0,0,0,68,66,81,54,0,99,91,34,75,1,7,17,37,0,0
Carlos Miguel dos Santos Pereira,27,907916400,1998/10/09,Serie A,2024,Goalkeeper,Corinthians,540,360,180,Brazil,6,4,2,0,0,0,0,0,0,0,0,2,2,0,6,3,3,3,0,0,0,0,0,0,0,1,90,90,180,0,0.5,406,424,73,36,0,7.50,0,45,26.50,26.50,23,159,20.33,122,21,20.33,23,0.00,0.00,0.17,1,0.00,0.00,0.00,0.00,0,0.00,0.00,0.00,0.00,4.17,0.00,0.00,5.33,0.00,0.00,0.00,0.00,0.00,0.00,0.00,0.00,0.17,0.00,0.00,0,0,,0,0.00,8,0,0.00,15,0,0.00,9,0,0,6,4,0.00,99,0,0,0.00,9,0,30,0.00,14,0,0.00,99,0,0.00,0,0,0.00,0,0.17,16,0,0.00,7,0,0.00,0.00,0,0.00,0,25,79,4.17,94,32,0.00,63,5.33,85,N/A,N/A,N/A,N/A,78.12,0,0.00,0,0.00,0.00,0,76.73,0.00,15,99,0.00,0.00,0,10,10,0,0,15,0.00,0.00,0,23,45.00,0.83,0.83,5,0,0.00,0.00,99,0.00,0,0,0,0.00,0.00,3,0.50,0.50,0.00,0.00,0,0,0.00,42,13,3,40,63,0.29,10,0.05,0.05,0.00,9,0.00,0.00,7,1,0.17,0.17,0.00,0.00,5,0,0.00,9,98,37,67,64,41,5,0,0.00,99,1,0.00,0.17,0.33,0.33,2,2,3,2,0.33,0.33,100.00,0,0.00,99,0,0.00,0,0.00,99,0,0.00,0.00,30,14,14,11,0,0,0,0,0,26,40,59,54,0,99,76,20,88,2,33,95,22,0,0
Carlos Moises de Lima,28,855734400,1997/02/12,Serie A,2024,Forward,Flamengo,420,54,366,Brazil,13,4,9,2,0,2,0,0,0,0,0,2,1,1,9,1,8,3,1,0.43,0,0.43,0,0.49,210,1.93,47,32,105,0,0.86,24,408,-1,11,0,6.63,0,45,14.88,6.30,1,63,3.70,37,1,8.74,0,0.00,0.00,0.30,3,0.00,0.00,1.18,0.50,5,0.00,0.50,0.00,0.00,0.00,0.00,0.30,0.00,5.00,2.36,0.50,0.50,0.00,0.50,0.21,0.00,1.10,0.00,0.00,0,0,,10,1.00,96,5,1.18,95,5,1.18,95,2,8,5,34,0.00,99,0,0,0.00,9,0,30,0.00,14,0,0.00,99,0,0.00,0,0,0.00,0,0.71,43,5,1.18,51,3,0.71,60.00,0,0.00,0,0,0,0.00,0,0,0.00,3,0.00,0,N/A,N/A,N/A,N/A,0.00,0,0.00,0,2.06,0.00,0,58.73,50.00,74,69,0.20,0.47,2,61,76,0,0,0,0.00,0.00,0,23,66.27,0.50,1.18,5,0,0.00,0.00,99,0.00,0,0,0,0.00,0.00,0,0.00,0.00,0.71,0.30,3,0,20.00,87,3,18,44,3,0.22,10,0.02,0.05,2.06,98,0.21,0.49,35,3,0.30,0.71,1.89,0.80,87,8,0.49,97,14,50,67,0,97,90,0,0.00,99,11,0.00,2.60,12.52,5.30,53,22,60,78,5.20,2.20,41.51,5,1.18,30,0,0.00,0,0.00,99,0,0.00,0.00,30,11,73,46,0,0,0,0,0,88,96,96,54,0,99,14,9,99,2,15,51,22,0,0
Cássio,38,549961200,1987/06/06,Serie A,2024,Goalkeeper,Cruzeiro,2160,1260,900,Brazil,24,14,10,0,0,0,0,0,0,0,0,7,4,3,19,10,9,2,0,0,0,0,0,0,0,0.79,114,90,1080,0,0.08,382,500,28,30,0,7.37,0,45,22.35,22.35,16,514,18.26,420,45,18.26,20,0.00,0.00,0.04,1,0.00,0.00,0.00,0.00,0,0.00,0.09,0.00,0.00,3.87,0.04,0.00,4.78,0.00,0.00,0.00,0.04,0.00,0.00,0.00,0.00,0.30,0.00,0.00,0,0,,0,0.00,8,0,0.00,15,0,0.00,9,0,0,24,4,0.00,99,0,1,0.04,10,0,30,0.00,14,0,0.00,99,0,0.00,0,0,0.00,0,0.04,9,1,0.04,9,0,0.00,0.00,0,0.00,0,89,97,3.87,82,110,0.00,85,4.78,59,N/A,N/A,N/A,N/A,80.91,0,0.00,0,0.00,0.00,0,81.71,0.00,15,99,0.00,0.00,0,10,10,0,0,51,0.00,0.00,0,23,169.49,0.78,0.78,18,0,0.00,0.00,99,0.00,0,0,0,0.00,0.00,14,0.61,0.61,0.00,0.00,0,0,0.00,42,78,58,40,85,0.84,6,0.04,0.04,0.00,9,0.00,0.00,7,4,0.17,0.17,0.00,0.00,5,0,0.00,9,97,33,67,76,41,13,0,0.00,99,7,0.00,0.30,0.57,0.57,13,9,3,5,0.39,0.39,69.23,2,0.09,86,0,0.00,0,0.00,99,0,0.00,0.00,30,76,14,11,0,0,0,0,0,26,40,59,54,0,99,61,96,12,2,8,21,12,0,0
Cauã Pereira da Rocha,20,1102924800,2004/12/13,Serie A,2024,Midfielder,Juventude,0,0,0,Brazil,0,0,0,0,0,0,0,0,0,0,0,0,0,0,0,0,0,0,0,0,0,0,0,0,0,0,0,0,0,0,0,-1,-1,-1,-1,N/A,N/A,N/A,N/A,N/A,N/A,N/A,N/A,N/A,N/A,N/A,N/A,N/A,N/A,N/A,N/A,N/A,N/A,N/A,N/A,N/A,N/A,N/A,N/A,N/A,N/A,N/A,N/A,N/A,N/A,N/A,N/A,N/A,N/A,N/A,N/A,N/A,N/A,N/A,N/A,N/A,N/A,N/A,N/A,N/A,N/A,N/A,N/A,N/A,N/A,N/A,N/A,N/A,N/A,N/A,N/A,N/A,N/A,N/A,N/A,N/A,N/A,N/A,N/A,N/A,N/A,N/A,N/A,N/A,N/A,N/A,N/A,N/A,N/A,N/A,N/A,N/A,N/A,N/A,N/A,N/A,N/A,N/A,N/A,N/A,N/A,N/A,N/A,N/A,N/A,N/A,N/A,N/A,N/A,N/A,N/A,N/A,N/A,N/A,N/A,N/A,N/A,N/A,N/A,N/A,N/A,N/A,N/A,N/A,N/A,N/A,N/A,N/A,N/A,N/A,N/A,N/A,N/A,N/A,N/A,N/A,N/A,N/A,N/A,N/A,N/A,N/A,N/A,N/A,N/A,N/A,N/A,N/A,N/A,N/A,N/A,N/A,N/A,N/A,N/A,N/A,N/A,N/A,N/A,N/A,N/A,N/A,N/A,N/A,N/A,N/A,N/A,N/A,N/A,N/A,N/A,N/A,N/A,N/A,N/A,N/A,N/A,N/A,N/A,N/A,N/A,N/A,N/A,N/A,N/A,N/A,N/A,N/A,N/A,N/A,N/A,N/A,N/A,N/A,N/A,N/A,N/A,N/A,N/A,N/A,N/A,N/A,N/A,N/A,N/A,N/A,N/A,N/A,N/A,N/A,N/A,N/A,N/A,N/A,N/A,N/A,N/A,N/A,N/A,N/A,N/A,N/A,N/A,N/A,N/A,N/A,N/A,N/A,N/A,N/A,N/A,N/A,N/A,N/A,N/A,N/A,N/A,N/A,N/A
Cauly Oliveira Souza,30,811148400,1995/09/15,Serie A,2024,Midfielder,Bahia,2704,1323,1381,Brazil,38,19,19,4,3,1,6,3,3,0,0,10,9,1,37,10,27,1,0,0.33,0.2,0.13,0.2,0.07,676,1.23,73,71,2704,451,0.03,174,69,-1,5,0,6.93,0.16,89,36.47,27.57,48,579,23.14,486,60,30.61,51,0.00,0.00,1.67,35,0.00,2.10,0.63,0.48,10,0.00,1.00,0.00,0.00,0.00,0.19,1.10,0.00,8.50,1.07,0.48,2.19,0.00,0.33,0.13,0.00,0.14,0.00,0.00,0,0,,17,0.81,62,7,0.44,61,10,0.63,68,3,4,34,14,0.00,99,0,4,0.25,21,44,86,2.77,73,0,0.00,99,0,0.00,0,0,0.00,0,2.20,94,46,2.90,83,23,1.45,50.00,0,0.00,0,0,0,0.00,0,0,0.00,32,0.00,0,N/A,N/A,N/A,N/A,0.00,0,0.00,0,2.67,0.00,0,83.94,41.18,52,59,0.43,0.57,9,85,57,0,0,0,0.00,0.00,0,23,145.48,0.19,0.25,4,0,0.00,0.00,99,0.00,0,0,0,0.00,0.00,0,0.00,0.00,0.13,0.10,2,0,11.76,62,93,99,72,33,4.14,92,0.20,0.26,2.67,69,0.13,0.17,34,11,0.52,0.69,0.82,0.62,26,13,0.17,66,57,7,67,0,69,6,0,0.00,99,3,0.00,0.19,7.62,5.76,121,47,11,26,2.96,2.24,38.84,21,1.32,24,0,34.09,0,0.00,99,15,0.71,0.94,84,97,50,63,0,0,0,0,0,78,68,63,76,0,99,51,99,8,1,3,8,8,0,0
Charles Aránguiz,36,608799600,1989/04/17,Serie A,2024,Midfielder,Internacional,285,99,186,Chile,7,3,4,0,0,0,0,0,0,0,0,4,2,2,2,0,2,2,0,0,0,0,0,0,0,0.63,143,41,143,0,0.63,362,283,-1,27,0,6.62,0,45,49.58,22.43,81,157,18.00,126,37,39.79,76,0.00,0.00,0.43,3,0.00,0.14,1.58,0.71,5,0.00,0.14,0.00,0.00,0.00,0.14,0.14,0.00,0.00,0.95,0.14,0.43,0.00,0.29,0.05,0.00,0.14,0.00,0.00,0,0,,3,0.43,58,2,0.63,72,1,0.32,36,1,5,2,52,0.00,99,0,1,0.32,25,1,30,0.32,32,0,0.00,99,0,0.00,0,0,0.00,0,0.95,58,3,0.95,43,1,0.32,33.33,0,0.00,0,0,0,0.00,0,0,0.00,94,0.00,0,N/A,N/A,N/A,N/A,0.00,0,0.00,0,0.36,0.00,0,80.25,66.67,95,1,1.00,2.21,7,32,20,0,0,0,0.14,0.32,1,65,46.32,0.43,0.95,3,0,0.00,0.00,99,0.00,0,0,1,0.14,0.32,0,0.00,0.00,0.00,0.00,0,0,0.00,42,0,4,40,94,0.40,51,0.06,0.13,0.36,55,0.05,0.11,49,3,0.43,0.95,3.79,1.71,99,12,0.11,53,14,42,99,0,41,15,0,0.00,99,1,0.00,0.32,11.68,5.29,37,10,12,71,3.16,1.43,27.03,1,0.32,73,0,0.00,0,0.00,99,0,0.00,0.00,30,1,57,30,0,0,0,0,0,26,40,59,54,0,99,99,14,94,2,29,89,20,0,0
Charles Rigon Matos,29,835167600,1996/06/19,Serie A,2024,Midfielder,Corinthians,550,250,300,Brazil,13,7,6,1,0,1,0,0,0,0,0,4,1,3,5,2,3,4,0,0.16,0,0.16,0,0.3,550,0.82,110,42,138,0,0.65,141,331,-1,13,0,6.99,0,45,36.00,18.33,47,220,15.17,182,53,29.78,48,0.00,0.00,0.17,2,0.00,0.67,4.25,2.17,26,0.00,0.08,0.00,0.00,0.00,0.67,0.25,0.00,5.00,0.82,0.17,0.42,0.00,0.25,0.09,0.00,0.92,0.00,0.00,0,0,,5,0.42,54,3,0.49,65,2,0.33,38,2,8,5,99,0.00,99,0,8,1.31,83,8,30,1.31,56,0,0.00,99,0,0.00,0,0,0.00,0,0.33,25,5,0.82,38,3,0.49,60.00,0,0.00,0,0,0,0.00,0,0,0.00,84,0.00,0,N/A,N/A,N/A,N/A,0.00,0,0.00,0,1.06,0.00,0,82.73,60.00,88,1,1.08,2.13,13,46,76,0,0,0,0.17,0.33,2,67,83.89,0.75,1.47,9,0,0.00,0.00,99,0.00,0,0,0,0.00,0.00,0,0.00,0.00,0.16,0.08,1,0,20.00,87,13,18,67,84,0.46,22,0.04,0.08,1.06,69,0.09,0.17,32,4,0.33,0.65,1.64,0.83,76,10,0.17,66,67,58,67,0,73,74,0,0.00,99,11,0.00,1.80,12.93,6.58,79,46,96,80,7.53,3.83,58.23,1,0.16,80,0,0.00,0,0.00,99,0,0.00,0.00,30,11,73,46,0,0,0,0,0,55,73,88,54,0,99,68,13,95,4,31,92,8,0,0
Christian Roberto Alves Cardoso,24,977212800,2000/12/19,Serie A,2024,Midfielder,Atlético PR,1468,728,740,Brazil,23,11,12,1,1,0,0,0,0,0,0,3,1,2,19,13,6,7,0,0.06,0,0.06,0.12,0,1468,1.16,77,64,210,0,0.43,260,395,-1,14,0,6.77,0,45,28.00,20.05,27,421,16.62,349,54,23.22,30,0.00,0.00,0.52,11,0.00,1.24,1.66,1.19,25,0.00,0.38,0.00,0.00,0.00,0.52,0.29,0.00,14.00,0.93,0.38,0.81,0.00,0.29,0.09,0.00,0.67,0.00,0.00,0,0,,14,0.67,58,6,0.40,58,8,0.53,60,5,6,17,56,0.00,99,0,11,0.73,50,26,60,1.73,61,0,0.00,99,0,0.00,0,0,0.00,0,0.73,45,17,1.13,49,6,0.40,35.29,0,0.00,0,0,0,0.00,0,0,0.00,43,0.00,0,N/A,N/A,N/A,N/A,0.00,0,0.00,0,1.87,0.00,0,82.90,42.86,55,57,0.43,0.60,9,40,22,0,0,0,0.19,0.27,4,60,142.27,0.48,0.67,10,0,0.00,0.00,99,0.00,0,0,0,0.00,0.00,0,0.00,0.00,0.20,0.14,3,0,7.14,51,57,55,92,42,1.08,17,0.05,0.07,1.87,58,0.09,0.12,68,21,1.00,1.40,2.26,1.62,94,34,0.12,56,29,27,67,0,78,45,0,0.00,99,14,0.00,0.93,9.45,6.76,142,66,38,49,4.39,3.14,46.48,8,0.53,64,0,23.08,0,0.00,99,6,0.29,0.40,61,60,63,87,0,0,0,0,0,33,49,59,65,0,99,10,24,83,7,30,91,88,0,0
Claudio Coelho Salvático,25,969778800,2000/09/24,Serie A,2024,Defender,Criciúma,2035,930,1105,Brazil,34,17,17,2,1,1,3,2,1,0,0,5,4,1,26,10,16,3,1,0.22,0.13,0.09,0.1,0.08,1018,1.15,78,60,509,678,0.18,205,140,113,8,0,6.83,0.09,76,40.20,25.77,59,799,20.55,637,36,32.05,54,0.00,0.00,1.00,31,0.00,1.52,2.57,1.65,51,0.00,0.55,0.00,0.00,0.00,0.77,0.68,0.00,8.00,0.80,0.35,1.10,0.00,0.16,0.07,0.00,0.23,0.00,0.00,0,0,,16,0.52,54,5,0.25,43,11,0.55,62,2,11,23,88,0.00,99,0,24,1.21,78,47,77,2.36,67,0,0.00,99,0,0.00,0,0,0.00,0,1.56,84,34,1.71,68,21,1.06,61.76,0,0.00,0,0,0,0.00,0,0,0.00,44,0.00,0,N/A,N/A,N/A,N/A,0.00,0,0.00,0,2.30,0.00,0,79.72,31.25,31,1,1.42,2.21,44,76,78,0,0,0,0.35,0.55,11,82,211.79,1.19,1.86,37,0,0.00,0.00,99,0.00,0,0,0,0.00,0.00,0,0.00,0.00,0.15,0.10,3,0,12.50,68,74,94,82,44,4.33,84,0.14,0.22,2.30,58,0.07,0.12,12,5,0.16,0.25,0.70,0.45,19,14,0.12,56,41,67,67,0,72,16,0,0.00,99,7,0.00,0.35,9.21,5.90,183,84,34,46,4.23,2.71,45.90,17,0.86,45,0,29.79,0,0.00,99,14,0.45,0.70,76,75,85,46,0,0,0,0,0,66,60,64,61,0,99,14,75,34,2,6,15,27,0,0
Clayson Henrique da Silva Vieira,30,795600000,1995/03/19,Serie A,2024,Forward,Cuiabá,2063,994,1069,Brazil,33,17,16,5,3,2,2,1,1,0,0,9,6,3,24,9,15,6,0,0.31,0.09,0.22,0.27,0.17,413,1.05,86,63,344,1032,0.26,98,188,-1,2,0,6.78,0.06,65,27.56,19.41,25,621,14.88,476,21,21.12,25,0.00,0.00,0.56,18,0.00,2.72,0.44,0.31,10,0.00,0.81,0.00,0.00,0.00,0.22,0.72,0.00,5.80,1.29,0.44,2.03,0.00,0.47,0.17,0.00,0.12,0.00,0.00,0,0,,29,0.91,70,15,0.67,74,14,0.62,67,1,5,28,9,0.00,99,0,7,0.31,24,87,41,3.86,84,0,0.00,99,0,0.00,0,0,0.00,0,0.80,49,65,2.88,83,23,1.02,35.38,0,0.00,0,0,0,0.00,0,0,0.00,57,0.00,0,N/A,N/A,N/A,N/A,0.00,0,0.00,0,5.53,0.00,0,76.65,51.72,74,20,0.81,1.15,26,75,22,0,0,0,0.03,0.04,1,25,216.81,0.44,0.62,14,0,0.00,0.00,99,0.00,0,0,1,0.03,0.04,0,0.00,0.00,0.22,0.16,5,1,17.24,80,75,91,60,57,2.82,51,0.09,0.13,5.53,81,0.17,0.25,83,42,1.31,1.86,0.84,0.59,27,19,0.25,79,31,25,72,0,79,5,0,0.00,99,4,0.00,0.18,9.05,6.38,204,79,18,42,3.51,2.47,38.73,26,1.15,31,0,14.94,0,0.00,99,13,0.41,0.58,70,86,57,30,0,1,0,3,0,74,82,78,82,0,99,55,55,54,6,18,63,25,0,0
Clayton,26,916041600,1999/01/11,Serie A,2024,Forward,Vasco da Gama,140,36,104,Brazil,6,2,4,0,0,0,0,0,0,0,0,1,1,0,2,1,1,0,0,0,0,0,0,0,0,1.29,70,23,0,0,0,-1,-1,-1,32,0,5.65,0,45,16.71,4.33,5,26,3.17,19,13,12.21,5,0.00,0.00,0.00,0,0.00,0.33,1.93,0.50,3,0.00,1.17,0.00,0.00,0.00,0.17,0.17,0.00,0.00,3.86,0.67,0.17,0.00,0.33,0.08,0.00,0.83,0.00,0.00,0,0,,6,1.00,99,2,1.29,96,4,2.57,99,0,5,1,67,0.00,99,0,1,0.64,45,2,30,1.29,56,0,0.00,99,0,0.00,0,0,0.00,0,0.00,8,1,0.64,32,1,0.64,100.00,0,0.00,0,0,0,0.00,0,0,0.00,27,0.00,0,N/A,N/A,N/A,N/A,0.00,0,0.00,0,0.48,0.00,0,73.08,33.33,37,99,0.00,0.00,0,54,99,0,0,0,0.17,0.64,1,86,33.88,0.33,1.29,2,0,0.00,0.00,99,0.00,0,0,0,0.00,0.00,0,0.00,0.00,1.93,0.50,3,0,0.00,42,0,3,40,28,0.04,3,0.01,0.03,0.48,88,0.08,0.31,31,1,0.17,0.64,4.50,1.17,99,7,0.31,85,0,53,67,0,99,97,0,0.00,99,5,0.00,3.21,20.57,5.33,32,10,84,99,6.43,1.67,31.25,7,4.50,0,0,0.00,0,0.00,99,0,0.00,0.00,30,1,57,11,0,0,0,0,0,26,40,59,54,0,99,20,7,7,0,0,7,9,0,0
Clayton Sampaio Pereira,25,954831600,2000/04/04,Serie A,2024,Defender,Internacional,532,244,288,Brazil,8,4,4,0,0,0,0,0,0,0,0,1,1,0,7,1,6,1,0,0,0,0,0,0,0,1.18,76,67,532,0,0.17,322,352,122,20,0,6.76,0,45,53.46,39.50,88,316,33.88,271,73,45.85,87,0.00,0.00,0.25,2,0.00,0.00,0.68,0.50,4,0.00,0.00,0.00,0.00,0.00,0.75,0.12,0.00,0.00,0.34,0.25,0.12,0.00,0.00,0.01,0.00,1.88,0.00,0.00,0,0,,2,0.25,21,0,0.00,15,2,0.34,39,0,3,5,16,0.00,99,0,6,1.02,68,0,30,0.00,14,0,0.00,99,0,0.00,0,0,0.00,0,0.34,26,1,0.17,14,1,0.17,100.00,0,0.00,0,0,0,0.00,0,0,0.00,40,0.00,0,N/A,N/A,N/A,N/A,0.00,0,0.00,0,0.11,0.00,0,85.76,0.00,15,66,0.38,0.51,3,21,99,0,0,0,0.50,0.68,4,88,54.06,3.62,4.91,29,0,0.00,0.00,99,0.00,0,0,0,0.00,0.00,0,0.00,0.00,0.00,0.00,0,0,0.00,42,12,5,40,40,0.77,51,0.10,0.13,0.11,19,0.01,0.02,7,1,0.12,0.17,1.18,0.88,49,7,0.02,19,28,95,67,0,41,88,0,0.00,99,15,0.00,2.54,6.94,5.12,41,21,19,18,3.55,2.62,51.22,0,0.00,99,0,0.00,0,0.00,99,0,0.00,0.00,30,11,41,11,0,0,0,0,0,26,40,59,54,0,99,10,77,33,1,12,41,20,0,0
Cleidson Andrade de Souza Silva,32,749113200,1993/09/27,Serie A,2024,Defender,Vitória,450,180,270,Brazil,5,2,3,0,0,0,0,0,0,0,0,1,0,1,5,2,3,2,1,0,0,0,0,0,0,1,90,90,150,0,0.6,462,512,77,39,0,6.95,0,45,38.20,38.20,53,191,32.00,160,59,32.00,54,0.00,0.00,0.00,0,0.00,0.00,1.60,1.60,8,0.00,0.00,0.00,0.00,0.00,0.00,0.00,0.00,0.00,0.80,0.60,0.20,0.00,0.20,0.06,0.00,2.60,0.00,0.00,0,0,,4,0.80,54,1,0.20,38,3,0.60,65,0,0,5,53,0.00,99,0,0,0.00,9,0,30,0.00,14,0,0.00,99,0,0.00,0,0,0.00,0,0.00,8,1,0.20,16,0,0.00,0.00,0,0.00,0,0,0,0.00,0,0,0.00,63,0.00,0,N/A,N/A,N/A,N/A,0.00,0,0.00,0,0.32,0.00,0,83.77,25.00,24,42,0.80,0.80,4,10,10,0,0,0,1.60,1.60,8,99,34.75,3.80,3.80,19,0,0.00,0.00,99,0.00,0,0,0,0.00,0.00,0,0.00,0.00,0.00,0.00,0,0,0.00,42,5,1,40,63,0.33,17,0.07,0.07,0.32,39,0.06,0.06,20,2,0.40,0.40,0.60,0.60,14,3,0.06,38,61,86,67,0,41,90,0,0.00,99,13,0.00,2.60,7.80,7.80,39,22,39,28,4.40,4.40,56.41,0,0.00,99,0,0.00,0,0.00,99,0,0.00,0.00,30,11,14,11,0,0,0,0,0,26,40,59,54,0,99,29,14,94,1,20,70,13,0,0
Cleiton,22,1053759600,2003/05/24,Serie A,2024,Defender,Flamengo,96,6,90,Brazil,4,2,2,0,0,0,0,0,0,0,0,1,1,0,3,0,3,0,0,0,0,0,0,0,0,2.81,32,24,0,0,0,-1,-1,-1,30,0,3.22,0,45,56.25,15.00,91,60,13.00,52,78,48.75,90,0.00,0.00,0.00,0,0.00,0.25,1.88,0.50,2,0.00,0.00,0.00,0.00,0.00,0.00,0.00,0.00,0.00,1.88,0.50,0.00,0.00,0.00,0.03,0.00,0.00,0.00,0.00,0,0,,2,0.50,88,0,0.00,15,2,1.88,99,0,3,1,65,0.00,99,0,0,0.00,9,1,30,0.94,50,0,0.00,99,0,0.00,0,0,0.00,0,0.00,8,0,0.00,7,0,0.00,0.00,0,0.00,0,0,0,0.00,0,0,0.00,0,0.00,0,N/A,N/A,N/A,N/A,0.00,0,0.00,0,0.11,0.00,0,86.67,0.00,15,32,0.25,0.94,1,10,10,0,0,0,0.00,0.00,0,23,12.88,0.00,0.00,0,0,0.00,0.00,99,0.00,0,0,0,0.00,0.00,0,0.00,0.00,0.00,0.00,0,0,0.00,42,0,0,40,0,0.12,39,0.03,0.11,0.11,52,0.03,0.10,2,0,0.00,0.00,1.88,0.50,87,2,0.10,51,0,1,67,0,41,2,0,0.00,99,0,0.00,0.00,6.56,1.75,7,2,8,15,1.88,0.50,28.57,0,0.00,99,0,0.00,0,0.00,99,0,0.00,0.00,30,1,41,11,0,0,0,0,0,26,40,59,54,0,99,47,7,7,0,0,7,33,0,0
Cleiton Schwengber,28,871974000,1997/08/19,Serie A,2024,Goalkeeper,Bragantino,2701,1395,1306,Brazil,31,16,15,0,0,0,0,0,0,0,0,6,4,2,36,15,21,5,1,0,0,0,0,0,0,1.2,75,87,450,0,0.2,426,310,130,19,0,7.29,0,45,27.92,26.20,26,786,17.23,517,4,18.36,20,0.00,0.00,0.00,0,0.00,0.00,0.04,0.03,1,0.00,0.00,0.00,0.00,3.47,0.00,0.03,4.57,0.00,0.00,0.00,0.03,0.00,0.00,0.00,0.00,0.20,0.00,0.00,0,0,,0,0.00,8,0,0.00,15,0,0.00,9,1,0,31,6,0.00,99,0,0,0.00,9,0,30,0.00,14,0,0.00,99,0,0.00,0,0,0.00,0,0.00,8,1,0.04,9,1,0.04,100.00,0,0.00,0,104,65,3.69,68,137,0.00,36,4.87,65,N/A,N/A,N/A,N/A,75.91,0,0.00,0,0.00,0.00,0,65.78,0.00,15,99,0.00,0.00,0,12,99,0,0,58,0.00,0.00,0,23,218.74,1.43,1.53,43,0,0.00,0.00,99,0.00,1,0,0,0.00,0.00,21,0.70,0.75,0.00,0.00,0,0,0.00,42,93,83,40,37,1.05,6,0.04,0.04,0.00,9,0.00,0.00,16,10,0.33,0.36,0.04,0.03,6,1,0.00,9,95,59,67,91,41,8,0,0.00,99,6,0.00,0.21,0.71,0.67,20,17,7,7,0.60,0.57,85.00,0,0.00,99,0,0.00,0,0.00,99,0,0.00,0.00,30,92,14,30,0,0,0,0,0,26,40,59,54,0,99,27,69,39,4,13,44,1,0,0
Cristian Chagas Tarouco,37,574156800,1988/03/12,Serie A,2024,Defender,Fortaleza,2021,990,1031,Brazil,23,11,12,1,0,1,0,0,0,0,0,7,5,2,20,5,15,7,0,0.04,0,0.04,0,0.09,2021,0.89,101,88,289,0,0.31,293,484,49,14,0,6.69,0,45,35.88,34.95,47,734,28.95,608,54,29.72,48,0.00,0.00,0.14,3,0.00,0.05,1.42,1.38,29,0.00,0.29,0.00,0.00,0.00,1.24,0.10,0.00,0.00,0.05,0.05,0.10,0.00,0.00,0.00,0.00,1.38,0.00,0.00,0,0,,1,0.05,8,0,0.00,15,1,0.05,10,1,0,23,44,0.00,99,0,26,1.27,81,1,30,0.05,16,0,0.00,99,0,0.00,0,0,0.00,0,0.15,14,2,0.10,11,2,0.10,100.00,0,0.00,0,0,0,0.00,0,0,0.00,75,0.00,0,N/A,N/A,N/A,N/A,0.00,0,0.00,0,0.05,0.00,0,82.83,0.00,15,39,0.81,0.83,17,16,99,0,0,0,0.57,0.59,12,84,140.59,3.05,3.13,64,1,0.00,0.05,12,0.05,0,0,0,0.00,0.00,0,0.00,0.00,0.05,0.05,1,0,0.00,42,73,55,95,74,1.53,17,0.07,0.07,0.05,9,0.00,0.00,34,14,0.67,0.68,1.66,1.62,77,34,0.00,9,20,82,67,0,48,62,0,0.00,99,29,0.00,1.42,7.68,7.48,157,73,19,27,3.57,3.48,46.50,6,0.29,74,0,0.00,0,0.00,99,0,0.00,0.00,30,75,14,30,0,0,0,0,0,30,45,65,54,0,99,65,43,66,7,30,91,4,0,0
Cristian Pavón,29,822211200,1996/01/21,Serie A,2024,Forward,Grêmio,1113,645,468,Argentina,21,12,9,1,1,0,3,2,1,0,0,4,4,0,14,6,8,4,0,0.32,0.24,0.08,0.14,0,1113,1.13,80,53,278,371,0.32,226,38,-1,13,0,6.21,0.14,94,32.56,19.16,37,364,14.95,284,27,25.41,34,0.00,0.00,0.89,17,0.00,2.95,0.81,0.47,9,0.00,1.47,0.00,0.00,0.00,0.37,0.68,0.00,22.00,1.97,0.63,1.63,0.00,0.53,0.13,0.00,0.68,0.00,0.00,0,0,,22,1.16,90,10,0.89,84,12,1.07,90,2,5,16,20,0.00,99,0,7,0.63,44,56,55,5.01,91,0,0.00,99,0,0.00,0,0,0.00,0,1.52,84,31,2.77,82,13,1.16,41.94,0,0.00,0,0,0,0.00,0,0,0.00,48,0.00,0,N/A,N/A,N/A,N/A,0.00,0,0.00,0,2.52,0.00,0,78.02,45.45,59,40,0.47,0.81,9,79,32,0,0,0,0.05,0.09,1,32,117.96,0.32,0.54,6,0,0.00,0.00,99,0.00,0,0,0,0.00,0.00,0,0.00,0.00,0.00,0.00,0,0,4.55,44,41,46,85,48,2.98,93,0.16,0.27,2.52,78,0.13,0.23,31,7,0.37,0.63,0.98,0.58,35,11,0.23,76,3,20,67,0,41,53,0,0.00,99,13,0.00,1.16,11.54,6.79,129,42,23,70,3.76,2.21,32.56,28,2.50,2,0,21.43,0,0.00,99,12,0.63,1.07,87,56,57,46,0,0,0,0,0,77,56,59,68,0,99,27,40,68,4,19,66,21,0,0
Cristián Zapata,39,528447600,1986/09/30,Serie A,2024,Defender,Vitória,0,0,0,Colombia,0,0,0,0,0,0,0,0,0,0,0,0,0,0,0,0,0,0,0,0,0,0,0,0,0,0,0,0,0,0,0,-1,-1,-1,-1,N/A,N/A,N/A,N/A,N/A,N/A,N/A,N/A,N/A,N/A,N/A,N/A,N/A,N/A,N/A,N/A,N/A,N/A,N/A,N/A,N/A,N/A,N/A,N/A,N/A,N/A,N/A,N/A,N/A,N/A,N/A,N/A,N/A,N/A,N/A,N/A,N/A,N/A,N/A,N/A,N/A,N/A,N/A,N/A,N/A,N/A,N/A,N/A,N/A,N/A,N/A,N/A,N/A,N/A,N/A,N/A,N/A,N/A,N/A,N/A,N/A,N/A,N/A,N/A,N/A,N/A,N/A,N/A,N/A,N/A,N/A,N/A,N/A,N/A,N/A,N/A,N/A,N/A,N/A,N/A,N/A,N/A,N/A,N/A,N/A,N/A,N/A,N/A,N/A,N/A,N/A,N/A,N/A,N/A,N/A,N/A,N/A,N/A,N/A,N/A,N/A,N/A,N/A,N/A,N/A,N/A,N/A,N/A,N/A,N/A,N/A,N/A,N/A,N/A,N/A,N/A,N/A,N/A,N/A,N/A,N/A,N/A,N/A,N/A,N/A,N/A,N/A,N/A,N/A,N/A,N/A,N/A,N/A,N/A,N/A,N/A,N/A,N/A,N/A,N/A,N/A,N/A,N/A,N/A,N/A,N/A,N/A,N/A,N/A,N/A,N/A,N/A,N/A,N/A,N/A,N/A,N/A,N/A,N/A,N/A,N/A,N/A,N/A,N/A,N/A,N/A,N/A,N/A,N/A,N/A,N/A,N/A,N/A,N/A,N/A,N/A,N/A,N/A,N/A,N/A,N/A,N/A,N/A,N/A,N/A,N/A,N/A,N/A,N/A,N/A,N/A,N/A,N/A,N/A,N/A,N/A,N/A,N/A,N/A,N/A,N/A,N/A,N/A,N/A,N/A,N/A,N/A,N/A,N/A,N/A,N/A,N/A,N/A,N/A,N/A,N/A,N/A,N/A,N/A,N/A,N/A,N/A,N/A,N/A
Damián Suárez,37,578127600,1988/04/27,Serie A,2024,Defender,Botafogo,1244,724,520,Uruguay,17,9,8,0,0,0,1,1,0,0,0,7,4,3,12,7,5,5,0,0.07,0.07,0,0,0,0,0.87,104,73,249,1244,0.36,334,226,43,23,0,6.78,0.06,58,33.30,28.27,38,424,21.33,320,16,25.13,33,0.00,0.00,1.13,17,0.00,3.00,2.51,2.13,32,0.00,0.27,0.00,0.00,0.00,0.47,0.40,0.00,0.00,0.39,0.33,0.73,0.00,0.00,0.02,0.00,0.47,0.00,0.00,0,0,,5,0.33,23,0,0.00,15,5,0.39,46,6,4,13,86,0.00,99,0,7,0.55,37,45,86,3.53,80,0,0.00,99,0,0.00,0,0,0.00,0,1.34,76,11,0.86,39,6,0.47,54.55,0,0.00,0,0,0,0.00,0,0,0.00,78,0.00,0,N/A,N/A,N/A,N/A,0.00,0,0.00,0,0.26,0.00,0,75.47,0.00,15,5,1.40,1.65,21,44,64,0,0,0,0.13,0.16,2,44,101.69,1.53,1.81,23,0,0.00,0.00,99,0.00,0,0,0,0.00,0.00,0,0.00,0.00,0.16,0.13,2,0,0.00,42,48,32,40,79,1.99,66,0.13,0.16,0.26,19,0.02,0.02,43,11,0.73,0.86,1.81,1.53,85,23,0.02,19,31,65,67,0,73,27,0,0.00,99,7,0.00,0.55,9.27,7.87,118,56,39,47,4.40,3.73,47.46,4,0.31,73,0,33.33,0,0.00,99,15,1.00,1.18,90,45,50,93,0,0,0,0,0,36,40,59,54,0,99,89,33,75,5,29,89,22,0,0
Daniel de Melo Araujo Junior,23,1020927600,2002/05/09,Serie A,2024,Midfielder,Vitória,133,69,64,Brazil,5,2,3,0,0,0,0,0,0,0,0,0,0,0,3,2,1,1,0,0,0,0,0,0,0,2.03,44,27,133,0,0.68,-1,-1,-1,31,0,6.64,0,45,42.63,12.60,66,63,10.60,53,62,35.86,66,0.00,0.00,1.20,6,0.00,1.20,2.03,0.60,3,0.00,1.40,0.00,0.00,0.00,0.00,0.40,0.00,0.00,2.03,0.40,2.00,0.00,0.20,0.05,0.00,0.20,0.00,0.00,0,0,,3,0.60,91,1,0.68,75,2,1.35,98,1,4,1,71,0.00,99,0,0,0.00,9,6,98,4.06,86,0,0.00,99,0,0.00,0,0,0.00,0,4.06,99,10,6.77,99,2,1.35,20.00,0,0.00,0,0,0,0.00,0,0,0.00,1,0.00,0,N/A,N/A,N/A,N/A,0.00,0,0.00,0,0.26,0.00,0,84.13,33.33,37,49,0.20,0.68,1,84,12,0,0,0,0.00,0.00,0,23,33.22,0.00,0.00,0,0,0.00,0.00,99,0.00,0,0,0,0.00,0.00,0,0.00,0.00,0.00,0.00,0,0,0.00,42,0,1,40,1,0.31,82,0.06,0.21,0.26,70,0.05,0.18,99,7,1.40,4.74,0.68,0.20,18,1,0.18,68,15,1,67,0,41,33,0,0.00,99,1,0.00,0.68,20.30,6.00,30,13,99,99,8.80,2.60,43.33,7,4.74,0,0,66.67,0,0.00,99,4,0.80,2.71,99,1,50,30,0,0,0,0,0,26,40,59,54,0,99,2,12,96,1,20,70,80,0,0
Daniel dos Santos Sales,19,1151305200,2006/06/26,Serie A,2024,Midfielder,Flamengo,0,0,0,Brazil,1,0,1,0,0,0,0,0,0,0,0,0,0,0,0,0,0,0,0,0,0,0,0,0,0,0,0,0,0,0,0,-1,-1,-1,-1,0,0.00,0,45,0.00,0.00,0,0,0.00,0,0,0.00,0,0.00,0.00,0.00,0,0.00,0.00,0.00,0.00,0,0.00,0.00,0.00,0.00,0.00,0.00,0.00,0.00,0.00,0.00,0.00,0.00,0.00,0.00,0.00,0.00,0.00,0.00,0.00,0,0,,0,0.00,8,0,0.00,15,0,0.00,9,0,1,0,4,0.00,99,0,0,0.00,9,0,30,0.00,14,0,0.00,99,0,0.00,0,0,0.00,0,0.00,8,0,0.00,7,0,0.00,0.00,0,0.00,0,0,0,0.00,0,0,0.00,99,0.00,0,N/A,N/A,N/A,N/A,0.00,0,0.00,0,0.00,0.00,0,0.00,0.00,15,99,0.00,0.00,0,10,10,0,0,0,0.00,0.00,0,23,0.00,0.00,0.00,0,0,0.00,0.00,99,0.00,0,0,0,0.00,0.00,0,0.00,0.00,0.00,0.00,0,0,0.00,42,0,0,40,0,0.00,0,0.00,0.00,0.00,9,0.00,0.00,2,0,0.00,0.00,0.00,0.00,5,0,0.00,9,0,1,67,0,41,2,0,0.00,99,0,0.00,0.00,0.00,0.00,0,0,0,0,0.00,0.00,0.00,0,0.00,99,0,0.00,0,0.00,99,0,0.00,0.00,30,0,22,11,0,0,0,0,0,26,40,59,54,0,99,2,7,7,0,0,7,51,0,0
Daniel Nascimento Peixoto dos Santos,28,867654000,1997/06/30,Serie A,2024,Defender,Juventude,18,0,18,Brazil,2,0,2,0,0,0,0,0,0,0,0,0,0,0,0,0,0,1,0,0,0,0,0,0,0,0,0,9,18,0,5,-1,-1,-1,24,0,6.75,0,45,85.00,8.50,99,17,7.00,14,50,70.00,99,0.00,0.00,0.00,0,0.00,0.00,15.00,1.50,3,0.00,0.50,0.00,0.00,0.00,0.00,0.00,0.00,0.00,5.00,0.00,0.00,0.00,0.50,0.06,0.00,0.00,0.00,0.00,0,0,,1,0.50,99,1,5.00,99,0,0.00,9,0,2,0,99,0.00,99,0,0,0.00,9,0,30,0.00,14,0,0.00,99,0,0.00,0,0,0.00,0,0.00,8,0,0.00,7,0,0.00,0.00,0,0.00,0,0,0,0.00,0,0,0.00,99,0.00,0,N/A,N/A,N/A,N/A,0.00,0,0.00,0,0.12,0.00,0,82.35,100.00,99,99,0.00,0.00,0,10,10,0,0,0,0.00,0.00,0,23,13.51,0.50,5.00,1,0,0.00,0.00,99,0.00,0,0,0,0.00,0.00,0,0.00,0.00,0.00,0.00,0,0,0.00,42,0,0,40,0,0.03,62,0.01,0.15,0.12,99,0.06,0.60,2,0,0.00,0.00,5.00,0.50,99,1,0.60,99,25,96,67,0,41,2,0,0.00,99,0,0.00,0.00,25.00,2.50,5,3,99,99,15.00,1.50,60.00,1,5.00,0,0,0.00,0,0.00,99,0,0.00,0.00,30,0,31,11,0,0,0,0,0,26,40,59,54,0,99,2,7,99,1,50,99,72,0,0
Daniel Sampaio Simões,29,821347200,1996/01/11,Serie A,2024,Midfielder,Atlético GO,97,37,60,Brazil,4,2,2,0,0,0,0,0,0,0,0,1,0,1,1,1,0,0,0,0,0,0,0,0,0,0.93,97,24,0,0,0,-1,-1,-1,35,0,6.72,0,45,96.49,26.00,99,104,22.00,88,65,81.65,99,0.00,0.00,1.00,4,0.00,1.50,0.93,0.25,1,0.00,0.00,0.00,0.00,0.00,0.00,0.25,0.00,0.00,0.93,0.25,0.25,0.00,0.00,0.01,0.00,0.00,0.00,0.00,0,0,,1,0.25,58,0,0.00,15,1,0.93,84,0,4,0,24,0.00,99,0,0,0.00,9,6,86,5.57,94,0,0.00,99,0,0.00,0,0,0.00,0,3.71,99,1,0.93,42,1,0.93,100.00,0,0.00,0,0,0,0.00,0,0,0.00,70,0.00,0,N/A,N/A,N/A,N/A,0.00,0,0.00,0,0.06,0.00,0,84.62,0.00,15,33,0.25,0.93,1,72,99,0,0,0,0.00,0.00,0,23,26.87,0.25,0.93,1,0,0.00,0.00,99,0.00,0,0,0,0.00,0.00,0,0.00,0.00,0.00,0.00,0,0,0.00,42,0,0,40,70,0.34,97,0.09,0.32,0.06,39,0.01,0.06,83,2,0.50,1.86,1.86,0.50,86,2,0.06,38,22,41,67,0,41,2,0,0.00,99,0,0.00,0.00,7.42,2.00,8,4,22,24,3.71,1.00,50.00,0,0.00,99,0,33.33,0,0.00,99,2,0.50,1.86,97,0,50,11,0,0,0,0,0,26,40,59,54,0,99,47,7,7,0,0,7,17,0,0
Danilo Barbosa da Silva,29,825494400,1996/02/28,Serie A,2024,Midfielder,Botafogo,1144,717,427,Brazil,24,12,12,3,1,2,1,1,0,0,0,11,6,5,11,8,3,4,0,0.31,0.08,0.24,0.13,0.42,381,0.87,104,48,286,1144,0.31,87,209,-1,10,0,6.92,0.04,62,45.04,23.65,71,544,19.83,456,60,37.76,70,0.00,0.00,0.26,6,0.00,0.00,2.32,1.22,28,0.00,0.57,0.00,0.00,0.00,1.04,0.43,0.00,3.33,0.83,0.26,0.65,0.00,0.17,0.11,0.00,0.78,0.00,0.00,0,0,,10,0.43,54,4,0.33,52,6,0.50,58,9,10,14,81,0.00,99,0,24,1.99,99,0,30,0.00,14,0,0.00,99,0,0.00,0,0,0.00,0,0.50,33,15,1.24,54,10,0.83,66.67,0,0.00,0,0,0,0.00,0,0,0.00,78,0.00,0,N/A,N/A,N/A,N/A,0.00,0,0.00,0,2.63,0.00,0,83.82,40.00,51,73,0.22,0.41,5,67,83,0,0,0,0.30,0.58,7,84,159.15,1.48,2.82,34,0,0.00,0.00,99,0.00,0,0,0,0.00,0.00,0,0.00,0.00,0.00,0.00,0,1,30.00,97,43,58,57,79,1.90,66,0.08,0.16,2.63,77,0.11,0.22,65,16,0.70,1.32,1.49,0.78,70,18,0.22,75,55,80,67,0,41,64,0,0.00,99,18,0.00,1.49,10.52,5.52,127,71,75,61,5.88,3.09,55.91,13,1.08,35,0,0.00,0,0.00,99,0,0.00,0.00,30,48,82,99,0,0,0,0,0,74,84,95,67,0,99,95,42,66,4,17,60,5,0,0
Danilo Boza Junior,27,894438000,1998/05/06,Serie A,2024,Defender,Juventude,2832,1400,1432,Brazil,32,16,16,3,2,1,1,0,1,0,0,5,4,1,48,20,28,2,0,0.13,0.03,0.1,0.13,0.06,944,1.53,59,89,1416,2832,0.06,197,278,172,5,0,7.02,0.03,46,52.86,52.39,87,1624,47.52,1473,96,47.95,89,0.00,0.00,0.13,4,0.00,0.26,0.72,0.71,22,0.00,0.16,0.00,0.00,0.00,0.97,0.19,0.00,8.00,0.78,0.45,0.42,0.00,0.32,0.12,0.00,2.35,0.00,0.00,0,0,,24,0.77,52,10,0.33,52,14,0.46,54,2,0,32,17,0.00,99,0,30,0.98,66,8,30,0.26,29,0,0.00,99,0,0.00,0,0,0.00,0,0.13,12,13,0.42,24,6,0.20,46.15,0,0.00,0,0,0,0.00,0,0,0.00,11,0.00,0,N/A,N/A,N/A,N/A,0.00,0,0.00,0,3.80,0.00,0,90.70,41.67,53,78,0.35,0.36,11,24,43,0,0,0,1.00,1.01,31,96,217.67,3.94,3.97,122,0,0.00,0.00,99,0.00,0,0,2,0.06,0.07,0,0.00,0.00,0.03,0.03,1,0,12.50,68,95,88,80,11,3.65,45,0.12,0.12,3.80,58,0.12,0.12,32,20,0.65,0.65,0.16,0.16,7,5,0.12,56,72,87,83,0,42,85,0,0.00,99,73,0.00,2.38,6.15,6.10,189,120,26,13,3.91,3.87,63.49,5,0.16,80,0,0.00,0,0.00,99,0,0.00,0.00,30,94,14,46,0,0,0,0,0,50,61,60,67,0,99,16,98,10,2,6,15,4,0,0
Danilo das Neves Pinheiro,33,715158000,1992/08/30,Serie A,2024,Midfielder,Botafogo,1567,765,802,Brazil,28,15,13,0,0,0,0,0,0,0,0,13,7,6,12,5,7,3,1,0,0,0,0,0,0,0.69,131,56,392,0,0.23,456,505,-1,31,0,6.82,0,45,43.95,28.23,69,734,25.19,655,92,39.22,76,0.00,0.00,0.73,19,0.00,0.81,0.90,0.58,15,0.00,0.69,0.00,0.00,0.00,0.19,0.35,0.00,0.00,0.48,0.15,0.46,0.00,0.15,0.02,0.00,0.27,0.00,0.00,0,0,,8,0.31,32,4,0.24,42,4,0.24,26,7,12,16,22,0.00,99,0,5,0.30,24,21,75,1.26,55,0,0.00,99,0,0.00,0,0,0.00,0,1.14,66,12,0.72,35,9,0.54,75.00,0,0.00,0,0,0,0.00,0,0,0.00,92,0.00,0,N/A,N/A,N/A,N/A,0.00,0,0.00,0,0.62,0.00,0,89.24,50.00,74,87,0.15,0.24,4,48,90,0,0,0,0.00,0.00,0,23,177.31,0.27,0.42,7,0,0.00,0.00,99,0.00,0,0,0,0.00,0.00,0,0.00,0.00,0.00,0.00,0,0,0.00,42,61,74,40,92,2.24,51,0.09,0.13,0.62,30,0.02,0.04,46,15,0.58,0.90,0.78,0.50,23,13,0.04,29,39,13,67,0,41,20,0,0.00,99,7,0.00,0.42,5.99,3.85,100,46,10,12,2.75,1.77,46.00,18,1.08,35,0,28.57,0,0.00,99,6,0.23,0.36,60,56,88,97,0,0,0,0,0,26,40,59,54,0,99,95,62,48,2,7,17,6,0,0
Danilo Fernandes Batista,37,576057600,1988/04/03,Serie A,2024,Goalkeeper,Bahia,90,90,0,Brazil,1,1,0,0,0,0,0,0,0,0,0,1,1,0,0,0,0,1,0,0,0,0,0,0,0,0,0,90,90,0,1,-1,-1,-1,18,0,7.44,0,45,20.00,20.00,11,20,15.00,15,15,15.00,12,0.00,0.00,0.00,0,0.00,0.00,0.00,0.00,0,0.00,0.00,0.00,0.00,2.00,0.00,0.00,2.00,0.00,0.00,0.00,0.00,0.00,0.00,0.00,0.00,1.00,0.00,0.00,0,0,,0,0.00,8,0,0.00,15,0,0.00,9,0,0,1,4,0.00,99,0,0,0.00,9,0,30,0.00,14,0,0.00,99,0,0.00,0,0,0.00,0,0.00,8,0,0.00,7,0,0.00,0.00,0,0.00,0,2,99,2.00,0,2,0.00,99,2.00,0,N/A,N/A,N/A,N/A,100.00,0,0.00,0,0.00,0.00,0,75.00,0.00,15,99,0.00,0.00,0,10,10,0,0,0,0.00,0.00,0,23,7.44,1.00,1.00,1,0,0.00,0.00,99,0.00,0,0,0,0.00,0.00,1,1.00,1.00,0.00,0.00,0,0,0.00,42,0,0,40,0,0.03,3,0.03,0.03,0.00,9,0.00,0.00,85,2,2.00,2.00,0.00,0.00,5,0,0.00,9,98,45,67,99,41,47,0,0.00,99,1,0.00,1.00,2.00,2.00,2,2,8,7,2.00,2.00,100.00,0,0.00,99,0,0.00,0,0.00,99,0,0.00,0.00,30,1,14,11,0,0,0,0,0,26,40,59,54,0,99,99,8,99,0,0,7,1,0,0
Danilo Ferreira dos Santos,21,1089442800,2004/07/10,Serie A,2024,Midfielder,Bragantino,0,0,0,Brazil,0,0,0,0,0,0,0,0,0,0,0,0,0,0,0,0,0,0,0,0,0,0,0,0,0,0,0,0,0,0,0,-1,-1,-1,-1,N/A,N/A,N/A,N/A,N/A,N/A,N/A,N/A,N/A,N/A,N/A,N/A,N/A,N/A,N/A,N/A,N/A,N/A,N/A,N/A,N/A,N/A,N/A,N/A,N/A,N/A,N/A,N/A,N/A,N/A,N/A,N/A,N/A,N/A,N/A,N/A,N/A,N/A,N/A,N/A,N/A,N/A,N/A,N/A,N/A,N/A,N/A,N/A,N/A,N/A,N/A,N/A,N/A,N/A,N/A,N/A,N/A,N/A,N/A,N/A,N/A,N/A,N/A,N/A,N/A,N/A,N/A,N/A,N/A,N/A,N/A,N/A,N/A,N/A,N/A,N/A,N/A,N/A,N/A,N/A,N/A,N/A,N/A,N/A,N/A,N/A,N/A,N/A,N/A,N/A,N/A,N/A,N/A,N/A,N/A,N/A,N/A,N/A,N/A,N/A,N/A,N/A,N/A,N/A,N/A,N/A,N/A,N/A,N/A,N/A,N/A,N/A,N/A,N/A,N/A,N/A,N/A,N/A,N/A,N/A,N/A,N/A,N/A,N/A,N/A,N/A,N/A,N/A,N/A,N/A,N/A,N/A,N/A,N/A,N/A,N/A,N/A,N/A,N/A,N/A,N/A,N/A,N/A,N/A,N/A,N/A,N/A,N/A,N/A,N/A,N/A,N/A,N/A,N/A,N/A,N/A,N/A,N/A,N/A,N/A,N/A,N/A,N/A,N/A,N/A,N/A,N/A,N/A,N/A,N/A,N/A,N/A,N/A,N/A,N/A,N/A,N/A,N/A,N/A,N/A,N/A,N/A,N/A,N/A,N/A,N/A,N/A,N/A,N/A,N/A,N/A,N/A,N/A,N/A,N/A,N/A,N/A,N/A,N/A,N/A,N/A,N/A,N/A,N/A,N/A,N/A,N/A,N/A,N/A,N/A,N/A,N/A,N/A,N/A,N/A,N/A,N/A,N/A,N/A,N/A,N/A,N/A,N/A,N/A
Davi Goes Silva Ferreira Carvalho,20,1119423600,2005/06/22,Serie A,2024,Midfielder,Juventude,65,46,19,Brazil,3,1,2,0,0,0,0,0,0,0,0,0,0,0,0,0,0,2,0,0,0,0,0,0,0,0,0,22,33,0,2.77,-1,-1,-1,21,0,6.32,0,45,18.00,4.33,7,13,3.00,9,7,12.46,6,0.00,0.00,0.00,0,0.00,0.00,2.77,0.67,2,0.00,0.33,0.00,0.00,0.00,0.00,0.00,0.00,0.00,1.38,0.33,0.00,0.00,0.00,0.02,0.00,0.00,0.00,0.00,0,0,,1,0.33,74,0,0.00,15,1,1.38,98,1,2,1,90,0.00,99,0,0,0.00,9,0,30,0.00,14,0,0.00,99,0,0.00,0,0,0.00,0,0.00,8,0,0.00,7,0,0.00,0.00,0,0.00,0,0,0,0.00,0,0,0.00,99,0.00,0,N/A,N/A,N/A,N/A,0.00,0,0.00,0,0.05,0.00,0,69.23,0.00,15,11,0.33,1.38,1,10,10,0,0,0,0.00,0.00,0,23,18.97,0.67,2.77,2,0,0.00,0.00,99,0.00,0,0,0,0.00,0.00,0,0.00,0.00,0.00,0.00,0,0,0.00,42,0,0,40,0,0.02,3,0.01,0.03,0.05,42,0.02,0.07,67,1,0.33,1.38,2.77,0.67,99,2,0.07,41,5,79,67,0,41,2,0,0.00,99,0,0.00,0.00,13.85,3.33,10,3,32,85,4.15,1.00,30.00,1,1.38,22,0,0.00,0,0.00,99,0,0.00,0.00,30,1,31,30,0,0,0,0,0,26,40,59,54,0,99,2,7,99,2,67,99,88,0,0
David Correa da Fonseca,30,813913200,1995/10/17,Serie A,2024,Forward,Vasco da Gama,1599,739,860,Brazil,23,10,13,4,2,2,3,2,1,0,0,6,4,2,20,9,11,7,1,0.39,0.17,0.23,0.24,0.21,400,1.13,80,70,228,533,0.39,93,94,-1,2,0,6.83,0.13,83,25.47,19.41,21,427,14.91,328,22,19.56,22,0.00,0.00,0.86,19,0.00,0.73,1.19,0.91,20,0.00,1.05,0.00,0.00,0.00,0.36,1.27,0.00,5.75,1.37,0.73,2.41,0.00,0.32,0.18,0.00,0.68,0.00,0.00,0,0,,23,1.05,74,7,0.42,61,16,0.95,86,3,3,20,35,0.00,99,0,8,0.48,32,16,49,0.95,50,0,0.00,99,0,0.00,0,0,0.00,0,1.13,66,53,3.16,85,28,1.67,52.83,0,0.00,0,0,0,0.00,0,0,0.00,48,0.00,0,N/A,N/A,N/A,N/A,0.00,0,0.00,0,4.03,0.00,0,76.81,30.43,28,39,0.64,0.83,14,88,60,0,0,0,0.05,0.06,1,27,150.36,0.27,0.36,6,0,0.00,0.00,99,0.00,0,0,0,0.00,0.00,0,0.00,0.00,0.48,0.36,8,0,17.39,81,62,55,58,48,3.12,77,0.14,0.19,4.03,80,0.18,0.24,65,22,1.00,1.31,1.37,1.05,63,23,0.24,78,41,9,67,0,91,43,0,0.00,99,15,0.00,0.89,10.97,8.36,184,85,58,66,5.07,3.86,46.20,23,1.37,23,0,18.75,0,0.00,99,3,0.14,0.18,50,67,41,63,0,0,0,0,0,84,83,82,80,0,99,51,28,80,6,26,85,7,0,0
David da Hora da Conceição,25,947404800,2000/01/09,Serie A,2024,Forward,Juventude,60,36,24,Brazil,2,1,1,0,0,0,0,0,0,0,0,0,0,0,0,0,0,0,0,0,0,0,0,0,0,0,0,30,0,0,0,-1,-1,-1,22,0,6.47,0,45,31.50,10.50,34,21,8.00,16,18,24.00,31,0.00,0.00,0.00,0,0.00,1.00,0.00,0.00,0,0.00,0.00,0.00,0.00,0.00,0.00,0.50,0.00,0.00,0.00,0.00,0.50,0.00,0.00,0.00,0.00,0.50,0.00,0.00,0,0,,0,0.00,8,0,0.00,15,0,0.00,9,0,2,0,4,0.00,99,0,0,0.00,9,2,30,3.00,75,0,0.00,99,0,0.00,0,0,0.00,0,0.00,8,1,1.50,62,1,1.50,100.00,0,0.00,0,0,0,0.00,0,0,0.00,99,0.00,0,N/A,N/A,N/A,N/A,0.00,0,0.00,0,0.00,0.00,0,76.19,0.00,15,0,1.00,3.00,2,85,99,0,0,0,0.00,0.00,0,23,12.95,1.00,3.00,2,0,0.00,0.00,99,0.00,0,0,0,0.00,0.00,0,0.00,0.00,0.00,0.00,0,0,0.00,42,0,0,40,0,0.04,13,0.02,0.06,0.00,9,0.00,0.00,72,1,0.50,1.50,0.00,0.00,5,0,0.00,9,8,81,67,0,41,64,0,0.00,99,1,0.00,1.50,7.50,2.50,5,3,42,25,4.50,1.50,60.00,0,0.00,99,0,0.00,0,0.00,99,0,0.00,0.00,30,0,31,11,0,0,0,0,0,26,40,59,54,0,99,2,7,7,0,0,7,18,0,0
David de Duarte Macedo,30,790934400,1995/01/24,Serie A,2024,Defender,Bahia,256,166,90,Brazil,3,2,1,1,1,0,0,0,0,0,0,0,0,0,4,2,2,0,0,0.35,0,0.35,0.54,0,256,1.41,64,85,0,0,0,-1,-1,-1,14,0,6.81,0,45,60.47,57.33,95,172,50.33,151,84,53.09,94,0.00,0.00,0.00,0,0.00,0.00,0.35,0.33,1,0.00,0.00,0.00,0.00,0.00,0.33,0.00,0.00,1.00,0.35,0.00,0.00,0.00,0.33,0.23,0.00,3.00,0.00,0.00,0,0,,1,0.33,21,1,0.35,53,0,0.00,9,1,0,3,8,0.00,99,0,1,0.35,26,0,30,0.00,14,0,0.00,99,0,0.00,0,0,0.00,0,0.00,8,0,0.00,7,0,0.00,0.00,0,0.00,0,0,0,0.00,0,0,0.00,18,0.00,0,N/A,N/A,N/A,N/A,0.00,0,0.00,0,0.68,0.00,0,87.79,100.00,99,99,0.00,0.00,0,10,10,0,0,0,1.00,1.05,3,96,20.43,3.33,3.52,10,0,0.00,0.00,99,0.00,0,0,0,0.00,0.00,0,0.00,0.00,0.00,0.00,0,0,100.00,99,0,0,48,19,0.31,39,0.10,0.11,0.68,80,0.23,0.24,35,2,0.67,0.70,0.35,0.33,9,1,0.24,78,36,84,67,0,41,96,0,0.00,99,9,0.00,3.16,5.27,5.00,15,12,33,9,4.22,4.00,80.00,0,0.00,99,0,0.00,0,0.00,99,0,0.00,0.00,30,2,14,30,0,0,0,0,0,79,92,59,96,0,99,2,7,7,0,0,7,33,0,0
David Luiz,38,546073200,1987/04/22,Serie A,2024,Defender,Flamengo,1761,931,830,Brazil,23,11,12,3,1,2,0,0,0,0,1,7,3,4,21,9,12,4,0,0.15,0,0.15,0.1,0.22,587,1.07,84,77,440,0,0.2,146,410,95,8,0,6.92,0,45,50.49,40.95,83,901,36.05,793,86,44.44,85,0.00,0.00,0.27,6,0.00,0.23,0.45,0.36,8,0.00,0.05,0.00,0.00,0.00,0.77,0.18,0.00,4.00,0.67,0.23,0.36,0.00,0.32,0.13,0.00,1.55,0.00,0.00,0,0,,12,0.55,45,7,0.39,58,5,0.28,31,4,2,21,10,0.00,99,0,17,0.95,64,5,52,0.28,30,0,0.00,99,0,0.00,0,0,0.00,0,0.34,26,8,0.45,25,4,0.22,50.00,0,0.00,0,0,0,0.00,0,0,0.00,55,0.00,0,N/A,N/A,N/A,N/A,0.00,0,0.00,0,2.92,0.00,0,88.01,58.33,85,91,0.14,0.17,3,25,57,0,1,0,0.59,0.73,13,89,152.17,2.77,3.42,61,1,0.00,0.06,9,0.05,0,1,1,0.05,0.06,0,0.00,0.00,0.06,0.05,1,0,25.00,93,67,55,69,55,2.18,45,0.10,0.12,2.22,58,0.10,0.12,27,10,0.45,0.56,1.06,0.86,40,19,0.16,64,55,83,78,0,51,75,0,0.00,99,34,0.00,1.91,5.16,4.18,92,56,12,9,3.14,2.55,60.87,1,0.06,87,0,20.00,0,0.00,99,1,0.05,0.06,35,70,31,77,0,0,0,0,0,54,72,83,61,0,99,65,68,39,4,17,60,23,0,0
David Miguel de Souza Arcanjo,18,1173600000,2007/03/11,Serie A,2024,Midfielder,Cuiabá,11,10,1,Brazil,5,3,2,0,0,0,0,0,0,0,0,0,0,0,0,0,0,0,0,0,0,0,0,0,0,0,0,2,0,0,0,-1,-1,-1,13,0,2.65,0,45,32.73,0.80,37,4,0.80,4,99,32.73,57,0.00,0.00,0.20,1,0.00,0.20,0.00,0.00,0,0.00,0.20,0.00,0.00,0.00,0.00,0.20,0.00,0.00,16.36,0.40,0.20,0.00,0.00,0.02,0.00,0.00,0.00,0.00,0,0,,2,0.40,99,0,0.00,15,2,16.36,99,0,5,0,4,0.00,99,0,0,0.00,9,1,99,8.18,99,0,0.00,99,0,0.00,0,0,0.00,0,8.18,99,1,8.18,99,1,8.18,100.00,0,0.00,0,0,0,0.00,0,0,0.00,99,0.00,0,N/A,N/A,N/A,N/A,0.00,0,0.00,0,0.10,0.00,0,100.00,0.00,15,99,0.00,0.00,0,99,99,0,0,0,0.00,0.00,0,23,13.27,0.00,0.00,0,0,0.00,0.00,99,0.00,0,0,0,0.00,0.00,0,0.00,0.00,0.00,0.00,0,0,0.00,42,0,1,40,0,0.05,99,0.01,0.41,0.10,99,0.02,0.82,99,1,0.20,8.18,0.00,0.00,5,0,0.82,99,0,1,67,0,41,2,0,0.00,99,0,0.00,0.00,24.55,0.60,3,2,99,99,16.36,0.40,66.67,1,8.18,0,0,100.00,0,0.00,99,1,0.20,8.18,99,0,57,11,0,0,0,0,0,26,40,59,54,0,99,2,7,7,0,0,7,20,0,0
David Terans,31,776588400,1994/08/11,Serie A,2024,Midfielder,Fluminense,213,122,91,Uruguay,7,3,4,0,0,0,0,0,0,0,0,0,0,0,4,3,1,1,0,0,0,0,0,0,0,1.69,53,30,213,0,0.42,-1,-1,-1,33,0,6.68,0,45,31.69,10.71,34,75,9.14,64,69,27.04,40,0.00,0.00,0.14,1,0.00,1.14,2.11,0.71,5,0.00,0.57,0.00,0.00,0.00,0.00,0.71,0.00,0.00,1.27,0.14,1.00,0.00,0.29,0.05,0.00,0.14,0.00,0.00,0,0,,3,0.43,69,2,0.85,82,1,0.42,50,1,5,2,75,0.00,99,0,0,0.00,9,8,66,3.38,79,0,0.00,99,0,0.00,0,0,0.00,0,0.42,29,7,2.96,83,5,2.11,71.43,0,0.00,0,0,0,0.00,0,0,0.00,6,0.00,0,N/A,N/A,N/A,N/A,0.00,0,0.00,0,0.34,0.00,0,85.33,66.67,95,13,0.43,1.27,3,93,86,0,0,0,0.00,0.00,0,23,46.77,0.14,0.42,1,0,0.00,0.00,99,0.00,0,0,0,0.00,0.00,0,0.00,0.00,0.00,0.00,0,0,0.00,42,0,4,40,6,0.17,17,0.02,0.07,0.34,61,0.05,0.14,88,5,0.71,2.11,1.69,0.57,78,4,0.14,59,19,13,67,0,41,20,0,0.00,99,1,0.00,0.42,13.10,4.43,31,16,88,81,6.76,2.29,51.61,4,1.69,14,0,25.00,0,0.00,99,2,0.29,0.85,82,1,57,30,0,0,0,0,0,26,40,59,54,0,99,2,25,83,1,14,48,80,0,0
Deivid Andrade Soares,20,1117609200,2005/06/01,Serie A,2024,Midfielder,Palmeiras,0,0,0,Brazil,0,0,0,0,0,0,0,0,0,0,0,0,0,0,0,0,0,0,0,0,0,0,0,0,0,0,0,0,0,0,0,-1,-1,-1,-1,N/A,N/A,N/A,N/A,N/A,N/A,N/A,N/A,N/A,N/A,N/A,N/A,N/A,N/A,N/A,N/A,N/A,N/A,N/A,N/A,N/A,N/A,N/A,N/A,N/A,N/A,N/A,N/A,N/A,N/A,N/A,N/A,N/A,N/A,N/A,N/A,N/A,N/A,N/A,N/A,N/A,N/A,N/A,N/A,N/A,N/A,N/A,N/A,N/A,N/A,N/A,N/A,N/A,N/A,N/A,N/A,N/A,N/A,N/A,N/A,N/A,N/A,N/A,N/A,N/A,N/A,N/A,N/A,N/A,N/A,N/A,N/A,N/A,N/A,N/A,N/A,N/A,N/A,N/A,N/A,N/A,N/A,N/A,N/A,N/A,N/A,N/A,N/A,N/A,N/A,N/A,N/A,N/A,N/A,N/A,N/A,N/A,N/A,N/A,N/A,N/A,N/A,N/A,N/A,N/A,N/A,N/A,N/A,N/A,N/A,N/A,N/A,N/A,N/A,N/A,N/A,N/A,N/A,N/A,N/A,N/A,N/A,N/A,N/A,N/A,N/A,N/A,N/A,N/A,N/A,N/A,N/A,N/A,N/A,N/A,N/A,N/A,N/A,N/A,N/A,N/A,N/A,N/A,N/A,N/A,N/A,N/A,N/A,N/A,N/A,N/A,N/A,N/A,N/A,N/A,N/A,N/A,N/A,N/A,N/A,N/A,N/A,N/A,N/A,N/A,N/A,N/A,N/A,N/A,N/A,N/A,N/A,N/A,N/A,N/A,N/A,N/A,N/A,N/A,N/A,N/A,N/A,N/A,N/A,N/A,N/A,N/A,N/A,N/A,N/A,N/A,N/A,N/A,N/A,N/A,N/A,N/A,N/A,N/A,N/A,N/A,N/A,N/A,N/A,N/A,N/A,N/A,N/A,N/A,N/A,N/A,N/A,N/A,N/A,N/A,N/A,N/A,N/A,N/A,N/A,N/A,N/A,N/A,N/A
Denilson Alves Borges,24,985334400,2001/03/23,Serie A,2024,Midfielder,Cuiabá,2041,996,1045,Brazil,33,17,16,0,0,0,3,0,3,0,0,9,5,4,29,15,14,8,0,0.13,0.13,0,0,0,0,1.28,70,62,255,680,0.35,308,131,-1,17,0,6.89,0.09,76,40.15,26.53,58,849,23.38,748,87,35.38,65,0.00,0.00,0.81,26,0.00,1.00,2.13,1.41,45,0.00,0.62,0.00,0.00,0.00,0.25,1.38,0.00,0.00,0.52,0.16,1.94,0.00,0.19,0.03,0.00,0.31,0.00,0.00,0,0,,11,0.34,34,6,0.28,48,5,0.24,26,6,8,25,76,0.00,99,0,8,0.38,27,32,72,1.51,59,0,0.00,99,0,0.00,0,0,0.00,0,1.23,71,62,2.93,83,44,2.08,70.97,0,0.00,0,0,0,0.00,0,0,0.00,28,0.00,0,N/A,N/A,N/A,N/A,0.00,0,0.00,0,0.87,0.00,0,88.10,54.55,81,59,0.38,0.57,12,93,86,0,0,0,0.00,0.00,0,23,220.56,0.53,0.80,17,1,0.00,0.05,12,0.03,0,0,0,0.00,0.00,0,0.00,0.00,0.00,0.00,0,0,0.00,42,74,91,40,28,3.61,69,0.11,0.17,0.87,30,0.03,0.04,60,25,0.78,1.18,1.61,1.06,75,34,0.04,29,50,35,67,0,41,22,0,0.00,99,10,0.00,0.47,10.26,6.78,217,124,75,58,5.86,3.88,57.14,20,0.95,40,0,28.12,0,0.00,99,9,0.28,0.43,64,80,73,93,0,0,0,0,0,50,40,59,54,0,99,55,35,73,8,24,82,27,0,0
Derek Freitas Ribeiro,27,881049600,1997/12/02,Serie A,2024,Midfielder,Atlético GO,998,553,445,Brazil,25,13,12,3,1,2,1,0,1,0,1,6,5,1,13,5,8,3,1,0.36,0.09,0.27,0.16,0.4,333,1.17,77,40,250,998,0.36,72,182,-1,3,0,6.76,0.04,65,14.25,6.29,1,151,4.83,116,22,10.94,2,0.00,0.00,0.58,14,0.00,0.21,1.32,0.58,14,0.00,0.67,0.00,0.00,0.00,0.17,0.42,0.00,8.00,2.26,0.58,1.04,0.00,0.42,0.15,0.00,0.88,0.00,0.00,0,0,,24,1.00,94,10,0.94,87,14,1.32,97,6,14,11,40,0.00,99,0,4,0.38,27,5,52,0.47,37,0,0.00,99,0,0.00,0,0,0.00,0,1.32,75,25,2.36,78,10,0.94,40.00,0,0.00,0,0,0,0.00,0,0,0.00,42,0.00,0,N/A,N/A,N/A,N/A,0.00,0,0.00,0,3.62,0.00,0,76.82,41.67,53,69,0.21,0.47,5,73,28,0,1,0,0.00,0.00,0,23,162.34,0.21,0.47,5,0,0.00,0.00,99,0.00,0,1,0,0.00,0.00,0,0.00,0.00,0.19,0.08,2,0,12.50,68,35,62,52,42,1.36,51,0.06,0.13,2.92,85,0.12,0.28,68,15,0.62,1.42,1.98,0.88,89,21,0.34,89,28,16,67,0,77,77,0,0.00,99,21,0.00,1.98,16.04,7.08,170,60,69,96,5.66,2.50,35.29,16,1.51,18,0,20.00,0,0.00,99,1,0.04,0.09,42,37,93,93,0,0,0,0,0,80,88,94,71,0,99,43,34,75,2,8,21,19,0,0
Derik Gean Severino Lacerda,26,938415600,1999/09/27,Serie A,2024,Forward,Cuiabá,1422,789,633,Brazil,27,12,15,4,3,1,0,0,0,0,0,6,4,2,23,13,10,8,0,0.25,0,0.25,0.34,0.14,356,1.46,62,53,178,0,0.51,81,440,-1,3,0,6.82,0,45,18.50,10.31,7,268,8.19,213,35,14.70,11,0.00,0.00,0.46,12,0.00,0.31,1.10,0.62,16,0.00,0.77,0.00,0.00,0.00,0.12,1.00,0.00,4.75,1.31,0.38,1.81,0.00,0.35,0.15,0.00,1.27,0.00,0.00,0,0,,19,0.73,71,9,0.62,72,10,0.69,71,4,12,15,30,0.00,99,0,3,0.21,18,8,90,0.55,41,0,0.00,99,0,0.00,0,0,0.00,0,0.83,50,47,3.24,86,26,1.79,55.32,0,0.00,0,0,0,0.00,0,0,0.00,15,0.00,0,N/A,N/A,N/A,N/A,0.00,0,0.00,0,3.99,0.00,0,79.48,47.37,62,84,0.15,0.28,4,90,66,0,0,0,0.12,0.21,3,53,177.44,0.31,0.55,8,0,0.00,0.00,99,0.00,0,0,1,0.04,0.07,0,0.00,0.00,0.14,0.08,2,0,21.05,87,54,69,55,16,0.92,13,0.04,0.06,3.99,85,0.15,0.28,92,34,1.31,2.35,1.38,0.77,64,20,0.28,83,39,20,83,0,70,83,0,0.00,99,33,0.00,2.28,13.94,7.77,202,108,96,85,7.45,4.15,53.47,20,1.38,22,0,37.50,0,0.00,99,3,0.12,0.21,53,51,88,77,0,0,0,0,0,69,85,74,88,0,99,36,19,89,8,30,91,22,0,0
Deyverson Brum Silva Acosta,34,673686000,1991/05/08,Serie A,2024,Forward,Atlético Mineiro,1223,620,603,Brazil,21,10,11,3,3,0,1,1,0,0,1,5,3,2,14,6,8,4,0,0.29,0.07,0.22,0.44,0,408,1.03,87,58,306,1223,0.29,97,214,-1,7,0,6.83,0.05,58,18.82,12.60,8,252,7.80,156,2,11.65,4,0.00,0.00,0.25,5,0.00,0.10,0.52,0.35,7,0.00,0.85,0.00,0.00,0.00,0.05,0.30,0.00,5.67,1.27,0.40,0.85,0.00,0.45,0.17,0.00,2.40,0.00,0.00,0,0,,17,0.85,69,9,0.67,74,8,0.60,65,2,7,14,11,0.00,99,0,1,0.07,11,2,96,0.15,23,0,0.00,99,0,0.00,0,0,0.00,0,0.37,27,17,1.27,55,6,0.45,35.29,0,0.00,0,0,0,0.00,0,0,0.00,59,0.00,0,N/A,N/A,N/A,N/A,0.00,0,0.00,0,3.31,0.00,0,61.90,52.94,78,83,0.20,0.30,4,43,22,0,1,0,0.10,0.15,2,43,136.68,0.80,1.20,16,0,0.00,0.00,99,0.00,0,1,1,0.05,0.07,0,0.00,0.00,0.82,0.55,11,1,17.65,82,46,46,59,59,1.11,22,0.06,0.08,2.61,72,0.13,0.19,90,30,1.50,2.24,0.97,0.65,34,13,0.25,79,41,50,83,0,97,98,0,0.00,99,48,0.00,3.59,13.15,8.80,176,91,89,82,6.80,4.55,51.70,17,1.27,26,0,50.00,0,0.00,99,1,0.05,0.07,38,48,68,46,0,0,0,0,0,73,82,59,92,0,99,43,47,61,4,19,66,16,0,0
Diego Costa,37,592210800,1988/10/07,Serie A,2024,Forward,Grêmio,453,252,201,Spain,13,6,7,1,1,0,2,2,0,0,0,0,0,0,9,6,3,5,1,0.6,0.4,0.2,0.36,0,453,1.79,50,35,76,227,1.19,116,6,-1,12,0,6.67,0.15,99,24.06,9.07,19,127,7.29,102,37,19.33,22,0.00,0.00,0.50,7,0.00,0.21,1.14,0.43,6,0.00,0.86,0.00,0.00,0.00,0.07,0.21,0.00,10.00,1.89,0.36,0.86,0.00,0.36,0.11,0.00,1.14,0.00,0.00,0,0,,10,0.71,88,5,0.95,88,5,0.95,86,6,8,5,33,0.00,99,0,1,0.19,17,3,30,0.57,41,0,0.00,99,0,0.00,0,0,0.00,0,1.33,75,12,2.27,77,3,0.57,25.00,0,0.00,0,0,0,0.00,0,0,0.00,4,0.00,0,N/A,N/A,N/A,N/A,0.00,0,0.00,0,1.53,0.00,0,80.31,50.00,74,90,0.07,0.19,1,49,15,0,0,0,0.14,0.38,2,72,93.42,0.36,0.95,5,0,0.00,0.00,99,0.00,0,0,0,0.00,0.00,0,0.00,0.00,0.57,0.21,3,0,10.00,57,6,18,62,4,1.61,97,0.12,0.31,1.53,86,0.11,0.29,90,12,0.86,2.27,1.33,0.50,60,7,0.29,84,18,42,67,0,95,95,0,0.00,99,16,0.00,3.03,14.78,5.57,78,34,84,91,6.44,2.43,43.59,12,2.27,4,0,0.00,0,0.00,99,0,0.00,0.00,30,11,73,93,0,0,0,0,0,96,78,59,89,0,99,2,8,99,4,31,92,19,0,0
Diego Gonçalves,31,774860400,1994/07/22,Serie A,2024,Midfielder,Juventude,183,102,81,Brazil,10,6,4,1,0,1,0,0,0,0,0,1,0,1,3,3,0,0,0,0.49,0,0.49,0,1.11,183,1.48,61,18,0,0,0,-1,-1,-1,15,0,6.67,0,45,25.57,5.20,22,52,3.80,38,13,18.69,21,0.00,0.00,0.10,1,0.00,0.40,1.97,0.40,4,0.00,0.60,0.00,0.00,0.00,0.10,0.30,0.00,7.00,3.44,0.40,0.40,0.00,0.30,0.12,0.00,0.70,0.00,0.00,0,0,,7,0.70,99,3,1.48,98,4,1.97,99,0,10,0,68,0.00,99,0,1,0.49,33,4,30,1.97,64,0,0.00,99,0,0.00,0,0,0.00,0,0.49,32,4,1.97,73,3,1.48,75.00,0,0.00,0,0,0,0.00,0,0,0.00,13,0.00,0,N/A,N/A,N/A,N/A,0.00,0,0.00,0,1.19,0.00,0,73.08,42.86,55,0,0.70,3.44,7,85,90,0,0,0,0.00,0.00,0,23,66.72,0.50,2.46,5,0,0.00,0.00,99,0.00,0,0,0,0.00,0.00,0,0.00,0.00,0.49,0.10,1,0,14.29,72,0,8,43,14,0.14,17,0.01,0.07,1.19,99,0.12,0.59,97,6,0.60,2.95,0.49,0.10,13,1,0.59,99,18,76,67,0,92,98,0,0.00,99,7,0.00,3.44,20.66,4.20,42,20,99,99,9.84,2.00,47.62,6,2.95,1,0,0.00,0,0.00,99,0,0.00,0.00,30,0,82,11,0,0,0,0,0,91,97,99,54,0,99,5,7,7,0,0,7,13,0,0
Diego Henrique Costa Barbosa,26,932540400,1999/07/21,Serie A,2024,Defender,São Paulo,879,314,565,Brazil,13,6,7,0,0,0,0,0,0,0,0,4,2,2,11,3,8,2,0,0,0,0,0,0,0,1.13,80,68,440,0,0.2,419,285,110,34,0,5.89,0,45,65.22,49.00,98,637,43.54,566,91,57.95,99,0.00,0.00,0.23,3,0.00,0.38,1.23,0.92,12,0.00,0.31,0.00,0.00,0.00,1.00,0.15,0.00,0.00,0.41,0.15,0.15,0.00,0.15,0.02,0.00,2.77,0.00,0.00,0,0,,4,0.31,26,2,0.20,38,2,0.20,20,0,4,9,37,0.00,99,0,13,1.33,83,5,91,0.51,40,0,0.00,99,0,0.00,0,0,0.00,0,0.31,24,2,0.20,16,2,0.20,100.00,0,0.00,0,0,0,0.00,0,0,0.00,48,0.00,0,N/A,N/A,N/A,N/A,0.00,0,0.00,0,0.32,0.00,0,88.85,50.00,74,66,0.38,0.51,5,24,99,0,0,0,0.38,0.51,5,80,76.59,3.38,4.51,44,0,0.00,0.00,99,0.00,0,0,0,0.00,0.00,0,0.00,0.00,0.00,0.00,0,0,0.00,42,29,18,40,48,1.35,57,0.10,0.14,0.32,24,0.02,0.03,8,2,0.15,0.20,1.54,1.15,72,15,0.03,24,1,92,67,0,41,99,0,0.00,99,36,0.00,3.69,8.91,6.69,87,52,63,40,5.32,4.00,59.77,4,0.41,68,0,40.00,0,0.00,99,2,0.15,0.20,51,28,50,11,0,0,0,0,0,26,40,59,54,0,99,68,68,39,2,15,51,4,0,0
Diego Kauan Silva Santos,22,1050303600,2003/04/14,Serie A,2024,Midfielder,Bragantino,0,0,0,Brazil,0,0,0,0,0,0,0,0,0,0,0,0,0,0,0,0,0,0,0,0,0,0,0,0,0,0,0,0,0,0,0,-1,-1,-1,-1,N/A,N/A,N/A,N/A,N/A,N/A,N/A,N/A,N/A,N/A,N/A,N/A,N/A,N/A,N/A,N/A,N/A,N/A,N/A,N/A,N/A,N/A,N/A,N/A,N/A,N/A,N/A,N/A,N/A,N/A,N/A,N/A,N/A,N/A,N/A,N/A,N/A,N/A,N/A,N/A,N/A,N/A,N/A,N/A,N/A,N/A,N/A,N/A,N/A,N/A,N/A,N/A,N/A,N/A,N/A,N/A,N/A,N/A,N/A,N/A,N/A,N/A,N/A,N/A,N/A,N/A,N/A,N/A,N/A,N/A,N/A,N/A,N/A,N/A,N/A,N/A,N/A,N/A,N/A,N/A,N/A,N/A,N/A,N/A,N/A,N/A,N/A,N/A,N/A,N/A,N/A,N/A,N/A,N/A,N/A,N/A,N/A,N/A,N/A,N/A,N/A,N/A,N/A,N/A,N/A,N/A,N/A,N/A,N/A,N/A,N/A,N/A,N/A,N/A,N/A,N/A,N/A,N/A,N/A,N/A,N/A,N/A,N/A,N/A,N/A,N/A,N/A,N/A,N/A,N/A,N/A,N/A,N/A,N/A,N/A,N/A,N/A,N/A,N/A,N/A,N/A,N/A,N/A,N/A,N/A,N/A,N/A,N/A,N/A,N/A,N/A,N/A,N/A,N/A,N/A,N/A,N/A,N/A,N/A,N/A,N/A,N/A,N/A,N/A,N/A,N/A,N/A,N/A,N/A,N/A,N/A,N/A,N/A,N/A,N/A,N/A,N/A,N/A,N/A,N/A,N/A,N/A,N/A,N/A,N/A,N/A,N/A,N/A,N/A,N/A,N/A,N/A,N/A,N/A,N/A,N/A,N/A,N/A,N/A,N/A,N/A,N/A,N/A,N/A,N/A,N/A,N/A,N/A,N/A,N/A,N/A,N/A,N/A,N/A,N/A,N/A,N/A,N/A,N/A,N/A,N/A,N/A,N/A,N/A
Diego Manuel Hernández González,25,961657200,2000/06/22,Serie A,2024,Midfielder,Botafogo,195,77,118,Uruguay,10,4,6,0,0,0,2,2,0,0,0,2,0,2,3,2,1,4,0,0.92,0.92,0,0,0,0,1.38,65,20,49,98,1.85,-1,-1,-1,26,0,6.85,0.2,99,32.25,7.44,36,67,6.22,56,59,26.95,39,0.00,0.00,0.56,5,0.00,1.78,1.44,0.33,3,0.00,0.33,0.00,0.00,0.00,0.11,0.11,0.00,0.00,0.96,0.22,0.44,0.00,0.00,0.01,0.00,0.11,0.00,0.00,0,0,,2,0.22,58,0,0.00,15,2,0.96,87,0,10,0,45,0.00,99,0,1,0.48,32,16,92,7.70,99,0,0.00,99,0,0.00,0,0,0.00,0,2.41,95,4,1.93,72,1,0.48,25.00,0,0.00,0,0,0,0.00,0,0,0.00,20,0.00,0,N/A,N/A,N/A,N/A,0.00,0,0.00,0,0.09,0.00,0,83.58,0.00,15,29,0.22,0.96,2,44,15,0,0,0,0.11,0.48,1,78,61.67,0.44,1.93,4,0,0.00,0.00,99,0.00,0,0,0,0.00,0.00,0,0.00,0.00,0.48,0.11,1,0,0.00,42,0,8,40,20,1.51,99,0.17,0.73,0.09,30,0.01,0.04,92,5,0.56,2.41,4.81,1.11,99,10,0.04,29,44,68,67,0,91,22,0,0.00,99,1,0.00,0.48,13.96,3.22,29,10,50,86,4.81,1.11,34.48,3,1.44,21,0,43.75,0,0.00,99,7,0.78,3.37,99,0,82,11,0,0,0,0,0,99,40,59,54,0,99,29,7,99,3,30,91,77,0,0
Diego Palacios,26,931762800,1999/07/12,Serie A,2024,Defender,Corinthians,0,0,0,Ecuador,0,0,0,0,0,0,0,0,0,0,0,0,0,0,0,0,0,0,0,0,0,0,0,0,0,0,0,0,0,0,0,-1,-1,-1,-1,N/A,N/A,N/A,N/A,N/A,N/A,N/A,N/A,N/A,N/A,N/A,N/A,N/A,N/A,N/A,N/A,N/A,N/A,N/A,N/A,N/A,N/A,N/A,N/A,N/A,N/A,N/A,N/A,N/A,N/A,N/A,N/A,N/A,N/A,N/A,N/A,N/A,N/A,N/A,N/A,N/A,N/A,N/A,N/A,N/A,N/A,N/A,N/A,N/A,N/A,N/A,N/A,N/A,N/A,N/A,N/A,N/A,N/A,N/A,N/A,N/A,N/A,N/A,N/A,N/A,N/A,N/A,N/A,N/A,N/A,N/A,N/A,N/A,N/A,N/A,N/A,N/A,N/A,N/A,N/A,N/A,N/A,N/A,N/A,N/A,N/A,N/A,N/A,N/A,N/A,N/A,N/A,N/A,N/A,N/A,N/A,N/A,N/A,N/A,N/A,N/A,N/A,N/A,N/A,N/A,N/A,N/A,N/A,N/A,N/A,N/A,N/A,N/A,N/A,N/A,N/A,N/A,N/A,N/A,N/A,N/A,N/A,N/A,N/A,N/A,N/A,N/A,N/A,N/A,N/A,N/A,N/A,N/A,N/A,N/A,N/A,N/A,N/A,N/A,N/A,N/A,N/A,N/A,N/A,N/A,N/A,N/A,N/A,N/A,N/A,N/A,N/A,N/A,N/A,N/A,N/A,N/A,N/A,N/A,N/A,N/A,N/A,N/A,N/A,N/A,N/A,N/A,N/A,N/A,N/A,N/A,N/A,N/A,N/A,N/A,N/A,N/A,N/A,N/A,N/A,N/A,N/A,N/A,N/A,N/A,N/A,N/A,N/A,N/A,N/A,N/A,N/A,N/A,N/A,N/A,N/A,N/A,N/A,N/A,N/A,N/A,N/A,N/A,N/A,N/A,N/A,N/A,N/A,N/A,N/A,N/A,N/A,N/A,N/A,N/A,N/A,N/A,N/A,N/A,N/A,N/A,N/A,N/A,N/A
Dimitri Payet,38,544003200,1987/03/29,Serie A,2024,Midfielder,Vasco da Gama,1244,839,405,France,23,15,8,3,3,0,3,2,1,1,0,5,4,1,23,13,10,2,0,0.43,0.22,0.22,0.32,0,415,1.66,54,54,622,415,0.14,106,54,-1,3,0,6.99,0.13,92,50.57,30.39,83,699,26.35,606,79,43.84,84,0.00,0.00,1.30,30,0.00,3.57,0.94,0.57,13,0.00,1.00,0.00,0.00,0.00,0.35,0.74,0.00,4.67,1.01,0.39,1.22,0.00,0.22,0.12,0.00,0.17,0.00,0.00,0,0,,14,0.61,60,5,0.36,55,9,0.65,69,5,7,16,24,0.00,99,0,8,0.58,41,82,63,5.93,96,0,0.00,99,0,0.00,0,0,0.00,0,2.17,93,28,2.03,74,17,1.23,60.71,0,0.00,0,0,0,0.00,0,0,0.00,7,0.00,0,N/A,N/A,N/A,N/A,0.00,0,0.00,0,2.84,0.00,0,86.70,35.71,40,78,0.22,0.36,5,80,76,1,0,0,0.04,0.07,1,28,160.73,0.09,0.14,2,0,0.00,0.00,99,0.00,0,1,1,0.04,0.07,0,0.00,0.00,0.14,0.09,2,0,21.43,87,48,55,60,7,4.22,97,0.18,0.31,2.14,63,0.09,0.15,84,26,1.13,1.88,0.72,0.43,20,10,0.21,73,67,2,83,0,70,12,0,0.00,99,4,0.00,0.29,8.10,4.87,112,60,36,32,4.34,2.61,53.57,23,1.66,15,0,24.39,0,0.00,99,20,0.87,1.45,93,56,68,87,0,0,0,0,0,88,82,59,86,0,99,36,81,27,2,9,26,10,0,0
Diogo Barbosa Mendanha,33,714034800,1992/08/17,Serie A,2024,Defender,Fluminense,1849,760,1089,Brazil,25,11,14,0,0,0,0,0,0,0,0,7,4,3,19,6,13,6,0,0,0,0,0,0,0,0.92,97,74,308,0,0.29,378,316,53,34,0,6.88,0,45,49.31,40.29,81,967,34.50,828,71,42.22,81,0.00,0.00,0.67,16,0.00,1.79,1.94,1.58,38,0.00,0.50,0.00,0.00,0.00,0.67,0.50,0.00,0.00,0.05,0.04,1.12,0.00,0.00,0.00,0.00,0.67,0.00,0.00,0,0,,1,0.04,8,0,0.00,15,1,0.05,10,3,5,20,67,0.00,99,0,16,0.82,57,43,79,2.19,65,0,0.00,99,0,0.00,0,0,0.00,0,0.82,49,27,1.38,59,12,0.61,44.44,0,0.00,0,0,0,0.00,0,0,0.00,71,0.00,0,N/A,N/A,N/A,N/A,0.00,0,0.00,0,0.06,0.00,0,85.63,0.00,15,33,0.75,0.92,18,52,39,0,0,0,0.08,0.10,2,36,165.06,1.29,1.58,31,0,0.00,0.00,99,0.00,0,0,0,0.00,0.00,0,0.00,0.00,0.00,0.00,0,0,0.00,42,68,62,40,70,2.25,39,0.09,0.11,0.06,9,0.00,0.00,67,27,1.12,1.38,0.97,0.79,34,19,0.00,9,49,61,67,0,41,40,0,0.00,99,16,0.00,0.82,8.57,7.00,168,93,48,36,4.74,3.88,55.36,12,0.61,60,0,30.23,0,0.00,99,13,0.54,0.66,74,67,57,63,0,0,0,0,0,26,40,59,54,0,99,61,47,61,5,20,70,6,0,0
Diogo Riquelme Rivas do Nascimento,20,1114239600,2005/04/23,Serie A,2024,Midfielder,Atlético PR,0,0,0,Brazil,0,0,0,0,0,0,0,0,0,0,0,0,0,0,0,0,0,0,0,0,0,0,0,0,0,0,0,0,0,0,0,-1,-1,-1,-1,N/A,N/A,N/A,N/A,N/A,N/A,N/A,N/A,N/A,N/A,N/A,N/A,N/A,N/A,N/A,N/A,N/A,N/A,N/A,N/A,N/A,N/A,N/A,N/A,N/A,N/A,N/A,N/A,N/A,N/A,N/A,N/A,N/A,N/A,N/A,N/A,N/A,N/A,N/A,N/A,N/A,N/A,N/A,N/A,N/A,N/A,N/A,N/A,N/A,N/A,N/A,N/A,N/A,N/A,N/A,N/A,N/A,N/A,N/A,N/A,N/A,N/A,N/A,N/A,N/A,N/A,N/A,N/A,N/A,N/A,N/A,N/A,N/A,N/A,N/A,N/A,N/A,N/A,N/A,N/A,N/A,N/A,N/A,N/A,N/A,N/A,N/A,N/A,N/A,N/A,N/A,N/A,N/A,N/A,N/A,N/A,N/A,N/A,N/A,N/A,N/A,N/A,N/A,N/A,N/A,N/A,N/A,N/A,N/A,N/A,N/A,N/A,N/A,N/A,N/A,N/A,N/A,N/A,N/A,N/A,N/A,N/A,N/A,N/A,N/A,N/A,N/A,N/A,N/A,N/A,N/A,N/A,N/A,N/A,N/A,N/A,N/A,N/A,N/A,N/A,N/A,N/A,N/A,N/A,N/A,N/A,N/A,N/A,N/A,N/A,N/A,N/A,N/A,N/A,N/A,N/A,N/A,N/A,N/A,N/A,N/A,N/A,N/A,N/A,N/A,N/A,N/A,N/A,N/A,N/A,N/A,N/A,N/A,N/A,N/A,N/A,N/A,N/A,N/A,N/A,N/A,N/A,N/A,N/A,N/A,N/A,N/A,N/A,N/A,N/A,N/A,N/A,N/A,N/A,N/A,N/A,N/A,N/A,N/A,N/A,N/A,N/A,N/A,N/A,N/A,N/A,N/A,N/A,N/A,N/A,N/A,N/A,N/A,N/A,N/A,N/A,N/A,N/A,N/A,N/A,N/A,N/A,N/A,N/A
Dorival Silva de Oliveira,21,1076054400,2004/02/06,Serie A,2024,Midfielder,Cruzeiro,0,0,0,Brazil,0,0,0,0,0,0,0,0,0,0,0,0,0,0,0,0,0,0,0,0,0,0,0,0,0,0,0,0,0,0,0,-1,-1,-1,-1,N/A,N/A,N/A,N/A,N/A,N/A,N/A,N/A,N/A,N/A,N/A,N/A,N/A,N/A,N/A,N/A,N/A,N/A,N/A,N/A,N/A,N/A,N/A,N/A,N/A,N/A,N/A,N/A,N/A,N/A,N/A,N/A,N/A,N/A,N/A,N/A,N/A,N/A,N/A,N/A,N/A,N/A,N/A,N/A,N/A,N/A,N/A,N/A,N/A,N/A,N/A,N/A,N/A,N/A,N/A,N/A,N/A,N/A,N/A,N/A,N/A,N/A,N/A,N/A,N/A,N/A,N/A,N/A,N/A,N/A,N/A,N/A,N/A,N/A,N/A,N/A,N/A,N/A,N/A,N/A,N/A,N/A,N/A,N/A,N/A,N/A,N/A,N/A,N/A,N/A,N/A,N/A,N/A,N/A,N/A,N/A,N/A,N/A,N/A,N/A,N/A,N/A,N/A,N/A,N/A,N/A,N/A,N/A,N/A,N/A,N/A,N/A,N/A,N/A,N/A,N/A,N/A,N/A,N/A,N/A,N/A,N/A,N/A,N/A,N/A,N/A,N/A,N/A,N/A,N/A,N/A,N/A,N/A,N/A,N/A,N/A,N/A,N/A,N/A,N/A,N/A,N/A,N/A,N/A,N/A,N/A,N/A,N/A,N/A,N/A,N/A,N/A,N/A,N/A,N/A,N/A,N/A,N/A,N/A,N/A,N/A,N/A,N/A,N/A,N/A,N/A,N/A,N/A,N/A,N/A,N/A,N/A,N/A,N/A,N/A,N/A,N/A,N/A,N/A,N/A,N/A,N/A,N/A,N/A,N/A,N/A,N/A,N/A,N/A,N/A,N/A,N/A,N/A,N/A,N/A,N/A,N/A,N/A,N/A,N/A,N/A,N/A,N/A,N/A,N/A,N/A,N/A,N/A,N/A,N/A,N/A,N/A,N/A,N/A,N/A,N/A,N/A,N/A,N/A,N/A,N/A,N/A,N/A,N/A
Douglas Costa,35,653295600,1990/09/14,Serie A,2024,Midfielder,Fluminense,285,125,160,Brazil,10,5,5,0,0,0,0,0,0,0,0,0,0,0,2,0,2,1,0,0,0,0,0,0,0,0.63,143,29,285,0,0.32,430,313,-1,30,0,6.79,0,45,55.48,19.11,91,172,16.11,145,64,46.77,88,0.00,0.00,0.67,6,0.00,2.78,1.94,0.67,6,0.00,0.78,0.00,0.00,0.00,0.22,1.33,0.00,0.00,1.29,0.11,2.56,0.00,0.33,0.04,0.00,0.11,0.00,0.00,0,0,,4,0.44,70,3,0.97,89,1,0.32,36,2,8,2,67,0.00,99,0,2,0.65,45,25,42,8.06,99,0,0.00,99,0,0.00,0,0,0.00,0,1.94,91,23,7.42,99,12,3.87,52.17,0,0.00,0,0,0,0.00,0,0,0.00,94,0.00,0,N/A,N/A,N/A,N/A,0.00,0,0.00,0,0.37,0.00,0,84.30,75.00,98,51,0.22,0.65,2,99,58,0,0,0,0.00,0.00,0,23,61.09,0.11,0.32,1,0,0.00,0.00,99,0.00,0,0,0,0.00,0.00,0,0.00,0.00,0.00,0.00,0,0,0.00,42,0,8,40,94,0.61,80,0.07,0.20,0.37,58,0.04,0.12,63,4,0.44,1.29,1.29,0.44,58,4,0.12,56,32,8,67,0,41,15,0,0.00,99,1,0.00,0.32,15.81,5.44,49,23,95,95,7.42,2.56,46.94,7,2.26,4,0,16.00,0,0.00,99,4,0.44,1.29,93,1,73,46,0,0,0,0,0,26,40,59,54,0,99,2,42,68,1,10,29,90,0,0
Douglas Matías Arezo Martínez,23,1037865600,2002/11/21,Serie A,2024,Forward,Grêmio,109,67,42,Uruguay,10,6,4,0,0,0,0,0,0,0,0,3,2,1,1,0,1,0,0,0,0,0,0,0,0,0.83,109,11,0,0,0,-1,-1,-1,22,0,6.71,0,45,38.94,4.50,55,45,3.40,34,16,29.42,47,0.00,0.00,0.20,2,0.00,0.00,2.60,0.30,3,0.00,0.10,0.00,0.00,0.00,0.00,0.10,0.00,0.00,5.19,0.30,0.40,0.00,0.30,0.06,0.00,0.40,0.00,0.00,0,0,,6,0.60,99,3,2.60,99,3,2.60,99,0,10,0,88,0.00,99,0,0,0.00,9,0,30,0.00,14,0,0.00,99,0,0.00,0,0,0.00,0,1.73,88,4,3.46,87,1,0.87,25.00,0,0.00,0,0,0,0.00,0,0,0.00,83,0.00,0,N/A,N/A,N/A,N/A,0.00,0,0.00,0,0.58,0.00,0,75.56,50.00,74,36,0.10,0.87,1,69,15,0,0,0,0.00,0.00,0,23,67.11,0.20,1.73,2,0,0.00,0.00,99,0.00,0,0,0,0.00,0.00,0,0.00,0.00,0.87,0.10,1,2,0.00,42,0,8,40,83,0.13,39,0.01,0.11,0.58,98,0.06,0.50,99,4,0.40,3.46,5.19,0.60,99,6,0.50,98,21,64,67,0,99,98,0,0.00,99,4,0.00,3.46,31.15,3.60,36,11,99,99,9.52,1.10,30.56,1,0.87,44,0,0.00,0,0.00,99,0,0.00,0.00,30,0,82,11,0,0,0,0,0,26,40,59,54,0,99,65,7,7,0,0,7,9,0,0
Douglas Mendes Moreira,21,1087110000,2004/06/13,Serie A,2024,Defender,Bragantino,1341,782,559,Brazil,20,13,7,2,1,1,0,0,0,0,0,3,3,0,19,10,9,2,0,0.13,0,0.13,0.12,0.16,671,1.28,71,67,671,0,0.13,169,311,148,12,0,6.89,0,45,35.10,26.15,44,523,20.45,409,29,27.45,41,0.00,0.00,0.10,2,0.00,0.45,1.68,1.25,25,0.00,0.00,0.00,0.00,0.00,0.85,0.25,0.00,4.50,0.60,0.30,0.30,0.00,0.15,0.09,0.00,1.85,0.00,0.00,0,0,,9,0.45,42,3,0.20,38,6,0.40,47,0,7,13,57,0.00,99,0,17,1.14,75,9,30,0.60,43,0,0.00,99,0,0.00,0,0,0.00,0,0.13,12,6,0.40,23,5,0.34,83.33,0,0.00,0,0,0,0.00,0,0,0.00,28,0.00,0,N/A,N/A,N/A,N/A,0.00,0,0.00,0,1.84,0.00,0,78.20,33.33,37,69,0.35,0.47,7,33,92,0,0,0,0.50,0.67,10,87,137.81,3.30,4.43,66,0,0.00,0.00,99,0.00,0,0,0,0.00,0.00,0,0.00,0.00,0.07,0.05,1,0,22.22,88,51,43,72,30,1.07,17,0.05,0.07,1.84,58,0.09,0.12,5,2,0.10,0.13,1.61,1.20,75,24,0.12,56,50,91,67,0,54,87,0,0.00,99,37,0.00,2.48,7.92,5.90,118,69,46,29,4.63,3.45,58.47,0,0.00,99,0,0.00,0,0.00,99,0,0.00,0.00,30,45,68,11,0,0,0,0,0,50,68,77,65,0,99,14,85,23,2,10,29,39,0,0
Douglas Moreira Fagundes,29,829724400,1996/04/17,Serie A,2024,Midfielder,Grêmio,2410,1184,1226,Brazil,33,16,17,0,0,0,2,1,1,0,0,8,5,3,32,14,18,7,1,0.07,0.07,0,0,0,0,1.2,75,73,301,1205,0.3,384,223,-1,29,0,6.82,0.06,58,27.48,21.97,25,681,19.13,593,81,23.93,31,0.00,0.00,0.26,8,0.00,0.13,2.66,2.13,66,0.00,0.61,0.00,0.00,0.00,1.16,0.52,0.00,0.00,0.24,0.13,1.00,0.00,0.06,0.02,0.00,0.39,0.00,0.00,0,0,,6,0.19,15,2,0.08,18,4,0.16,16,2,6,27,89,0.00,99,0,36,1.45,88,4,96,0.16,24,0,0.00,99,0,0.00,0,0,0.00,0,0.32,24,31,1.25,54,16,0.65,51.61,0,0.00,0,0,0,0.00,0,0,0.00,36,0.00,0,N/A,N/A,N/A,N/A,0.00,0,0.00,0,0.52,0.00,0,87.08,33.33,37,45,0.58,0.73,18,55,58,0,0,0,0.32,0.40,10,74,211.47,0.97,1.21,30,0,0.00,0.00,99,0.00,0,0,0,0.00,0.00,0,0.00,0.00,0.00,0.00,0,0,0.00,42,86,91,40,37,2.60,33,0.08,0.10,0.52,19,0.02,0.02,62,30,0.97,1.21,1.21,0.97,51,30,0.02,19,39,51,67,0,41,22,0,0.00,99,12,0.00,0.48,9.04,7.23,224,125,57,42,5.04,4.03,55.80,19,0.77,52,0,50.00,0,0.00,99,2,0.06,0.08,39,85,63,46,0,0,0,0,0,36,40,59,54,0,99,43,46,63,6,18,63,17,0,0
Du Queiroz,25,948268800,2000/01/19,Serie A,2024,Midfielder,Grêmio,582,304,278,Brazil,14,7,7,0,0,0,0,0,0,0,0,4,3,1,10,4,6,2,0,0,0,0,0,0,0,1.55,58,42,291,0,0.31,392,513,-1,24,0,6.90,0,45,59.39,27.17,93,326,23.92,287,86,52.29,93,0.00,0.00,0.33,4,0.00,0.25,3.10,1.42,17,0.00,0.17,0.00,0.00,0.00,0.58,0.42,0.00,0.00,1.09,0.33,0.92,0.00,0.17,0.03,0.00,0.17,0.00,0.00,0,0,,6,0.50,63,2,0.36,55,4,0.73,75,5,8,6,95,0.00,99,0,7,1.28,82,3,86,0.55,41,0,0.00,99,0,0.00,0,0,0.00,0,0.73,45,11,2.00,73,5,0.91,45.45,0,0.00,0,0,0,0.00,0,0,0.00,10,0.00,0,N/A,N/A,N/A,N/A,0.00,0,0.00,0,0.40,0.00,0,88.04,33.33,37,13,0.58,1.28,7,71,42,0,0,0,0.00,0.00,0,23,82.80,0.50,1.09,6,0,0.00,0.00,99,0.00,0,0,0,0.00,0.00,0,0.00,0.00,0.00,0.00,0,0,0.00,42,14,20,40,10,0.65,45,0.05,0.12,0.40,42,0.03,0.07,7,1,0.08,0.18,0.73,0.33,21,4,0.07,41,52,46,67,0,41,16,0,0.00,99,2,0.00,0.36,9.11,4.17,50,25,43,44,4.55,2.08,50.00,2,0.36,71,0,33.33,0,0.00,99,1,0.08,0.18,50,14,73,87,0,0,0,0,0,26,40,59,54,0,99,61,43,66,2,14,48,37,0,0
Dudu,28,864975600,1997/05/30,Serie A,2024,Midfielder,Criciúma,770,427,343,Brazil,18,9,9,0,0,0,1,1,0,0,0,4,3,1,13,7,6,0,0,0.12,0.12,0,0,0,0,1.52,59,43,0,770,0,442,148,-1,25,0,6.46,0.06,72,47.81,23.53,78,400,19.29,328,48,39.20,75,0.00,0.00,1.29,22,0.00,2.59,2.39,1.18,20,0.00,0.41,0.00,0.00,0.00,0.47,0.35,0.00,0.00,0.48,0.12,0.76,0.00,0.12,0.02,0.00,0.53,0.00,0.00,0,0,,4,0.24,32,2,0.24,42,2,0.24,26,3,10,8,83,0.00,99,0,8,0.96,65,44,77,5.26,92,0,0.00,99,0,0.00,0,0,0.00,0,2.63,97,13,1.55,64,6,0.72,46.15,0,0.00,0,0,0,0.00,0,0,0.00,11,0.00,0,N/A,N/A,N/A,N/A,0.00,0,0.00,0,0.37,0.00,0,82.00,50.00,74,23,0.53,1.08,9,62,43,0,0,0,0.12,0.24,2,57,109.86,1.24,2.51,21,0,0.00,0.00,99,0.00,0,0,0,0.00,0.00,0,0.00,0.00,0.12,0.06,1,0,0.00,42,23,36,40,11,2.25,93,0.13,0.27,0.37,30,0.02,0.04,16,3,0.18,0.36,1.08,0.53,42,9,0.04,29,8,76,67,0,66,50,0,0.00,99,9,0.00,1.08,9.08,4.47,76,37,40,43,4.42,2.18,48.68,7,0.84,46,0,29.55,0,0.00,99,13,0.76,1.55,94,24,82,63,0,0,0,0,0,46,40,59,54,0,99,36,7,7,0,0,7,20,0,0
Dudu,33,694771200,1992/01/07,Serie A,2024,Forward,Palmeiras,535,253,282,Brazil,18,10,8,0,0,0,0,0,0,0,0,4,3,1,6,3,3,0,0,0,0,0,0,0,0,1.01,89,30,0,0,0,341,367,-1,17,0,6.84,0,45,36.67,12.29,49,209,9.29,158,16,27.72,43,0.00,0.00,0.53,9,0.00,1.76,0.88,0.29,5,0.00,0.47,0.00,0.00,0.00,0.18,0.76,0.00,0.00,1.40,0.18,1.59,0.00,0.29,0.05,0.00,0.12,0.00,0.00,0,0,,8,0.47,75,5,0.88,83,3,0.53,60,4,14,4,22,0.00,99,0,3,0.53,35,30,52,5.26,92,0,0.00,99,0,0.00,0,0,0.00,0,1.58,85,27,4.74,95,13,2.28,48.15,0,0.00,0,0,0,0.00,0,0,0.00,61,0.00,0,N/A,N/A,N/A,N/A,0.00,0,0.00,0,0.86,0.00,0,75.60,62.50,91,64,0.18,0.53,3,95,48,0,0,0,0.00,0.00,0,23,116.32,0.06,0.18,1,0,0.00,0.00,99,0.00,0,0,0,0.00,0.00,0,0.00,0.00,0.35,0.12,2,1,0.00,42,12,36,40,61,0.67,45,0.04,0.12,0.86,63,0.05,0.15,99,20,1.18,3.51,0.70,0.24,19,4,0.15,62,42,4,67,0,87,16,0,0.00,99,2,0.00,0.35,12.81,4.29,73,40,91,79,7.02,2.35,54.79,8,1.40,22,0,20.00,0,0.00,99,6,0.35,1.05,86,6,93,77,0,0,0,0,0,26,40,59,54,0,99,36,7,7,0,0,7,7,0,0
Edenilson,35,629971200,1989/12/18,Serie A,2024,Midfielder,Grêmio,1334,564,770,Brazil,30,14,16,1,0,1,1,1,0,0,0,5,2,3,17,8,9,3,0,0.13,0.07,0.07,0,0.12,1334,1.15,78,44,445,1334,0.2,246,227,-1,15,0,6.48,0.03,58,31.74,15.64,34,438,12.18,341,26,24.71,33,0.00,0.00,0.43,12,0.00,0.68,1.23,0.61,17,0.00,0.82,0.00,0.00,0.00,0.50,0.46,0.00,11.00,0.80,0.11,1.07,0.00,0.29,0.07,0.00,0.61,0.00,0.00,0,0,,11,0.39,54,8,0.58,70,3,0.22,23,5,13,17,37,0.00,99,0,14,1.01,68,19,53,1.38,58,0,0.00,99,0,0.00,0,0,0.00,0,0.87,53,30,2.17,76,13,0.94,43.33,0,0.00,0,0,0,0.00,0,0,0.00,44,0.00,0,N/A,N/A,N/A,N/A,0.00,0,0.00,0,1.86,0.00,0,77.85,72.73,97,83,0.14,0.29,4,73,36,0,0,0,0.11,0.22,3,54,181.50,0.39,0.80,11,0,0.00,0.00,99,0.00,0,0,1,0.04,0.07,0,0.00,0.00,0.14,0.07,2,0,9.09,54,51,80,89,44,1.64,45,0.06,0.12,1.86,59,0.07,0.13,86,28,1.00,2.03,1.30,0.64,59,18,0.13,58,9,35,83,0,70,57,0,0.00,99,17,0.00,1.23,11.59,5.71,160,74,64,71,5.36,2.64,46.25,23,1.67,15,0,21.05,0,0.00,99,4,0.14,0.29,58,60,91,87,0,0,0,0,0,50,53,70,54,0,99,20,69,39,3,10,29,15,0,0
Eder Citadin Martins,39,532425600,1986/11/15,Serie A,2024,Forward,Criciúma,762,537,225,Italy,16,10,6,0,0,0,0,0,0,0,0,2,1,1,14,8,6,5,0,0,0,0,0,0,0,1.65,54,48,152,0,0.59,509,373,-1,30,0,6.63,0,45,23.48,13.64,18,191,10.86,152,35,18.69,21,0.00,0.00,0.93,13,0.00,1.00,0.61,0.36,5,0.00,0.71,0.00,0.00,0.00,0.07,0.07,0.00,0.00,1.35,0.50,0.50,0.00,0.29,0.07,0.00,0.29,0.00,0.00,0,0,,11,0.79,73,4,0.49,65,7,0.86,81,5,6,10,14,0.00,99,0,1,0.12,13,14,88,1.72,61,0,0.00,99,0,0.00,0,0,0.00,0,1.60,85,7,0.86,39,1,0.12,14.29,0,0.00,0,0,0,0.00,0,0,0.00,7,0.00,0,N/A,N/A,N/A,N/A,0.00,0,0.00,0,0.92,0.00,0,79.58,36.36,41,92,0.07,0.12,1,18,11,0,0,0,0.00,0.00,0,23,92.87,0.00,0.00,0,0,0.00,0.00,99,0.00,0,0,0,0.00,0.00,0,0.00,0.00,0.37,0.21,3,0,0.00,42,22,27,40,7,0.87,39,0.06,0.11,0.92,55,0.07,0.11,57,9,0.64,1.11,0.61,0.36,15,5,0.11,53,14,1,67,0,89,23,0,0.00,99,4,0.00,0.49,7.01,4.07,57,19,9,20,2.34,1.36,33.33,10,1.23,27,0,35.71,0,0.00,99,5,0.36,0.61,71,32,63,87,0,0,0,0,0,26,40,59,54,0,99,10,15,93,5,31,92,23,0,0
Edson Guilherme Mendes dos Santos,28,867999600,1997/07/04,Serie A,2024,Midfielder,Juventude,735,383,352,Brazil,16,8,8,3,1,2,2,1,1,0,0,1,0,1,14,9,5,2,0,0.61,0.24,0.37,0.23,0.51,245,1.71,53,46,368,368,0.24,34,42,-1,7,0,6.31,0.12,94,16.53,8.44,4,135,5.69,91,5,11.14,2,0.00,0.00,0.38,6,0.00,0.81,2.57,1.31,21,0.00,1.31,0.00,0.00,0.00,0.38,1.06,0.00,3.67,1.35,0.31,2.38,0.00,0.38,0.17,0.00,0.31,0.00,0.00,0,0,,11,0.69,73,6,0.73,78,5,0.61,66,2,7,9,88,0.00,99,0,6,0.73,50,13,30,1.59,60,0,0.00,99,0,0.00,0,0,0.00,0,0.73,45,38,4.65,94,17,2.08,44.74,0,0.00,0,0,0,0.00,0,0,0.00,6,0.00,0,N/A,N/A,N/A,N/A,0.00,0,0.00,0,2.73,0.00,0,67.41,54.55,81,55,0.31,0.61,5,93,39,0,0,0,0.00,0.00,0,23,100.90,0.25,0.49,4,0,0.00,0.00,99,0.00,0,0,0,0.00,0.00,0,0.00,0.00,0.49,0.25,4,0,27.27,95,21,27,47,6,1.57,77,0.10,0.19,2.73,90,0.17,0.33,87,17,1.06,2.08,1.96,1.00,89,16,0.33,88,5,17,67,0,92,31,0,0.00,99,5,0.00,0.61,17.63,9.00,144,60,95,99,7.35,3.75,41.67,21,2.57,2,0,0.00,0,0.00,99,0,0.00,0.00,30,28,68,46,0,0,0,0,0,96,94,97,79,0,99,3,59,49,2,12,41,17,0,0
Eduardo Colcenti Antunes,33,698918400,1992/02/24,Serie A,2024,Midfielder,Bragantino,2098,1057,1041,Brazil,28,15,13,8,4,4,4,3,1,1,0,4,3,1,26,9,17,8,1,0.51,0.17,0.34,0.34,0.35,262,1.12,81,75,233,525,0.39,42,95,-1,1,0,7.16,0.14,83,20.93,16.96,13,458,12.04,325,9,14.86,11,0.00,0.00,1.07,29,0.00,0.41,0.37,0.30,8,0.00,0.56,0.00,0.00,0.00,0.19,0.41,0.00,5.88,2.15,0.70,1.15,0.00,1.04,0.34,0.00,2.33,0.00,0.00,0,0,,47,1.74,93,28,1.28,96,19,0.87,81,5,2,26,8,0.00,99,0,5,0.23,20,11,30,0.50,38,0,0.00,99,0,0.00,0,0,0.00,0,1.33,75,31,1.42,60,11,0.50,35.48,0,0.00,0,0,0,0.00,0,0,0.00,49,0.00,0,N/A,N/A,N/A,N/A,0.00,0,0.00,0,9.21,0.00,0,70.96,59.57,86,85,0.22,0.27,6,47,22,1,0,0,0.07,0.09,2,32,193.31,0.85,1.05,23,0,0.00,0.00,99,0.00,0,1,1,0.04,0.05,0,0.00,0.00,0.23,0.19,5,0,17.02,80,76,74,48,51,4.10,77,0.15,0.19,8.51,94,0.32,0.39,81,39,1.44,1.78,0.78,0.63,23,17,0.42,94,88,46,74,0,81,93,0,0.00,99,63,0.00,2.88,12.39,10.04,271,121,67,76,5.53,4.48,44.65,15,0.69,57,0,0.00,0,0.00,99,0,0.00,0.00,30,83,31,87,0,1,0,4,0,93,92,91,88,0,99,12,29,80,7,25,84,19,0,0
Eduardo de Queiroz Melo,24,989737200,2001/05/13,Serie A,2024,Forward,Criciúma,17,0,17,Brazil,1,0,1,0,0,0,0,0,0,0,0,0,0,0,1,0,1,0,0,0,0,0,0,0,0,5.29,17,17,0,0,0,-1,-1,-1,20,0,6.45,0,45,10.59,2.00,0,2,1.00,1,0,5.29,0,0.00,0.00,0.00,0,0.00,0.00,0.00,0.00,0,0.00,0.00,0.00,0.00,0.00,0.00,0.00,0.00,0.00,0.00,0.00,0.00,0.00,0.00,0.00,0.00,1.00,0.00,0.00,0,0,,0,0.00,8,0,0.00,15,0,0.00,9,0,1,0,4,0.00,99,0,0,0.00,9,0,30,0.00,14,0,0.00,99,0,0.00,0,0,0.00,0,0.00,8,0,0.00,7,0,0.00,0.00,0,0.00,0,0,0,0.00,0,0,0.00,0,0.00,0,N/A,N/A,N/A,N/A,0.00,0,0.00,0,0.00,0.00,0,50.00,0.00,15,99,0.00,0.00,0,10,10,0,0,0,0.00,0.00,0,23,6.45,0.00,0.00,0,0,0.00,0.00,99,0.00,0,0,0,0.00,0.00,0,0.00,0.00,0.00,0.00,0,0,0.00,42,0,0,40,0,0.00,0,0.00,0.00,0.00,9,0.00,0.00,2,0,0.00,0.00,0.00,0.00,5,0,0.00,9,8,1,67,0,41,99,0,0.00,99,1,0.00,5.29,10.59,2.00,2,1,63,62,5.29,1.00,50.00,0,0.00,99,0,0.00,0,0.00,99,0,0.00,0.00,30,0,22,11,0,0,0,0,0,26,40,59,54,0,99,2,7,7,0,0,7,99,0,0
Eduardo Gonzaga Mendes Santos,27,880704000,1997/11/28,Serie A,2024,Defender,Bragantino,1713,810,903,Portugal,22,9,13,1,0,1,0,0,0,0,0,5,3,2,20,7,13,5,0,0.05,0,0.05,0,0.1,1713,1.05,86,78,343,0,0.26,276,476,88,16,0,6.96,0,45,43.79,39.57,69,831,32.95,692,57,36.46,67,0.00,0.00,0.14,3,0.00,0.24,1.63,1.48,31,0.00,0.43,0.00,0.00,0.00,0.86,0.33,0.00,8.00,0.42,0.29,0.38,0.00,0.10,0.05,0.00,1.48,0.00,0.00,0,0,,8,0.38,27,2,0.11,23,6,0.32,36,4,4,18,54,0.00,99,0,18,0.95,64,5,30,0.26,29,0,0.00,99,0,0.00,0,0,0.00,0,0.16,15,8,0.42,24,7,0.37,87.50,0,0.00,0,0,0,0.00,0,0,0.00,57,0.00,0,N/A,N/A,N/A,N/A,0.00,0,0.00,0,1.14,0.00,0,83.27,25.00,24,77,0.33,0.37,7,36,93,0,0,0,0.76,0.84,16,93,146.20,4.76,5.27,100,0,0.00,0.00,99,0.00,0,0,0,0.00,0.00,0,0.00,0.00,0.00,0.00,0,0,12.50,68,66,50,94,57,1.37,17,0.07,0.07,1.14,39,0.05,0.06,26,10,0.48,0.53,0.42,0.38,10,8,0.06,38,62,97,67,0,41,68,0,0.00,99,31,0.00,1.63,6.38,5.76,121,79,32,14,4.16,3.76,65.29,9,0.47,66,0,0.00,0,0.00,99,0,0.00,0.00,30,62,50,77,0,0,0,0,0,32,47,67,54,0,99,39,54,54,5,23,79,3,0,0
Eduardo Kogitzki Anastacio,19,1136102400,2006/01/01,Serie A,2024,Midfielder,Atlético PR,0,0,0,Brazil,0,0,0,0,0,0,0,0,0,0,0,0,0,0,0,0,0,0,0,0,0,0,0,0,0,0,0,0,0,0,0,-1,-1,-1,-1,N/A,N/A,N/A,N/A,N/A,N/A,N/A,N/A,N/A,N/A,N/A,N/A,N/A,N/A,N/A,N/A,N/A,N/A,N/A,N/A,N/A,N/A,N/A,N/A,N/A,N/A,N/A,N/A,N/A,N/A,N/A,N/A,N/A,N/A,N/A,N/A,N/A,N/A,N/A,N/A,N/A,N/A,N/A,N/A,N/A,N/A,N/A,N/A,N/A,N/A,N/A,N/A,N/A,N/A,N/A,N/A,N/A,N/A,N/A,N/A,N/A,N/A,N/A,N/A,N/A,N/A,N/A,N/A,N/A,N/A,N/A,N/A,N/A,N/A,N/A,N/A,N/A,N/A,N/A,N/A,N/A,N/A,N/A,N/A,N/A,N/A,N/A,N/A,N/A,N/A,N/A,N/A,N/A,N/A,N/A,N/A,N/A,N/A,N/A,N/A,N/A,N/A,N/A,N/A,N/A,N/A,N/A,N/A,N/A,N/A,N/A,N/A,N/A,N/A,N/A,N/A,N/A,N/A,N/A,N/A,N/A,N/A,N/A,N/A,N/A,N/A,N/A,N/A,N/A,N/A,N/A,N/A,N/A,N/A,N/A,N/A,N/A,N/A,N/A,N/A,N/A,N/A,N/A,N/A,N/A,N/A,N/A,N/A,N/A,N/A,N/A,N/A,N/A,N/A,N/A,N/A,N/A,N/A,N/A,N/A,N/A,N/A,N/A,N/A,N/A,N/A,N/A,N/A,N/A,N/A,N/A,N/A,N/A,N/A,N/A,N/A,N/A,N/A,N/A,N/A,N/A,N/A,N/A,N/A,N/A,N/A,N/A,N/A,N/A,N/A,N/A,N/A,N/A,N/A,N/A,N/A,N/A,N/A,N/A,N/A,N/A,N/A,N/A,N/A,N/A,N/A,N/A,N/A,N/A,N/A,N/A,N/A,N/A,N/A,N/A,N/A,N/A,N/A,N/A,N/A,N/A,N/A,N/A,N/A
Eduardo Marcelo Rodrigues Nunes,26,928566000,1999/06/05,Serie A,2024,Midfielder,Vitória,297,205,92,Brazil,5,3,2,0,0,0,0,0,0,0,0,0,0,0,8,6,2,5,1,0,0,0,0,0,0,2.42,37,59,59,0,1.52,487,517,-1,36,0,6.69,0,45,51.52,34.00,85,170,26.40,132,25,40.00,77,0.00,0.00,0.60,3,0.00,0.40,4.24,2.80,14,0.00,0.60,0.00,0.00,0.00,0.40,1.40,0.00,0.00,0.00,0.00,2.20,0.00,0.00,0.00,0.00,0.40,0.00,0.00,0,0,,0,0.00,8,0,0.00,15,0,0.00,9,1,1,4,99,0.00,99,0,2,0.61,42,2,30,0.61,44,0,0.00,99,0,0.00,0,0,0.00,0,0.91,56,11,3.33,87,7,2.12,63.64,0,0.00,0,0,0,0.00,0,0,0.00,0,0.00,0,N/A,N/A,N/A,N/A,0.00,0,0.00,0,0.00,0.00,0,77.65,0.00,15,16,0.80,1.21,4,93,79,0,0,0,0.00,0.00,0,23,33.45,0.40,0.61,2,0,0.00,0.00,99,0.00,0,0,0,0.00,0.00,0,0.00,0.00,0.00,0.00,0,0,0.00,42,0,1,40,0,0.35,39,0.07,0.11,0.00,9,0.00,0.00,72,5,1.00,1.52,1.82,1.20,85,6,0.00,9,20,23,67,0,41,31,0,0.00,99,2,0.00,0.61,14.55,9.60,48,28,99,89,8.48,5.60,58.33,3,0.91,43,0,0.00,0,0.00,99,0,0.00,0.00,30,6,22,30,0,0,0,0,0,26,40,59,54,0,99,2,7,99,3,60,99,21,0,0
Eduardo Vargas,36,627552000,1989/11/20,Serie A,2024,Forward,Atlético Mineiro,836,491,345,Chile,23,12,11,8,4,4,2,2,0,2,0,5,3,2,18,13,5,1,0,1.08,0.22,0.86,0.73,1.04,105,1.94,46,36,836,418,0.11,1,48,-1,2,0,7.14,0.09,92,25.05,10.20,20,204,8.60,172,64,21.12,25,0.00,0.00,0.70,14,0.00,0.25,1.23,0.50,10,0.00,0.60,0.00,0.00,0.00,0.15,0.30,0.00,3.25,3.19,0.65,0.60,0.00,0.65,0.35,0.00,0.65,0.00,0.00,0,0,,26,1.30,99,13,1.60,99,13,1.60,99,2,15,8,37,0.00,99,0,3,0.37,26,5,91,0.61,44,0,0.00,99,0,0.00,0,0,0.00,0,1.72,88,12,1.47,61,6,0.74,50.00,0,0.00,0,0,0,0.00,0,0,0.00,3,0.00,0,N/A,N/A,N/A,N/A,0.00,0,0.00,0,7.10,0.00,0,84.31,50.00,74,87,0.10,0.25,2,63,57,2,0,0,0.05,0.12,1,39,142.73,0.25,0.61,5,0,0.00,0.00,99,0.00,0,2,0,0.00,0.00,0,0.00,0.00,0.86,0.35,7,4,30.77,97,26,55,40,3,2.06,90,0.10,0.25,5.70,99,0.29,0.70,95,22,1.10,2.70,0.98,0.40,35,8,0.87,99,86,23,67,0,98,66,0,0.00,99,13,0.00,1.60,10.93,4.45,89,50,79,66,6.14,2.50,56.18,12,1.47,20,0,40.00,0,0.00,99,2,0.10,0.25,55,24,95,46,0,1,0,4,0,99,99,99,99,0,99,36,92,17,1,4,10,11,0,0
Eduardo Vinícius Rodrigues dos Santos,20,1112428800,2005/04/02,Serie A,2024,Midfielder,Cuiabá,11,11,0,Brazil,1,1,0,0,0,0,0,0,0,0,0,0,0,0,0,0,0,0,0,0,0,0,0,0,0,0,0,11,0,0,0,-1,-1,-1,14,0,12.63,0,45,98.18,12.00,99,12,10.00,10,58,81.82,99,0.00,0.00,1.00,1,0.00,0.00,0.00,0.00,0,0.00,0.00,0.00,0.00,0.00,0.00,0.00,0.00,0.00,0.00,0.00,0.00,0.00,0.00,0.00,0.00,0.00,0.00,0.00,0,0,,0,0.00,8,0,0.00,15,0,0.00,9,0,1,0,4,0.00,99,0,0,0.00,9,0,30,0.00,14,0,0.00,99,0,0.00,0,0,0.00,0,8.18,99,0,0.00,7,0,0.00,0.00,0,0.00,0,0,0,0.00,0,0,0.00,99,0.00,0,N/A,N/A,N/A,N/A,0.00,0,0.00,0,0.00,0.00,0,83.33,0.00,15,99,0.00,0.00,0,10,10,0,0,0,0.00,0.00,0,23,12.63,0.00,0.00,0,0,0.00,0.00,99,0.00,0,0,0,0.00,0.00,0,0.00,0.00,0.00,0.00,0,0,0.00,42,0,0,40,0,0.07,99,0.07,0.57,0.00,9,0.00,0.00,2,0,0.00,0.00,8.18,1.00,99,1,0.00,9,99,1,67,0,41,2,0,0.00,99,0,0.00,0.00,8.18,1.00,1,0,0,32,0.00,0.00,0.00,0,0.00,99,0,0.00,0,0.00,99,0,0.00,0.00,30,0,22,11,0,0,0,0,0,26,40,59,54,0,99,2,7,7,0,0,7,15,0,0
Eli Silvano Kovalik Junior,22,1064300400,2003/09/23,Serie A,2024,Midfielder,Atlético GO,13,0,13,Brazil,1,0,1,0,0,0,0,0,0,0,0,0,0,0,0,0,0,0,0,0,0,0,0,0,0,0,0,13,0,0,0,-1,-1,-1,19,0,6.81,0,45,55.38,8.00,90,8,8.00,8,99,55.38,96,0.00,0.00,0.00,0,0.00,0.00,6.92,1.00,1,0.00,1.00,0.00,0.00,0.00,0.00,0.00,0.00,0.00,6.92,0.00,1.00,0.00,1.00,0.12,0.00,0.00,0.00,0.00,0,0,,1,1.00,99,1,6.92,99,0,0.00,9,0,1,0,99,0.00,99,0,0,0.00,9,0,30,0.00,14,0,0.00,99,0,0.00,0,0,0.00,0,0.00,8,1,6.92,99,0,0.00,0.00,0,0.00,0,0,0,0.00,0,0,0.00,99,0.00,0,N/A,N/A,N/A,N/A,0.00,0,0.00,0,0.12,0.00,0,100.00,100.00,99,0,2.00,13.85,2,10,10,0,0,0,0.00,0.00,0,23,6.81,0.00,0.00,0,0,0.00,0.00,99,0.00,0,0,0,0.00,0.00,0,0.00,0.00,0.00,0.00,0,0,0.00,42,0,0,40,0,0.02,57,0.02,0.14,0.12,99,0.12,0.83,2,0,0.00,0.00,0.00,0.00,5,0,0.83,99,36,1,67,0,41,2,0,0.00,99,0,0.00,0.00,34.62,5.00,5,1,90,99,6.92,1.00,20.00,1,6.92,0,0,0.00,0,0.00,99,0,0.00,0.00,30,0,22,11,0,0,0,0,0,26,40,59,54,0,99,2,7,7,0,0,7,20,0,0
Eliédson Pereira de Souza,22,1047888000,2003/03/17,Serie A,2024,Midfielder,Criciúma,34,13,21,Brazil,5,2,3,0,0,0,0,0,0,0,0,1,1,0,1,0,1,0,0,0,0,0,0,0,0,2.65,34,7,0,0,0,-1,-1,-1,28,0,6.52,0,45,63.53,4.80,98,24,4.00,20,58,52.94,94,0.00,0.00,0.00,0,0.00,0.20,10.59,0.80,4,0.00,0.20,0.00,0.00,0.00,0.00,0.00,0.00,0.00,0.00,0.00,0.20,0.00,0.00,0.00,0.00,0.00,0.00,0.00,0,0,,0,0.00,8,0,0.00,15,0,0.00,9,0,5,0,99,0.00,99,0,0,0.00,9,1,30,2.65,71,0,0.00,99,0,0.00,0,0,0.00,0,0.00,8,1,2.65,81,0,0.00,0.00,0,0.00,0,0,0,0.00,0,0,0.00,0,0.00,0,N/A,N/A,N/A,N/A,0.00,0,0.00,0,0.00,0.00,0,83.33,0.00,15,0,0.20,2.65,1,10,10,0,0,0,0.00,0.00,0,23,32.61,0.40,5.29,2,0,0.00,0.00,99,0.00,0,0,0,0.00,0.00,0,0.00,0.00,0.00,0.00,0,0,0.00,42,0,1,40,0,0.04,39,0.01,0.11,0.00,9,0.00,0.00,2,0,0.00,0.00,0.00,0.00,5,0,0.00,9,10,97,67,0,41,2,0,0.00,99,0,0.00,0.00,18.53,1.40,7,4,99,99,10.59,0.80,57.14,1,2.65,2,0,0.00,0,0.00,99,0,0.00,0.00,30,0,57,11,0,0,0,0,0,26,40,59,54,0,99,29,7,7,0,0,7,15,0,0
Eliel Chrystian Pereira Silva,22,1043568000,2003/01/26,Serie A,2024,Forward,Cuiabá,482,332,150,Brazil,22,12,10,2,1,1,0,0,0,0,0,5,4,1,7,5,2,2,0,0.37,0,0.37,0.27,0.6,241,1.31,69,22,241,0,0.37,35,396,-1,4,0,6.66,0,45,11.30,3.00,0,60,2.10,42,8,7.91,0,0.00,0.00,0.10,2,0.00,0.35,1.51,0.40,8,0.00,0.25,0.00,0.00,0.00,0.05,0.10,0.00,5.00,1.88,0.25,0.40,0.00,0.25,0.10,0.00,0.40,0.00,0.00,0,0,,10,0.50,88,5,0.94,87,5,0.94,85,5,19,3,49,0.00,99,0,1,0.19,17,7,30,1.32,57,0,0.00,99,0,0.00,0,0,0.00,0,0.38,28,8,1.51,63,2,0.38,25.00,0,0.00,0,0,0,0.00,0,0,0.00,25,0.00,0,N/A,N/A,N/A,N/A,0.00,0,0.00,0,2.07,0.00,0,70.00,50.00,74,61,0.15,0.56,3,37,15,0,0,0,0.05,0.19,1,49,133.23,0.30,1.13,6,0,0.00,0.00,99,0.00,0,0,0,0.00,0.00,0,0.00,0.00,0.19,0.05,1,0,20.00,87,8,50,46,26,0.19,6,0.01,0.04,2.07,94,0.10,0.39,99,19,0.95,3.58,1.13,0.30,45,6,0.39,92,17,47,67,0,77,65,0,0.00,99,8,0.00,1.51,13.18,3.50,70,37,91,82,6.97,1.85,52.86,5,0.94,42,0,0.00,0,0.00,99,0,0.00,0.00,30,2,99,87,0,0,0,0,0,82,94,99,82,0,99,39,31,77,2,9,26,11,0,0
Emanuel Brítez,33,701596800,1992/03/26,Serie A,2024,Defender,Fortaleza,2508,1270,1238,Argentina,30,15,15,0,0,0,2,2,0,0,0,11,9,2,26,5,21,13,2,0.07,0.07,0,0,0,0,0.93,96,84,193,1254,0.47,447,220,57,24,0,6.94,0.07,58,34.10,31.35,40,815,23.85,620,17,25.94,36,0.00,0.00,0.31,8,0.00,0.50,2.18,2.00,52,0.00,0.31,0.00,0.00,0.00,1.23,0.35,0.00,0.00,0.46,0.31,0.46,0.00,0.12,0.03,0.00,2.23,0.00,0.00,0,0,,11,0.42,30,3,0.13,26,8,0.33,38,2,1,29,77,0.00,99,0,32,1.34,84,13,32,0.54,40,0,0.00,99,0,0.00,0,0,0.00,0,0.33,25,12,0.50,28,9,0.38,75.00,0,0.00,0,0,0,0.00,0,0,0.00,70,0.00,0,N/A,N/A,N/A,N/A,0.00,0,0.00,0,0.85,0.00,0,76.07,27.27,26,36,0.81,0.88,21,37,90,0,0,0,0.58,0.63,15,85,180.56,3.77,4.10,98,0,0.00,0.00,99,0.00,0,0,0,0.00,0.00,0,0.00,0.00,0.08,0.08,2,0,0.00,42,89,80,40,69,2.72,39,0.10,0.11,0.85,30,0.03,0.04,31,15,0.58,0.63,1.21,1.12,51,29,0.04,29,59,88,67,0,58,86,0,0.00,99,58,0.00,2.43,9.37,8.62,224,134,68,48,5.61,5.15,59.82,8,0.33,72,0,7.69,0,0.00,99,1,0.04,0.04,33,88,22,46,0,0,0,0,0,36,40,59,54,0,99,83,21,87,10,33,95,19,0,0
Emerson Junior,25,949910400,2000/02/07,Serie A,2024,Goalkeeper,Atlético GO,0,0,0,Brazil,0,0,0,0,0,0,0,0,0,0,0,0,0,0,0,0,0,0,0,0,0,0,0,0,0,0,0,0,0,0,0,-1,-1,-1,-1,N/A,N/A,N/A,N/A,N/A,N/A,N/A,N/A,N/A,N/A,N/A,N/A,N/A,N/A,N/A,N/A,N/A,N/A,N/A,N/A,N/A,N/A,N/A,N/A,N/A,N/A,N/A,N/A,N/A,N/A,N/A,N/A,N/A,N/A,N/A,N/A,N/A,N/A,N/A,N/A,N/A,N/A,N/A,N/A,N/A,N/A,N/A,N/A,N/A,N/A,N/A,N/A,N/A,N/A,N/A,N/A,N/A,N/A,N/A,N/A,N/A,N/A,N/A,N/A,N/A,N/A,N/A,N/A,N/A,N/A,N/A,N/A,N/A,N/A,N/A,N/A,N/A,N/A,N/A,N/A,N/A,N/A,N/A,N/A,N/A,N/A,N/A,N/A,N/A,N/A,N/A,N/A,N/A,N/A,N/A,N/A,N/A,N/A,N/A,N/A,N/A,N/A,N/A,N/A,N/A,N/A,N/A,N/A,N/A,N/A,N/A,N/A,N/A,N/A,N/A,N/A,N/A,N/A,N/A,N/A,N/A,N/A,N/A,N/A,N/A,N/A,N/A,N/A,N/A,N/A,N/A,N/A,N/A,N/A,N/A,N/A,N/A,N/A,N/A,N/A,N/A,N/A,N/A,N/A,N/A,N/A,N/A,N/A,N/A,N/A,N/A,N/A,N/A,N/A,N/A,N/A,N/A,N/A,N/A,N/A,N/A,N/A,N/A,N/A,N/A,N/A,N/A,N/A,N/A,N/A,N/A,N/A,N/A,N/A,N/A,N/A,N/A,N/A,N/A,N/A,N/A,N/A,N/A,N/A,N/A,N/A,N/A,N/A,N/A,N/A,N/A,N/A,N/A,N/A,N/A,N/A,N/A,N/A,N/A,N/A,N/A,N/A,N/A,N/A,N/A,N/A,N/A,N/A,N/A,N/A,N/A,N/A,N/A,N/A,N/A,N/A,N/A,N/A,N/A,N/A,N/A,N/A,N/A,N/A
Emerson Rivaldo Rodríguez Valois,25,967186800,2000/08/25,Serie A,2024,Midfielder,Vasco da Gama,802,365,437,Colombia,15,7,8,2,2,0,0,0,0,0,0,3,2,1,10,5,5,1,0,0.22,0,0.22,0.49,0,401,1.12,80,53,802,0,0.11,99,389,-1,4,0,6.76,0,45,19.99,11.80,11,177,8.67,130,13,14.68,11,0.00,0.00,0.87,13,0.00,1.87,1.13,0.67,10,0.00,1.47,0.00,0.00,0.00,0.33,1.47,0.00,6.00,1.36,0.33,2.53,0.00,0.47,0.16,0.00,0.33,0.00,0.00,0,0,,12,0.80,73,7,0.79,80,5,0.56,62,2,6,9,32,0.00,99,0,5,0.56,38,28,46,3.16,78,0,0.00,99,0,0.00,0,0,0.00,0,1.47,81,38,4.29,92,22,2.48,57.89,0,0.00,0,0,0,0.00,0,0,0.00,49,0.00,0,N/A,N/A,N/A,N/A,0.00,0,0.00,0,2.37,0.00,0,73.45,58.33,85,9,0.87,1.47,13,96,71,0,0,0,0.07,0.11,1,38,101.46,0.13,0.23,2,0,0.00,0.00,99,0.00,0,0,1,0.07,0.11,0,0.00,0.00,0.56,0.33,5,0,16.67,80,25,23,58,48,0.69,22,0.05,0.08,2.37,84,0.16,0.27,39,7,0.47,0.79,0.68,0.40,18,6,0.27,82,28,6,91,0,94,28,0,0.00,99,5,0.00,0.56,12.76,7.53,113,44,55,79,4.97,2.93,38.94,22,2.48,3,0,17.86,0,0.00,99,5,0.33,0.56,69,28,63,46,0,0,0,0,0,66,82,59,95,0,99,29,91,17,1,7,17,17,0,0
Emersonn Correia da Silva,21,1089961200,2004/07/16,Serie A,2024,Midfielder,Atlético PR,375,184,191,Brazil,13,7,6,0,0,0,0,0,0,0,0,3,2,1,7,3,4,0,0,0,0,0,0,0,0,1.68,54,29,0,0,0,326,371,-1,30,0,6.64,0,45,20.11,5.36,11,59,3.00,33,0,11.25,3,0.00,0.00,0.45,5,0.00,0.27,2.05,0.55,6,0.00,0.36,0.00,0.00,0.00,0.00,0.45,0.00,0.00,1.02,0.09,0.82,0.00,0.18,0.02,0.00,1.45,0.00,0.00,0,0,,3,0.27,60,2,0.68,75,1,0.34,39,3,11,2,72,0.00,99,0,0,0.00,9,3,30,1.02,52,0,0.00,99,0,0.00,0,0,0.00,0,1.70,87,9,3.07,84,5,1.70,55.56,0,0.00,0,0,0,0.00,0,0,0.00,6,0.00,0,N/A,N/A,N/A,N/A,0.00,0,0.00,0,0.27,0.00,0,55.93,66.67,95,80,0.09,0.34,1,88,67,0,0,0,0.00,0.00,0,23,72.99,0.45,1.70,5,0,0.00,0.00,99,0.00,0,0,0,0.00,0.00,0,0.00,0.00,0.34,0.09,1,0,0.00,42,0,18,40,7,0.30,33,0.03,0.10,0.27,49,0.02,0.09,79,5,0.45,1.70,2.39,0.64,95,7,0.09,49,15,63,67,0,87,99,0,0.00,99,16,0.00,5.45,21.14,5.64,62,31,99,99,10.57,2.82,50.00,4,1.36,23,0,0.00,0,0.00,99,0,0.00,0.00,30,1,85,63,0,0,0,0,0,26,40,59,54,0,99,39,7,7,0,0,7,90,0,0
Emiliano Rodríguez Rosales,22,1058338800,2003/07/16,Serie A,2024,Midfielder,Atlético GO,1104,589,515,Uruguay,21,11,10,0,0,0,0,0,0,0,0,2,0,2,15,9,6,3,1,0,0,0,0,0,0,1.22,74,53,276,0,0.33,519,455,-1,37,0,6.77,0,45,16.95,10.37,5,197,7.11,135,6,11.62,3,0.00,0.00,0.53,10,0.00,0.37,0.60,0.37,7,0.00,0.63,0.00,0.00,0.00,0.05,0.42,0.00,0.00,2.07,0.74,1.21,0.00,0.53,0.10,0.00,1.84,0.00,0.00,0,0,,24,1.26,92,10,0.86,82,14,1.20,95,1,7,14,14,0.00,99,0,1,0.09,12,7,40,0.60,43,0,0.00,99,0,0.00,0,0,0.00,0,0.86,52,23,1.98,73,8,0.69,34.78,0,0.00,0,0,0,0.00,0,0,0.00,34,0.00,0,N/A,N/A,N/A,N/A,0.00,0,0.00,0,1.81,0.00,0,68.53,41.67,53,72,0.26,0.43,5,60,21,0,0,0,0.05,0.09,1,32,128.64,0.42,0.69,8,0,0.00,0.00,99,0.00,0,0,0,0.00,0.00,0,0.00,0.00,0.69,0.42,8,0,0.00,42,41,46,40,35,0.71,13,0.04,0.06,1.81,66,0.10,0.16,82,21,1.11,1.81,0.86,0.53,28,10,0.16,64,29,28,67,0,96,94,0,0.00,99,35,0.00,3.01,14.71,9.00,171,71,78,90,6.11,3.74,41.52,12,1.03,37,0,14.29,0,0.00,99,1,0.05,0.09,42,48,68,30,0,0,0,0,0,26,40,59,54,0,99,5,39,70,2,10,29,9,0,0
Endrick Felipe Moreira de Sousa,19,1153465200,2006/07/21,Serie A,2024,Forward,Palmeiras,456,270,186,Brazil,6,3,3,0,0,0,0,0,0,0,0,4,1,3,3,3,0,3,0,0,0,0,0,0,0,0.59,152,76,152,0,0.59,478,465,-1,27,0,6.72,0,45,18.36,15.50,7,93,11.50,69,14,13.62,9,0.00,0.00,0.17,1,0.00,0.50,1.18,1.00,6,0.00,1.00,0.00,0.00,0.00,0.00,1.33,0.00,0.00,2.17,1.50,3.50,0.00,0.33,0.12,0.00,0.50,0.00,0.00,0,0,,11,1.83,93,2,0.39,58,9,1.78,99,2,0,6,34,0.00,99,0,0,0.00,9,3,86,0.59,43,0,0.00,99,0,0.00,0,0,0.00,0,0.20,18,21,4.14,92,8,1.58,38.10,0,0.00,0,0,0,0.00,0,0,0.00,95,0.00,0,N/A,N/A,N/A,N/A,0.00,0,0.00,0,0.74,0.00,0,74.19,18.18,16,75,0.33,0.39,2,87,24,0,0,0,0.00,0.00,0,23,40.32,0.33,0.39,2,0,0.00,0.00,99,0.00,0,0,0,0.00,0.00,0,0.00,0.00,0.00,0.00,0,1,0.00,42,6,3,40,95,0.17,3,0.03,0.03,0.74,63,0.12,0.15,99,18,3.00,3.55,2.57,2.17,98,13,0.15,62,22,12,67,0,41,30,0,0.00,99,3,0.00,0.59,14.41,12.17,73,34,88,89,6.71,5.67,46.58,6,1.18,30,0,33.33,0,0.00,99,1,0.17,0.20,51,14,14,46,0,0,0,0,0,26,40,59,54,0,99,99,15,93,3,50,99,9,0,0
Enner Valencia,36,626169600,1989/11/04,Serie A,2024,Forward,Internacional,966,459,507,Ecuador,24,12,12,3,1,2,1,0,1,0,1,8,5,3,14,6,8,2,0,0.37,0.09,0.28,0.2,0.36,322,1.3,69,40,483,966,0.19,60,185,-1,4,0,6.76,0.04,65,15.09,6.75,2,162,5.25,126,26,11.74,4,0.00,0.00,0.38,9,0.00,0.50,0.65,0.29,7,0.00,0.71,0.00,0.00,0.00,0.04,0.42,0.00,8.33,2.33,0.46,1.08,0.00,0.58,0.17,0.00,0.75,0.00,0.00,0,0,,25,1.04,95,14,1.30,96,11,1.02,89,5,13,11,15,0.00,99,0,1,0.09,12,12,32,1.12,54,0,0.00,99,0,0.00,0,0,0.00,0,0.84,51,26,2.42,79,10,0.93,38.46,0,0.00,0,0,0,0.00,0,0,0.00,26,0.00,0,N/A,N/A,N/A,N/A,0.00,0,0.00,0,4.17,0.00,0,77.78,56.00,83,77,0.17,0.37,4,72,25,0,1,0,0.00,0.00,0,23,162.22,0.17,0.37,4,1,0.00,0.09,5,0.04,0,1,3,0.12,0.28,0,0.00,0.00,0.37,0.17,4,0,12.00,63,33,58,52,26,1.19,39,0.05,0.11,3.47,89,0.14,0.32,74,17,0.71,1.58,1.40,0.62,65,15,0.39,92,28,11,99,0,89,70,0,0.00,99,18,0.00,1.68,14.07,6.29,151,52,51,86,4.84,2.17,34.44,17,1.58,16,0,8.33,0,0.00,99,1,0.04,0.09,42,37,91,87,0,0,0,0,0,82,89,92,76,0,99,76,73,37,2,8,21,13,0,0
Eric Dos Santos Rodrigues,25,965890800,2000/08/10,Serie A,2024,Midfielder,Bragantino,1109,413,696,Brazil,22,10,12,2,1,1,2,1,1,0,0,4,3,1,14,5,9,4,0,0.32,0.16,0.16,0.22,0.13,555,1.14,79,50,277,555,0.32,142,108,-1,7,0,6.81,0.09,81,38.13,19.95,53,419,17.10,359,72,32.67,57,0.00,0.00,0.38,8,0.00,0.48,1.91,1.00,21,0.00,0.95,0.00,0.00,0.00,0.33,0.48,0.00,9.00,1.64,0.57,0.90,0.00,0.29,0.12,0.00,0.19,0.00,0.00,0,0,,18,0.86,81,6,0.55,68,12,1.09,91,4,11,11,66,0.00,99,0,7,0.64,45,10,30,0.91,49,0,0.00,99,0,0.00,0,0,0.00,0,0.73,45,19,1.73,68,10,0.91,52.63,0,0.00,0,0,0,0.00,0,0,0.00,46,0.00,0,N/A,N/A,N/A,N/A,0.00,0,0.00,0,2.61,0.00,0,85.68,33.33,37,22,0.57,1.09,12,71,59,0,0,0,0.10,0.18,2,47,142.91,0.29,0.55,6,0,0.00,0.00,99,0.00,0,0,2,0.10,0.18,0,0.00,0.00,0.00,0.00,0,0,11.11,61,41,50,67,46,2.25,80,0.11,0.20,2.61,80,0.12,0.24,71,16,0.76,1.46,1.46,0.76,69,16,0.24,78,36,20,97,0,41,16,0,0.00,99,4,0.00,0.36,10.92,5.71,120,51,46,66,4.64,2.43,42.50,20,1.82,12,0,0.00,0,0.00,99,0,0.00,0.00,30,37,85,77,0,0,0,0,0,77,73,72,78,0,99,23,39,68,4,18,63,7,0,0
Erick,28,879494400,1997/11/14,Serie A,2024,Midfielder,Atlético PR,2566,1230,1336,Brazil,34,16,18,3,2,1,1,0,1,0,0,8,5,3,29,12,17,2,0,0.14,0.04,0.11,0.15,0.07,855,1.02,88,75,1283,2566,0.07,189,267,-1,5,0,7.05,0.03,50,36.97,30.82,50,1017,26.70,881,78,32.02,54,0.00,0.00,0.45,15,0.00,0.18,1.74,1.45,48,0.00,0.45,0.00,0.00,0.00,1.03,0.55,0.00,12.33,1.34,0.79,0.82,0.00,0.33,0.13,0.00,1.39,0.00,0.00,0,0,,37,1.12,72,11,0.40,58,26,0.95,86,6,4,30,60,0.00,99,0,34,1.24,80,6,96,0.22,27,0,0.00,99,0,0.00,0,0,0.00,0,0.55,35,27,0.98,44,18,0.65,66.67,0,0.00,0,0,0,0.00,0,0,0.00,60,0.00,0,N/A,N/A,N/A,N/A,0.00,0,0.00,0,4.45,0.00,0,86.63,29.73,28,34,0.76,0.91,25,55,83,0,0,0,0.33,0.40,11,74,232.77,1.33,1.60,44,1,0.00,0.04,15,0.03,0,0,2,0.06,0.07,0,0.00,0.00,0.04,0.03,1,0,8.11,53,91,94,78,60,2.86,33,0.09,0.10,4.45,66,0.13,0.16,47,25,0.76,0.91,1.20,1.00,51,33,0.16,64,76,61,83,0,46,70,0,0.00,99,46,0.00,1.67,9.81,8.18,270,137,55,53,4.98,4.15,50.74,15,0.55,62,0,50.00,0,0.00,99,3,0.09,0.11,45,90,50,93,0,0,0,0,0,52,64,63,70,0,99,43,98,11,2,6,15,26,0,0
Erick Antonio Pulgar Farfán,31,758620800,1994/01/15,Serie A,2024,Midfielder,Flamengo,1755,957,798,Chile,23,12,11,0,0,0,3,2,1,0,0,7,2,5,14,10,4,7,1,0.15,0.15,0,0,0,0,0.72,125,76,251,585,0.36,511,117,-1,35,0,6.93,0.13,79,62.21,49.95,96,1099,44.86,987,94,55.87,96,0.00,0.00,0.82,18,0.00,0.41,2.43,1.95,43,0.00,0.64,0.00,0.00,0.00,1.05,0.09,0.00,0.00,0.34,0.14,0.27,0.00,0.14,0.02,0.00,1.36,0.00,0.00,0,0,,6,0.27,21,3,0.17,32,3,0.17,18,2,2,21,84,0.00,99,0,23,1.30,82,9,35,0.51,40,0,0.00,99,0,0.00,0,0,0.00,0,1.02,61,6,0.34,20,2,0.11,33.33,0,0.00,0,0,0,0.00,0,0,0.00,90,0.00,0,N/A,N/A,N/A,N/A,0.00,0,0.00,0,0.54,0.00,0,89.81,50.00,74,17,0.95,1.19,21,16,20,0,0,0,0.32,0.40,7,74,152.38,1.18,1.47,26,0,0.00,0.00,99,0.00,0,0,1,0.05,0.06,0,0.00,0.00,0.00,0.00,0,0,0.00,42,66,55,40,90,4.48,90,0.20,0.25,0.54,24,0.02,0.03,34,12,0.55,0.68,1.58,1.27,74,28,0.03,24,57,58,78,0,41,72,0,0.00,99,30,0.00,1.70,9.57,7.68,169,87,54,50,4.92,3.95,51.48,14,0.79,50,0,11.11,0,0.00,99,1,0.05,0.06,35,70,31,46,0,0,0,0,0,54,40,59,54,0,99,65,34,75,6,26,85,5,0,0
Erick Castillo,30,791971200,1995/02/05,Serie A,2024,Forward,Vitória,265,101,164,Ecuador,9,5,4,1,1,0,0,0,0,0,0,2,0,2,6,4,2,0,0,0.34,0,0.34,0.89,0,265,2.04,44,29,0,0,0,-1,-1,-1,12,0,6.62,0,45,16.69,5.75,5,46,4.38,35,17,12.70,6,0.00,0.00,0.12,1,0.00,0.50,0.73,0.25,2,0.00,0.50,0.00,0.00,0.00,0.00,0.50,0.00,2.00,0.73,0.12,1.62,0.00,0.12,0.09,0.00,0.62,0.00,0.00,0,0,,2,0.25,48,1,0.36,55,1,0.36,41,0,8,1,17,0.00,99,0,0,0.00,9,4,66,1.45,58,0,0.00,99,0,0.00,0,0,0.00,0,0.36,26,13,4.72,95,4,1.45,30.77,0,0.00,0,0,0,0.00,0,0,0.00,1,0.00,0,N/A,N/A,N/A,N/A,0.00,0,0.00,0,0.74,0.00,0,76.09,50.00,74,45,0.25,0.73,2,85,17,0,0,0,0.12,0.36,1,71,52.99,0.38,1.09,3,0,0.00,0.00,99,0.00,0,0,0,0.00,0.00,0,0.00,0.00,0.73,0.25,2,0,50.00,99,0,6,48,1,0.10,6,0.01,0.04,0.74,84,0.09,0.27,16,1,0.12,0.36,1.09,0.38,42,3,0.27,82,14,46,67,0,97,74,0,0.00,99,5,0.00,1.81,12.70,4.38,35,12,36,78,4.35,1.50,34.29,4,1.45,21,0,25.00,0,0.00,99,1,0.12,0.36,60,1,73,11,0,0,0,0,0,79,92,59,99,0,99,36,7,7,0,0,7,31,0,0
Erick de Arruda Serafim,27,881740800,1997/12/10,Serie A,2024,Forward,São Paulo,654,380,274,Brazil,19,10,9,1,1,0,2,1,1,0,0,5,3,2,11,9,2,2,0,0.41,0.28,0.14,0.24,0,654,1.51,59,34,327,327,0.28,155,26,-1,9,0,6.55,0.11,96,36.69,15.59,49,265,12.71,216,44,29.91,48,0.00,0.00,1.65,28,0.00,2.29,1.52,0.65,11,0.00,0.94,0.00,0.00,0.00,0.18,1.53,0.00,9.00,1.25,0.35,2.76,0.00,0.18,0.07,0.00,0.18,0.00,0.00,0,0,,9,0.53,68,3,0.42,61,6,0.83,80,2,13,6,49,0.00,99,0,3,0.42,29,39,73,5.40,93,0,0.00,99,0,0.00,0,0,0.00,0,3.88,99,47,6.51,99,26,3.60,55.32,0,0.00,0,0,0,0.00,0,0,0.00,11,0.00,0,N/A,N/A,N/A,N/A,0.00,0,0.00,0,1.25,0.00,0,81.51,33.33,37,84,0.12,0.28,2,99,66,0,0,0,0.00,0.00,0,23,111.38,0.29,0.69,5,1,0.00,0.14,2,0.06,0,0,0,0.00,0.00,0,0.00,0.00,0.00,0.00,0,0,11.11,61,17,40,71,11,2.64,98,0.16,0.37,1.25,69,0.07,0.17,87,15,0.88,2.08,1.38,0.59,64,10,0.17,66,10,28,67,0,41,20,0,0.00,99,3,0.00,0.42,14.82,6.29,107,54,96,91,7.48,3.18,50.47,16,2.22,5,0,28.21,0,0.00,99,11,0.65,1.52,94,14,91,46,0,0,0,0,0,86,70,59,80,0,99,51,51,59,2,11,35,33,0,0
Erick Marcus dos Santos Oliveira,21,1078128000,2004/03/01,Serie A,2024,Forward,Vasco da Gama,167,51,116,Brazil,6,2,4,0,0,0,0,0,0,0,0,1,1,0,3,1,2,0,0,0,0,0,0,0,0,1.62,56,28,0,0,0,-1,-1,-1,30,0,6.58,0,45,33.26,10.20,38,51,7.40,37,12,24.13,31,0.00,0.00,0.80,4,0.00,0.60,3.26,1.00,5,0.00,0.60,0.00,0.00,0.00,0.20,0.20,0.00,0.00,1.30,0.20,0.80,0.00,0.20,0.04,0.00,0.20,0.00,0.00,0,0,,2,0.40,71,1,0.65,72,1,0.65,69,0,6,0,97,0.00,99,0,1,0.65,45,3,30,1.96,63,0,0.00,99,0,0.00,0,0,0.00,0,2.61,96,4,2.61,81,1,0.65,25.00,0,0.00,0,0,0,0.00,0,0,0.00,7,0.00,0,N/A,N/A,N/A,N/A,0.00,0,0.00,0,0.20,0.00,0,72.55,50.00,74,13,0.40,1.30,2,55,15,0,0,0,0.00,0.00,0,23,32.91,0.20,0.65,1,0,0.00,0.00,99,0.00,0,0,0,0.00,0.00,0,0.00,0.00,0.00,0.00,0,0,0.00,42,0,3,40,8,0.20,51,0.04,0.13,0.20,59,0.04,0.13,95,4,0.80,2.61,1.30,0.40,59,2,0.13,58,12,26,67,0,41,32,0,0.00,99,1,0.00,0.65,15.65,4.80,24,11,92,94,7.17,2.20,45.83,3,1.96,8,0,0.00,0,0.00,99,0,0.00,0.00,30,0,63,11,0,0,0,0,0,26,40,59,54,0,99,20,7,7,0,0,7,16,0,0
Erick Ryan Garcia da Silva,20,1117868400,2005/06/04,Serie A,2024,Midfielder,Criciúma,0,0,0,Brazil,0,0,0,0,0,0,0,0,0,0,0,0,0,0,0,0,0,0,0,0,0,0,0,0,0,0,0,0,0,0,0,-1,-1,-1,-1,N/A,N/A,N/A,N/A,N/A,N/A,N/A,N/A,N/A,N/A,N/A,N/A,N/A,N/A,N/A,N/A,N/A,N/A,N/A,N/A,N/A,N/A,N/A,N/A,N/A,N/A,N/A,N/A,N/A,N/A,N/A,N/A,N/A,N/A,N/A,N/A,N/A,N/A,N/A,N/A,N/A,N/A,N/A,N/A,N/A,N/A,N/A,N/A,N/A,N/A,N/A,N/A,N/A,N/A,N/A,N/A,N/A,N/A,N/A,N/A,N/A,N/A,N/A,N/A,N/A,N/A,N/A,N/A,N/A,N/A,N/A,N/A,N/A,N/A,N/A,N/A,N/A,N/A,N/A,N/A,N/A,N/A,N/A,N/A,N/A,N/A,N/A,N/A,N/A,N/A,N/A,N/A,N/A,N/A,N/A,N/A,N/A,N/A,N/A,N/A,N/A,N/A,N/A,N/A,N/A,N/A,N/A,N/A,N/A,N/A,N/A,N/A,N/A,N/A,N/A,N/A,N/A,N/A,N/A,N/A,N/A,N/A,N/A,N/A,N/A,N/A,N/A,N/A,N/A,N/A,N/A,N/A,N/A,N/A,N/A,N/A,N/A,N/A,N/A,N/A,N/A,N/A,N/A,N/A,N/A,N/A,N/A,N/A,N/A,N/A,N/A,N/A,N/A,N/A,N/A,N/A,N/A,N/A,N/A,N/A,N/A,N/A,N/A,N/A,N/A,N/A,N/A,N/A,N/A,N/A,N/A,N/A,N/A,N/A,N/A,N/A,N/A,N/A,N/A,N/A,N/A,N/A,N/A,N/A,N/A,N/A,N/A,N/A,N/A,N/A,N/A,N/A,N/A,N/A,N/A,N/A,N/A,N/A,N/A,N/A,N/A,N/A,N/A,N/A,N/A,N/A,N/A,N/A,N/A,N/A,N/A,N/A,N/A,N/A,N/A,N/A,N/A,N/A,N/A,N/A,N/A,N/A,N/A,N/A
Erick Samuel Correa Farias,28,852278400,1997/01/03,Serie A,2024,Forward,Juventude,2130,1066,1064,Brazil,35,17,18,5,2,3,3,2,1,0,0,6,5,1,35,14,21,1,0,0.34,0.13,0.21,0.17,0.25,426,1.48,61,61,2130,710,0.04,112,133,-1,2,0,6.94,0.09,76,20.21,13.47,11,458,10.53,358,28,15.79,14,0.00,0.00,0.56,19,0.00,0.68,1.28,0.85,29,0.00,0.59,0.00,0.00,0.00,0.44,0.68,0.00,8.75,1.54,0.44,0.97,0.00,0.59,0.17,0.00,0.56,0.00,0.00,0,0,,35,1.03,79,20,0.88,83,15,0.66,70,1,9,26,39,0.00,99,0,15,0.66,46,23,56,1.01,52,0,0.00,99,0,0.00,0,0,0.00,0,0.84,51,33,1.46,61,23,1.01,69.70,0,0.00,0,0,0,0.00,0,0,0.00,13,0.00,0,N/A,N/A,N/A,N/A,0.00,0,0.00,0,5.82,0.00,0,78.17,57.14,84,82,0.21,0.31,7,74,85,0,0,0,0.18,0.26,6,59,236.07,0.44,0.66,15,0,0.00,0.00,99,0.00,0,0,0,0.00,0.00,0,0.00,0.00,0.22,0.15,5,0,11.43,61,77,97,61,14,3.20,57,0.09,0.14,5.82,82,0.17,0.26,28,13,0.38,0.57,0.62,0.41,16,14,0.26,81,59,26,67,0,79,41,0,0.00,99,19,0.00,0.84,7.06,4.71,160,84,22,20,3.71,2.47,52.50,20,0.88,44,0,21.74,0,0.00,99,5,0.15,0.22,53,83,78,30,0,0,0,0,0,79,80,86,72,0,99,20,99,9,1,3,8,7,0,0
Eros Nazareno Mancuso,26,924332400,1999/04/17,Serie A,2024,Defender,Fortaleza,928,434,494,Argentina,12,5,7,1,0,1,2,1,1,0,0,5,4,1,10,1,9,5,1,0.29,0.19,0.1,0,0.18,928,0.97,93,77,186,464,0.48,201,78,67,11,0,6.91,0.17,87,33.65,31.55,39,347,25.00,275,34,26.67,39,0.00,0.00,1.00,11,0.00,1.18,2.33,2.18,24,0.00,1.18,0.00,0.00,0.00,0.73,0.64,0.00,10.00,0.97,0.36,1.27,0.00,0.55,0.15,0.00,0.36,0.00,0.00,0,0,,10,0.91,59,6,0.58,70,4,0.39,46,9,1,11,82,0.00,99,0,8,0.78,54,13,81,1.26,55,0,0.00,99,0,0.00,0,0,0.00,0,1.07,63,14,1.36,58,7,0.68,50.00,0,0.00,0,0,0,0.00,0,0,0.00,65,0.00,0,N/A,N/A,N/A,N/A,0.00,0,0.00,0,1.67,0.00,0,79.25,60.00,88,5,1.55,1.65,17,59,57,0,0,0,0.09,0.10,1,36,76.03,1.73,1.84,19,0,0.00,0.00,99,0.00,0,0,1,0.09,0.10,0,0.00,0.00,0.00,0.00,0,0,10.00,57,31,14,79,66,2.16,82,0.20,0.21,1.67,66,0.15,0.16,38,8,0.73,0.78,2.13,2.00,93,22,0.16,64,54,66,90,0,41,18,0,0.00,99,4,0.00,0.39,9.89,9.27,102,43,33,54,4.17,3.91,42.16,13,1.26,27,0,30.77,0,0.00,99,4,0.36,0.39,61,37,22,99,0,0,0,0,0,73,61,80,54,0,99,90,20,88,4,33,95,33,0,0
Estêvão Willian Almeida de Oliveira Gonçalves,18,1177398000,2007/04/24,Serie A,2024,Midfielder,Palmeiras,2077,1192,885,Brazil,29,16,13,12,7,5,9,7,2,2,0,13,7,6,21,11,10,3,0,0.91,0.39,0.52,0.53,0.51,173,0.91,99,72,692,231,0.13,13,7,-1,2,0,7.89,0.31,99,27.74,21.85,26,590,18.04,487,52,22.90,29,0.00,0.00,1.67,45,0.00,2.37,1.41,1.11,30,0.00,1.63,0.00,0.00,0.00,0.22,2.81,0.00,4.42,2.49,0.67,5.89,0.00,1.30,0.46,0.00,0.37,0.00,0.00,0,0,,53,1.96,97,35,1.65,99,18,0.85,81,6,3,26,43,0.00,99,0,6,0.28,23,64,57,3.01,75,0,0.00,99,0,0.00,0,0,0.00,0,2.12,93,159,7.48,99,76,3.57,47.80,0,0.00,0,0,0,0.00,0,0,0.00,72,0.00,0,N/A,N/A,N/A,N/A,0.00,0,0.00,0,12.46,0.00,0,82.54,66.04,92,16,0.96,1.22,26,99,47,3,0,0,0.04,0.05,1,26,213.16,0.15,0.19,4,0,0.00,0.00,99,0.00,0,3,2,0.07,0.09,0,0.00,0.00,0.28,0.22,6,1,22.64,88,76,76,42,72,6.76,97,0.25,0.32,10.36,98,0.38,0.49,78,36,1.33,1.69,1.08,0.85,42,23,0.59,99,99,5,88,0,84,22,0,0.00,99,10,0.00,0.47,16.22,12.78,345,152,92,96,7.15,5.63,44.06,44,2.07,8,0,21.88,0,0.00,99,14,0.52,0.66,74,83,41,93,0,0,0,0,0,99,98,97,96,0,99,94,87,23,3,10,29,41,0,0
Everaldo Silva do Nascimento,31,770108400,1994/05/28,Serie A,2024,Midfielder,Vitória,410,250,160,Brazil,15,10,5,2,2,0,0,0,0,0,0,4,3,1,4,1,3,4,0,0.44,0,0.44,0.72,0,205,0.88,103,27,103,0,0.88,19,372,-1,7,0,6.66,0,45,30.87,10.00,33,130,8.62,112,75,26.60,39,0.00,0.00,0.15,2,0.00,1.77,1.19,0.38,5,0.00,0.46,0.00,0.00,0.00,0.15,0.38,0.00,2.50,1.19,0.08,0.77,0.00,0.31,0.13,0.00,0.08,0.00,0.00,0,0,,5,0.38,65,4,0.95,88,1,0.24,26,2,12,3,35,0.00,99,0,2,0.47,32,23,37,5.46,93,0,0.00,99,0,0.00,0,0,0.00,0,0.47,32,10,2.37,78,5,1.19,50.00,0,0.00,0,0,0,0.00,0,0,0.00,77,0.00,0,N/A,N/A,N/A,N/A,0.00,0,0.00,0,1.70,0.00,0,86.15,80.00,99,17,0.38,1.19,5,80,57,0,0,0,0.08,0.24,1,57,86.55,0.23,0.71,3,0,0.00,0.00,99,0.00,0,0,0,0.00,0.00,0,0.00,0.00,0.00,0.00,0,0,40.00,99,3,23,43,78,0.37,27,0.03,0.09,1.70,95,0.13,0.40,98,13,1.00,3.09,3.32,1.08,99,14,0.40,93,17,30,67,0,41,9,0,0.00,99,1,0.00,0.24,12.82,4.15,54,24,70,80,5.70,1.85,44.44,6,1.42,22,0,13.04,0,0.00,99,3,0.23,0.71,76,2,88,46,0,0,0,0,0,89,97,59,98,0,99,55,9,99,2,13,44,37,0,0
Everaldo Stum,34,678697200,1991/07/05,Serie A,2024,Forward,Bahia,2076,1016,1060,Brazil,37,18,19,8,2,6,3,2,1,1,0,10,9,1,30,7,23,6,0,0.48,0.13,0.35,0.18,0.51,260,1.3,69,56,346,692,0.26,40,138,-1,1,0,6.85,0.08,76,18.37,11.34,7,397,8.37,293,13,13.56,9,0.00,0.00,0.60,21,0.00,0.91,0.74,0.46,16,0.00,0.69,0.00,0.00,0.00,0.11,0.23,0.00,6.12,2.27,0.69,0.77,0.00,0.71,0.26,0.00,1.29,0.00,0.00,0,0,,49,1.40,94,25,1.16,94,24,1.11,92,2,10,27,18,0.00,99,0,4,0.19,17,32,49,1.48,59,0,0.00,99,0,0.00,0,0,0.00,0,0.97,58,27,1.25,54,8,0.37,29.63,0,0.00,0,0,0,0.00,0,0,0.00,26,0.00,0,N/A,N/A,N/A,N/A,0.00,0,0.00,0,9.27,0.00,0,73.80,51.02,74,51,0.40,0.65,14,36,17,1,0,0,0.06,0.09,2,32,239.89,0.51,0.83,18,0,0.00,0.00,99,0.00,0,1,4,0.11,0.19,0,0.00,0.00,0.28,0.17,6,0,16.33,77,76,99,48,26,3.15,62,0.09,0.15,8.57,95,0.24,0.40,64,28,0.80,1.30,1.25,0.77,54,27,0.43,95,44,37,98,0,84,79,0,0.00,99,45,0.00,2.08,9.67,5.97,209,96,40,51,4.44,2.74,45.93,24,1.11,33,0,18.75,0,0.00,99,6,0.17,0.28,57,85,82,46,0,0,0,0,0,91,92,97,74,0,99,55,55,54,6,16,54,9,0,0
Everson,35,648630000,1990/07/22,Serie A,2024,Goalkeeper,Atlético Mineiro,2241,981,1260,Brazil,25,11,14,0,0,0,0,0,0,0,0,8,4,4,30,11,19,7,1,0,0,0,0,0,0,1.2,75,90,280,0,0.32,411,414,131,26,0,7.01,0,45,26.83,26.72,24,668,20.56,514,22,20.64,24,0.00,0.00,0.00,0,0.00,0.00,0.04,0.04,1,0.00,0.00,0.00,0.00,2.60,0.00,0.00,3.84,0.00,0.00,0.00,0.00,0.00,0.00,0.00,0.00,0.20,0.00,0.00,0,0,,0,0.00,8,0,0.00,15,0,0.00,9,0,0,25,6,0.00,99,0,0,0.00,9,0,30,0.00,14,0,0.00,99,0,0.00,0,0,0.00,0,0.00,8,0,0.00,7,0,0.00,0.00,0,0.00,0,65,12,2.61,9,96,0.00,36,3.86,18,N/A,N/A,N/A,N/A,67.71,0,0.00,0,0.00,0.00,0,76.95,0.00,15,99,0.00,0.00,0,10,10,0,0,38,0.00,0.00,0,23,175.35,0.72,0.72,18,0,0.00,0.00,99,0.00,1,0,0,0.00,0.00,9,0.36,0.36,0.00,0.00,0,0,0.00,42,80,62,40,37,0.98,6,0.04,0.04,0.00,9,0.00,0.00,8,5,0.20,0.20,0.04,0.04,6,1,0.00,9,70,30,67,36,41,7,0,0.00,99,5,0.00,0.20,0.40,0.40,10,9,3,3,0.36,0.36,90.00,0,0.00,99,0,0.00,0,0.00,99,0,0.00,0.00,30,80,14,11,0,0,0,0,0,26,40,59,54,0,99,72,41,68,6,24,82,22,0,0
Everton Galdino Moreira,28,858585600,1997/03/17,Serie A,2024,Midfielder,Grêmio,453,255,198,Brazil,12,8,4,0,0,0,0,0,0,0,0,3,3,0,7,3,4,4,0,0,0,0,0,0,0,1.39,65,38,113,0,0.79,385,502,-1,30,0,6.68,0,45,22.93,9.30,17,93,7.40,74,35,18.25,19,0.00,0.00,0.60,6,0.00,0.20,1.23,0.50,5,0.00,0.60,0.00,0.00,0.00,0.10,1.00,0.00,0.00,0.99,0.40,1.90,0.00,0.00,0.02,0.00,0.30,0.00,0.00,0,0,,4,0.40,59,0,0.00,15,4,0.99,88,1,8,4,37,0.00,99,0,1,0.25,21,2,99,0.49,37,0,0.00,99,0,0.00,0,0,0.00,0,1.48,82,19,4.68,95,10,2.47,52.63,0,0.00,0,0,0,0.00,0,0,0.00,19,0.00,0,N/A,N/A,N/A,N/A,0.00,0,0.00,0,0.23,0.00,0,79.57,0.00,15,87,0.10,0.25,1,96,59,0,0,0,0.10,0.25,1,58,66.82,0.30,0.74,3,0,0.00,0.00,99,0.00,0,0,0,0.00,0.00,0,0.00,0.00,0.25,0.10,1,0,0.00,42,6,14,40,20,0.43,39,0.04,0.11,0.23,39,0.02,0.06,80,7,0.70,1.73,1.73,0.70,80,7,0.06,38,19,30,67,0,82,36,0,0.00,99,3,0.00,0.74,15.78,6.40,64,25,80,95,6.16,2.50,39.06,6,1.48,19,0,100.00,0,0.00,99,2,0.20,0.49,67,6,73,30,0,0,0,0,0,26,40,59,54,0,99,47,10,98,4,33,95,13,0,0
Éverton Ribeiro,36,608194800,1989/04/10,Serie A,2024,Midfielder,Bahia,2700,1364,1336,Brazil,37,18,19,2,2,0,5,4,1,0,0,10,9,1,37,10,27,4,0,0.23,0.17,0.07,0.13,0,1350,1.23,73,73,675,540,0.13,242,100,-1,10,0,7.16,0.14,83,58.78,48.35,93,1644,41.65,1416,75,50.63,91,0.00,0.00,1.47,50,0.00,1.53,1.79,1.47,50,0.00,1.21,0.00,0.00,0.00,0.91,0.62,0.00,8.00,0.57,0.18,1.62,0.00,0.29,0.08,0.00,0.38,0.00,0.00,0,0,,16,0.47,40,10,0.36,55,6,0.21,23,3,3,34,62,0.00,99,0,31,1.11,74,52,81,1.86,62,0,0.00,99,0,0.00,0,0,0.00,0,1.79,89,55,1.97,73,21,0.75,38.18,0,0.00,0,0,0,0.00,0,0,0.00,32,0.00,0,N/A,N/A,N/A,N/A,0.00,0,0.00,0,2.84,0.00,0,86.13,62.50,91,29,0.79,0.97,27,64,24,0,0,0,0.03,0.04,1,25,243.32,0.21,0.25,7,0,0.00,0.00,99,0.00,0,0,1,0.03,0.04,0,0.00,0.00,0.04,0.03,1,0,12.50,68,93,99,90,33,6.77,89,0.20,0.24,2.84,52,0.08,0.10,93,68,2.00,2.43,1.25,1.03,54,35,0.10,51,88,7,72,0,46,22,0,0.00,99,13,0.00,0.46,10.83,8.91,303,151,65,65,5.40,4.44,49.83,41,1.47,20,0,30.77,0,0.00,99,16,0.47,0.57,70,97,41,63,0,0,0,0,0,67,53,59,67,0,99,55,86,23,4,11,35,10,0,0
Everton Sousa Soares,29,827481600,1996/03/22,Serie A,2024,Forward,Flamengo,545,347,198,Brazil,10,7,3,1,0,1,2,0,2,0,0,2,2,0,4,2,2,1,0,0.5,0.33,0.17,0,0.45,545,0.66,136,55,545,273,0.17,132,10,-1,14,0,7.09,0.2,98,20.81,12.60,13,126,10.00,100,34,16.51,15,0.00,0.00,0.40,4,0.00,1.60,1.49,0.90,9,0.00,1.50,0.00,0.00,0.00,0.20,1.70,0.00,17.00,2.81,0.70,3.60,0.00,1.00,0.24,0.00,0.40,0.00,0.00,0,0,,17,1.70,99,10,1.65,99,7,1.16,94,4,0,10,48,0.00,99,0,2,0.33,25,16,49,2.64,71,0,0.00,99,0,0.00,0,0,0.00,0,0.66,41,36,5.94,98,17,2.81,47.22,0,0.00,0,0,0,0.00,0,0,0.00,93,0.00,0,N/A,N/A,N/A,N/A,0.00,0,0.00,0,2.43,0.00,0,79.37,58.82,86,39,0.50,0.83,5,98,46,0,0,0,0.00,0.00,0,23,70.94,0.30,0.50,3,0,0.00,0.00,99,0.00,0,0,0,0.00,0.00,0,0.00,0.00,0.33,0.20,2,1,5.88,46,13,8,66,93,1.47,89,0.15,0.24,2.43,95,0.24,0.40,59,7,0.70,1.16,0.83,0.50,26,5,0.40,93,81,18,67,0,86,33,0,0.00,99,4,0.00,0.66,14.86,9.00,90,37,78,91,6.11,3.70,41.11,15,2.48,3,0,18.75,0,0.00,99,3,0.30,0.50,68,32,14,77,0,0,0,0,0,92,75,96,54,0,99,29,77,33,1,10,29,11,0,0
Everton Tiago Barella de Souza Messias,23,1014537600,2002/02/24,Serie A,2024,Midfielder,Bragantino,24,0,24,Brazil,1,0,1,0,0,0,0,0,0,0,0,0,0,0,0,0,0,1,0,0,0,0,0,0,0,0,0,24,24,0,3.75,-1,-1,-1,21,0,6.34,0,45,18.75,5.00,8,5,4.00,4,37,15.00,12,0.00,0.00,0.00,0,0.00,0.00,0.00,0.00,0,0.00,0.00,0.00,0.00,0.00,0.00,0.00,0.00,0.00,0.00,0.00,2.00,0.00,0.00,0.00,0.00,1.00,0.00,0.00,0,0,,0,0.00,8,0,0.00,15,0,0.00,9,0,1,0,4,0.00,99,0,0,0.00,9,0,30,0.00,14,0,0.00,99,0,0.00,0,0,0.00,0,0.00,8,2,7.50,99,0,0.00,0.00,0,0.00,0,0,0,0.00,0,0,0.00,99,0.00,0,N/A,N/A,N/A,N/A,0.00,0,0.00,0,0.00,0.00,0,80.00,0.00,15,99,0.00,0.00,0,10,10,0,0,0,0.00,0.00,0,23,6.34,0.00,0.00,0,0,0.00,0.00,99,0.00,0,0,0,0.00,0.00,0,0.00,0.00,3.75,1.00,1,0,0.00,42,0,0,40,0,0.01,6,0.01,0.04,0.00,9,0.00,0.00,99,2,2.00,7.50,3.75,1.00,99,1,0.00,9,5,1,67,0,99,99,0,0.00,99,1,0.00,3.75,26.25,7.00,7,2,96,99,7.50,2.00,28.57,0,0.00,99,0,0.00,0,0.00,99,0,0.00,0.00,30,0,22,11,0,0,0,0,0,26,40,59,54,0,99,2,7,99,1,100,99,55,0,0
Evertow Vaz Pereira da Silva,18,1170316800,2007/02/01,Serie A,2024,Midfielder,Internacional,0,0,0,Brazil,0,0,0,0,0,0,0,0,0,0,0,0,0,0,0,0,0,0,0,0,0,0,0,0,0,0,0,0,0,0,0,-1,-1,-1,-1,N/A,N/A,N/A,N/A,N/A,N/A,N/A,N/A,N/A,N/A,N/A,N/A,N/A,N/A,N/A,N/A,N/A,N/A,N/A,N/A,N/A,N/A,N/A,N/A,N/A,N/A,N/A,N/A,N/A,N/A,N/A,N/A,N/A,N/A,N/A,N/A,N/A,N/A,N/A,N/A,N/A,N/A,N/A,N/A,N/A,N/A,N/A,N/A,N/A,N/A,N/A,N/A,N/A,N/A,N/A,N/A,N/A,N/A,N/A,N/A,N/A,N/A,N/A,N/A,N/A,N/A,N/A,N/A,N/A,N/A,N/A,N/A,N/A,N/A,N/A,N/A,N/A,N/A,N/A,N/A,N/A,N/A,N/A,N/A,N/A,N/A,N/A,N/A,N/A,N/A,N/A,N/A,N/A,N/A,N/A,N/A,N/A,N/A,N/A,N/A,N/A,N/A,N/A,N/A,N/A,N/A,N/A,N/A,N/A,N/A,N/A,N/A,N/A,N/A,N/A,N/A,N/A,N/A,N/A,N/A,N/A,N/A,N/A,N/A,N/A,N/A,N/A,N/A,N/A,N/A,N/A,N/A,N/A,N/A,N/A,N/A,N/A,N/A,N/A,N/A,N/A,N/A,N/A,N/A,N/A,N/A,N/A,N/A,N/A,N/A,N/A,N/A,N/A,N/A,N/A,N/A,N/A,N/A,N/A,N/A,N/A,N/A,N/A,N/A,N/A,N/A,N/A,N/A,N/A,N/A,N/A,N/A,N/A,N/A,N/A,N/A,N/A,N/A,N/A,N/A,N/A,N/A,N/A,N/A,N/A,N/A,N/A,N/A,N/A,N/A,N/A,N/A,N/A,N/A,N/A,N/A,N/A,N/A,N/A,N/A,N/A,N/A,N/A,N/A,N/A,N/A,N/A,N/A,N/A,N/A,N/A,N/A,N/A,N/A,N/A,N/A,N/A,N/A,N/A,N/A,N/A,N/A,N/A,N/A
Evertton Gustavo Fernandes Araújo,22,1046419200,2003/02/28,Serie A,2024,Midfielder,Flamengo,797,353,444,Brazil,16,8,8,1,0,1,0,0,0,0,0,3,1,2,14,6,8,3,0,0.11,0,0.11,0,0.2,797,1.58,57,50,266,0,0.34,192,411,-1,19,0,6.48,0,45,58.38,32.31,92,517,29.19,467,95,52.74,94,0.00,0.00,0.38,6,0.00,0.19,2.37,1.31,21,0.00,0.44,0.00,0.00,0.00,1.00,0.38,0.00,9.00,1.02,0.19,0.44,0.00,0.38,0.09,0.00,0.44,0.00,0.00,0,0,,9,0.56,60,6,0.68,75,3,0.34,39,3,8,8,83,0.00,99,0,16,1.81,96,3,98,0.34,32,0,0.00,99,0,0.00,0,0,0.00,0,0.68,42,7,0.79,37,6,0.68,85.71,0,0.00,0,0,0,0.00,0,0,0.00,9,0.00,0,N/A,N/A,N/A,N/A,0.00,0,0.00,0,1.50,0.00,0,90.33,66.67,95,42,0.44,0.79,7,59,93,0,0,0,0.25,0.45,4,77,103.75,0.69,1.24,11,0,0.00,0.00,99,0.00,0,0,0,0.00,0.00,0,0.00,0.00,0.00,0.00,0,0,11.11,61,24,27,76,9,1.02,45,0.06,0.12,1.50,69,0.09,0.17,39,7,0.44,0.79,1.47,0.81,69,13,0.17,66,9,51,67,0,41,37,0,0.00,99,7,0.00,0.79,9.03,5.00,80,41,46,41,4.63,2.56,51.25,7,0.79,50,0,66.67,0,0.00,99,2,0.12,0.23,54,24,73,63,0,0,0,0,0,45,64,81,54,0,99,27,37,72,3,19,66,52,0,0
Ewerton Diógenes Da Silva,25,971247600,2000/10/11,Serie A,2024,Midfielder,Juventude,1258,597,661,Brazil,24,13,11,1,0,1,2,1,1,0,0,3,3,0,24,10,14,1,0,0.21,0.14,0.07,0,0.14,1258,1.72,52,52,1258,629,0.07,239,126,-1,20,0,6.88,0.08,78,34.42,19.30,41,444,14.70,338,18,26.20,37,0.00,0.00,0.39,9,0.00,1.48,2.09,1.17,27,0.00,0.30,0.00,0.00,0.00,0.87,0.22,0.00,16.00,1.24,0.43,0.35,0.00,0.26,0.08,0.00,0.91,0.00,0.00,0,0,,16,0.70,67,6,0.47,63,10,0.78,77,3,12,12,74,0.00,99,0,20,1.55,91,34,84,2.64,71,0,0.00,99,0,0.00,0,0,0.00,0,0.70,42,8,0.62,32,5,0.39,62.50,0,0.00,0,0,0,0.00,0,0,0.00,5,0.00,0,N/A,N/A,N/A,N/A,0.00,0,0.00,0,1.82,0.00,0,76.13,37.50,45,20,0.65,1.16,15,38,79,0,0,0,0.17,0.31,4,64,158.31,1.74,3.10,40,0,0.00,0.00,99,0.00,0,0,0,0.00,0.00,0,0.00,0.00,0.08,0.04,1,0,6.25,48,48,58,87,5,2.21,69,0.10,0.17,1.82,61,0.08,0.14,42,11,0.48,0.85,0.47,0.26,11,6,0.14,59,49,82,67,0,58,68,0,0.00,99,21,0.00,1.63,8.76,4.91,113,64,54,38,4.96,2.78,56.64,7,0.54,63,0,32.35,0,0.00,99,11,0.48,0.85,82,41,88,63,0,0,0,0,0,65,53,74,54,0,99,10,97,11,1,4,10,14,0,0
Fabiano Henrique Alves dos Santos,20,1118473200,2005/06/11,Serie A,2024,Midfielder,Flamengo,0,0,0,Brazil,0,0,0,0,0,0,0,0,0,0,0,0,0,0,0,0,0,0,0,0,0,0,0,0,0,0,0,0,0,0,0,-1,-1,-1,-1,N/A,N/A,N/A,N/A,N/A,N/A,N/A,N/A,N/A,N/A,N/A,N/A,N/A,N/A,N/A,N/A,N/A,N/A,N/A,N/A,N/A,N/A,N/A,N/A,N/A,N/A,N/A,N/A,N/A,N/A,N/A,N/A,N/A,N/A,N/A,N/A,N/A,N/A,N/A,N/A,N/A,N/A,N/A,N/A,N/A,N/A,N/A,N/A,N/A,N/A,N/A,N/A,N/A,N/A,N/A,N/A,N/A,N/A,N/A,N/A,N/A,N/A,N/A,N/A,N/A,N/A,N/A,N/A,N/A,N/A,N/A,N/A,N/A,N/A,N/A,N/A,N/A,N/A,N/A,N/A,N/A,N/A,N/A,N/A,N/A,N/A,N/A,N/A,N/A,N/A,N/A,N/A,N/A,N/A,N/A,N/A,N/A,N/A,N/A,N/A,N/A,N/A,N/A,N/A,N/A,N/A,N/A,N/A,N/A,N/A,N/A,N/A,N/A,N/A,N/A,N/A,N/A,N/A,N/A,N/A,N/A,N/A,N/A,N/A,N/A,N/A,N/A,N/A,N/A,N/A,N/A,N/A,N/A,N/A,N/A,N/A,N/A,N/A,N/A,N/A,N/A,N/A,N/A,N/A,N/A,N/A,N/A,N/A,N/A,N/A,N/A,N/A,N/A,N/A,N/A,N/A,N/A,N/A,N/A,N/A,N/A,N/A,N/A,N/A,N/A,N/A,N/A,N/A,N/A,N/A,N/A,N/A,N/A,N/A,N/A,N/A,N/A,N/A,N/A,N/A,N/A,N/A,N/A,N/A,N/A,N/A,N/A,N/A,N/A,N/A,N/A,N/A,N/A,N/A,N/A,N/A,N/A,N/A,N/A,N/A,N/A,N/A,N/A,N/A,N/A,N/A,N/A,N/A,N/A,N/A,N/A,N/A,N/A,N/A,N/A,N/A,N/A,N/A,N/A,N/A,N/A,N/A,N/A,N/A
Fabiano Rodrigues Pereira,19,1145084400,2006/04/15,Serie A,2024,Midfielder,Botafogo,20,20,0,Brazil,1,1,0,0,0,0,0,0,0,0,0,0,0,0,0,0,0,0,0,0,0,0,0,0,0,0,0,20,0,0,0,-1,-1,-1,22,0,7.03,0,45,31.50,7.00,34,7,5.00,5,9,22.50,28,0.00,0.00,0.00,0,0.00,0.00,9.00,2.00,2,0.00,1.00,0.00,0.00,0.00,0.00,1.00,0.00,0.00,0.00,0.00,1.00,0.00,0.00,0.00,0.00,0.00,0.00,0.00,0,0,,0,0.00,8,0,0.00,15,0,0.00,9,0,1,0,99,0.00,99,0,0,0.00,9,0,30,0.00,14,0,0.00,99,0,0.00,0,0,0.00,0,0.00,8,1,4.50,93,1,4.50,100.00,0,0.00,0,0,0,0.00,0,0,0.00,99,0.00,0,N/A,N/A,N/A,N/A,0.00,0,0.00,0,0.00,0.00,0,71.43,0.00,15,0,1.00,4.50,1,99,99,0,0,0,0.00,0.00,0,23,7.03,0.00,0.00,0,0,0.00,0.00,99,0.00,0,0,0,0.00,0.00,0,0.00,0.00,0.00,0.00,0,0,0.00,42,0,0,40,0,0.01,6,0.01,0.04,0.00,9,0.00,0.00,99,3,3.00,13.50,0.00,0.00,5,0,0.00,9,73,1,67,0,41,2,0,0.00,99,0,0.00,0.00,45.00,10.00,10,6,99,99,27.00,6.00,60.00,1,4.50,0,0,0.00,0,0.00,99,0,0.00,0.00,30,0,22,11,0,0,0,0,0,26,40,59,54,0,99,2,7,7,0,0,7,79,0,0
Fabinho,23,1018335600,2002/04/09,Serie A,2024,Midfielder,Palmeiras,504,329,175,Brazil,19,10,9,0,0,0,0,0,0,0,0,11,5,6,4,2,2,2,0,0,0,0,0,0,0,0.71,126,27,252,0,0.36,476,467,-1,26,0,5.96,0,45,45.10,13.71,72,233,11.06,188,39,36.39,67,0.00,0.00,0.41,7,0.00,0.06,1.16,0.35,6,0.00,0.35,0.00,0.00,0.00,0.24,0.29,0.00,0.00,0.97,0.18,0.35,0.00,0.12,0.02,0.00,0.53,0.00,0.00,0,0,,5,0.29,59,2,0.39,58,3,0.58,64,6,15,4,33,0.00,99,0,4,0.77,53,1,30,0.19,26,0,0.00,99,0,0.00,0,0,0.00,0,1.35,77,6,1.16,50,5,0.97,83.33,0,0.00,0,0,0,0.00,0,0,0.00,91,0.00,0,N/A,N/A,N/A,N/A,0.00,0,0.00,0,0.36,0.00,0,80.69,40.00,51,20,0.35,1.16,6,73,92,0,0,0,0.06,0.19,1,49,101.31,0.47,1.55,8,0,0.00,0.00,99,0.00,0,0,0,0.00,0.00,0,0.00,0.00,0.00,0.00,0,0,0.00,42,10,40,40,90,0.72,57,0.04,0.14,0.36,42,0.02,0.07,66,7,0.41,1.35,1.16,0.35,48,6,0.07,41,2,60,67,0,41,73,0,0.00,99,9,0.00,1.74,10.45,3.18,54,27,61,61,5.23,1.59,50.00,6,1.16,30,0,0.00,0,0.00,99,0,0.00,0.00,30,6,95,93,0,0,0,0,0,26,40,59,54,0,99,99,34,75,2,11,35,35,0,0
Fábio,45,339145200,1980/09/30,Serie A,2024,Goalkeeper,Fluminense,3330,1710,1620,Brazil,37,19,18,0,0,0,0,0,0,0,0,13,8,5,31,12,19,4,0,0,0,0,0,0,0,0.84,107,90,833,0,0.11,440,289,37,15,0,7.18,0,45,20.97,20.97,13,734,14.57,510,7,14.57,11,0.00,0.00,0.00,0,0.00,0.00,0.06,0.06,2,0.00,0.00,0.00,0.00,3.49,0.06,0.00,4.49,0.00,0.00,0.00,0.00,0.00,0.00,0.00,0.00,0.43,0.00,0.00,0,0,,0,0.00,8,0,0.00,15,0,0.00,9,0,0,37,6,0.00,99,0,2,0.06,10,0,30,0.00,14,0,0.00,99,0,0.00,0,0,0.00,0,0.00,8,0,0.00,7,0,0.00,0.00,0,0.00,0,122,76,3.49,59,157,0.00,82,4.49,41,N/A,N/A,N/A,N/A,77.71,0,0.00,0,0.00,0.00,0,69.48,0.00,15,99,0.00,0.00,0,10,10,0,0,73,0.00,0.00,0,23,251.43,1.34,1.34,47,1,0.00,0.03,16,0.03,0,0,0,0.00,0.00,25,0.71,0.71,0.00,0.00,0,0,0.00,42,99,99,40,81,1.18,3,0.03,0.03,0.00,9,0.00,0.00,5,5,0.14,0.14,0.03,0.03,6,1,0.00,9,89,54,67,88,41,20,0,0.00,99,15,0.00,0.43,0.57,0.57,20,19,6,5,0.54,0.54,95.00,0,0.00,99,0,0.00,0,0.00,99,0,0.00,0.00,30,99,14,11,0,0,0,0,0,26,40,59,54,0,99,79,92,17,4,11,35,1,0,0
Fábio,35,647506800,1990/07/09,Serie A,2024,Defender,Grêmio,677,369,308,Brazil,12,7,5,0,0,0,0,0,0,0,0,4,3,1,7,5,2,2,1,0,0,0,0,0,0,0.93,97,56,226,0,0.4,387,508,55,35,0,6.23,0,45,35.76,22.42,46,269,16.92,203,16,26.99,39,0.00,0.00,0.50,6,0.00,1.75,1.33,0.83,10,0.00,0.33,0.00,0.00,0.00,0.42,0.17,0.00,0.00,0.40,0.25,0.58,0.00,0.00,0.01,0.00,1.08,0.00,0.00,0,0,,3,0.25,24,0,0.00,15,3,0.40,47,5,4,8,40,0.00,99,0,5,0.66,46,21,62,2.79,73,0,0.00,99,0,0.00,0,0,0.00,0,0.80,49,7,0.93,42,2,0.27,28.57,0,0.00,0,0,0,0.00,0,0,0.00,70,0.00,0,N/A,N/A,N/A,N/A,0.00,0,0.00,0,0.14,0.00,0,75.46,0.00,15,42,0.50,0.80,6,28,16,0,0,0,0.08,0.13,1,41,74.77,1.25,1.99,15,1,0.00,0.13,2,0.08,0,0,1,0.08,0.13,0,0.00,0.00,0.00,0.00,0,0,0.00,42,19,14,40,70,0.62,22,0.05,0.08,0.14,19,0.01,0.02,83,14,1.17,1.86,0.80,0.50,24,6,0.02,19,4,70,94,0,41,73,0,0.00,99,13,0.00,1.73,9.57,6.00,72,39,60,50,5.18,3.25,54.17,4,0.53,64,0,23.81,0,0.00,99,5,0.42,0.66,74,24,50,87,0,0,0,0,0,26,40,59,54,0,99,76,27,81,1,8,21,2,0,0
Fábio Soares dos Santos,20,1102060800,2004/12/03,Serie A,2024,Midfielder,Vitória,85,58,27,Brazil,3,2,1,0,0,0,0,0,0,0,0,0,0,0,3,2,1,0,0,0,0,0,0,0,0,3.18,28,28,0,0,0,-1,-1,-1,18,0,6.54,0,45,30.00,9.00,32,18,6.00,12,4,20.00,23,0.00,0.00,0.00,0,0.00,0.50,1.67,0.50,1,0.00,0.00,0.00,0.00,0.00,0.00,0.00,0.00,0.00,0.00,0.00,1.00,0.00,0.00,0.00,0.00,0.50,0.00,0.00,0,0,,0,0.00,8,0,0.00,15,0,0.00,9,0,3,0,57,0.00,99,0,0,0.00,9,1,30,1.67,61,0,0.00,99,0,0.00,0,0,0.00,0,0.00,8,2,3.33,87,0,0.00,0.00,0,0.00,0,0,0,0.00,0,0,0.00,0,0.00,0,N/A,N/A,N/A,N/A,0.00,0,0.00,0,0.00,0.00,0,66.67,0.00,15,99,0.00,0.00,0,10,10,0,0,0,0.00,0.00,0,23,13.09,0.00,0.00,0,0,0.00,0.00,99,0.00,0,0,0,0.00,0.00,0,0.00,0.00,0.00,0.00,0,0,0.00,42,0,0,40,0,0.03,10,0.01,0.05,0.00,9,0.00,0.00,78,1,0.50,1.67,0.00,0.00,5,0,0.00,9,10,1,67,0,41,70,0,0.00,99,1,0.00,1.67,8.33,2.50,5,3,56,33,5.00,1.50,60.00,0,0.00,99,0,0.00,0,0.00,99,0,0.00,0.00,30,0,41,11,0,0,0,0,0,26,40,59,54,0,99,2,7,7,0,0,7,83,0,0
Fabricio Barros Santana,39,505468800,1986/01/07,Serie A,2024,Goalkeeper,Internacional,720,360,360,Brazil,8,4,4,0,0,0,0,0,0,0,0,3,2,1,6,3,3,0,0,0,0,0,0,0,0,0.75,120,90,0,0,0,323,483,24,29,0,7.16,0,45,22.00,22.00,15,154,12.86,90,1,12.86,7,0.00,0.00,0.00,0,0.00,0.00,0.00,0.00,0,0.00,0.00,0.00,0.00,3.29,0.00,0.00,4.14,0.00,0.00,0.00,0.00,0.00,0.00,0.00,0.00,0.14,0.00,0.00,0,0,,0,0.00,8,0,0.00,15,0,0.00,9,0,0,8,4,0.00,99,0,0,0.00,9,0,30,0.00,14,0,0.00,99,0,0.00,0,0,0.00,0,0.00,8,0,0.00,7,0,0.00,0.00,0,0.00,0,23,91,3.29,44,29,0.00,88,4.14,21,N/A,N/A,N/A,N/A,79.31,0,0.00,0,0.00,0.00,0,58.44,0.00,15,99,0.00,0.00,0,10,10,0,0,14,0.00,0.00,0,23,50.10,0.86,0.86,6,0,0.00,0.00,99,0.00,0,0,0,0.00,0.00,4,0.57,0.57,0.00,0.00,0,0,0.00,42,21,5,40,88,0.22,3,0.03,0.03,0.00,9,0.00,0.00,2,0,0.00,0.00,0.00,0.00,5,0,0.00,9,88,39,67,73,41,4,0,0.00,99,1,0.00,0.14,0.14,0.14,1,1,1,1,0.14,0.14,100.00,0,0.00,99,0,0.00,0,0.00,99,0,0.00,0.00,30,24,14,11,0,0,0,0,0,26,40,59,54,0,99,85,7,7,0,0,7,12,0,0
Fabricio Bruno Soares de Faria,29,824112000,1996/02/12,Serie A,2024,Midfielder,Flamengo,2310,1074,1236,Brazil,28,14,14,1,1,0,0,0,0,0,0,6,2,4,23,11,12,6,0,0.04,0,0.04,0.08,0,2310,0.9,100,83,385,0,0.23,296,399,-1,23,0,7.07,0,45,57.60,51.37,92,1387,46.89,1266,97,52.58,93,0.00,0.00,0.19,5,0.00,0.07,1.16,1.04,28,0.00,0.00,0.00,0.00,0.00,0.52,0.04,0.00,11.00,0.46,0.26,0.07,0.00,0.15,0.05,0.00,1.33,0.00,0.00,0,0,,11,0.41,30,4,0.17,32,7,0.29,32,2,2,26,33,0.00,99,0,14,0.58,41,2,96,0.08,17,0,0.00,99,0,0.00,0,0,0.00,0,0.21,18,2,0.08,11,1,0.04,50.00,0,0.00,0,0,0,0.00,0,0,0.00,73,0.00,0,N/A,N/A,N/A,N/A,0.00,0,0.00,0,1.40,0.00,0,91.28,36.36,41,93,0.07,0.08,2,12,57,0,0,0,0.63,0.71,17,88,190.83,3.96,4.44,107,0,0.00,0.00,99,0.00,0,0,0,0.00,0.00,0,0.00,0.00,0.00,0.00,0,0,9.09,54,84,74,97,73,3.34,57,0.12,0.14,1.40,39,0.05,0.06,17,9,0.33,0.37,0.37,0.33,9,9,0.06,38,78,91,67,0,41,64,0,0.00,99,36,0.00,1.50,4.49,4.00,108,74,12,8,3.07,2.74,68.52,0,0.00,99,0,50.00,0,0.00,99,1,0.04,0.04,33,83,31,46,0,0,0,0,0,30,45,59,58,0,99,32,60,48,6,21,73,15,0,0
Fabricio Bustos,29,830674800,1996/04/28,Serie A,2024,Defender,Internacional,866,525,341,Argentina,11,6,5,1,1,0,1,1,0,0,0,4,2,2,7,5,2,5,0,0.21,0.1,0.1,0.17,0,866,0.73,124,79,173,866,0.52,200,177,20,18,0,7.25,0.09,66,44.82,41.33,71,372,34.11,307,51,36.99,68,0.00,0.00,1.22,11,0.00,2.44,3.73,3.44,31,0.00,0.44,0.00,0.00,0.00,1.11,0.67,0.00,0.00,0.48,0.44,1.22,0.00,0.00,0.02,0.00,0.56,0.00,0.00,0,0,,4,0.44,32,0,0.00,15,4,0.48,56,1,2,9,98,0.00,99,0,10,1.20,78,22,59,2.65,71,0,0.00,99,0,0.00,0,0,0.00,0,1.33,75,11,1.33,57,6,0.72,54.55,0,0.00,0,0,0,0.00,0,0,0.00,89,0.00,0,N/A,N/A,N/A,N/A,0.00,0,0.00,0,0.22,0.00,0,82.53,0.00,15,68,0.44,0.48,4,62,64,0,0,0,0.22,0.24,2,57,65.29,2.56,2.77,23,0,0.00,0.00,99,0.00,0,0,0,0.00,0.00,0,0.00,0.00,0.00,0.00,0,0,0.00,42,28,11,79,89,1.56,77,0.17,0.19,0.22,24,0.02,0.03,35,6,0.67,0.72,1.81,1.67,85,15,0.03,24,92,79,67,0,41,30,0,0.00,99,5,0.00,0.60,9.76,9.00,81,48,73,52,5.78,5.33,59.26,4,0.48,65,0,22.73,0,0.00,99,5,0.56,0.60,71,28,31,30,0,0,0,0,0,65,61,59,72,0,99,81,18,90,4,36,96,16,0,0
Fabrício Dias Afonso,21,1093503600,2004/08/26,Serie A,2024,Midfielder,Fortaleza,0,0,0,Brazil,0,0,0,0,0,0,0,0,0,0,0,0,0,0,0,0,0,0,0,0,0,0,0,0,0,0,0,0,0,0,0,-1,-1,-1,-1,N/A,N/A,N/A,N/A,N/A,N/A,N/A,N/A,N/A,N/A,N/A,N/A,N/A,N/A,N/A,N/A,N/A,N/A,N/A,N/A,N/A,N/A,N/A,N/A,N/A,N/A,N/A,N/A,N/A,N/A,N/A,N/A,N/A,N/A,N/A,N/A,N/A,N/A,N/A,N/A,N/A,N/A,N/A,N/A,N/A,N/A,N/A,N/A,N/A,N/A,N/A,N/A,N/A,N/A,N/A,N/A,N/A,N/A,N/A,N/A,N/A,N/A,N/A,N/A,N/A,N/A,N/A,N/A,N/A,N/A,N/A,N/A,N/A,N/A,N/A,N/A,N/A,N/A,N/A,N/A,N/A,N/A,N/A,N/A,N/A,N/A,N/A,N/A,N/A,N/A,N/A,N/A,N/A,N/A,N/A,N/A,N/A,N/A,N/A,N/A,N/A,N/A,N/A,N/A,N/A,N/A,N/A,N/A,N/A,N/A,N/A,N/A,N/A,N/A,N/A,N/A,N/A,N/A,N/A,N/A,N/A,N/A,N/A,N/A,N/A,N/A,N/A,N/A,N/A,N/A,N/A,N/A,N/A,N/A,N/A,N/A,N/A,N/A,N/A,N/A,N/A,N/A,N/A,N/A,N/A,N/A,N/A,N/A,N/A,N/A,N/A,N/A,N/A,N/A,N/A,N/A,N/A,N/A,N/A,N/A,N/A,N/A,N/A,N/A,N/A,N/A,N/A,N/A,N/A,N/A,N/A,N/A,N/A,N/A,N/A,N/A,N/A,N/A,N/A,N/A,N/A,N/A,N/A,N/A,N/A,N/A,N/A,N/A,N/A,N/A,N/A,N/A,N/A,N/A,N/A,N/A,N/A,N/A,N/A,N/A,N/A,N/A,N/A,N/A,N/A,N/A,N/A,N/A,N/A,N/A,N/A,N/A,N/A,N/A,N/A,N/A,N/A,N/A,N/A,N/A,N/A,N/A,N/A,N/A
Fabrício Oliveira de Souza,25,961052400,2000/06/15,Serie A,2024,Goalkeeper,Bragantino,90,90,0,Brazil,1,1,0,0,0,0,0,0,0,0,0,0,0,0,1,1,0,1,0,0,0,0,0,0,0,1,90,90,90,0,1,-1,-1,-1,35,0,7.12,0,45,14.00,14.00,0,14,9.00,9,3,9.00,0,0.00,0.00,0.00,0,0.00,0.00,0.00,0.00,0,0.00,0.00,0.00,0.00,5.00,0.00,0.00,7.00,0.00,0.00,0.00,0.00,0.00,0.00,0.00,0.00,0.00,0.00,0.00,0,0,,0,0.00,8,0,0.00,15,0,0.00,9,0,0,1,4,0.00,99,0,0,0.00,9,0,30,0.00,14,0,0.00,99,0,0.00,0,0,0.00,0,0.00,8,0,0.00,7,0,0.00,0.00,0,0.00,0,5,41,5.00,97,7,0.00,63,7.00,99,N/A,N/A,N/A,N/A,71.43,0,0.00,0,0.00,0.00,0,64.29,0.00,15,99,0.00,0.00,0,10,10,0,0,4,0.00,0.00,0,23,7.12,0.00,0.00,0,0,0.00,0.00,99,0.00,0,0,0,0.00,0.00,0,0.00,0.00,0.00,0.00,0,0,0.00,42,0,0,40,63,0.02,0,0.02,0.02,0.00,9,0.00,0.00,2,0,0.00,0.00,0.00,0.00,5,0,0.00,9,83,1,67,0,41,2,0,0.00,99,0,0.00,0.00,0.00,0.00,0,0,0,0,0.00,0.00,0.00,0,0.00,99,0,0.00,0,0.00,99,0,0.00,0.00,30,1,14,11,0,0,0,0,0,26,40,59,54,0,99,2,8,99,0,0,7,37,0,0
Fabrizio José Peralta Ramírez,23,1028271600,2002/08/02,Serie A,2024,Midfielder,Cruzeiro,272,58,214,Paraguay,9,4,5,0,0,0,0,0,0,0,0,2,0,2,4,1,3,2,0,0,0,0,0,0,0,1.32,68,30,136,0,0.66,309,344,-1,23,0,6.63,0,45,60.22,20.22,95,182,16.56,149,46,49.30,90,0.00,0.00,0.44,4,0.00,0.56,3.64,1.22,11,0.00,0.67,0.00,0.00,0.00,0.33,0.67,0.00,0.00,0.99,0.22,1.00,0.00,0.11,0.03,0.00,0.78,0.00,0.00,0,0,,3,0.33,59,1,0.33,52,2,0.66,70,2,6,3,98,0.00,99,0,3,0.99,66,5,91,1.65,60,0,0.00,99,0,0.00,0,0,0.00,0,1.32,75,9,2.98,83,6,1.99,66.67,0,0.00,0,0,0,0.00,0,0,0.00,24,0.00,0,N/A,N/A,N/A,N/A,0.00,0,0.00,0,0.23,0.00,0,81.87,33.33,37,12,0.44,1.32,4,92,83,0,0,0,0.11,0.33,1,67,59.70,0.33,0.99,3,0,0.00,0.00,99,0.00,0,0,0,0.00,0.00,0,0.00,0.00,0.00,0.00,0,0,0.00,42,0,6,40,24,0.50,69,0.06,0.17,0.23,44,0.03,0.08,51,3,0.33,0.99,3.31,1.11,99,10,0.08,43,14,44,67,0,41,84,0,0.00,99,7,0.00,2.32,18.20,6.11,55,26,99,99,8.60,2.89,47.27,6,1.99,8,0,40.00,0,0.00,99,2,0.22,0.66,74,2,63,46,0,0,0,0,0,26,40,59,54,0,99,36,13,95,2,22,75,33,0,0
Fagner,36,613551600,1989/06/11,Serie A,2024,Defender,Corinthians,919,522,397,Brazil,14,8,6,0,0,0,1,1,0,0,0,5,4,1,10,3,7,4,1,0.1,0.1,0,0,0,0,0.98,92,66,230,919,0.39,381,181,70,25,0,6.81,0.07,66,35.35,25.79,45,361,20.21,283,30,27.71,42,0.00,0.00,1.14,16,0.00,2.71,2.06,1.50,21,0.00,0.14,0.00,0.00,0.00,0.64,0.21,0.00,0.00,0.10,0.00,0.36,0.00,0.07,0.01,0.00,0.07,0.00,0.00,0,0,,1,0.07,9,1,0.10,21,0,0.00,9,3,2,12,73,0.00,99,0,9,0.88,59,38,92,3.72,82,0,0.00,99,0,0.00,0,0,0.00,0,1.57,84,5,0.49,27,3,0.29,60.00,0,0.00,0,0,0,0.00,0,0,0.00,64,0.00,0,N/A,N/A,N/A,N/A,0.00,0,0.00,0,0.15,0.00,0,78.39,100.00,99,23,0.79,1.08,11,31,76,0,0,0,0.21,0.29,3,63,95.32,0.93,1.27,13,1,0.00,0.10,4,0.07,0,0,1,0.07,0.10,0,0.00,0.00,0.00,0.00,0,0,0.00,42,30,20,40,64,1.76,69,0.13,0.17,0.15,13,0.01,0.01,44,9,0.64,0.88,0.49,0.36,13,5,0.01,13,36,53,90,0,41,3,0,0.00,99,1,0.00,0.10,5.58,4.07,57,34,14,10,3.33,2.43,59.65,2,0.20,78,0,42.11,0,0.00,99,16,1.14,1.57,95,41,31,63,0,0,0,0,0,43,40,59,54,0,99,81,28,80,3,21,73,23,0,0
Fausto Mariano Vera,25,954057600,2000/03/26,Serie A,2024,Midfielder,Atlético Mineiro,1867,860,1007,Argentina,26,12,14,3,1,2,0,0,0,0,0,8,6,2,22,7,15,1,0,0.14,0,0.14,0.1,0.18,622,1.06,85,72,1867,0,0.05,157,425,-1,5,0,6.98,0,45,47.87,38.19,78,993,33.35,867,83,41.79,80,0.00,0.00,0.42,11,0.00,0.46,1.69,1.35,35,0.00,0.62,0.00,0.00,0.00,0.65,0.54,0.00,18.00,1.74,0.96,0.88,0.00,0.42,0.14,0.00,0.65,0.00,0.00,0,0,,36,1.38,84,11,0.53,67,25,1.21,96,2,5,21,58,0.00,99,0,17,0.82,57,12,86,0.58,42,0,0.00,99,0,0.00,0,0,0.00,0,0.53,34,23,1.11,48,14,0.67,60.87,0,0.00,0,0,0,0.00,0,0,0.00,55,0.00,0,N/A,N/A,N/A,N/A,0.00,0,0.00,0,3.67,0.00,0,87.31,30.56,29,28,0.81,1.01,21,57,76,0,0,0,0.38,0.48,10,78,181.56,1.04,1.30,27,0,0.00,0.00,99,0.00,0,0,1,0.04,0.05,0,0.00,0.00,0.00,0.00,0,0,5.56,46,69,65,70,56,2.04,33,0.08,0.10,3.67,70,0.14,0.18,31,13,0.50,0.63,1.35,1.08,61,28,0.18,68,65,54,74,0,41,40,0,0.00,99,17,0.00,0.82,8.10,6.46,168,79,24,32,3.81,3.04,47.02,16,0.77,52,0,33.33,0,0.00,99,4,0.15,0.19,50,70,57,46,0,0,0,0,0,52,70,80,61,0,99,68,99,9,1,4,10,5,0,0
Felipe Alves Raymundo,37,580201200,1988/05/21,Serie A,2024,Goalkeeper,Fluminense,0,0,0,Brazil,0,0,0,0,0,0,0,0,0,0,0,0,0,0,0,0,0,0,0,0,0,0,0,0,0,0,0,0,0,0,0,-1,-1,-1,-1,N/A,N/A,N/A,N/A,N/A,N/A,N/A,N/A,N/A,N/A,N/A,N/A,N/A,N/A,N/A,N/A,N/A,N/A,N/A,N/A,N/A,N/A,N/A,N/A,N/A,N/A,N/A,N/A,N/A,N/A,N/A,N/A,N/A,N/A,N/A,N/A,N/A,N/A,N/A,N/A,N/A,N/A,N/A,N/A,N/A,N/A,N/A,N/A,N/A,N/A,N/A,N/A,N/A,N/A,N/A,N/A,N/A,N/A,N/A,N/A,N/A,N/A,N/A,N/A,N/A,N/A,N/A,N/A,N/A,N/A,N/A,N/A,N/A,N/A,N/A,N/A,N/A,N/A,N/A,N/A,N/A,N/A,N/A,N/A,N/A,N/A,N/A,N/A,N/A,N/A,N/A,N/A,N/A,N/A,N/A,N/A,N/A,N/A,N/A,N/A,N/A,N/A,N/A,N/A,N/A,N/A,N/A,N/A,N/A,N/A,N/A,N/A,N/A,N/A,N/A,N/A,N/A,N/A,N/A,N/A,N/A,N/A,N/A,N/A,N/A,N/A,N/A,N/A,N/A,N/A,N/A,N/A,N/A,N/A,N/A,N/A,N/A,N/A,N/A,N/A,N/A,N/A,N/A,N/A,N/A,N/A,N/A,N/A,N/A,N/A,N/A,N/A,N/A,N/A,N/A,N/A,N/A,N/A,N/A,N/A,N/A,N/A,N/A,N/A,N/A,N/A,N/A,N/A,N/A,N/A,N/A,N/A,N/A,N/A,N/A,N/A,N/A,N/A,N/A,N/A,N/A,N/A,N/A,N/A,N/A,N/A,N/A,N/A,N/A,N/A,N/A,N/A,N/A,N/A,N/A,N/A,N/A,N/A,N/A,N/A,N/A,N/A,N/A,N/A,N/A,N/A,N/A,N/A,N/A,N/A,N/A,N/A,N/A,N/A,N/A,N/A,N/A,N/A,N/A,N/A,N/A,N/A,N/A,N/A
Felipe Anderson,32,734857200,1993/04/15,Serie A,2024,Forward,Palmeiras,1319,547,772,Brazil,20,9,11,2,2,0,2,1,1,0,0,8,4,4,13,6,7,0,0,0.27,0.14,0.14,0.33,0,660,0.89,101,66,0,660,0,160,122,-1,7,0,7.21,0.1,78,41.69,30.55,63,611,23.65,473,25,32.27,55,0.00,0.00,1.60,32,0.00,2.25,2.39,1.75,35,0.00,0.80,0.00,0.00,0.00,0.65,1.15,0.00,8.00,1.09,0.45,2.10,0.00,0.35,0.12,0.00,0.40,0.00,0.00,0,0,,16,0.80,63,7,0.48,64,9,0.61,66,6,4,16,83,0.00,99,0,13,0.89,60,45,52,3.07,76,0,0.00,99,0,0.00,0,0,0.00,0,2.18,93,42,2.87,82,23,1.57,54.76,0,0.00,0,0,0,0.00,0,0,0.00,75,0.00,0,N/A,N/A,N/A,N/A,0.00,0,0.00,0,2.45,0.00,0,77.41,43.75,57,15,0.90,1.23,18,86,65,0,0,0,0.25,0.34,5,67,144.20,0.95,1.30,19,0,0.00,0.00,99,0.00,0,0,1,0.05,0.07,0,0.00,0.00,0.07,0.05,1,0,12.50,68,50,43,71,74,3.54,89,0.18,0.24,2.45,69,0.12,0.17,40,12,0.60,0.82,0.68,0.50,18,10,0.17,66,90,54,83,0,54,27,0,0.00,99,8,0.00,0.55,10.24,7.50,150,78,63,57,5.32,3.90,52.00,16,1.09,34,0,20.00,0,0.00,99,9,0.45,0.61,71,56,50,93,0,0,0,0,0,71,70,59,87,0,99,87,7,7,0,0,7,9,0,0
Felipe Gabriel Cunha Teresa,19,1138780800,2006/02/01,Serie A,2024,Midfielder,Flamengo,4,0,4,Brazil,1,0,1,1,0,1,0,0,0,0,0,0,0,0,0,0,0,0,0,22.5,0,22.5,0,22.5,4,0,0,4,0,0,0,-1,-1,-1,17,0,7.12,0,45,45.00,2.00,71,2,2.00,2,99,45.00,86,0.00,0.00,0.00,0,0.00,0.00,0.00,0.00,0,0.00,1.00,0.00,0.00,0.00,0.00,0.00,0.00,1.00,22.50,0.00,0.00,0.00,1.00,0.72,0.00,1.00,0.00,0.00,0,0,,1,1.00,99,1,22.50,99,0,0.00,9,0,1,0,4,0.00,99,0,0,0.00,9,0,30,0.00,14,0,0.00,99,0,0.00,0,0,0.00,0,0.00,8,0,0.00,7,0,0.00,0.00,0,0.00,0,0,0,0.00,0,0,0.00,99,0.00,0,N/A,N/A,N/A,N/A,0.00,0,0.00,0,0.72,0.00,0,100.00,100.00,99,99,0.00,0.00,0,10,10,0,0,0,0.00,0.00,0,23,7.12,0.00,0.00,0,0,0.00,0.00,99,0.00,0,0,0,0.00,0.00,0,0.00,0.00,0.00,0.00,0,0,100.00,99,0,0,40,0,0.00,0,0.00,0.00,0.72,99,0.72,16.20,2,0,0.00,0.00,0.00,0.00,5,0,16.20,99,83,1,67,0,41,99,0,0.00,99,1,0.00,22.50,45.00,2.00,2,1,99,99,22.50,1.00,50.00,1,22.50,0,0,0.00,0,0.00,99,0,0.00,0.00,30,0,22,11,0,0,0,0,0,99,99,99,54,0,99,2,7,7,0,0,7,40,0,0
Felipe Ignacio Carballo Ares,29,844412400,1996/10/04,Serie A,2024,Midfielder,Grêmio,477,395,82,Uruguay,9,6,3,0,0,0,0,0,0,0,0,2,2,0,7,7,0,3,0,0,0,0,0,0,0,1.32,68,53,159,0,0.57,339,323,-1,23,0,6.68,0,45,50.57,29.78,83,268,24.78,223,57,42.08,80,0.00,0.00,0.22,2,0.00,0.22,2.64,1.56,14,0.00,1.00,0.00,0.00,0.00,0.44,0.78,0.00,0.00,0.75,0.33,1.11,0.00,0.11,0.03,0.00,0.67,0.00,0.00,0,0,,4,0.44,50,1,0.19,36,3,0.57,63,2,4,5,88,0.00,99,0,4,0.75,52,2,30,0.38,34,0,0.00,99,0,0.00,0,0,0.00,0,0.38,28,10,1.89,72,7,1.32,70.00,0,0.00,0,0,0,0.00,0,0,0.00,24,0.00,0,N/A,N/A,N/A,N/A,0.00,0,0.00,0,0.25,0.00,0,83.21,25.00,24,0,1.78,3.02,16,82,85,0,0,0,0.00,0.00,0,23,60.10,1.00,1.70,9,0,0.00,0.00,99,0.00,0,0,1,0.11,0.19,0,0.00,0.00,0.00,0.00,0,0,0.00,42,7,6,40,24,0.53,33,0.06,0.10,0.25,35,0.03,0.05,18,2,0.22,0.38,1.89,1.11,87,10,0.05,34,19,63,98,0,41,52,0,0.00,99,6,0.00,1.13,13.96,8.22,74,29,66,86,5.47,3.22,39.19,9,1.70,14,0,0.00,0,0.00,99,0,0.00,0.00,30,11,50,46,0,0,0,0,0,26,40,59,54,0,99,36,16,93,2,22,75,8,0,0
Felipe Jonatan Rocha Andrade,27,887529600,1998/02/15,Serie A,2024,Defender,Fortaleza,1513,783,730,Brazil,22,11,11,0,0,0,0,0,0,0,0,7,7,0,14,3,11,0,0,0,0,0,0,0,0,0.83,108,69,0,0,0,353,282,31,22,0,6.59,0,45,39.63,29.16,56,554,23.11,439,33,31.41,52,0.00,0.00,0.53,10,0.00,2.21,1.22,0.89,17,0.00,0.26,0.00,0.00,0.00,0.74,0.37,0.00,0.00,0.57,0.16,0.79,0.00,0.26,0.05,0.00,0.89,0.00,0.00,0,0,,8,0.42,40,5,0.36,55,3,0.21,23,3,5,17,36,0.00,99,0,14,1.00,67,42,45,3.00,75,0,0.00,99,0,0.00,0,0,0.00,0,0.72,43,15,1.07,47,7,0.50,46.67,0,0.00,0,0,0,0.00,0,0,0.00,83,0.00,0,N/A,N/A,N/A,N/A,0.00,0,0.00,0,0.91,0.00,0,79.24,62.50,91,52,0.47,0.64,9,47,45,0,0,0,0.11,0.14,2,42,125.25,2.16,2.93,41,0,0.00,0.00,99,0.00,0,0,0,0.00,0.00,0,0.00,0.00,0.07,0.05,1,0,0.00,42,59,50,40,82,1.33,33,0.07,0.10,0.91,42,0.05,0.07,74,22,1.16,1.57,0.72,0.53,20,10,0.07,41,13,81,67,0,54,56,0,0.00,99,17,0.00,1.22,7.37,5.42,103,63,42,24,4.51,3.32,61.17,5,0.36,71,0,16.67,0,0.00,99,7,0.37,0.50,68,60,57,63,0,0,0,0,0,26,40,59,54,0,99,72,7,7,0,0,7,36,0,0
Felipe Longo Fernandes da Silva,20,1110009600,2005/03/05,Serie A,2024,Midfielder,Corinthians,0,0,0,Brazil,0,0,0,0,0,0,0,0,0,0,0,0,0,0,0,0,0,0,0,0,0,0,0,0,0,0,0,0,0,0,0,-1,-1,-1,-1,N/A,N/A,N/A,N/A,N/A,N/A,N/A,N/A,N/A,N/A,N/A,N/A,N/A,N/A,N/A,N/A,N/A,N/A,N/A,N/A,N/A,N/A,N/A,N/A,N/A,N/A,N/A,N/A,N/A,N/A,N/A,N/A,N/A,N/A,N/A,N/A,N/A,N/A,N/A,N/A,N/A,N/A,N/A,N/A,N/A,N/A,N/A,N/A,N/A,N/A,N/A,N/A,N/A,N/A,N/A,N/A,N/A,N/A,N/A,N/A,N/A,N/A,N/A,N/A,N/A,N/A,N/A,N/A,N/A,N/A,N/A,N/A,N/A,N/A,N/A,N/A,N/A,N/A,N/A,N/A,N/A,N/A,N/A,N/A,N/A,N/A,N/A,N/A,N/A,N/A,N/A,N/A,N/A,N/A,N/A,N/A,N/A,N/A,N/A,N/A,N/A,N/A,N/A,N/A,N/A,N/A,N/A,N/A,N/A,N/A,N/A,N/A,N/A,N/A,N/A,N/A,N/A,N/A,N/A,N/A,N/A,N/A,N/A,N/A,N/A,N/A,N/A,N/A,N/A,N/A,N/A,N/A,N/A,N/A,N/A,N/A,N/A,N/A,N/A,N/A,N/A,N/A,N/A,N/A,N/A,N/A,N/A,N/A,N/A,N/A,N/A,N/A,N/A,N/A,N/A,N/A,N/A,N/A,N/A,N/A,N/A,N/A,N/A,N/A,N/A,N/A,N/A,N/A,N/A,N/A,N/A,N/A,N/A,N/A,N/A,N/A,N/A,N/A,N/A,N/A,N/A,N/A,N/A,N/A,N/A,N/A,N/A,N/A,N/A,N/A,N/A,N/A,N/A,N/A,N/A,N/A,N/A,N/A,N/A,N/A,N/A,N/A,N/A,N/A,N/A,N/A,N/A,N/A,N/A,N/A,N/A,N/A,N/A,N/A,N/A,N/A,N/A,N/A,N/A,N/A,N/A,N/A,N/A,N/A
Felipe Melo,42,425458800,1983/06/26,Serie A,2024,Midfielder,Fluminense,420,253,167,Brazil,10,7,3,0,0,0,0,0,0,0,0,2,1,1,6,2,4,5,2,0,0,0,0,0,0,1.29,70,42,60,0,1.5,444,288,-1,26,0,6.39,0,45,48.00,22.40,78,224,19.20,192,72,41.14,78,0.00,0.00,0.00,0,0.00,0.00,1.07,0.50,5,0.00,0.40,0.00,0.00,0.00,0.80,0.00,0.00,0.00,0.21,0.10,0.10,0.00,0.00,0.01,0.00,1.20,0.00,0.00,0,0,,1,0.10,14,0,0.00,15,1,0.21,23,3,3,7,30,0.00,99,0,8,1.71,95,0,30,0.00,14,0,0.00,99,0,0.00,0,0,0.00,0,0.00,8,1,0.21,16,0,0.00,0.00,0,0.00,0,0,0,0.00,0,0,0.00,27,0.00,0,N/A,N/A,N/A,N/A,0.00,0,0.00,0,0.05,0.00,0,85.71,0.00,15,37,0.40,0.86,4,10,10,0,0,0,0.30,0.64,3,86,63.89,2.60,5.57,26,0,0.00,0.00,99,0.00,0,0,0,0.00,0.00,0,0.00,0.00,0.00,0.00,0,0,0.00,42,3,8,40,28,0.37,22,0.04,0.08,0.05,13,0.01,0.01,43,4,0.40,0.86,1.07,0.50,41,5,0.01,13,7,98,67,0,41,89,0,0.00,99,12,0.00,2.57,8.36,3.90,39,21,42,34,4.50,2.10,53.85,4,0.86,45,0,0.00,0,0.00,99,0,0.00,0.00,30,18,41,63,0,0,0,0,0,26,40,59,54,0,99,29,8,99,3,30,91,30,0,0
Felipe Vieira Augusto,26,925801200,1999/05/04,Serie A,2024,Defender,Vitória,0,0,0,Brazil,0,0,0,0,0,0,0,0,0,0,0,0,0,0,0,0,0,0,0,0,0,0,0,0,0,0,0,0,0,0,0,-1,-1,-1,-1,N/A,N/A,N/A,N/A,N/A,N/A,N/A,N/A,N/A,N/A,N/A,N/A,N/A,N/A,N/A,N/A,N/A,N/A,N/A,N/A,N/A,N/A,N/A,N/A,N/A,N/A,N/A,N/A,N/A,N/A,N/A,N/A,N/A,N/A,N/A,N/A,N/A,N/A,N/A,N/A,N/A,N/A,N/A,N/A,N/A,N/A,N/A,N/A,N/A,N/A,N/A,N/A,N/A,N/A,N/A,N/A,N/A,N/A,N/A,N/A,N/A,N/A,N/A,N/A,N/A,N/A,N/A,N/A,N/A,N/A,N/A,N/A,N/A,N/A,N/A,N/A,N/A,N/A,N/A,N/A,N/A,N/A,N/A,N/A,N/A,N/A,N/A,N/A,N/A,N/A,N/A,N/A,N/A,N/A,N/A,N/A,N/A,N/A,N/A,N/A,N/A,N/A,N/A,N/A,N/A,N/A,N/A,N/A,N/A,N/A,N/A,N/A,N/A,N/A,N/A,N/A,N/A,N/A,N/A,N/A,N/A,N/A,N/A,N/A,N/A,N/A,N/A,N/A,N/A,N/A,N/A,N/A,N/A,N/A,N/A,N/A,N/A,N/A,N/A,N/A,N/A,N/A,N/A,N/A,N/A,N/A,N/A,N/A,N/A,N/A,N/A,N/A,N/A,N/A,N/A,N/A,N/A,N/A,N/A,N/A,N/A,N/A,N/A,N/A,N/A,N/A,N/A,N/A,N/A,N/A,N/A,N/A,N/A,N/A,N/A,N/A,N/A,N/A,N/A,N/A,N/A,N/A,N/A,N/A,N/A,N/A,N/A,N/A,N/A,N/A,N/A,N/A,N/A,N/A,N/A,N/A,N/A,N/A,N/A,N/A,N/A,N/A,N/A,N/A,N/A,N/A,N/A,N/A,N/A,N/A,N/A,N/A,N/A,N/A,N/A,N/A,N/A,N/A,N/A,N/A,N/A,N/A,N/A,N/A
Felipe Vizeu do Carmo,28,858153600,1997/03/12,Serie A,2024,Forward,Criciúma,437,238,199,Brazil,17,8,9,2,1,1,0,0,0,0,0,4,2,2,7,4,3,3,1,0.41,0,0.41,0.38,0.45,219,1.44,62,26,109,0,0.82,27,319,-1,12,0,6.67,0,45,22.60,6.47,16,110,5.06,86,28,17.67,18,0.00,0.00,0.12,2,0.00,0.00,1.23,0.35,6,0.00,0.35,0.00,0.00,0.00,0.12,0.29,0.00,2.50,1.03,0.06,0.65,0.00,0.24,0.10,0.00,0.65,0.00,0.00,0,0,,5,0.29,61,4,0.82,81,1,0.21,23,1,12,5,37,0.00,99,0,2,0.41,29,0,30,0.00,14,0,0.00,99,0,0.00,0,0,0.00,0,0.41,29,11,2.26,77,5,1.03,45.45,0,0.00,0,0,0,0.00,0,0,0.00,16,0.00,0,N/A,N/A,N/A,N/A,0.00,0,0.00,0,1.68,0.00,0,78.18,80.00,99,89,0.06,0.21,1,75,42,0,0,0,0.00,0.00,0,23,113.43,0.12,0.41,2,0,0.00,0.00,99,0.00,0,0,1,0.06,0.21,0,0.00,0.00,0.41,0.12,2,0,40.00,99,5,32,45,16,0.23,10,0.01,0.05,1.68,92,0.10,0.35,82,9,0.53,1.85,1.23,0.35,53,6,0.35,91,18,13,98,0,90,83,0,0.00,99,11,0.00,2.26,13.77,3.94,67,30,80,85,6.16,1.76,44.78,6,1.23,27,0,0.00,0,0.00,99,0,0.00,0.00,30,11,88,30,0,0,0,0,0,86,95,96,89,0,99,43,9,98,2,12,41,9,0,0
Felix Eduardo Torres Caicedo,28,852969600,1997/01/11,Serie A,2024,Defender,Corinthians,1709,732,977,Ecuador,22,10,12,0,0,0,0,0,0,0,0,7,4,3,18,5,13,3,0,0,0,0,0,0,0,0.95,95,78,570,0,0.16,395,499,60,31,0,6.77,0,45,46.27,39.30,74,786,33.00,660,61,38.85,73,0.00,0.00,0.25,5,0.00,0.15,1.06,0.90,18,0.00,0.10,0.00,0.00,0.00,1.10,0.00,0.00,0.00,0.29,0.20,0.15,0.00,0.05,0.01,0.00,1.85,0.00,0.00,0,0,,5,0.25,18,1,0.06,17,4,0.24,26,2,3,19,29,0.00,99,0,22,1.29,82,3,86,0.18,25,0,0.00,99,0,0.00,0,0,0.00,0,0.29,23,3,0.18,14,0,0.00,0.00,0,0.00,0,0,0,0.00,0,0,0.00,68,0.00,0,N/A,N/A,N/A,N/A,0.00,0,0.00,0,0.30,0.00,0,83.97,20.00,18,58,0.50,0.59,10,10,10,0,0,0,0.25,0.29,5,63,135.33,3.05,3.59,61,0,0.00,0.00,99,0.00,0,0,1,0.05,0.06,0,0.00,0.00,0.12,0.10,2,0,0.00,42,66,50,40,68,1.87,39,0.09,0.11,0.30,19,0.01,0.02,7,3,0.15,0.18,1.29,1.10,58,22,0.02,19,29,84,78,0,66,81,0,0.00,99,37,0.00,2.18,6.71,5.70,114,58,16,17,3.41,2.90,50.88,2,0.12,84,0,33.33,0,0.00,99,1,0.05,0.06,35,64,41,46,0,0,0,0,0,26,40,59,54,0,99,72,79,30,3,14,48,3,0,0
Fellipe Mateus De Sena Araujo,34,666345600,1991/02/12,Serie A,2024,Midfielder,Criciúma,1893,903,990,Brazil,31,16,15,3,1,2,0,0,0,0,0,6,4,2,25,11,14,5,0,0.14,0,0.14,0.1,0.18,631,1.19,76,61,379,0,0.24,156,384,-1,4,0,6.95,0,45,32.13,21.57,36,604,17.68,495,47,26.33,38,0.00,0.00,0.61,17,0.00,0.75,1.44,0.96,27,0.00,0.96,0.00,0.00,0.00,0.50,0.89,0.00,8.67,1.38,0.43,1.29,0.00,0.50,0.14,0.00,0.93,0.00,0.00,0,0,,26,0.93,74,14,0.74,78,12,0.64,68,2,11,20,45,0.00,99,0,14,0.74,51,21,90,1.12,54,0,0.00,99,0,0.00,0,0,0.00,0,0.90,55,36,1.91,72,25,1.33,69.44,0,0.00,0,0,0,0.00,0,0,0.00,38,0.00,0,N/A,N/A,N/A,N/A,0.00,0,0.00,0,3.98,0.00,0,81.95,53.85,80,16,0.82,1.22,23,83,85,0,0,0,0.07,0.11,2,38,194.66,0.57,0.85,16,1,0.00,0.05,12,0.04,0,0,1,0.04,0.05,0,0.00,0.00,0.11,0.07,2,0,11.54,61,70,83,70,40,1.53,22,0.05,0.08,3.98,75,0.14,0.21,93,46,1.64,2.45,1.28,0.86,57,24,0.21,73,61,39,74,0,65,61,0,0.00,99,26,0.00,1.38,12.82,8.61,241,124,87,80,6.60,4.43,51.45,27,1.44,21,0,38.10,0,0.00,99,8,0.29,0.43,64,67,85,46,0,1,0,3,0,52,70,80,61,0,99,27,60,49,5,16,54,7,0,0
Fernandinho,40,484038000,1985/05/04,Serie A,2024,Midfielder,Atlético PR,1550,840,710,Brazil,25,14,11,2,2,0,3,2,1,1,0,8,6,2,13,7,6,9,0,0.29,0.17,0.12,0.21,0,775,0.75,119,62,172,517,0.52,179,97,-1,9,0,7.11,0.12,83,52.57,36.70,86,844,30.39,699,53,43.54,83,0.00,0.00,1.52,35,0.00,1.65,1.74,1.22,28,0.00,0.70,0.00,0.00,0.00,0.39,0.48,0.00,6.00,0.75,0.13,0.91,0.00,0.39,0.11,0.00,0.78,0.00,0.00,0,0,,12,0.52,50,9,0.56,69,3,0.19,19,5,8,17,60,0.00,99,0,9,0.56,38,38,69,2.37,67,0,0.00,99,0,0.00,0,0,0.00,0,2.18,93,21,1.31,56,11,0.69,52.38,0,0.00,0,0,0,0.00,0,0,0.00,88,0.00,0,N/A,N/A,N/A,N/A,0.00,0,0.00,0,2.47,0.00,0,82.82,75.00,98,61,0.39,0.56,9,60,59,1,0,0,0.13,0.19,3,49,163.44,0.96,1.37,22,0,0.00,0.00,99,0.00,0,1,0,0.00,0.00,0,0.00,0.00,0.06,0.04,1,0,16.67,80,60,62,76,87,3.76,86,0.16,0.23,1.77,55,0.08,0.11,66,22,0.96,1.37,1.93,1.35,88,31,0.15,62,83,55,67,0,51,52,0,0.00,99,18,0.00,1.12,9.65,6.74,155,79,54,50,4.92,3.43,50.97,16,1.00,38,0,26.32,0,0.00,99,10,0.43,0.62,72,60,73,87,0,0,0,0,0,73,66,59,77,0,99,72,18,90,8,32,93,5,0,0
Fernando,26,937292400,1999/09/14,Serie A,2024,Defender,Atlético PR,721,211,510,Brazil,16,5,11,0,0,0,1,1,0,0,0,4,2,2,10,5,5,5,1,0.12,0.12,0,0,0,0,1.25,72,45,120,721,0.75,335,145,138,18,0,6.57,0.06,72,39.98,17.64,58,247,14.86,208,63,33.67,59,0.00,0.00,0.21,3,0.00,1.00,0.97,0.43,6,0.00,0.07,0.00,0.00,0.00,1.07,0.36,0.00,0.00,0.16,0.07,0.79,0.00,0.00,0.00,0.00,0.93,0.00,0.00,0,0,,1,0.07,11,0,0.00,15,1,0.16,16,2,9,7,26,0.00,99,0,15,2.43,99,14,40,2.27,66,0,0.00,99,0,0.00,0,0,0.00,0,0.49,32,11,1.78,70,5,0.81,45.45,0,0.00,0,0,0,0.00,0,0,0.00,31,0.00,0,N/A,N/A,N/A,N/A,0.00,0,0.00,0,0.04,0.00,0,84.21,0.00,15,29,0.43,0.97,6,66,42,0,0,0,0.00,0.00,0,23,92.01,0.57,1.29,8,0,0.00,0.00,99,0.00,0,0,0,0.00,0.00,0,0.00,0.00,0.16,0.07,1,0,0.00,42,21,27,40,31,0.64,33,0.05,0.10,0.04,13,0.00,0.01,50,6,0.43,0.97,1.78,0.79,83,11,0.01,13,12,53,67,0,73,79,0,0.00,99,13,0.00,2.10,10.20,4.50,63,30,52,57,4.86,2.14,47.62,1,0.16,80,0,14.29,0,0.00,99,2,0.14,0.32,59,18,78,46,0,0,0,0,0,46,40,59,54,0,99,47,11,96,4,25,84,6,0,0
Fernando Marçal,36,603878400,1989/02/19,Serie A,2024,Defender,Botafogo,1016,600,416,Brazil,16,8,8,1,0,1,0,0,0,0,0,7,4,3,7,5,2,5,0,0.09,0,0.09,0,0.22,1016,0.62,145,64,203,0,0.44,216,496,11,19,0,6.97,0,45,45.78,31.40,73,471,26.27,394,59,38.29,72,0.00,0.00,0.60,9,0.00,3.27,2.33,1.60,24,0.00,0.53,0.00,0.00,0.00,1.27,0.33,0.00,6.00,0.58,0.27,0.60,0.00,0.13,0.07,0.00,1.73,0.00,0.00,0,0,,6,0.40,41,2,0.19,36,4,0.39,46,8,5,11,82,0.00,99,0,19,1.85,97,49,63,4.76,90,0,0.00,99,0,0.00,0,0,0.00,0,0.87,53,9,0.87,40,5,0.49,55.56,0,0.00,0,0,0,0.00,0,0,0.00,94,0.00,0,N/A,N/A,N/A,N/A,0.00,0,0.00,0,1.04,0.00,0,83.65,33.33,37,24,0.73,1.07,11,46,67,0,0,0,0.07,0.10,1,36,104.58,2.00,2.92,30,1,0.00,0.10,4,0.07,0,0,0,0.00,0.00,0,0.00,0.00,0.10,0.07,1,0,16.67,80,36,27,81,94,1.31,51,0.09,0.13,1.04,52,0.07,0.10,55,11,0.73,1.07,2.53,1.73,98,26,0.10,51,64,81,67,0,63,88,0,0.00,99,26,0.00,2.53,11.76,8.07,121,65,83,72,6.32,4.33,53.72,8,0.78,50,0,24.49,0,0.00,99,12,0.80,1.17,89,37,57,99,0,0,0,0,0,42,60,83,54,0,99,93,24,84,5,31,92,21,0,0
Fernando Pereira do Nascimento,30,787651200,1994/12/17,Serie A,2024,Midfielder,Cuiabá,2007,1001,1006,Brazil,33,17,16,1,1,0,2,1,1,1,0,8,5,3,20,8,12,7,0,0.13,0.09,0.04,0.09,0,2007,0.9,100,61,287,1004,0.31,287,190,-1,7,0,6.99,0.06,65,41.09,26.44,61,846,20.97,671,34,32.59,57,0.00,0.00,0.69,22,0.00,2.00,3.06,1.97,63,0.00,0.66,0.00,0.00,0.00,0.59,0.56,0.00,15.00,0.73,0.34,0.97,0.00,0.12,0.05,0.00,0.66,0.00,0.00,0,0,,15,0.47,48,4,0.19,36,11,0.53,60,2,11,22,95,0.00,99,0,19,0.92,62,64,70,3.11,77,0,0.00,99,0,0.00,0,0,0.00,0,1.07,63,31,1.51,63,18,0.87,58.06,0,0.00,0,0,0,0.00,0,0,0.00,73,0.00,0,N/A,N/A,N/A,N/A,0.00,0,0.00,0,1.64,0.00,0,79.31,26.67,25,16,0.78,1.21,25,69,71,1,0,0,0.25,0.39,8,73,223.78,0.75,1.17,24,0,0.00,0.00,99,0.00,0,1,0,0.00,0.00,0,0.00,0.00,0.05,0.03,1,0,6.67,49,72,91,95,73,2.52,45,0.08,0.12,0.94,35,0.03,0.05,73,32,1.00,1.55,1.41,0.91,66,29,0.08,43,67,49,67,0,48,48,0,0.00,99,21,0.00,1.02,11.56,7.44,238,134,86,71,6.51,4.19,56.30,21,1.02,37,0,26.56,0,0.00,99,17,0.53,0.83,81,72,85,46,0,0,0,0,0,50,45,59,59,0,99,43,42,66,7,21,73,88,0,0
Fernando Reges,38,554194800,1987/07/25,Serie A,2024,Midfielder,Internacional,1542,855,687,Brazil,24,13,11,1,1,0,0,0,0,0,0,9,5,4,15,6,9,7,0,0.06,0,0.06,0.11,0,1542,0.88,103,64,220,0,0.41,264,357,-1,16,0,6.97,0,45,53.25,36.95,88,813,33.50,737,95,48.28,89,0.00,0.00,0.32,7,0.00,0.00,1.97,1.36,30,0.00,0.14,0.00,0.00,0.00,0.95,0.05,0.00,4.00,0.26,0.09,0.23,0.00,0.09,0.04,0.00,1.36,0.00,0.00,0,0,,4,0.18,17,2,0.13,26,2,0.13,14,6,8,16,68,0.00,99,0,21,1.38,86,0,30,0.00,14,0,0.00,99,0,0.00,0,0,0.00,0,0.46,31,5,0.33,20,1,0.07,20.00,0,0.00,0,0,0,0.00,0,0,0.00,77,0.00,0,N/A,N/A,N/A,N/A,0.00,0,0.00,0,0.93,0.00,0,90.65,50.00,74,58,0.41,0.59,9,14,12,0,0,0,0.23,0.33,5,67,153.26,1.82,2.62,40,0,0.00,0.00,99,0.00,0,0,1,0.05,0.07,0,0.00,0.00,0.13,0.09,2,0,25.00,93,60,58,93,78,1.72,39,0.08,0.11,0.93,39,0.04,0.06,24,7,0.32,0.46,1.38,0.95,64,21,0.06,38,64,78,83,0,69,76,0,0.00,99,30,0.00,1.97,7.93,5.50,121,68,41,29,4.45,3.09,56.20,3,0.20,78,0,0.00,0,0.00,99,0,0.00,0.00,30,56,73,93,0,0,0,0,0,33,49,59,62,0,99,85,27,81,7,29,89,5,0,0
Filipe Augusto Carvalho Souza,32,745138800,1993/08/12,Serie A,2024,Midfielder,Cuiabá,844,344,500,Brazil,19,7,12,0,0,0,0,0,0,0,0,6,3,3,8,5,3,6,0,0,0,0,0,0,0,0.85,106,44,141,0,0.64,506,441,-1,25,0,6.68,0,45,47.60,23.94,77,431,20.78,374,79,41.30,79,0.00,0.00,0.11,2,0.00,0.11,1.77,0.89,16,0.00,0.50,0.00,0.00,0.00,0.56,0.44,0.00,0.00,0.55,0.17,0.61,0.00,0.11,0.03,0.00,0.56,0.00,0.00,0,0,,5,0.28,37,2,0.22,40,3,0.33,38,5,10,9,61,0.00,99,0,10,1.10,73,2,30,0.22,27,0,0.00,99,0,0.00,0,0,0.00,0,0.22,19,11,1.21,52,8,0.88,72.73,0,0.00,0,0,0,0.00,0,0,0.00,81,0.00,0,N/A,N/A,N/A,N/A,0.00,0,0.00,0,0.48,0.00,0,86.77,40.00,51,71,0.22,0.44,4,70,87,0,0,0,0.22,0.44,4,76,120.30,1.28,2.54,23,0,0.00,0.00,99,0.00,0,0,0,0.00,0.00,0,0.00,0.00,0.00,0.00,0,0,0.00,42,27,40,40,81,0.90,33,0.05,0.10,0.48,35,0.03,0.05,32,6,0.33,0.66,2.65,1.33,99,24,0.05,34,19,76,67,0,41,51,0,0.00,99,10,0.00,1.10,9.72,4.89,88,40,40,52,4.42,2.22,45.45,9,0.99,39,0,0.00,0,0.00,99,0,0.00,0.00,30,28,82,87,0,0,0,0,0,26,40,59,54,0,99,72,14,94,6,32,93,5,0,0
Francisco Dyogo Bento Alves,21,1073635200,2004/01/09,Serie A,2024,Midfielder,Flamengo,0,0,0,Brazil,0,0,0,0,0,0,0,0,0,0,0,0,0,0,0,0,0,0,0,0,0,0,0,0,0,0,0,0,0,0,0,-1,-1,-1,-1,N/A,N/A,N/A,N/A,N/A,N/A,N/A,N/A,N/A,N/A,N/A,N/A,N/A,N/A,N/A,N/A,N/A,N/A,N/A,N/A,N/A,N/A,N/A,N/A,N/A,N/A,N/A,N/A,N/A,N/A,N/A,N/A,N/A,N/A,N/A,N/A,N/A,N/A,N/A,N/A,N/A,N/A,N/A,N/A,N/A,N/A,N/A,N/A,N/A,N/A,N/A,N/A,N/A,N/A,N/A,N/A,N/A,N/A,N/A,N/A,N/A,N/A,N/A,N/A,N/A,N/A,N/A,N/A,N/A,N/A,N/A,N/A,N/A,N/A,N/A,N/A,N/A,N/A,N/A,N/A,N/A,N/A,N/A,N/A,N/A,N/A,N/A,N/A,N/A,N/A,N/A,N/A,N/A,N/A,N/A,N/A,N/A,N/A,N/A,N/A,N/A,N/A,N/A,N/A,N/A,N/A,N/A,N/A,N/A,N/A,N/A,N/A,N/A,N/A,N/A,N/A,N/A,N/A,N/A,N/A,N/A,N/A,N/A,N/A,N/A,N/A,N/A,N/A,N/A,N/A,N/A,N/A,N/A,N/A,N/A,N/A,N/A,N/A,N/A,N/A,N/A,N/A,N/A,N/A,N/A,N/A,N/A,N/A,N/A,N/A,N/A,N/A,N/A,N/A,N/A,N/A,N/A,N/A,N/A,N/A,N/A,N/A,N/A,N/A,N/A,N/A,N/A,N/A,N/A,N/A,N/A,N/A,N/A,N/A,N/A,N/A,N/A,N/A,N/A,N/A,N/A,N/A,N/A,N/A,N/A,N/A,N/A,N/A,N/A,N/A,N/A,N/A,N/A,N/A,N/A,N/A,N/A,N/A,N/A,N/A,N/A,N/A,N/A,N/A,N/A,N/A,N/A,N/A,N/A,N/A,N/A,N/A,N/A,N/A,N/A,N/A,N/A,N/A,N/A,N/A,N/A,N/A,N/A,N/A
Franco Sebastián Cristaldo,29,840092400,1996/08/15,Serie A,2024,Midfielder,Grêmio,2141,1113,1028,Argentina,35,18,17,6,6,0,2,0,2,1,0,6,4,2,28,13,15,1,0,0.34,0.08,0.25,0.49,0,357,1.18,76,61,2141,1071,0.04,79,203,-1,2,0,7.36,0.06,62,43.90,29.64,69,978,24.64,813,55,36.49,67,0.00,0.00,1.94,64,0.00,4.18,1.53,1.03,34,0.00,0.64,0.00,0.00,0.00,0.39,0.33,0.00,5.83,1.57,0.42,0.70,0.00,0.64,0.21,0.00,0.70,0.00,0.00,0,0,,35,1.06,80,21,0.94,87,14,0.63,68,5,10,25,49,0.00,99,0,13,0.58,41,138,73,6.19,96,0,0.00,99,0,0.00,0,0,0.00,0,2.87,98,23,1.03,46,11,0.49,47.83,0,0.00,0,0,0,0.00,0,0,0.00,40,0.00,0,N/A,N/A,N/A,N/A,0.00,0,0.00,0,7.04,0.00,0,83.13,60.00,88,23,0.73,1.08,24,46,47,1,0,0,0.06,0.09,2,32,242.93,0.30,0.45,10,0,0.00,0.00,99,0.00,0,1,1,0.03,0.04,0,0.00,0.00,0.13,0.09,3,1,17.14,80,77,97,56,40,5.82,92,0.18,0.26,6.34,85,0.19,0.28,76,36,1.09,1.62,0.49,0.33,13,11,0.32,87,97,15,72,0,69,48,0,0.00,99,23,0.00,1.03,9.79,6.61,218,103,45,53,4.62,3.12,47.25,21,0.94,42,0,28.26,0,0.00,99,39,1.18,1.75,97,80,82,87,0,0,0,0,0,79,85,59,95,0,99,20,99,9,1,3,8,10,0,0
Gabriel Appelt Pires,32,748335600,1993/09/18,Serie A,2024,Midfielder,Fluminense,241,127,114,Brazil,5,3,2,0,0,0,0,0,0,0,0,0,0,0,1,0,1,1,0,0,0,0,0,0,0,0.37,241,48,241,0,0.37,-1,-1,-1,14,0,6.83,0,45,87.01,46.60,99,233,38.20,191,48,71.33,99,0.00,0.00,0.20,1,0.00,0.60,3.36,1.80,9,0.00,1.20,0.00,0.00,0.00,2.00,0.40,0.00,0.00,0.75,0.20,1.00,0.00,0.20,0.04,0.00,1.00,0.00,0.00,0,0,,2,0.40,50,1,0.37,55,1,0.37,42,2,2,3,97,0.00,99,0,10,3.73,99,3,30,1.12,54,0,0.00,99,0,0.00,0,0,0.00,0,0.37,27,5,1.87,71,2,0.75,40.00,0,0.00,0,0,0,0.00,0,0,0.00,99,0.00,0,N/A,N/A,N/A,N/A,0.00,0,0.00,0,0.21,0.00,0,81.97,50.00,74,0,1.20,2.24,6,64,28,0,0,0,0.00,0.00,0,23,34.17,0.40,0.75,2,0,0.00,0.00,99,0.00,0,0,0,0.00,0.00,0,0.00,0.00,0.37,0.20,1,0,0.00,42,0,1,40,99,0.39,62,0.08,0.15,0.21,44,0.04,0.08,83,5,1.00,1.87,2.99,1.60,99,8,0.08,43,41,32,67,0,89,74,0,0.00,99,5,0.00,1.87,17.18,9.20,46,21,97,98,7.84,4.20,45.65,6,2.24,4,0,0.00,0,0.00,99,0,0.00,0.00,30,2,31,46,0,0,0,0,0,26,40,59,54,0,99,2,31,77,1,20,70,22,0,0
Gabriel Atila Cardoso da Silva,22,1043222400,2003/01/22,Serie A,2024,Midfielder,Atlético Mineiro,0,0,0,Brazil,0,0,0,0,0,0,0,0,0,0,0,0,0,0,0,0,0,0,0,0,0,0,0,0,0,0,0,0,0,0,0,-1,-1,-1,-1,N/A,N/A,N/A,N/A,N/A,N/A,N/A,N/A,N/A,N/A,N/A,N/A,N/A,N/A,N/A,N/A,N/A,N/A,N/A,N/A,N/A,N/A,N/A,N/A,N/A,N/A,N/A,N/A,N/A,N/A,N/A,N/A,N/A,N/A,N/A,N/A,N/A,N/A,N/A,N/A,N/A,N/A,N/A,N/A,N/A,N/A,N/A,N/A,N/A,N/A,N/A,N/A,N/A,N/A,N/A,N/A,N/A,N/A,N/A,N/A,N/A,N/A,N/A,N/A,N/A,N/A,N/A,N/A,N/A,N/A,N/A,N/A,N/A,N/A,N/A,N/A,N/A,N/A,N/A,N/A,N/A,N/A,N/A,N/A,N/A,N/A,N/A,N/A,N/A,N/A,N/A,N/A,N/A,N/A,N/A,N/A,N/A,N/A,N/A,N/A,N/A,N/A,N/A,N/A,N/A,N/A,N/A,N/A,N/A,N/A,N/A,N/A,N/A,N/A,N/A,N/A,N/A,N/A,N/A,N/A,N/A,N/A,N/A,N/A,N/A,N/A,N/A,N/A,N/A,N/A,N/A,N/A,N/A,N/A,N/A,N/A,N/A,N/A,N/A,N/A,N/A,N/A,N/A,N/A,N/A,N/A,N/A,N/A,N/A,N/A,N/A,N/A,N/A,N/A,N/A,N/A,N/A,N/A,N/A,N/A,N/A,N/A,N/A,N/A,N/A,N/A,N/A,N/A,N/A,N/A,N/A,N/A,N/A,N/A,N/A,N/A,N/A,N/A,N/A,N/A,N/A,N/A,N/A,N/A,N/A,N/A,N/A,N/A,N/A,N/A,N/A,N/A,N/A,N/A,N/A,N/A,N/A,N/A,N/A,N/A,N/A,N/A,N/A,N/A,N/A,N/A,N/A,N/A,N/A,N/A,N/A,N/A,N/A,N/A,N/A,N/A,N/A,N/A,N/A,N/A,N/A,N/A,N/A,N/A
Gabriel Baralhas,27,908002800,1998/10/10,Serie A,2024,Midfielder,Atlético GO,2465,1238,1227,Brazil,33,17,16,1,0,1,3,3,0,0,0,6,4,2,41,13,28,10,0,0.15,0.11,0.04,0,0.07,2465,1.5,60,75,247,822,0.37,292,156,-1,12,0,7.05,0.09,70,38.51,32.06,54,994,26.68,827,56,32.04,54,0.00,0.00,0.87,27,0.00,0.45,1.82,1.52,47,0.00,0.52,0.00,0.00,0.00,1.32,0.42,0.00,32.00,1.24,0.58,0.97,0.00,0.45,0.12,0.00,1.00,0.00,0.00,0,0,,32,1.03,67,14,0.54,68,18,0.70,73,2,2,31,64,0.00,99,0,41,1.59,92,14,88,0.54,40,0,0.00,99,0,0.00,0,0,0.00,0,1.05,63,30,1.16,50,13,0.50,43.33,0,0.00,0,0,0,0.00,0,0,0.00,12,0.00,0,N/A,N/A,N/A,N/A,0.00,0,0.00,0,3.70,0.00,0,83.20,43.75,57,11,1.16,1.39,36,47,36,0,0,0,0.26,0.31,8,64,218.46,0.81,0.97,25,0,0.00,0.00,99,0.00,0,0,0,0.00,0.00,0,0.00,0.00,0.04,0.03,1,1,3.12,42,87,91,97,13,4.33,69,0.14,0.17,3.70,61,0.12,0.14,62,31,1.00,1.20,1.08,0.90,42,28,0.14,59,76,43,67,0,46,56,0,0.00,99,31,0.00,1.20,9.45,7.87,244,119,45,49,4.61,3.84,48.77,16,0.62,59,0,35.71,0,0.00,99,5,0.16,0.19,50,92,31,46,0,0,0,0,0,54,45,63,54,0,99,23,33,77,9,27,86,5,0,0
Gabriel Barbosa Almeida,29,841388400,1996/08/30,Serie A,2024,Forward,Flamengo,747,473,274,Brazil,19,12,7,4,3,1,1,0,1,2,0,5,3,2,10,7,3,2,0,0.6,0.12,0.48,0.57,0.33,187,1.2,75,39,374,747,0.24,15,144,-1,4,0,6.77,0.05,72,20.58,9.22,12,166,8.28,149,93,18.47,21,0.00,0.00,0.33,6,0.00,0.50,0.87,0.39,7,0.00,0.17,0.00,0.00,0.00,0.00,0.06,0.00,4.75,2.36,0.50,0.22,0.00,0.56,0.23,0.00,0.11,0.00,0.00,0,0,,19,1.06,96,10,1.24,96,9,1.12,92,4,12,7,22,0.00,99,0,0,0.00,9,9,30,1.12,54,0,0.00,99,0,0.00,0,0,0.00,0,0.74,46,4,0.50,28,1,0.12,25.00,0,0.00,0,0,0,0.00,0,0,0.00,36,0.00,0,N/A,N/A,N/A,N/A,0.00,0,0.00,0,4.09,0.00,0,89.76,52.63,77,67,0.22,0.50,4,18,15,2,0,0,0.00,0.00,0,23,121.86,0.00,0.00,0,0,0.00,0.00,99,0.00,0,2,1,0.06,0.12,0,0.00,0.00,1.12,0.50,9,0,21.05,87,22,40,43,37,1.13,57,0.06,0.14,2.69,90,0.15,0.33,36,6,0.33,0.74,0.25,0.11,8,2,0.51,98,29,1,93,0,99,10,0,0.00,99,2,0.00,0.25,3.97,1.78,32,16,8,7,1.98,0.89,50.00,3,0.37,70,0,0.00,0,0.00,99,0,0.00,0.00,30,18,88,77,0,0,0,0,0,96,97,90,97,0,99,51,59,49,2,11,35,10,0,0
Gabriel Caetano Godoy de Andrade,23,1020495600,2002/05/04,Serie A,2024,Midfielder,Bragantino,0,0,0,Brazil,0,0,0,0,0,0,0,0,0,0,0,0,0,0,0,0,0,0,0,0,0,0,0,0,0,0,0,0,0,0,0,-1,-1,-1,-1,N/A,N/A,N/A,N/A,N/A,N/A,N/A,N/A,N/A,N/A,N/A,N/A,N/A,N/A,N/A,N/A,N/A,N/A,N/A,N/A,N/A,N/A,N/A,N/A,N/A,N/A,N/A,N/A,N/A,N/A,N/A,N/A,N/A,N/A,N/A,N/A,N/A,N/A,N/A,N/A,N/A,N/A,N/A,N/A,N/A,N/A,N/A,N/A,N/A,N/A,N/A,N/A,N/A,N/A,N/A,N/A,N/A,N/A,N/A,N/A,N/A,N/A,N/A,N/A,N/A,N/A,N/A,N/A,N/A,N/A,N/A,N/A,N/A,N/A,N/A,N/A,N/A,N/A,N/A,N/A,N/A,N/A,N/A,N/A,N/A,N/A,N/A,N/A,N/A,N/A,N/A,N/A,N/A,N/A,N/A,N/A,N/A,N/A,N/A,N/A,N/A,N/A,N/A,N/A,N/A,N/A,N/A,N/A,N/A,N/A,N/A,N/A,N/A,N/A,N/A,N/A,N/A,N/A,N/A,N/A,N/A,N/A,N/A,N/A,N/A,N/A,N/A,N/A,N/A,N/A,N/A,N/A,N/A,N/A,N/A,N/A,N/A,N/A,N/A,N/A,N/A,N/A,N/A,N/A,N/A,N/A,N/A,N/A,N/A,N/A,N/A,N/A,N/A,N/A,N/A,N/A,N/A,N/A,N/A,N/A,N/A,N/A,N/A,N/A,N/A,N/A,N/A,N/A,N/A,N/A,N/A,N/A,N/A,N/A,N/A,N/A,N/A,N/A,N/A,N/A,N/A,N/A,N/A,N/A,N/A,N/A,N/A,N/A,N/A,N/A,N/A,N/A,N/A,N/A,N/A,N/A,N/A,N/A,N/A,N/A,N/A,N/A,N/A,N/A,N/A,N/A,N/A,N/A,N/A,N/A,N/A,N/A,N/A,N/A,N/A,N/A,N/A,N/A,N/A,N/A,N/A,N/A,N/A,N/A
Gabriel Carvalho Teixeira,18,1187334000,2007/08/17,Serie A,2024,Midfielder,Internacional,1302,718,584,Brazil,24,13,11,1,0,1,3,2,1,0,0,7,5,2,12,5,7,3,0,0.28,0.21,0.07,0,0.15,1302,0.83,109,54,434,434,0.21,248,58,-1,10,0,6.95,0.12,90,42.18,24.70,65,568,20.57,473,57,35.12,64,0.00,0.00,1.09,25,0.00,2.09,2.00,1.17,27,0.00,1.04,0.00,0.00,0.00,0.26,1.26,0.00,21.00,1.56,0.52,2.30,0.00,0.39,0.10,0.00,0.35,0.00,0.00,0,0,,21,0.91,80,9,0.67,74,12,0.89,82,4,9,15,70,0.00,99,0,6,0.45,30,48,71,3.56,80,0,0.00,99,0,0.00,0,0,0.00,0,1.86,90,53,3.94,90,29,2.15,54.72,0,0.00,0,0,0,0.00,0,0,0.00,83,0.00,0,N/A,N/A,N/A,N/A,0.00,0,0.00,0,2.36,0.00,0,83.27,42.86,55,12,0.78,1.34,18,93,64,0,0,0,0.00,0.00,0,23,159.94,0.22,0.37,5,0,0.00,0.00,99,0.00,0,0,0,0.00,0.00,0,0.00,0.00,0.07,0.04,1,0,4.76,45,50,58,89,83,3.62,93,0.16,0.27,2.36,70,0.10,0.18,57,15,0.65,1.11,1.78,1.04,83,24,0.18,68,61,11,67,0,54,30,0,0.00,99,8,0.00,0.59,14.18,8.30,191,79,75,87,5.87,3.43,41.36,24,1.78,13,0,27.08,0,0.00,99,13,0.57,0.97,84,51,78,77,0,0,0,0,0,72,53,75,54,0,99,61,68,42,3,12,41,34,0,0
Gabriel da Silva Lopes,19,1152687600,2006/07/12,Serie A,2024,Midfielder,Bragantino,0,0,0,Brazil,0,0,0,0,0,0,0,0,0,0,0,0,0,0,0,0,0,0,0,0,0,0,0,0,0,0,0,0,0,0,0,-1,-1,-1,-1,N/A,N/A,N/A,N/A,N/A,N/A,N/A,N/A,N/A,N/A,N/A,N/A,N/A,N/A,N/A,N/A,N/A,N/A,N/A,N/A,N/A,N/A,N/A,N/A,N/A,N/A,N/A,N/A,N/A,N/A,N/A,N/A,N/A,N/A,N/A,N/A,N/A,N/A,N/A,N/A,N/A,N/A,N/A,N/A,N/A,N/A,N/A,N/A,N/A,N/A,N/A,N/A,N/A,N/A,N/A,N/A,N/A,N/A,N/A,N/A,N/A,N/A,N/A,N/A,N/A,N/A,N/A,N/A,N/A,N/A,N/A,N/A,N/A,N/A,N/A,N/A,N/A,N/A,N/A,N/A,N/A,N/A,N/A,N/A,N/A,N/A,N/A,N/A,N/A,N/A,N/A,N/A,N/A,N/A,N/A,N/A,N/A,N/A,N/A,N/A,N/A,N/A,N/A,N/A,N/A,N/A,N/A,N/A,N/A,N/A,N/A,N/A,N/A,N/A,N/A,N/A,N/A,N/A,N/A,N/A,N/A,N/A,N/A,N/A,N/A,N/A,N/A,N/A,N/A,N/A,N/A,N/A,N/A,N/A,N/A,N/A,N/A,N/A,N/A,N/A,N/A,N/A,N/A,N/A,N/A,N/A,N/A,N/A,N/A,N/A,N/A,N/A,N/A,N/A,N/A,N/A,N/A,N/A,N/A,N/A,N/A,N/A,N/A,N/A,N/A,N/A,N/A,N/A,N/A,N/A,N/A,N/A,N/A,N/A,N/A,N/A,N/A,N/A,N/A,N/A,N/A,N/A,N/A,N/A,N/A,N/A,N/A,N/A,N/A,N/A,N/A,N/A,N/A,N/A,N/A,N/A,N/A,N/A,N/A,N/A,N/A,N/A,N/A,N/A,N/A,N/A,N/A,N/A,N/A,N/A,N/A,N/A,N/A,N/A,N/A,N/A,N/A,N/A,N/A,N/A,N/A,N/A,N/A,N/A
Gabriel de Sousa Barros,24,1003993200,2001/10/25,Serie A,2024,Midfielder,Atlético GO,107,107,0,Brazil,2,2,0,0,0,0,0,0,0,0,0,0,0,0,2,2,0,2,1,0,0,0,0,0,0,1.68,54,54,54,0,1.68,-1,-1,-1,34,0,5.96,0,45,17.66,10.50,6,21,8.00,16,18,13.46,8,0.00,0.00,0.50,1,0.00,1.00,1.68,1.00,2,0.00,0.50,0.00,0.00,0.00,0.50,1.50,0.00,0.00,0.00,0.00,1.50,0.00,0.00,0.00,0.00,0.50,0.00,0.00,0,0,,0,0.00,8,0,0.00,15,0,0.00,9,1,1,1,57,0.00,99,0,1,0.84,57,2,96,1.68,61,0,0.00,99,0,0.00,0,0,0.00,0,0.84,51,3,2.52,80,3,2.52,100.00,0,0.00,0,0,0,0.00,0,0,0.00,6,0.00,0,N/A,N/A,N/A,N/A,0.00,0,0.00,0,0.00,0.00,0,76.19,0.00,15,0,1.50,2.52,3,96,99,0,0,0,0.00,0.00,0,23,11.93,0.00,0.00,0,0,0.00,0.00,99,0.00,0,0,0,0.00,0.00,0,0.00,0.00,0.00,0.00,0,0,0.00,42,0,0,40,7,0.08,17,0.04,0.07,0.00,9,0.00,0.00,41,1,0.50,0.84,3.36,2.00,99,4,0.00,9,2,1,67,0,41,41,0,0.00,99,1,0.00,0.84,12.62,7.50,15,7,76,78,5.89,3.50,46.67,1,0.84,46,0,50.00,0,0.00,99,1,0.50,0.84,81,1,22,30,0,0,0,0,0,26,40,59,54,0,99,2,7,99,1,50,99,19,0,0
Gabriel de Souza Inocencio,31,777366000,1994/08/20,Serie A,2024,Defender,Juventude,799,454,345,Brazil,16,8,8,0,0,0,1,0,1,0,0,5,4,1,14,4,10,2,0,0.11,0.11,0,0,0,0,1.58,57,50,400,799,0.23,501,173,178,29,0,6.61,0.06,70,42.56,23.80,65,357,20.00,300,61,35.76,66,0.00,0.00,0.47,7,0.00,1.07,2.86,1.60,24,0.00,0.73,0.00,0.00,0.00,0.40,1.20,0.00,0.00,0.36,0.13,2.27,0.00,0.07,0.02,0.00,0.80,0.00,0.00,0,0,,3,0.20,22,1,0.12,25,2,0.24,26,0,9,7,92,0.00,99,0,6,0.72,49,16,82,1.91,63,0,0.00,99,0,0.00,0,0,0.00,0,0.83,50,34,4.05,91,18,2.15,52.94,0,0.00,0,0,0,0.00,0,0,0.00,9,0.00,0,N/A,N/A,N/A,N/A,0.00,0,0.00,0,0.26,0.00,0,84.03,33.33,37,24,0.60,1.07,9,93,60,0,0,0,0.20,0.36,3,71,99.16,1.33,2.38,20,1,0.00,0.12,3,0.07,0,0,0,0.00,0.00,0,0.00,0.00,0.36,0.20,3,0,0.00,42,25,27,40,9,1.40,69,0.09,0.17,0.26,24,0.02,0.03,84,16,1.07,1.91,2.26,1.27,94,19,0.03,24,14,75,67,0,87,63,0,0.00,99,12,0.00,1.43,16.93,9.47,142,76,99,98,9.06,5.07,53.52,11,1.31,25,0,31.25,0,0.00,99,5,0.33,0.60,71,18,78,11,0,0,0,0,0,45,40,59,54,0,99,68,64,48,2,12,41,12,0,0
Gabriel Delfim Ferreira,23,1026284400,2002/07/10,Serie A,2024,Goalkeeper,Atlético Mineiro,90,0,90,Brazil,1,0,1,0,0,0,0,0,0,0,0,0,0,0,1,0,1,0,0,0,0,0,0,0,0,1,90,90,0,0,0,-1,-1,-1,22,0,7.04,0,45,23.00,23.00,17,23,18.00,18,29,18.00,18,0.00,0.00,0.00,0,0.00,0.00,0.00,0.00,0,0.00,0.00,0.00,0.00,2.00,0.00,0.00,3.00,0.00,0.00,0.00,0.00,0.00,0.00,0.00,0.00,0.00,0.00,0.00,0,0,,0,0.00,8,0,0.00,15,0,0.00,9,0,0,1,4,0.00,99,0,0,0.00,9,0,30,0.00,14,0,0.00,99,0,0.00,0,0,0.00,0,0.00,8,0,0.00,7,0,0.00,0.00,0,0.00,0,2,9,2.00,0,3,0.00,63,3.00,0,N/A,N/A,N/A,N/A,66.67,0,0.00,0,0.00,0.00,0,78.26,0.00,15,99,0.00,0.00,0,10,10,0,0,1,0.00,0.00,0,23,7.04,0.00,0.00,0,0,0.00,0.00,99,0.00,0,0,0,0.00,0.00,0,0.00,0.00,0.00,0.00,0,0,0.00,42,0,0,40,63,0.04,6,0.04,0.04,0.00,9,0.00,0.00,2,0,0.00,0.00,0.00,0.00,5,0,0.00,9,75,1,67,0,41,2,0,0.00,99,0,0.00,0.00,0.00,0.00,0,0,0,0,0.00,0.00,0.00,0,0.00,99,0,0.00,0,0.00,99,0,0.00,0.00,30,1,14,11,0,0,0,0,0,26,40,59,54,0,99,2,7,7,0,0,7,1,0,0
Gabriel Girotto Franco,33,710751600,1992/07/10,Serie A,2024,Midfielder,Atlético PR,1434,771,663,Brazil,20,10,10,1,0,1,2,2,0,0,0,4,2,2,21,11,10,3,0,0.19,0.13,0.06,0,0.14,1434,1.32,68,72,478,717,0.19,269,136,-1,13,0,7.02,0.1,76,50.98,40.00,84,720,35.50,639,90,45.25,87,0.00,0.00,0.56,10,0.00,0.22,3.19,2.50,45,0.00,0.11,0.00,0.00,0.00,1.17,0.06,0.00,9.00,0.64,0.39,0.33,0.00,0.11,0.07,0.00,0.89,0.00,0.00,0,0,,9,0.50,44,2,0.14,28,7,0.50,58,5,4,16,96,0.00,99,0,21,1.49,89,4,66,0.28,30,0,0.00,99,0,0.00,0,0,0.00,0,0.71,43,6,0.42,24,1,0.07,16.67,0,0.00,0,0,0,0.00,0,0,0.00,24,0.00,0,N/A,N/A,N/A,N/A,0.00,0,0.00,0,1.21,0.00,0,88.75,22.22,19,4,1.33,1.70,24,14,11,0,0,0,0.33,0.42,6,75,126.35,1.22,1.56,22,0,0.00,0.00,99,0.00,0,0,0,0.00,0.00,0,0.00,0.00,0.00,0.00,0,0,11.11,61,55,43,91,24,2.85,80,0.16,0.20,1.21,49,0.07,0.09,42,12,0.67,0.85,1.49,1.17,70,21,0.09,49,72,60,67,0,41,52,0,0.00,99,16,0.00,1.13,10.13,7.94,143,74,61,57,5.24,4.11,51.75,2,0.14,82,0,25.00,0,0.00,99,1,0.06,0.07,38,56,50,87,0,0,0,0,0,61,49,74,54,0,99,29,72,37,3,15,51,3,0,0
Gabriel Hamester Grando,25,954316800,2000/03/29,Serie A,2024,Goalkeeper,Cruzeiro,0,0,0,Brazil,0,0,0,0,0,0,0,0,0,0,0,0,0,0,0,0,0,0,0,0,0,0,0,0,0,0,0,0,0,0,0,-1,-1,-1,19,N/A,N/A,N/A,N/A,N/A,N/A,N/A,N/A,N/A,N/A,N/A,N/A,N/A,N/A,N/A,N/A,N/A,N/A,N/A,N/A,N/A,N/A,N/A,N/A,N/A,N/A,N/A,N/A,N/A,N/A,N/A,N/A,N/A,N/A,N/A,N/A,N/A,N/A,N/A,N/A,N/A,N/A,N/A,N/A,N/A,N/A,N/A,N/A,N/A,N/A,N/A,N/A,N/A,N/A,N/A,N/A,N/A,N/A,N/A,N/A,N/A,N/A,N/A,N/A,N/A,N/A,N/A,N/A,N/A,N/A,N/A,N/A,N/A,N/A,N/A,N/A,N/A,N/A,N/A,N/A,N/A,N/A,N/A,N/A,N/A,N/A,N/A,N/A,N/A,N/A,N/A,N/A,N/A,N/A,N/A,N/A,N/A,N/A,N/A,N/A,N/A,N/A,N/A,N/A,N/A,N/A,N/A,N/A,N/A,N/A,N/A,N/A,N/A,N/A,N/A,N/A,N/A,N/A,N/A,N/A,N/A,N/A,N/A,N/A,N/A,N/A,N/A,N/A,N/A,N/A,N/A,N/A,N/A,N/A,N/A,N/A,N/A,N/A,N/A,N/A,N/A,N/A,N/A,N/A,N/A,N/A,N/A,N/A,N/A,N/A,N/A,N/A,N/A,N/A,N/A,N/A,N/A,N/A,N/A,N/A,N/A,N/A,N/A,N/A,N/A,N/A,N/A,N/A,N/A,N/A,N/A,N/A,N/A,N/A,N/A,N/A,N/A,N/A,N/A,N/A,N/A,N/A,N/A,N/A,N/A,N/A,N/A,N/A,N/A,N/A,N/A,N/A,N/A,N/A,N/A,N/A,N/A,N/A,N/A,N/A,N/A,N/A,N/A,N/A,N/A,N/A,N/A,N/A,N/A,N/A,N/A,N/A,N/A,N/A,N/A,N/A,N/A,N/A,N/A,N/A,N/A,N/A,N/A,N/A
Gabriel Knesowitsch,22,1066460400,2003/10/18,Serie A,2024,Midfielder,Cuiabá,287,180,107,Brazil,5,2,3,0,0,0,0,0,0,0,0,1,0,1,8,4,4,1,0,0,0,0,0,0,0,2.51,36,57,287,0,0.31,499,429,-1,24,0,5.20,0,45,39.51,25.20,55,126,21.40,107,67,33.55,59,0.00,0.00,0.00,0,0.00,0.00,1.88,1.20,6,0.00,0.00,0.00,0.00,0.00,0.60,0.20,0.00,0.00,0.00,0.00,0.20,0.00,0.00,0.00,0.00,1.20,0.00,0.00,0,0,,0,0.00,8,0,0.00,15,0,0.00,9,2,2,3,65,0.00,99,0,3,0.94,63,0,30,0.00,14,0,0.00,99,0,0.00,0,0,0.00,0,0.00,8,1,0.31,20,1,0.31,100.00,0,0.00,0,0,0,0.00,0,0,0.00,0,0.00,0,N/A,N/A,N/A,N/A,0.00,0,0.00,0,0.00,0.00,0,84.92,0.00,15,82,0.20,0.31,1,31,99,0,0,0,0.00,0.00,0,23,25.99,2.00,3.14,10,0,0.00,0.00,99,0.00,0,0,0,0.00,0.00,0,0.00,0.00,0.00,0.00,0,0,0.00,42,0,1,40,0,0.21,17,0.04,0.07,0.00,9,0.00,0.00,62,4,0.80,1.25,0.00,0.00,5,0,0.00,9,0,82,67,0,41,75,0,0.00,99,6,0.00,1.88,7.21,4.60,23,16,56,22,5.02,3.20,69.57,0,0.00,99,0,0.00,0,0.00,99,0,0.00,0.00,30,2,31,46,0,0,0,0,0,26,40,59,54,0,99,29,42,66,1,20,70,44,0,0
Gabriel Lhman Xavier,24,989132400,2001/05/06,Serie A,2024,Midfielder,Bahia,3150,1620,1530,Brazil,35,18,17,0,0,0,0,0,0,0,0,10,9,1,40,12,28,8,0,0,0,0,0,0,0,1.14,79,90,394,0,0.23,472,390,-1,23,0,7.31,0,45,62.88,62.88,97,2012,55.81,1786,90,55.81,96,0.00,0.00,0.16,5,0.00,0.12,1.97,1.97,63,0.00,0.12,0.00,0.00,0.00,1.75,0.12,0.00,0.00,0.62,0.41,0.19,0.00,0.22,0.05,0.00,3.78,0.00,0.00,0,0,,20,0.62,43,7,0.22,40,13,0.41,48,0,0,35,68,0.00,99,0,56,1.75,95,4,96,0.12,21,0,0.00,99,0,0.00,0,0,0.00,0,0.16,15,6,0.19,15,4,0.12,66.67,0,0.00,0,0,0,0.00,0,0,0.00,46,0.00,0,N/A,N/A,N/A,N/A,0.00,0,0.00,0,1.64,0.00,0,88.77,35.00,38,80,0.34,0.34,11,18,83,0,0,0,1.00,1.00,32,96,234.07,5.03,5.03,161,0,0.00,0.00,99,0.00,0,0,2,0.06,0.06,0,0.00,0.00,0.00,0.00,0,0,0.00,42,98,97,40,46,3.44,39,0.11,0.11,1.64,35,0.05,0.05,15,11,0.34,0.34,1.16,1.16,48,37,0.05,34,96,96,78,0,41,99,0,0.00,99,121,0.00,3.78,9.09,9.09,291,199,81,43,6.22,6.22,68.38,4,0.12,84,0,50.00,0,0.00,99,2,0.06,0.06,35,98,14,11,0,0,0,0,0,26,40,59,54,0,99,61,62,48,8,23,79,3,0,0
Gabriel Mercado,38,543052800,1987/03/18,Serie A,2024,Defender,Internacional,1183,499,684,Argentina,17,7,10,1,1,0,0,0,0,0,0,7,3,4,9,4,5,5,0,0.08,0,0.08,0.18,0,1183,0.68,131,70,237,0,0.38,228,342,13,14,0,6.79,0,45,52.78,40.06,87,641,35.56,569,90,46.85,88,0.00,0.00,0.19,3,0.00,0.00,1.24,0.94,15,0.00,0.00,0.00,0.00,0.00,0.50,0.06,0.00,5.00,0.41,0.19,0.19,0.00,0.12,0.06,0.00,1.44,0.00,0.00,0,0,,5,0.31,26,2,0.16,30,3,0.25,28,2,4,13,38,0.00,99,0,8,0.66,46,0,30,0.00,14,0,0.00,99,0,0.00,0,0,0.00,0,0.25,21,3,0.25,18,1,0.08,33.33,0,0.00,0,0,0,0.00,0,0,0.00,92,0.00,0,N/A,N/A,N/A,N/A,0.00,0,0.00,0,0.99,0.00,0,88.77,40.00,51,87,0.19,0.25,3,14,20,0,0,0,0.19,0.25,3,58,108.56,1.94,2.55,31,0,0.00,0.00,99,0.00,0,0,0,0.00,0.00,0,0.00,0.00,0.00,0.00,0,0,20.00,87,45,32,87,92,1.27,33,0.08,0.10,0.99,44,0.06,0.08,20,5,0.31,0.41,0.66,0.50,16,8,0.08,43,32,77,67,0,41,75,0,0.00,99,23,0.00,1.89,6.26,4.75,76,43,18,13,3.54,2.69,56.58,0,0.00,99,0,0.00,0,0.00,99,0,0.00,0.00,30,45,50,46,0,0,0,0,0,39,56,59,74,0,99,89,30,78,5,29,89,25,0,0
Gabriel Pereira Taliari,28,860914800,1997/04/13,Serie A,2024,Midfielder,Juventude,906,533,373,Brazil,21,12,9,2,1,1,2,1,1,0,1,3,3,0,16,8,8,1,0,0.4,0.2,0.2,0.17,0.24,453,1.59,57,43,906,453,0.1,114,72,-1,10,0,6.75,0.1,89,15.03,7.45,1,149,5.25,105,8,10.59,2,0.00,0.00,0.55,11,0.00,0.25,0.71,0.35,7,0.00,0.65,0.00,0.00,0.00,0.05,0.35,0.00,7.50,1.51,0.45,1.05,0.00,0.30,0.12,0.00,0.65,0.00,0.00,0,0,,15,0.75,78,6,0.61,71,9,0.91,83,4,13,8,17,0.00,99,0,1,0.10,12,5,97,0.50,38,0,0.00,99,0,0.00,0,0,0.00,0,1.11,65,21,2.12,75,7,0.71,33.33,0,0.00,0,0,0,0.00,0,0,0.00,8,0.00,0,N/A,N/A,N/A,N/A,0.00,0,0.00,0,2.33,0.00,0,70.47,40.00,51,28,0.50,1.01,10,61,20,0,1,0,0.00,0.00,0,23,134.97,0.25,0.50,5,0,0.00,0.00,99,0.00,0,1,1,0.05,0.10,0,0.00,0.00,0.50,0.25,5,0,13.33,70,30,46,62,9,1.80,73,0.09,0.18,1.63,66,0.08,0.16,97,29,1.45,2.93,1.72,0.85,80,17,0.24,78,25,18,90,0,92,59,0,0.00,99,13,0.00,1.31,12.61,6.25,125,56,69,78,5.65,2.80,44.80,13,1.31,25,0,60.00,0,0.00,99,3,0.15,0.30,58,24,91,77,0,0,0,0,0,85,78,85,72,0,99,12,93,15,1,5,13,19,0,0
Gabriel Rafael Fuentes Gómez,28,855475200,1997/02/09,Serie A,2024,Defender,Fluminense,214,112,102,Colombia,6,3,3,0,0,0,0,0,0,0,0,3,2,1,2,0,2,1,0,0,0,0,0,0,0,0.84,107,36,214,0,0.42,-1,-1,-1,21,0,6.66,0,45,54.25,21.50,89,129,16.83,101,29,42.48,81,0.00,0.00,0.50,3,0.00,0.50,1.68,0.67,4,0.00,0.33,0.00,0.00,0.00,0.17,0.50,0.00,0.00,0.00,0.00,0.67,0.00,0.00,0.00,0.00,0.67,0.00,0.00,0,0,,0,0.00,8,0,0.00,15,0,0.00,9,1,4,2,57,0.00,99,0,1,0.42,29,3,30,1.26,55,0,0.00,99,0,0.00,0,0,0.00,0,1.26,72,4,1.68,67,3,1.26,75.00,0,0.00,0,0,0,0.00,0,0,0.00,82,0.00,0,N/A,N/A,N/A,N/A,0.00,0,0.00,0,0.00,0.00,0,78.29,0.00,15,14,0.50,1.26,3,81,90,0,0,0,0.00,0.00,0,23,39.95,0.83,2.10,5,0,0.00,0.00,99,0.00,0,0,0,0.00,0.00,0,0.00,0.00,0.00,0.00,0,0,0.00,42,0,3,40,81,0.34,57,0.06,0.14,0.00,9,0.00,0.00,2,0,0.00,0.00,1.26,0.50,55,3,0.00,9,17,71,67,0,41,70,0,0.00,99,4,0.00,1.68,8.83,3.50,21,11,46,39,4.63,1.83,52.38,2,0.84,46,0,0.00,0,0.00,99,0,0.00,0.00,30,1,50,30,0,0,0,0,0,26,40,59,54,0,99,96,25,83,1,17,60,31,0,0
Gabriel Roberto Pereira,23,1025593200,2002/07/02,Serie A,2024,Goalkeeper,Atlético PR,0,0,0,Brazil,0,0,0,0,0,0,0,0,0,0,0,0,0,0,0,0,0,0,0,0,0,0,0,0,0,0,0,0,0,0,0,-1,-1,-1,-1,N/A,N/A,N/A,N/A,N/A,N/A,N/A,N/A,N/A,N/A,N/A,N/A,N/A,N/A,N/A,N/A,N/A,N/A,N/A,N/A,N/A,N/A,N/A,N/A,N/A,N/A,N/A,N/A,N/A,N/A,N/A,N/A,N/A,N/A,N/A,N/A,N/A,N/A,N/A,N/A,N/A,N/A,N/A,N/A,N/A,N/A,N/A,N/A,N/A,N/A,N/A,N/A,N/A,N/A,N/A,N/A,N/A,N/A,N/A,N/A,N/A,N/A,N/A,N/A,N/A,N/A,N/A,N/A,N/A,N/A,N/A,N/A,N/A,N/A,N/A,N/A,N/A,N/A,N/A,N/A,N/A,N/A,N/A,N/A,N/A,N/A,N/A,N/A,N/A,N/A,N/A,N/A,N/A,N/A,N/A,N/A,N/A,N/A,N/A,N/A,N/A,N/A,N/A,N/A,N/A,N/A,N/A,N/A,N/A,N/A,N/A,N/A,N/A,N/A,N/A,N/A,N/A,N/A,N/A,N/A,N/A,N/A,N/A,N/A,N/A,N/A,N/A,N/A,N/A,N/A,N/A,N/A,N/A,N/A,N/A,N/A,N/A,N/A,N/A,N/A,N/A,N/A,N/A,N/A,N/A,N/A,N/A,N/A,N/A,N/A,N/A,N/A,N/A,N/A,N/A,N/A,N/A,N/A,N/A,N/A,N/A,N/A,N/A,N/A,N/A,N/A,N/A,N/A,N/A,N/A,N/A,N/A,N/A,N/A,N/A,N/A,N/A,N/A,N/A,N/A,N/A,N/A,N/A,N/A,N/A,N/A,N/A,N/A,N/A,N/A,N/A,N/A,N/A,N/A,N/A,N/A,N/A,N/A,N/A,N/A,N/A,N/A,N/A,N/A,N/A,N/A,N/A,N/A,N/A,N/A,N/A,N/A,N/A,N/A,N/A,N/A,N/A,N/A,N/A,N/A,N/A,N/A,N/A,N/A
Gabriel Silva Moscardo de Salles,20,1127890800,2005/09/28,Serie A,2024,Midfielder,Corinthians,81,46,35,Brazil,2,1,1,0,0,0,0,0,0,0,0,0,0,0,3,2,1,0,0,0,0,0,0,0,0,3.33,27,41,0,0,0,-1,-1,-1,24,0,6.58,0,45,24.44,11.00,19,22,7.50,15,5,16.67,16,0.00,0.00,0.00,0,0.00,0.00,4.44,2.00,4,0.00,1.00,0.00,0.00,0.00,0.00,0.00,0.00,0.00,2.22,0.50,0.00,0.00,0.50,0.08,0.00,1.50,0.00,0.00,0,0,,2,1.00,93,1,1.11,93,1,1.11,92,2,1,1,99,0.00,99,0,0,0.00,9,0,30,0.00,14,0,0.00,99,0,0.00,0,0,0.00,0,0.00,8,0,0.00,7,0,0.00,0.00,0,0.00,0,0,0,0.00,0,0,0.00,0,0.00,0,N/A,N/A,N/A,N/A,0.00,0,0.00,0,0.16,0.00,0,68.18,50.00,74,0,1.00,2.22,2,10,10,0,0,0,0.00,0.00,0,23,13.16,1.50,3.33,3,0,0.00,0.00,99,0.00,0,0,0,0.00,0.00,0,0.00,0.00,0.00,0.00,0,0,0.00,42,0,0,40,0,0.04,6,0.02,0.04,0.16,70,0.08,0.18,2,0,0.00,0.00,3.33,1.50,99,3,0.18,68,12,83,67,0,41,97,0,0.00,99,3,0.00,3.33,16.67,7.50,15,7,97,97,7.78,3.50,46.67,2,2.22,5,0,0.00,0,0.00,99,0,0.00,0.00,30,1,22,46,0,0,0,0,0,26,40,59,54,0,99,2,7,7,0,0,7,44,0,0
Gabriel Souza da Silva,20,1104912000,2005/01/05,Serie A,2024,Midfielder,Vasco da Gama,91,72,19,Brazil,2,1,1,1,1,0,0,0,0,0,0,0,0,0,1,1,0,1,0,0.99,0,0.99,1.25,0,91,0.99,91,46,91,0,0.99,-1,-1,-1,16,0,6.89,0,45,23.74,12.00,19,24,9.00,18,15,17.80,18,0.00,0.00,0.00,0,0.00,0.50,3.96,2.00,4,0.00,1.00,0.00,0.00,0.00,0.50,0.50,0.00,2.00,1.98,0.50,2.00,0.00,0.50,0.38,0.00,1.00,0.00,0.00,0,0,,2,1.00,90,1,0.99,90,1,0.99,88,2,1,1,99,0.00,99,0,1,0.99,66,1,99,0.99,51,0,0.00,99,0,0.00,0,0,0.00,0,0.00,8,4,3.96,90,1,0.99,25.00,0,0.00,0,0,0,0.00,0,0,0.00,63,0.00,0,N/A,N/A,N/A,N/A,0.00,0,0.00,0,0.75,0.00,0,75.00,50.00,74,99,0.00,0.00,0,74,15,0,0,0,0.00,0.00,0,23,13.79,0.00,0.00,0,0,0.00,0.00,99,0.00,0,0,0,0.00,0.00,0,0.00,0.00,0.00,0.00,0,0,50.00,99,0,0,40,63,0.03,3,0.01,0.03,0.75,99,0.38,0.74,97,3,1.50,2.97,1.98,1.00,89,2,0.74,99,50,1,67,0,41,77,0,0.00,99,2,0.00,1.98,20.77,10.50,21,10,99,99,9.89,5.00,47.62,2,1.98,8,0,100.00,0,0.00,99,1,0.50,0.99,85,1,22,46,0,0,0,0,0,99,99,59,99,0,99,2,8,99,1,50,99,19,0,0
Gabriel Vasconelos Ferreira,33,717577200,1992/09/27,Serie A,2024,Goalkeeper,Juventude,3015,1350,1665,Brazil,34,15,19,0,0,0,0,0,0,0,0,6,5,1,46,15,31,4,1,0,0,0,0,0,0,1.37,66,89,603,0,0.15,492,365,154,25,0,7.23,0,45,28.80,28.36,29,936,21.09,696,14,21.42,25,0.00,0.00,0.09,3,0.00,0.00,0.03,0.03,1,0.00,0.00,0.00,0.00,3.15,0.00,0.03,4.64,0.00,0.00,0.00,0.03,0.00,0.00,0.00,0.00,0.39,0.00,0.00,0,0,,0,0.00,8,0,0.00,15,0,0.00,9,0,0,34,5,0.00,99,0,0,0.00,9,0,30,0.00,14,0,0.00,99,0,0.00,0,0,0.00,0,0.09,10,1,0.03,8,1,0.03,100.00,0,0.00,0,104,18,3.20,35,153,0.00,21,4.71,53,N/A,N/A,N/A,N/A,67.97,0,0.00,0,0.00,0.00,0,74.36,0.00,15,93,0.09,0.09,3,11,99,0,0,62,0.00,0.00,0,23,238.73,1.42,1.45,47,1,0.00,0.03,16,0.03,2,0,0,0.00,0.00,23,0.70,0.71,0.00,0.00,0,0,0.00,42,98,94,40,21,1.36,6,0.04,0.04,0.00,9,0.00,0.00,5,5,0.15,0.15,0.06,0.06,7,2,0.00,9,92,58,67,88,41,18,0,0.00,99,13,0.00,0.40,0.77,0.76,25,18,7,7,0.55,0.55,72.00,0,0.00,99,0,0.00,0,0.00,99,0,0.00,0.00,30,97,14,11,0,0,0,0,0,26,40,59,54,0,99,23,80,29,3,9,26,1,0,0
Gabriel Veron,23,1031036400,2002/09/03,Serie A,2024,Forward,Cruzeiro,1627,845,782,Brazil,27,13,14,6,5,1,2,2,0,0,0,8,3,5,16,7,9,4,0,0.44,0.11,0.33,0.53,0.12,271,0.89,102,60,407,814,0.22,46,155,-1,2,0,6.82,0.07,70,19.60,13.36,10,294,10.23,225,20,15.00,12,0.00,0.00,0.86,19,0.00,0.41,1.27,0.86,19,0.00,0.68,0.00,0.00,0.00,0.32,0.36,0.00,3.40,1.13,0.45,1.23,0.00,0.32,0.19,0.00,0.27,0.00,0.00,0,0,,17,0.77,64,7,0.47,63,10,0.67,70,1,6,21,38,0.00,99,0,7,0.47,32,9,35,0.60,43,0,0.00,99,0,0.00,0,0,0.00,0,1.27,73,27,1.80,70,8,0.53,29.63,0,0.00,0,0,0,0.00,0,0,0.00,75,0.00,0,N/A,N/A,N/A,N/A,0.00,0,0.00,0,4.26,0.00,0,76.53,41.18,52,42,0.55,0.80,12,48,17,0,0,0,0.05,0.07,1,28,150.06,0.68,1.00,15,0,0.00,0.00,99,0.00,0,0,1,0.05,0.07,0,0.00,0.00,0.13,0.09,2,0,29.41,96,62,69,49,76,2.35,66,0.11,0.16,4.26,85,0.19,0.28,20,6,0.27,0.40,0.93,0.64,31,14,0.28,83,39,45,83,0,69,18,0,0.00,99,6,0.00,0.40,7.07,4.82,106,39,9,21,2.60,1.77,36.79,15,1.00,38,0,11.11,0,0.00,99,1,0.05,0.07,38,70,63,30,0,0,0,0,0,89,91,70,96,0,99,65,64,44,4,15,51,30,0,0
Gabriel Vinicius Menino,25,970210800,2000/09/29,Serie A,2024,Midfielder,Palmeiras,1063,590,473,Brazil,27,14,13,1,1,0,0,0,0,0,0,10,5,5,10,7,3,8,1,0.08,0,0.08,0.15,0,1063,0.85,106,39,133,0,0.68,235,464,-1,12,0,6.64,0,45,45.29,18.56,72,464,15.80,395,68,38.56,72,0.00,0.00,0.92,23,0.00,2.64,2.25,0.92,23,0.00,0.60,0.00,0.00,0.00,0.40,0.28,0.00,22.00,2.15,0.60,0.60,0.00,0.28,0.09,0.00,0.44,0.00,0.00,0,0,,22,0.88,93,7,0.68,75,15,1.46,98,5,16,11,79,0.00,99,0,10,0.98,66,66,50,6.44,97,0,0.00,99,0,0.00,0,0,0.00,0,2.25,94,15,1.46,61,7,0.68,46.67,0,0.00,0,0,0,0.00,0,0,0.00,81,0.00,0,N/A,N/A,N/A,N/A,0.00,0,0.00,0,2.26,0.00,0,85.13,31.82,31,9,0.60,1.46,15,59,45,0,0,0,0.12,0.29,3,63,166.07,0.36,0.88,9,0,0.00,0.00,99,0.00,0,0,1,0.04,0.10,0,0.00,0.00,0.49,0.20,5,0,4.55,44,39,69,84,81,1.79,69,0.07,0.17,2.26,77,0.09,0.22,91,24,0.96,2.34,2.64,1.08,98,27,0.22,75,15,40,90,0,92,50,0,0.00,99,11,0.00,1.07,13.76,5.64,141,65,83,85,6.34,2.60,46.10,15,1.46,20,0,19.70,0,0.00,99,13,0.52,1.27,92,37,97,87,0,0,0,0,0,39,56,59,70,0,99,83,12,96,7,26,85,25,0,0
Gabryel Vinicius Araújo Freitas,23,1035792000,2002/10/28,Serie A,2024,Forward,Cuiabá,0,0,0,Brazil,0,0,0,0,0,0,0,0,0,0,0,0,0,0,0,0,0,0,0,0,0,0,0,0,0,0,0,0,0,0,0,-1,-1,-1,-1,N/A,N/A,N/A,N/A,N/A,N/A,N/A,N/A,N/A,N/A,N/A,N/A,N/A,N/A,N/A,N/A,N/A,N/A,N/A,N/A,N/A,N/A,N/A,N/A,N/A,N/A,N/A,N/A,N/A,N/A,N/A,N/A,N/A,N/A,N/A,N/A,N/A,N/A,N/A,N/A,N/A,N/A,N/A,N/A,N/A,N/A,N/A,N/A,N/A,N/A,N/A,N/A,N/A,N/A,N/A,N/A,N/A,N/A,N/A,N/A,N/A,N/A,N/A,N/A,N/A,N/A,N/A,N/A,N/A,N/A,N/A,N/A,N/A,N/A,N/A,N/A,N/A,N/A,N/A,N/A,N/A,N/A,N/A,N/A,N/A,N/A,N/A,N/A,N/A,N/A,N/A,N/A,N/A,N/A,N/A,N/A,N/A,N/A,N/A,N/A,N/A,N/A,N/A,N/A,N/A,N/A,N/A,N/A,N/A,N/A,N/A,N/A,N/A,N/A,N/A,N/A,N/A,N/A,N/A,N/A,N/A,N/A,N/A,N/A,N/A,N/A,N/A,N/A,N/A,N/A,N/A,N/A,N/A,N/A,N/A,N/A,N/A,N/A,N/A,N/A,N/A,N/A,N/A,N/A,N/A,N/A,N/A,N/A,N/A,N/A,N/A,N/A,N/A,N/A,N/A,N/A,N/A,N/A,N/A,N/A,N/A,N/A,N/A,N/A,N/A,N/A,N/A,N/A,N/A,N/A,N/A,N/A,N/A,N/A,N/A,N/A,N/A,N/A,N/A,N/A,N/A,N/A,N/A,N/A,N/A,N/A,N/A,N/A,N/A,N/A,N/A,N/A,N/A,N/A,N/A,N/A,N/A,N/A,N/A,N/A,N/A,N/A,N/A,N/A,N/A,N/A,N/A,N/A,N/A,N/A,N/A,N/A,N/A,N/A,N/A,N/A,N/A,N/A,N/A,N/A,N/A,N/A,N/A,N/A
Ganso,36,624178800,1989/10/12,Serie A,2024,Midfielder,Fluminense,2267,1261,1006,Brazil,32,17,15,3,3,0,7,5,2,0,1,10,6,4,19,9,10,13,1,0.4,0.28,0.12,0.21,0,756,0.75,119,71,162,324,0.56,177,23,-1,5,0,7.16,0.22,96,59.56,46.30,94,1389,41.27,1238,91,53.08,94,0.00,0.00,1.77,53,0.00,2.23,1.24,0.97,29,0.00,0.63,0.00,0.00,0.00,0.47,0.47,0.00,4.33,0.56,0.20,0.70,0.00,0.23,0.10,0.00,0.43,0.00,0.00,0,0,,13,0.43,38,7,0.30,50,6,0.26,29,3,3,29,38,0.00,99,0,14,0.60,42,67,88,2.87,74,0,0.00,99,0,0.00,0,0,0.00,0,2.27,94,21,0.90,41,14,0.60,66.67,0,0.00,0,0,0,0.00,0,0,0.00,88,0.00,0,N/A,N/A,N/A,N/A,0.00,0,0.00,0,2.96,0.00,0,89.13,53.85,80,61,0.43,0.56,13,51,83,0,1,0,0.07,0.09,2,32,214.89,0.30,0.39,9,0,0.00,0.00,99,0.00,0,1,0,0.00,0.00,0,0.00,0.00,0.09,0.07,2,0,23.08,89,82,88,75,87,8.65,98,0.29,0.37,2.26,52,0.08,0.10,72,35,1.17,1.50,0.81,0.63,25,19,0.13,58,88,12,67,0,61,28,0,0.00,99,13,0.00,0.56,6.95,5.40,162,88,23,19,3.77,2.93,54.32,19,0.81,49,0,35.82,0,0.00,99,24,0.80,1.03,86,88,41,63,0,0,0,0,0,85,66,59,77,0,99,68,16,92,12,38,97,10,0,0
Garcia,23,1010131200,2002/01/04,Serie A,2024,Defender,Palmeiras,8,8,0,Brazil,2,2,0,0,0,0,0,0,0,0,0,1,1,0,0,0,0,0,0,0,0,0,0,0,0,0,0,4,0,0,0,-1,-1,-1,19,0,6.21,0,45,11.25,0.50,0,1,0.50,1,99,11.25,3,0.00,0.00,0.00,0,0.00,0.00,0.00,0.00,0,0.00,0.00,0.00,0.00,0.00,0.00,0.00,0.00,0.00,0.00,0.00,0.00,0.00,0.00,0.00,0.00,0.00,0.00,0.00,0,0,,0,0.00,8,0,0.00,15,0,0.00,9,0,2,0,4,0.00,99,0,0,0.00,9,0,30,0.00,14,0,0.00,99,0,0.00,0,0,0.00,0,0.00,8,0,0.00,7,0,0.00,0.00,0,0.00,0,0,0,0.00,0,0,0.00,99,0.00,0,N/A,N/A,N/A,N/A,0.00,0,0.00,0,0.00,0.00,0,100.00,0.00,15,99,0.00,0.00,0,10,10,0,0,0,0.00,0.00,0,23,12.41,0.50,11.25,1,0,0.00,0.00,99,0.00,0,0,0,0.00,0.00,0,0.00,0.00,33.75,1.50,3,0,0.00,42,0,0,40,0,0.00,0,0.00,0.00,0.00,9,0.00,0.00,2,0,0.00,0.00,0.00,0.00,5,0,0.00,9,3,99,67,0,99,2,0,0.00,99,0,0.00,0.00,11.25,0.50,1,0,0,67,0.00,0.00,0.00,0,0.00,99,0,0.00,0,0.00,99,0,0.00,0.00,30,0,31,11,0,0,0,0,0,26,40,59,54,0,99,96,7,7,0,0,7,32,0,0
Gary Alexis Medel Soto,38,554972400,1987/08/03,Serie A,2024,Midfielder,Vasco da Gama,110,110,0,Chile,2,2,0,0,0,0,0,0,0,0,0,0,0,0,1,1,0,0,0,0,0,0,0,0,0,0.82,110,55,0,0,0,-1,-1,-1,38,0,6.21,0,45,63.00,38.50,97,77,34.50,69,93,56.45,97,0.00,0.00,0.00,0,0.00,0.00,0.82,0.50,1,0.00,0.00,0.00,0.00,0.00,0.00,0.00,0.00,0.00,0.00,0.00,0.00,0.00,0.00,0.00,0.00,0.00,0.00,0.00,0,0,,0,0.00,8,0,0.00,15,0,0.00,9,1,0,2,20,0.00,99,0,0,0.00,9,0,30,0.00,14,0,0.00,99,0,0.00,0,0,0.00,0,0.00,8,0,0.00,7,0,0.00,0.00,0,0.00,0,0,0,0.00,0,0,0.00,84,0.00,0,N/A,N/A,N/A,N/A,0.00,0,0.00,0,0.00,0.00,0,89.61,0.00,15,99,0.00,0.00,0,10,10,0,0,0,0.50,0.82,1,92,12.42,1.00,1.64,2,0,0.00,0.00,99,0.00,0,0,0,0.00,0.00,0,0.00,0.00,0.00,0.00,0,0,0.00,42,0,0,40,84,0.15,45,0.07,0.12,0.00,9,0.00,0.00,2,0,0.00,0.00,1.64,1.00,76,2,0.00,9,3,62,67,0,41,2,0,0.00,99,0,0.00,0.00,3.27,2.00,4,1,7,7,0.82,0.50,25.00,0,0.00,99,0,0.00,0,0.00,99,0,0.00,0.00,30,1,14,30,0,0,0,0,0,26,40,59,54,0,99,2,7,7,0,0,7,17,0,0
Germán Cano,37,570787200,1988/02/02,Serie A,2024,Forward,Fluminense,1637,958,679,Argentina,27,15,12,4,3,1,0,0,0,0,0,7,4,3,16,8,8,7,1,0.22,0,0.22,0.28,0.13,409,0.88,102,61,205,0,0.44,103,327,-1,4,0,6.78,0,45,16.21,10.85,4,293,8.37,226,23,12.50,6,0.00,0.00,0.44,12,0.00,0.30,0.44,0.30,8,0.00,0.48,0.00,0.00,0.00,0.04,0.19,0.00,8.25,1.83,0.48,0.56,0.00,0.74,0.20,0.00,0.33,0.00,0.00,0,0,,33,1.22,86,20,1.11,93,13,0.72,74,5,7,20,9,0.00,99,0,1,0.06,10,8,90,0.44,36,0,0.00,99,0,0.00,0,0,0.00,0,0.66,41,15,0.83,38,5,0.28,33.33,0,0.00,0,0,0,0.00,0,0,0.00,77,0.00,0,N/A,N/A,N/A,N/A,0.00,0,0.00,0,5.35,0.00,0,77.13,60.61,88,84,0.19,0.28,5,30,20,0,0,0,0.07,0.11,2,38,183.13,0.30,0.44,8,0,0.00,0.00,99,0.00,0,0,1,0.04,0.06,0,0.00,0.00,0.11,0.07,2,0,12.12,63,63,69,60,76,0.86,10,0.03,0.05,5.35,87,0.20,0.30,19,7,0.26,0.39,0.61,0.41,15,11,0.30,85,31,14,78,0,65,23,0,0.00,99,9,0.00,0.50,4.98,3.33,90,29,7,8,1.60,1.07,32.22,13,0.72,54,0,37.50,0,0.00,99,3,0.11,0.17,49,67,68,87,0,0,0,0,0,66,82,72,83,0,99,51,24,84,5,19,66,14,0,0
Gerson,28,864111600,1997/05/20,Serie A,2024,Midfielder,Flamengo,2458,1358,1100,Brazil,32,17,15,3,3,0,7,6,1,0,0,7,3,4,26,16,10,3,0,0.37,0.26,0.11,0.2,0,819,0.95,95,77,819,351,0.11,191,33,-1,9,0,7.32,0.22,95,47.43,39.00,77,1209,33.90,1051,81,41.23,79,0.00,0.00,1.23,38,0.00,1.13,1.88,1.55,48,0.00,1.06,0.00,0.00,0.00,0.13,1.10,0.00,7.67,0.90,0.35,2.13,0.00,0.39,0.12,0.00,0.65,0.00,0.00,0,0,,23,0.74,57,12,0.47,63,11,0.43,51,2,5,27,65,0.00,99,0,4,0.16,14,35,75,1.37,57,0,0.00,99,0,0.00,0,0,0.00,0,1.49,83,66,2.59,81,34,1.33,51.52,0,0.00,0,0,0,0.00,0,0,0.00,68,0.00,0,N/A,N/A,N/A,N/A,0.00,0,0.00,0,3.75,0.00,0,86.93,52.17,75,50,0.55,0.67,17,83,58,0,0,0,0.16,0.20,5,51,226.92,0.48,0.59,15,0,0.00,0.00,99,0.00,0,0,0,0.00,0.00,0,0.00,0.00,0.24,0.19,6,1,13.04,69,87,88,77,68,7.83,97,0.25,0.31,3.75,63,0.12,0.15,92,61,1.97,2.39,0.86,0.71,28,22,0.15,62,96,23,67,0,81,37,0,0.00,99,20,0.00,0.78,11.73,9.65,299,163,84,72,6.39,5.26,54.52,33,1.29,25,0,28.57,0,0.00,99,10,0.32,0.39,61,85,57,46,0,0,0,0,0,82,64,59,76,0,99,36,91,17,3,9,26,8,0,0
Gilberto Moraes Junior,32,731491200,1993/03/07,Serie A,2024,Defender,Bahia,1378,708,670,Brazil,19,10,9,1,0,1,1,1,0,0,0,3,3,0,18,7,11,2,0,0.13,0.07,0.07,0,0.13,1378,1.18,77,73,689,1378,0.13,256,215,123,12,0,7.13,0.05,58,57.24,46.19,91,739,41.19,659,91,51.04,92,0.00,0.00,1.00,16,0.00,3.06,2.71,2.19,35,0.00,0.88,0.00,0.00,0.00,0.88,1.50,0.00,8.00,0.62,0.25,2.62,0.00,0.25,0.08,0.00,0.81,0.00,0.00,0,0,,8,0.50,43,4,0.31,51,4,0.31,36,3,3,16,89,0.00,99,0,14,1.08,71,49,53,3.80,83,0,0.00,99,0,0.00,0,0,0.00,0,1.24,71,42,3.25,87,24,1.86,57.14,0,0.00,0,0,0,0.00,0,0,0.00,40,0.00,0,N/A,N/A,N/A,N/A,0.00,0,0.00,0,1.34,0.00,0,89.17,50.00,74,33,0.75,0.93,12,90,70,0,0,0,0.19,0.23,3,55,114.04,1.25,1.55,20,0,0.00,0.00,99,0.00,0,0,0,0.00,0.00,0,0.00,0.00,0.08,0.06,1,0,12.50,68,53,40,90,42,2.86,84,0.18,0.22,1.34,52,0.08,0.10,59,15,0.94,1.16,0.62,0.50,16,8,0.10,51,85,60,67,0,58,48,0,0.00,99,13,0.00,1.01,11.46,9.25,148,87,88,69,6.74,5.44,58.78,14,1.08,35,0,20.41,0,0.00,99,10,0.62,0.77,77,56,41,63,0,0,0,0,0,50,53,72,54,0,99,16,87,23,2,11,35,2,0,0
Gilberto Oliveira Souza Junior,36,613033200,1989/06/05,Serie A,2024,Forward,Juventude,1116,555,561,Brazil,24,12,12,3,1,2,1,0,1,0,0,4,4,0,16,4,12,4,0,0.32,0.08,0.24,0.16,0.32,372,1.29,70,47,279,1116,0.32,88,199,-1,8,0,6.75,0.04,62,14.54,7.30,1,168,4.61,106,3,9.17,1,0.00,0.00,0.52,12,0.00,0.61,0.69,0.35,8,0.00,0.35,0.00,0.00,0.00,0.04,0.17,0.00,10.00,1.73,0.35,0.26,0.00,0.52,0.13,0.00,1.17,0.00,0.00,0,0,,20,0.87,84,12,1.04,91,8,0.69,71,3,9,15,16,0.00,99,0,1,0.09,12,14,40,1.21,55,0,0.00,99,0,0.00,0,0,0.00,0,1.04,62,6,0.52,28,4,0.35,66.67,0,0.00,0,0,0,0.00,0,0,0.00,27,0.00,0,N/A,N/A,N/A,N/A,0.00,0,0.00,0,3.07,0.00,0,63.10,60.00,88,79,0.17,0.35,4,34,83,0,0,0,0.00,0.00,0,23,155.28,0.52,1.04,12,0,0.00,0.00,99,0.00,0,0,1,0.04,0.09,0,0.00,0.00,0.52,0.26,6,0,10.00,57,42,58,56,28,1.22,39,0.05,0.11,3.07,84,0.13,0.27,49,11,0.48,0.95,1.90,0.96,88,22,0.27,82,25,45,88,0,93,84,0,0.00,99,27,0.00,2.34,10.64,5.35,123,49,34,63,4.24,2.13,39.84,8,0.69,57,0,14.29,0,0.00,99,2,0.09,0.17,49,51,78,63,0,0,0,0,0,77,84,90,71,0,99,20,40,68,3,12,41,9,0,0
Giorgian Daniel De Arrascaeta Benedetti,31,770454000,1994/06/01,Serie A,2024,Midfielder,Flamengo,1007,526,481,Uruguay,15,8,7,5,3,2,5,3,2,0,0,4,2,2,10,6,4,3,0,0.89,0.45,0.45,0.51,0.37,201,0.89,101,67,336,201,0.27,17,2,-1,3,0,7.53,0.33,99,51.21,38.20,85,573,32.20,483,64,43.17,83,0.00,0.00,1.87,28,0.00,4.13,1.34,1.00,15,0.00,1.60,0.00,0.00,0.00,0.20,1.33,0.00,4.20,1.88,0.67,2.00,0.00,0.73,0.32,0.00,0.40,0.00,0.00,0,0,,21,1.40,88,11,0.98,89,10,0.89,82,2,4,11,41,0.00,99,0,3,0.27,22,62,53,5.54,94,0,0.00,99,0,0.00,0,0,0.00,0,2.50,96,30,2.68,82,20,1.79,66.67,0,0.00,0,0,0,0.00,0,0,0.00,75,0.00,0,N/A,N/A,N/A,N/A,0.00,0,0.00,0,4.85,0.00,0,84.29,52.38,76,8,1.13,1.52,17,90,83,0,0,0,0.07,0.09,1,32,112.99,0.13,0.18,2,0,0.00,0.00,99,0.00,0,0,1,0.07,0.09,0,0.00,0.00,0.18,0.13,2,1,23.81,90,35,23,43,74,4.97,99,0.33,0.44,4.85,97,0.32,0.43,94,29,1.93,2.59,0.98,0.73,35,11,0.43,95,99,4,88,0,75,25,0,0.00,99,6,0.00,0.54,12.42,9.27,139,70,82,77,6.26,4.67,50.36,24,2.14,6,0,20.97,0,0.00,99,13,0.87,1.16,89,37,50,46,0,0,0,0,0,99,97,92,95,0,99,55,53,57,3,20,70,14,0,0
Giuliano Galoppo,26,929689200,1999/06/18,Serie A,2024,Midfielder,São Paulo,384,223,161,Argentina,13,8,5,0,0,0,0,0,0,0,0,5,2,3,3,0,3,2,0,0,0,0,0,0,0,0.7,128,30,192,0,0.47,432,286,-1,32,0,6.11,0,45,39.38,12.92,55,168,10.77,140,58,32.81,57,0.00,0.00,0.08,1,0.00,0.46,1.64,0.54,7,0.00,0.15,0.00,0.00,0.00,0.31,0.08,0.00,0.00,1.88,0.31,0.31,0.00,0.31,0.07,0.00,0.62,0.00,0.00,0,0,,8,0.62,88,4,0.94,87,4,0.94,85,2,10,3,55,0.00,99,0,4,0.94,63,6,45,1.41,58,0,0.00,99,0,0.00,0,0,0.00,0,0.23,19,4,0.94,43,1,0.23,25.00,0,0.00,0,0,0,0.00,0,0,0.00,91,0.00,0,N/A,N/A,N/A,N/A,0.00,0,0.00,0,0.85,0.00,0,83.33,50.00,74,32,0.31,0.94,4,26,15,0,0,0,0.00,0.00,0,23,79.39,0.38,1.17,5,0,0.00,0.00,99,0.00,0,0,0,0.00,0.00,0,0.00,0.00,0.00,0.00,0,0,0.00,42,1,18,40,91,0.35,22,0.03,0.08,0.85,73,0.07,0.20,77,7,0.54,1.64,1.88,0.62,87,8,0.20,71,3,49,67,0,41,75,0,0.00,99,8,0.00,1.88,10.55,3.46,45,23,65,62,5.39,1.77,51.11,2,0.47,66,0,16.67,0,0.00,99,1,0.08,0.23,54,2,82,46,0,0,0,0,0,26,40,59,54,0,99,85,21,87,2,15,51,8,0,0
Gonzalo Escobar,28,858499200,1997/03/16,Serie A,2024,Defender,Fortaleza,0,0,0,Argentina,0,0,0,0,0,0,0,0,0,0,0,0,0,0,0,0,0,0,0,0,0,0,0,0,0,0,0,0,0,0,0,-1,-1,-1,-1,N/A,N/A,N/A,N/A,N/A,N/A,N/A,N/A,N/A,N/A,N/A,N/A,N/A,N/A,N/A,N/A,N/A,N/A,N/A,N/A,N/A,N/A,N/A,N/A,N/A,N/A,N/A,N/A,N/A,N/A,N/A,N/A,N/A,N/A,N/A,N/A,N/A,N/A,N/A,N/A,N/A,N/A,N/A,N/A,N/A,N/A,N/A,N/A,N/A,N/A,N/A,N/A,N/A,N/A,N/A,N/A,N/A,N/A,N/A,N/A,N/A,N/A,N/A,N/A,N/A,N/A,N/A,N/A,N/A,N/A,N/A,N/A,N/A,N/A,N/A,N/A,N/A,N/A,N/A,N/A,N/A,N/A,N/A,N/A,N/A,N/A,N/A,N/A,N/A,N/A,N/A,N/A,N/A,N/A,N/A,N/A,N/A,N/A,N/A,N/A,N/A,N/A,N/A,N/A,N/A,N/A,N/A,N/A,N/A,N/A,N/A,N/A,N/A,N/A,N/A,N/A,N/A,N/A,N/A,N/A,N/A,N/A,N/A,N/A,N/A,N/A,N/A,N/A,N/A,N/A,N/A,N/A,N/A,N/A,N/A,N/A,N/A,N/A,N/A,N/A,N/A,N/A,N/A,N/A,N/A,N/A,N/A,N/A,N/A,N/A,N/A,N/A,N/A,N/A,N/A,N/A,N/A,N/A,N/A,N/A,N/A,N/A,N/A,N/A,N/A,N/A,N/A,N/A,N/A,N/A,N/A,N/A,N/A,N/A,N/A,N/A,N/A,N/A,N/A,N/A,N/A,N/A,N/A,N/A,N/A,N/A,N/A,N/A,N/A,N/A,N/A,N/A,N/A,N/A,N/A,N/A,N/A,N/A,N/A,N/A,N/A,N/A,N/A,N/A,N/A,N/A,N/A,N/A,N/A,N/A,N/A,N/A,N/A,N/A,N/A,N/A,N/A,N/A,N/A,N/A,N/A,N/A,N/A,N/A
Gonzalo Gastón Freitas Silva,34,686386800,1991/10/02,Serie A,2024,Midfielder,Atlético GO,820,488,332,Uruguay,15,9,6,0,0,0,0,0,0,0,0,4,4,0,13,4,9,7,0,0,0,0,0,0,0,1.43,63,55,117,0,0.77,376,360,-1,18,0,6.27,0,45,32.27,19.60,36,294,15.93,239,43,26.23,37,0.00,0.00,0.07,1,0.00,0.07,2.41,1.47,22,0.00,0.20,0.00,0.00,0.00,0.87,0.20,0.00,0.00,1.54,0.60,0.33,0.00,0.33,0.07,0.00,1.93,0.00,0.00,0,0,,14,0.93,79,5,0.55,68,9,0.99,88,4,5,10,84,0.00,99,0,13,1.43,87,1,99,0.11,20,0,0.00,99,0,0.00,0,0,0.00,0,0.11,11,5,0.55,30,3,0.33,60.00,0,0.00,0,0,0,0.00,0,0,0.00,16,0.00,0,N/A,N/A,N/A,N/A,0.00,0,0.00,0,1.05,0.00,0,81.29,35.71,40,7,0.93,1.54,14,32,76,0,0,0,0.27,0.44,4,76,94.05,1.33,2.20,20,3,0.00,0.33,0,0.20,0,0,0,0.00,0.00,0,0.00,0.00,0.11,0.07,1,0,0.00,42,26,23,40,16,0.46,10,0.03,0.05,1.05,58,0.07,0.12,37,7,0.47,0.77,2.52,1.53,98,23,0.12,56,4,72,67,0,65,97,0,0.00,99,29,0.00,3.18,12.40,7.53,113,60,87,77,6.59,4.00,53.10,3,0.33,72,0,100.00,0,0.00,99,1,0.07,0.11,45,32,57,77,0,0,0,0,0,26,40,59,54,0,99,55,11,97,7,47,99,5,0,0
Gonzalo Mathías Mastriani Borges,32,735980400,1993/04/28,Serie A,2024,Forward,Atlético PR,900,511,389,Uruguay,21,11,10,4,3,1,0,0,0,0,0,5,4,1,9,5,4,0,0,0.4,0,0.4,0.53,0.23,225,0.9,100,43,0,0,0,30,482,-1,3,0,6.90,0,45,17.60,8.75,6,175,6.30,126,10,12.67,6,0.00,0.00,0.40,8,0.00,0.15,1.41,0.70,14,0.00,0.70,0.00,0.00,0.00,0.15,0.00,0.00,7.75,3.12,1.00,0.45,0.00,0.55,0.23,0.00,1.40,0.00,0.00,0,0,,31,1.55,99,11,1.11,93,20,2.01,99,5,11,10,43,0.00,99,0,3,0.30,24,3,30,0.30,31,0,0.00,99,0,0.00,0,0,0.00,0,0.80,49,9,0.91,41,0,0.00,0.00,0,0.00,0,0,0,0.00,0,0,0.00,73,0.00,0,N/A,N/A,N/A,N/A,0.00,0,0.00,0,4.66,0.00,0,72.00,35.48,39,42,0.40,0.80,8,10,10,0,0,0,0.10,0.20,2,51,138.10,0.60,1.21,12,0,0.00,0.00,99,0.00,0,0,3,0.15,0.30,0,0.00,0.00,0.40,0.20,4,0,12.90,68,30,46,46,73,0.52,10,0.03,0.05,4.66,97,0.23,0.47,47,9,0.45,0.91,1.21,0.60,51,12,0.47,96,52,51,99,0,90,92,0,0.00,99,28,0.00,2.82,12.37,6.15,123,51,59,76,5.13,2.55,41.46,14,1.41,22,0,0.00,0,0.00,99,0,0.00,0.00,30,32,85,87,0,1,0,5,0,85,94,84,96,0,99,43,7,7,0,0,7,9,0,0
Gonzalo Plata,25,973065600,2000/11/01,Serie A,2024,Forward,Flamengo,688,350,338,Ecuador,11,6,5,1,1,0,0,0,0,0,0,5,1,4,5,5,0,1,0,0.13,0,0.13,0.26,0,688,0.65,138,63,688,0,0.13,173,359,-1,15,0,7.01,0,45,35.97,25.00,47,275,20.64,227,52,29.69,47,0.00,0.00,1.82,20,0.00,1.00,1.96,1.36,15,0.00,0.91,0.00,0.00,0.00,0.36,1.36,0.00,8.00,1.05,0.36,3.00,0.00,0.36,0.12,0.00,0.82,0.00,0.00,0,0,,8,0.73,61,4,0.52,66,4,0.52,59,3,3,8,67,0.00,99,0,4,0.52,35,11,96,1.44,58,0,0.00,99,0,0.00,0,0,0.00,0,2.62,97,33,4.32,92,15,1.96,45.45,0,0.00,0,0,0,0.00,0,0,0.00,93,0.00,0,N/A,N/A,N/A,N/A,0.00,0,0.00,0,1.35,0.00,0,82.55,50.00,74,10,1.00,1.44,11,91,42,0,0,0,0.09,0.13,1,41,77.15,0.27,0.39,3,0,0.00,0.00,99,0.00,0,0,1,0.09,0.13,0,0.00,0.00,0.26,0.18,2,0,12.50,68,19,11,73,93,1.42,77,0.13,0.19,1.35,70,0.12,0.18,47,7,0.64,0.92,1.57,1.09,73,12,0.18,68,70,12,94,0,82,55,0,0.00,99,9,0.00,1.18,14.65,10.18,112,46,77,90,6.02,4.18,41.07,10,1.31,25,0,54.55,0,0.00,99,6,0.55,0.78,78,24,41,63,0,0,0,0,0,50,68,59,82,0,99,94,86,23,1,9,26,45,0,0
Gregore,31,762595200,1994/03/02,Serie A,2024,Midfielder,Botafogo,2220,927,1293,Brazil,33,15,18,3,1,2,2,1,1,0,0,17,8,9,15,5,10,8,0,0.2,0.08,0.12,0.1,0.14,740,0.61,148,67,278,1110,0.32,178,204,-1,9,0,7.15,0.06,62,71.29,53.97,99,1673,48.77,1512,95,64.43,99,0.00,0.00,0.45,14,0.00,0.74,3.84,2.90,90,0.00,0.32,0.00,0.00,0.00,1.03,0.26,0.00,4.33,0.55,0.19,0.42,0.00,0.23,0.10,0.00,2.13,0.00,0.00,0,0,,13,0.42,37,7,0.30,50,6,0.26,29,4,8,25,98,0.00,99,0,32,1.36,85,23,46,0.98,51,0,0.00,99,0,0.00,0,0,0.00,0,0.60,37,13,0.55,30,8,0.34,61.54,0,0.00,0,0,0,0.00,0,0,0.00,95,0.00,0,N/A,N/A,N/A,N/A,0.00,0,0.00,0,2.95,0.00,0,90.38,53.85,80,5,1.26,1.66,39,33,77,0,0,0,0.42,0.55,13,82,221.56,1.77,2.34,55,0,0.00,0.00,99,0.00,0,0,0,0.00,0.00,0,0.00,0.00,0.04,0.03,1,0,23.08,89,80,91,74,94,4.16,73,0.13,0.18,2.95,59,0.10,0.13,29,14,0.45,0.60,3.41,2.58,99,80,0.13,58,86,74,67,0,46,92,0,0.00,99,66,0.00,2.81,15.21,11.52,357,178,97,93,7.59,5.74,49.86,10,0.43,67,0,17.39,0,0.00,99,4,0.13,0.17,49,80,73,77,0,0,0,0,0,63,66,74,61,0,99,97,40,68,8,24,82,26,0,0
Guga,27,904374000,1998/08/29,Serie A,2024,Defender,Fluminense,325,58,267,Brazil,10,4,6,0,0,0,1,1,0,0,0,4,3,1,4,0,4,4,1,0.28,0.28,0,0,0,0,1.11,81,33,65,325,1.38,428,22,103,25,0,6.08,0.1,96,40.00,12.89,58,116,10.44,94,41,32.41,55,0.00,0.00,0.33,3,0.00,0.22,2.76,0.89,8,0.00,0.00,0.00,0.00,0.00,0.33,0.11,0.00,0.00,0.00,0.00,0.22,0.00,0.00,0.00,0.00,0.22,0.00,0.00,0,0,,0,0.00,8,0,0.00,15,0,0.00,9,5,6,4,90,0.00,99,0,3,1.03,69,2,99,0.69,45,0,0.00,99,0,0.00,0,0,0.00,0,1.03,61,2,0.69,33,1,0.34,50.00,0,0.00,0,0,0,0.00,0,0,0.00,51,0.00,0,N/A,N/A,N/A,N/A,0.00,0,0.00,0,0.00,0.00,0,81.03,0.00,15,99,0.00,0.00,0,33,57,0,0,0,0.33,1.03,3,96,54.72,1.78,5.52,16,0,0.00,0.00,99,0.00,0,0,0,0.00,0.00,0,0.00,0.00,0.00,0.00,0,0,0.00,42,0,8,40,51,0.88,95,0.10,0.30,0.00,9,0.00,0.00,67,4,0.44,1.38,2.07,0.67,92,6,0.00,9,2,98,67,0,41,33,0,0.00,99,2,0.00,0.69,8.97,2.89,26,15,60,40,5.17,1.67,57.69,0,0.00,99,0,100.00,0,0.00,99,2,0.22,0.69,75,6,63,87,0,0,0,0,0,72,40,59,54,0,99,87,8,99,1,10,29,23,0,0
Guilherme Arana,28,861001200,1997/04/14,Serie A,2024,Defender,Atlético Mineiro,1301,620,681,Brazil,17,7,10,1,1,0,1,0,1,0,0,5,2,3,16,6,10,5,0,0.14,0.07,0.07,0.15,0,1301,1.11,81,77,260,1301,0.35,252,232,106,15,0,7.16,0.06,58,60.64,51.00,95,816,45.31,725,91,53.88,95,0.00,0.00,1.25,20,0.00,4.00,1.49,1.25,20,0.00,0.12,0.00,0.00,0.00,1.00,0.56,0.00,14.00,1.04,0.50,1.38,0.00,0.38,0.11,0.00,0.69,0.00,0.00,0,0,,14,0.88,61,6,0.45,62,8,0.59,64,2,4,13,48,0.00,99,0,16,1.19,77,64,49,4.76,90,0,0.00,99,0,0.00,0,0,0.00,0,1.49,83,22,1.64,67,9,0.67,40.91,0,0.00,0,0,0,0.00,0,0,0.00,51,0.00,0,N/A,N/A,N/A,N/A,0.00,0,0.00,0,1.75,0.00,0,88.85,42.86,55,65,0.44,0.52,7,57,30,0,0,0,0.19,0.22,3,54,114.61,0.75,0.89,12,0,0.00,0.00,99,0.00,0,0,0,0.00,0.00,0,0.00,0.00,0.15,0.12,2,0,7.14,51,50,32,89,51,3.15,86,0.20,0.23,1.75,59,0.11,0.13,52,14,0.88,1.04,0.82,0.69,26,11,0.13,58,88,40,67,0,72,40,0,0.00,99,11,0.00,0.82,7.28,6.12,98,53,27,23,3.94,3.31,54.08,2,0.15,81,0,18.75,0,0.00,99,12,0.75,0.89,83,45,50,46,0,0,0,0,0,52,53,59,70,0,99,61,36,73,5,29,89,13,0,0
Guilherme Castilho Carvalho,26,937724400,1999/09/19,Serie A,2024,Midfielder,Juventude,0,0,0,Brazil,0,0,0,0,0,0,0,0,0,0,0,0,0,0,0,0,0,0,0,0,0,0,0,0,0,0,0,0,0,0,0,-1,-1,-1,-1,N/A,N/A,N/A,N/A,N/A,N/A,N/A,N/A,N/A,N/A,N/A,N/A,N/A,N/A,N/A,N/A,N/A,N/A,N/A,N/A,N/A,N/A,N/A,N/A,N/A,N/A,N/A,N/A,N/A,N/A,N/A,N/A,N/A,N/A,N/A,N/A,N/A,N/A,N/A,N/A,N/A,N/A,N/A,N/A,N/A,N/A,N/A,N/A,N/A,N/A,N/A,N/A,N/A,N/A,N/A,N/A,N/A,N/A,N/A,N/A,N/A,N/A,N/A,N/A,N/A,N/A,N/A,N/A,N/A,N/A,N/A,N/A,N/A,N/A,N/A,N/A,N/A,N/A,N/A,N/A,N/A,N/A,N/A,N/A,N/A,N/A,N/A,N/A,N/A,N/A,N/A,N/A,N/A,N/A,N/A,N/A,N/A,N/A,N/A,N/A,N/A,N/A,N/A,N/A,N/A,N/A,N/A,N/A,N/A,N/A,N/A,N/A,N/A,N/A,N/A,N/A,N/A,N/A,N/A,N/A,N/A,N/A,N/A,N/A,N/A,N/A,N/A,N/A,N/A,N/A,N/A,N/A,N/A,N/A,N/A,N/A,N/A,N/A,N/A,N/A,N/A,N/A,N/A,N/A,N/A,N/A,N/A,N/A,N/A,N/A,N/A,N/A,N/A,N/A,N/A,N/A,N/A,N/A,N/A,N/A,N/A,N/A,N/A,N/A,N/A,N/A,N/A,N/A,N/A,N/A,N/A,N/A,N/A,N/A,N/A,N/A,N/A,N/A,N/A,N/A,N/A,N/A,N/A,N/A,N/A,N/A,N/A,N/A,N/A,N/A,N/A,N/A,N/A,N/A,N/A,N/A,N/A,N/A,N/A,N/A,N/A,N/A,N/A,N/A,N/A,N/A,N/A,N/A,N/A,N/A,N/A,N/A,N/A,N/A,N/A,N/A,N/A,N/A,N/A,N/A,N/A,N/A,N/A,N/A
Guilherme Estrella de Paiva,20,1114153200,2005/04/22,Serie A,2024,Midfielder,Vasco da Gama,148,58,90,Brazil,3,2,1,1,1,0,0,0,0,0,0,0,0,0,3,1,2,1,0,0.61,0,0.61,1.55,0,148,1.82,49,49,148,0,0.61,-1,-1,-1,9,0,6.65,0,45,26.15,14.33,22,43,11.67,35,43,21.28,25,0.00,0.00,0.33,1,0.00,0.67,0.61,0.33,1,0.00,0.33,0.00,0.00,0.00,1.00,0.33,0.00,2.00,1.22,0.33,1.33,0.00,0.33,0.25,0.00,0.33,0.00,0.00,0,0,,2,0.67,66,1,0.61,71,1,0.61,66,3,0,3,14,0.00,99,0,3,1.82,96,2,30,1.22,55,0,0.00,99,0,0.00,0,0,0.00,0,0.61,38,4,2.43,79,1,0.61,25.00,0,0.00,0,0,0,0.00,0,0,0.00,4,0.00,0,N/A,N/A,N/A,N/A,0.00,0,0.00,0,0.76,0.00,0,81.40,50.00,74,99,0.00,0.00,0,52,15,0,0,0,0.00,0.00,0,23,19.95,0.00,0.00,0,0,0.00,0.00,99,0.00,0,0,0,0.00,0.00,0,0.00,0.00,0.00,0.00,0,0,50.00,99,0,0,40,3,0.12,17,0.04,0.07,0.76,97,0.25,0.46,93,4,1.33,2.43,2.43,1.33,96,4,0.46,96,16,1,67,0,41,31,0,0.00,99,1,0.00,0.61,10.95,6.00,18,7,34,66,4.26,2.33,38.89,1,0.61,60,0,0.00,0,0.00,99,0,0.00,0.00,30,2,14,63,0,0,0,0,0,96,99,59,99,0,99,2,14,94,1,33,95,14,0,0
Guilherme Henrique Bernardineli Gomes,19,1138867200,2006/02/02,Serie A,2024,Midfielder,Flamengo,34,0,34,Brazil,1,0,1,1,0,1,0,0,0,0,0,0,0,0,1,0,1,0,0,2.65,0,2.65,0,2.65,34,2.65,34,34,0,0,0,-1,-1,-1,21,0,7.10,0,45,21.18,8.00,13,8,6.00,6,15,15.88,14,0.00,0.00,0.00,0,0.00,2.00,5.29,2.00,2,0.00,2.00,0.00,0.00,0.00,0.00,0.00,0.00,1.00,2.65,0.00,2.00,0.00,1.00,0.69,0.00,0.00,0.00,0.00,0,0,,1,1.00,98,1,2.65,99,0,0.00,9,0,1,0,99,0.00,99,0,0,0.00,9,2,30,5.29,92,0,0.00,99,0,0.00,0,0,0.00,0,0.00,8,2,5.29,97,0,0.00,0.00,0,0.00,0,0,0,0.00,0,0,0.00,0,0.00,0,N/A,N/A,N/A,N/A,0.00,0,0.00,0,0.69,0.00,0,75.00,100.00,99,0,2.00,5.29,2,10,10,0,0,0,0.00,0.00,0,23,7.10,1.00,2.65,1,0,0.00,0.00,99,0.00,0,0,0,0.00,0.00,0,0.00,0.00,0.00,0.00,0,0,100.00,99,0,0,40,0,0.01,3,0.01,0.03,0.69,99,0.69,1.83,95,1,1.00,2.65,2.65,1.00,99,1,1.83,99,82,78,67,0,41,2,0,0.00,99,0,0.00,0.00,26.47,10.00,10,3,97,99,7.94,3.00,30.00,2,5.29,0,0,0.00,0,0.00,99,0,0.00,0.00,30,0,22,11,0,0,0,0,0,99,99,99,54,0,99,2,7,7,0,0,7,47,0,0
Guilherme Kennedy Romão,28,876207600,1997/10/07,Serie A,2024,Defender,Atlético GO,2773,1407,1366,Brazil,32,16,16,1,1,0,3,0,3,0,0,4,2,2,46,19,27,6,1,0.13,0.1,0.03,0.06,0,2773,1.49,60,87,396,924,0.23,301,176,171,11,0,7.03,0.09,66,34.50,33.13,42,994,26.43,793,36,27.52,42,0.00,0.00,0.80,24,0.00,2.03,0.97,0.93,28,0.00,0.63,0.00,0.00,0.00,0.77,0.73,0.00,26.00,0.90,0.43,1.60,0.00,0.43,0.10,0.00,2.00,0.00,0.00,0,0,,26,0.87,57,13,0.45,62,13,0.45,52,3,0,32,26,0.00,99,0,23,0.80,55,61,69,2.12,65,0,0.00,99,0,0.00,0,0,0.00,0,0.83,50,48,1.67,67,22,0.76,45.83,0,0.00,0,0,0,0.00,0,0,0.00,13,0.00,0,N/A,N/A,N/A,N/A,0.00,0,0.00,0,3.15,0.00,0,79.78,50.00,74,79,0.33,0.35,10,64,43,0,0,0,0.33,0.35,10,69,210.89,1.97,2.05,59,0,0.00,0.00,99,0.00,0,0,0,0.00,0.00,0,0.00,0.00,0.14,0.13,4,0,3.85,43,94,88,99,13,4.41,62,0.15,0.15,3.15,55,0.10,0.11,80,50,1.67,1.74,0.76,0.73,22,22,0.11,53,73,71,67,0,70,79,0,0.00,99,60,0.00,2.08,9.72,9.33,280,160,67,52,5.55,5.33,57.14,19,0.66,58,0,26.23,0,0.00,99,16,0.53,0.56,69,94,14,63,0,0,0,0,0,50,41,59,55,0,99,10,63,48,5,16,54,6,0,0
Guilherme Lopes da Silva,23,1013673600,2002/02/14,Serie A,2024,Defender,Bragantino,672,300,372,Brazil,13,6,7,0,0,0,1,0,1,0,0,2,2,0,10,3,7,1,0,0.13,0.13,0,0,0,0,1.34,67,52,672,672,0.13,423,139,153,36,0,7.24,0.08,76,30.86,17.46,33,227,12.62,164,11,22.30,28,0.00,0.00,0.38,5,0.00,2.38,2.31,1.31,17,0.00,0.31,0.00,0.00,0.00,0.85,0.38,0.00,0.00,0.54,0.31,0.62,0.00,0.00,0.02,0.00,1.00,0.00,0.00,0,0,,4,0.31,37,0,0.00,15,4,0.54,61,5,6,7,81,0.00,99,0,11,1.50,90,31,49,4.21,87,0,0.00,99,0,0.00,0,0,0.00,0,0.68,42,8,1.09,48,5,0.68,62.50,0,0.00,0,0,0,0.00,0,0,0.00,22,0.00,0,N/A,N/A,N/A,N/A,0.00,0,0.00,0,0.21,0.00,0,72.25,0.00,15,49,0.38,0.68,5,59,79,0,0,0,0.15,0.27,2,60,94.15,2.00,3.53,26,0,0.00,0.00,99,0.00,0,0,0,0.00,0.00,0,0.00,0.00,0.14,0.08,1,0,0.00,42,18,18,40,23,1.10,62,0.08,0.15,0.21,24,0.02,0.03,26,4,0.31,0.54,1.09,0.62,42,8,0.03,24,92,84,67,0,70,73,0,0.00,99,13,0.00,1.77,10.33,5.85,76,38,60,59,5.17,2.92,50.00,4,0.54,63,0,19.35,0,0.00,99,6,0.46,0.82,80,18,63,87,0,0,0,0,0,50,40,59,54,0,99,14,85,23,1,8,21,31,0,0
Guilherme Miranda Madruga Gomes,25,973929600,2000/11/11,Serie A,2024,Defender,Cuiabá,98,64,34,Brazil,7,4,3,0,0,0,1,0,1,0,0,2,2,0,1,1,0,1,0,0.92,0.92,0,0,0,0,0.92,98,14,98,98,0.92,-1,-1,-1,23,0,6.64,0.14,99,45.46,9.80,72,49,8.40,42,72,38.97,74,0.00,0.00,0.80,4,0.00,0.40,1.86,0.40,2,0.00,0.20,0.00,0.00,0.00,0.00,0.20,0.00,0.00,2.78,0.40,0.40,0.00,0.20,0.04,0.00,0.80,0.00,0.00,0,0,,3,0.60,98,1,0.93,86,2,1.86,99,0,7,0,64,0.00,99,0,0,0.00,9,2,30,1.86,62,0,0.00,99,0,0.00,0,0,0.00,0,3.71,99,2,1.86,71,1,0.93,50.00,0,0.00,0,0,0,0.00,0,0,0.00,71,0.00,0,N/A,N/A,N/A,N/A,0.00,0,0.00,0,0.22,0.00,0,85.71,33.33,37,99,0.00,0.00,0,72,57,0,0,0,0.00,0.00,0,23,33.20,0.20,0.93,1,0,0.00,0.00,99,0.00,0,0,0,0.00,0.00,0,0.00,0.00,0.00,0.00,0,0,0.00,42,0,4,40,71,0.80,99,0.16,0.74,0.22,73,0.04,0.20,83,2,0.40,1.86,3.71,0.80,99,4,0.20,71,15,41,67,0,41,99,0,0.00,99,4,0.00,3.71,16.70,3.60,18,9,98,97,8.35,1.80,50.00,1,0.93,42,0,0.00,0,0.00,99,0,0.00,0.00,30,0,68,11,0,0,0,0,0,99,40,59,54,0,99,61,8,99,1,14,48,8,0,0
Guilherme Silva,23,1029308400,2002/08/14,Serie A,2024,Defender,Criciúma,0,0,0,Brazil,0,0,0,0,0,0,0,0,0,0,0,0,0,0,0,0,0,0,0,0,0,0,0,0,0,0,0,0,0,0,0,-1,-1,-1,-1,N/A,N/A,N/A,N/A,N/A,N/A,N/A,N/A,N/A,N/A,N/A,N/A,N/A,N/A,N/A,N/A,N/A,N/A,N/A,N/A,N/A,N/A,N/A,N/A,N/A,N/A,N/A,N/A,N/A,N/A,N/A,N/A,N/A,N/A,N/A,N/A,N/A,N/A,N/A,N/A,N/A,N/A,N/A,N/A,N/A,N/A,N/A,N/A,N/A,N/A,N/A,N/A,N/A,N/A,N/A,N/A,N/A,N/A,N/A,N/A,N/A,N/A,N/A,N/A,N/A,N/A,N/A,N/A,N/A,N/A,N/A,N/A,N/A,N/A,N/A,N/A,N/A,N/A,N/A,N/A,N/A,N/A,N/A,N/A,N/A,N/A,N/A,N/A,N/A,N/A,N/A,N/A,N/A,N/A,N/A,N/A,N/A,N/A,N/A,N/A,N/A,N/A,N/A,N/A,N/A,N/A,N/A,N/A,N/A,N/A,N/A,N/A,N/A,N/A,N/A,N/A,N/A,N/A,N/A,N/A,N/A,N/A,N/A,N/A,N/A,N/A,N/A,N/A,N/A,N/A,N/A,N/A,N/A,N/A,N/A,N/A,N/A,N/A,N/A,N/A,N/A,N/A,N/A,N/A,N/A,N/A,N/A,N/A,N/A,N/A,N/A,N/A,N/A,N/A,N/A,N/A,N/A,N/A,N/A,N/A,N/A,N/A,N/A,N/A,N/A,N/A,N/A,N/A,N/A,N/A,N/A,N/A,N/A,N/A,N/A,N/A,N/A,N/A,N/A,N/A,N/A,N/A,N/A,N/A,N/A,N/A,N/A,N/A,N/A,N/A,N/A,N/A,N/A,N/A,N/A,N/A,N/A,N/A,N/A,N/A,N/A,N/A,N/A,N/A,N/A,N/A,N/A,N/A,N/A,N/A,N/A,N/A,N/A,N/A,N/A,N/A,N/A,N/A,N/A,N/A,N/A,N/A,N/A,N/A
Guilherme William Silva Inácio,18,1170748800,2007/02/06,Serie A,2024,Midfielder,Corinthians,0,0,0,Brazil,0,0,0,0,0,0,0,0,0,0,0,0,0,0,0,0,0,0,0,0,0,0,0,0,0,0,0,0,0,0,0,-1,-1,-1,-1,N/A,N/A,N/A,N/A,N/A,N/A,N/A,N/A,N/A,N/A,N/A,N/A,N/A,N/A,N/A,N/A,N/A,N/A,N/A,N/A,N/A,N/A,N/A,N/A,N/A,N/A,N/A,N/A,N/A,N/A,N/A,N/A,N/A,N/A,N/A,N/A,N/A,N/A,N/A,N/A,N/A,N/A,N/A,N/A,N/A,N/A,N/A,N/A,N/A,N/A,N/A,N/A,N/A,N/A,N/A,N/A,N/A,N/A,N/A,N/A,N/A,N/A,N/A,N/A,N/A,N/A,N/A,N/A,N/A,N/A,N/A,N/A,N/A,N/A,N/A,N/A,N/A,N/A,N/A,N/A,N/A,N/A,N/A,N/A,N/A,N/A,N/A,N/A,N/A,N/A,N/A,N/A,N/A,N/A,N/A,N/A,N/A,N/A,N/A,N/A,N/A,N/A,N/A,N/A,N/A,N/A,N/A,N/A,N/A,N/A,N/A,N/A,N/A,N/A,N/A,N/A,N/A,N/A,N/A,N/A,N/A,N/A,N/A,N/A,N/A,N/A,N/A,N/A,N/A,N/A,N/A,N/A,N/A,N/A,N/A,N/A,N/A,N/A,N/A,N/A,N/A,N/A,N/A,N/A,N/A,N/A,N/A,N/A,N/A,N/A,N/A,N/A,N/A,N/A,N/A,N/A,N/A,N/A,N/A,N/A,N/A,N/A,N/A,N/A,N/A,N/A,N/A,N/A,N/A,N/A,N/A,N/A,N/A,N/A,N/A,N/A,N/A,N/A,N/A,N/A,N/A,N/A,N/A,N/A,N/A,N/A,N/A,N/A,N/A,N/A,N/A,N/A,N/A,N/A,N/A,N/A,N/A,N/A,N/A,N/A,N/A,N/A,N/A,N/A,N/A,N/A,N/A,N/A,N/A,N/A,N/A,N/A,N/A,N/A,N/A,N/A,N/A,N/A,N/A,N/A,N/A,N/A,N/A,N/A
Guillermo Varela Olivera,32,732960000,1993/03/24,Serie A,2024,Defender,Flamengo,1039,399,640,Uruguay,18,8,10,1,0,1,0,0,0,0,0,7,2,5,8,2,6,2,0,0.09,0,0.09,0,0.14,1039,0.69,130,58,520,0,0.17,214,486,15,20,0,6.57,0,45,40.54,26.00,59,468,22.11,398,67,34.48,61,0.00,0.00,0.50,9,0.00,1.61,1.47,0.94,17,0.00,0.22,0.00,0.00,0.00,0.61,0.39,0.00,4.00,0.35,0.06,0.67,0.00,0.17,0.06,0.00,0.67,0.00,0.00,0,0,,4,0.22,21,3,0.26,45,1,0.09,11,1,6,12,47,0.00,99,0,11,0.95,64,29,45,2.51,70,0,0.00,99,0,0.00,0,0,0.00,0,0.78,48,12,1.04,46,7,0.61,58.33,0,0.00,0,0,0,0.00,0,0,0.00,92,0.00,0,N/A,N/A,N/A,N/A,0.00,0,0.00,0,1.02,0.00,0,85.04,75.00,98,85,0.17,0.26,3,52,72,0,0,0,0.28,0.43,5,76,118.34,1.11,1.73,20,0,0.00,0.00,99,0.00,0,0,0,0.00,0.00,0,0.00,0.00,0.09,0.06,1,0,25.00,93,37,36,83,91,1.11,33,0.06,0.10,1.02,49,0.06,0.09,71,17,0.94,1.47,0.87,0.56,29,10,0.09,49,12,64,67,0,61,49,0,0.00,99,12,0.00,1.04,7.02,4.50,81,53,44,20,4.59,2.94,65.43,4,0.35,72,0,17.24,0,0.00,99,5,0.28,0.43,64,41,63,30,0,0,0,0,0,42,60,74,54,0,99,86,75,33,2,11,35,2,0,0
Gustavo Affonso Sauerbeck,32,736153200,1993/04/30,Serie A,2024,Forward,Cuiabá,504,278,226,Brazil,11,6,5,0,0,0,0,0,0,0,0,5,3,2,3,1,2,0,0,0,0,0,0,0,0,0.54,168,46,0,0,0,332,348,-1,12,0,6.72,0,45,21.43,10.91,14,120,8.82,97,40,17.32,17,0.00,0.00,0.45,5,0.00,1.09,2.50,1.27,14,0.00,0.27,0.00,0.00,0.00,0.00,0.91,0.00,0.00,1.07,0.27,2.00,0.00,0.27,0.06,0.00,0.36,0.00,0.00,0,0,,6,0.55,62,3,0.54,68,3,0.54,61,4,4,7,85,0.00,99,0,0,0.00,9,12,30,2.14,65,0,0.00,99,0,0.00,0,0,0.00,0,0.89,54,22,3.93,90,10,1.79,45.45,0,0.00,0,0,0,0.00,0,0,0.00,97,0.00,0,N/A,N/A,N/A,N/A,0.00,0,0.00,0,0.61,0.00,0,80.83,50.00,74,24,0.55,1.07,6,90,42,0,0,0,0.00,0.00,0,23,73.91,0.00,0.00,0,0,0.00,0.00,99,0.00,0,0,0,0.00,0.00,0,0.00,0.00,0.18,0.09,1,0,0.00,42,10,11,40,97,0.46,22,0.04,0.08,0.61,55,0.06,0.11,88,12,1.09,2.14,0.89,0.45,30,5,0.11,53,22,1,67,0,75,35,0,0.00,99,4,0.00,0.71,13.04,6.64,73,40,92,81,7.14,3.64,54.79,3,0.54,63,0,0.00,0,0.00,99,0,0.00,0.00,30,18,50,77,0,0,0,0,0,26,40,59,54,0,99,94,7,7,0,0,7,19,0,0
Gustavo Bonatto Barreto,29,818582400,1995/12/10,Serie A,2024,Midfielder,Criciúma,2294,1036,1258,Brazil,30,13,17,2,1,1,2,1,1,0,0,5,3,2,38,15,23,5,0,0.16,0.08,0.08,0.09,0.07,1147,1.49,60,76,459,1147,0.2,234,201,-1,10,0,6.85,0.07,62,31.96,27.04,35,757,23.04,645,68,27.23,41,0.00,0.00,0.68,19,0.00,0.18,2.41,2.04,57,0.00,0.68,0.00,0.00,0.00,0.57,0.57,0.00,6.00,0.51,0.21,1.07,0.00,0.21,0.08,0.00,0.86,0.00,0.00,0,0,,12,0.43,33,6,0.25,43,6,0.25,28,3,1,29,84,0.00,99,0,16,0.68,47,5,91,0.21,27,0,0.00,99,0,0.00,0,0,0.00,0,0.80,49,30,1.27,55,16,0.68,53.33,0,0.00,0,0,0,0.00,0,0,0.00,13,0.00,0,N/A,N/A,N/A,N/A,0.00,0,0.00,0,2.25,0.00,0,85.20,50.00,74,28,0.86,1.01,24,59,61,0,0,0,0.46,0.55,13,82,191.71,1.04,1.22,29,1,0.00,0.04,15,0.04,0,0,2,0.07,0.08,0,0.00,0.00,0.08,0.07,2,0,16.67,80,83,80,86,13,3.47,62,0.12,0.15,2.25,49,0.08,0.09,47,22,0.79,0.93,2.03,1.71,91,48,0.09,49,44,51,84,0,58,48,0,0.00,99,24,0.00,1.01,9.88,8.36,234,118,55,54,4.98,4.21,50.43,19,0.80,49,0,40.00,0,0.00,99,2,0.07,0.08,39,88,22,63,0,0,0,0,0,55,56,63,59,0,99,20,70,39,5,17,60,88,0,0
Gustavo Campanharo,33,702374400,1992/04/04,Serie A,2024,Midfielder,Atlético GO,23,18,5,Brazil,3,2,1,0,0,0,0,0,0,0,0,1,1,0,0,0,0,0,0,0,0,0,0,0,0,0,0,8,0,0,0,-1,-1,-1,16,0,6.57,0,45,121.30,10.33,99,31,9.67,29,99,113.48,99,0.00,0.00,0.00,0,0.00,0.00,7.83,0.67,2,0.00,0.33,0.00,0.00,0.00,0.00,0.00,0.00,0.00,3.91,0.33,0.00,0.00,0.00,0.02,0.00,0.33,0.00,0.00,0,0,,1,0.33,99,0,0.00,15,1,3.91,99,0,3,0,99,0.00,99,0,0,0.00,9,0,30,0.00,14,0,0.00,99,0,0.00,0,0,0.00,0,0.00,8,0,0.00,7,0,0.00,0.00,0,0.00,0,0,0,0.00,0,0,0.00,99,0.00,0,N/A,N/A,N/A,N/A,0.00,0,0.00,0,0.05,0.00,0,93.55,0.00,15,0,0.33,3.91,1,10,10,0,0,0,0.00,0.00,0,23,19.71,0.33,3.91,1,0,0.00,0.00,99,0.00,0,0,0,0.00,0.00,0,0.00,0.00,0.00,0.00,0,0,0.00,42,0,0,40,0,0.06,86,0.02,0.23,0.05,73,0.02,0.20,2,0,0.00,0.00,7.83,0.67,99,2,0.20,71,12,87,67,0,41,99,0,0.00,99,1,0.00,3.91,31.30,2.67,8,3,99,99,11.74,1.00,37.50,1,3.91,0,0,0.00,0,0.00,99,0,0.00,0.00,30,0,41,11,0,0,0,0,0,26,40,59,54,0,99,76,7,7,0,0,7,15,0,0
Gustavo Daniel da Silva Gonçalves,20,1110182400,2005/03/07,Serie A,2024,Midfielder,Atlético GO,0,0,0,Brazil,0,0,0,0,0,0,0,0,0,0,0,0,0,0,0,0,0,0,0,0,0,0,0,0,0,0,0,0,0,0,0,-1,-1,-1,-1,N/A,N/A,N/A,N/A,N/A,N/A,N/A,N/A,N/A,N/A,N/A,N/A,N/A,N/A,N/A,N/A,N/A,N/A,N/A,N/A,N/A,N/A,N/A,N/A,N/A,N/A,N/A,N/A,N/A,N/A,N/A,N/A,N/A,N/A,N/A,N/A,N/A,N/A,N/A,N/A,N/A,N/A,N/A,N/A,N/A,N/A,N/A,N/A,N/A,N/A,N/A,N/A,N/A,N/A,N/A,N/A,N/A,N/A,N/A,N/A,N/A,N/A,N/A,N/A,N/A,N/A,N/A,N/A,N/A,N/A,N/A,N/A,N/A,N/A,N/A,N/A,N/A,N/A,N/A,N/A,N/A,N/A,N/A,N/A,N/A,N/A,N/A,N/A,N/A,N/A,N/A,N/A,N/A,N/A,N/A,N/A,N/A,N/A,N/A,N/A,N/A,N/A,N/A,N/A,N/A,N/A,N/A,N/A,N/A,N/A,N/A,N/A,N/A,N/A,N/A,N/A,N/A,N/A,N/A,N/A,N/A,N/A,N/A,N/A,N/A,N/A,N/A,N/A,N/A,N/A,N/A,N/A,N/A,N/A,N/A,N/A,N/A,N/A,N/A,N/A,N/A,N/A,N/A,N/A,N/A,N/A,N/A,N/A,N/A,N/A,N/A,N/A,N/A,N/A,N/A,N/A,N/A,N/A,N/A,N/A,N/A,N/A,N/A,N/A,N/A,N/A,N/A,N/A,N/A,N/A,N/A,N/A,N/A,N/A,N/A,N/A,N/A,N/A,N/A,N/A,N/A,N/A,N/A,N/A,N/A,N/A,N/A,N/A,N/A,N/A,N/A,N/A,N/A,N/A,N/A,N/A,N/A,N/A,N/A,N/A,N/A,N/A,N/A,N/A,N/A,N/A,N/A,N/A,N/A,N/A,N/A,N/A,N/A,N/A,N/A,N/A,N/A,N/A,N/A,N/A,N/A,N/A,N/A,N/A
Gustavo Gómez,32,736671600,1993/05/06,Serie A,2024,Defender,Palmeiras,2365,1170,1195,Paraguay,27,13,14,2,1,1,2,1,1,1,0,11,5,6,22,12,10,9,0,0.15,0.08,0.08,0.08,0.08,1183,0.84,108,88,263,1183,0.34,227,206,34,9,0,7.17,0.07,62,43.41,42.16,67,1054,35.16,879,58,36.21,66,0.00,0.00,0.16,4,0.00,0.16,1.57,1.52,38,0.00,0.04,0.00,0.00,0.00,1.04,0.04,0.00,16.00,0.66,0.44,0.16,0.00,0.20,0.07,0.00,3.52,0.00,0.00,0,0,,16,0.64,45,5,0.21,39,11,0.45,52,0,1,26,51,0.00,99,0,26,1.07,71,4,66,0.16,24,0,0.00,99,0,0.00,0,0,0.00,0,0.16,15,4,0.16,13,1,0.04,25.00,0,0.00,0,0,0,0.00,0,0,0.00,82,0.00,0,N/A,N/A,N/A,N/A,0.00,0,0.00,0,1.70,0.00,0,83.40,31.25,31,87,0.24,0.25,6,12,15,1,0,0,0.92,0.95,23,95,179.37,4.24,4.37,106,1,0.00,0.04,15,0.04,0,1,0,0.00,0.00,0,0.00,0.00,0.29,0.28,7,0,6.25,48,85,69,87,82,3.36,57,0.13,0.14,1.00,30,0.04,0.04,38,19,0.76,0.78,1.77,1.72,83,43,0.07,41,89,90,67,0,85,99,0,0.00,99,88,0.00,3.62,10.34,10.04,251,145,76,59,5.97,5.80,57.77,1,0.04,88,0,25.00,0,0.00,99,1,0.04,0.04,33,83,22,11,0,0,0,0,0,54,56,64,58,0,99,89,36,72,9,33,95,15,0,0
Gustavo Henric da Silva,28,873615600,1997/09/07,Serie A,2024,Midfielder,Vitória,1205,683,522,Brazil,23,12,11,2,2,0,3,2,1,1,0,7,5,2,16,7,9,4,0,0.37,0.22,0.15,0.26,0,603,1.2,75,52,301,402,0.3,153,52,-1,6,0,6.71,0.13,92,17.93,10.43,6,240,8.87,204,67,15.24,13,0.00,0.00,0.78,18,0.00,1.61,1.42,0.83,19,0.00,0.87,0.00,0.00,0.00,0.35,0.65,0.00,5.50,0.82,0.35,1.74,0.00,0.13,0.08,0.00,0.17,0.00,0.00,0,0,,11,0.48,54,3,0.22,40,8,0.60,65,2,9,14,44,0.00,99,0,8,0.60,42,37,70,2.76,72,0,0.00,99,0,0.00,0,0,0.00,0,1.34,76,40,2.99,83,15,1.12,37.50,0,0.00,0,0,0,0.00,0,0,0.00,36,0.00,0,N/A,N/A,N/A,N/A,0.00,0,0.00,0,1.95,0.00,0,85.00,27.27,26,57,0.35,0.60,8,78,24,1,0,0,0.13,0.22,3,54,154.22,0.30,0.52,7,0,0.00,0.00,99,0.00,0,1,1,0.04,0.07,0,0.00,0.00,0.07,0.04,1,0,18.18,82,46,55,69,37,2.82,82,0.12,0.21,1.25,49,0.05,0.09,83,25,1.09,1.87,0.90,0.52,30,12,0.15,62,21,18,83,0,54,13,0,0.00,99,4,0.00,0.30,10.23,5.96,137,63,47,57,4.71,2.74,45.99,20,1.49,19,0,27.03,0,0.00,99,10,0.43,0.75,77,48,78,46,0,0,0,0,0,82,72,59,82,0,99,65,46,63,4,17,60,19,0,0
Gustavo Henrique,32,732960000,1993/03/24,Serie A,2024,Defender,Corinthians,1478,792,686,Brazil,18,9,9,1,1,0,0,0,0,0,0,4,4,0,19,6,13,9,1,0.06,0,0.06,0.11,0,1478,1.16,78,82,164,0,0.55,257,498,116,9,0,6.93,0,45,47.01,42.89,76,772,37.50,675,83,41.10,78,0.00,0.00,0.17,3,0.00,0.11,0.91,0.83,15,0.00,0.17,0.00,0.00,0.00,1.11,0.11,0.00,11.00,0.67,0.44,0.11,0.00,0.17,0.08,0.00,2.83,0.00,0.00,0,0,,11,0.61,45,3,0.18,34,8,0.49,57,1,1,17,23,0.00,99,0,20,1.22,79,2,30,0.12,21,0,0.00,99,0,0.00,0,0,0.00,0,0.18,17,2,0.12,12,2,0.12,100.00,0,0.00,0,0,0,0.00,0,0,0.00,43,0.00,0,N/A,N/A,N/A,N/A,0.00,0,0.00,0,1.36,0.00,0,87.44,27.27,26,94,0.06,0.06,1,18,99,0,0,0,0.83,0.91,15,94,124.67,4.56,4.99,82,0,0.00,0.00,99,0.00,0,0,0,0.00,0.00,0,0.00,0.00,0.06,0.06,1,0,9.09,54,57,36,92,44,1.62,33,0.09,0.10,1.36,44,0.08,0.08,17,6,0.33,0.37,0.85,0.78,27,14,0.08,43,57,96,67,0,51,96,0,0.00,99,51,0.00,3.11,6.94,6.33,114,74,42,18,4.51,4.11,64.91,3,0.18,79,0,0.00,0,0.00,99,0,0.00,0.00,30,60,22,30,0,0,0,0,0,33,49,59,62,0,99,36,17,91,5,28,87,13,0,0
Gustavo Nunes Fernandes Gomes,20,1132473600,2005/11/20,Serie A,2024,Midfielder,Grêmio,1218,707,511,Brazil,19,11,8,3,2,1,1,1,0,0,0,6,5,1,16,10,6,4,0,0.3,0.07,0.22,0.25,0.18,406,1.18,76,64,305,1218,0.3,104,222,-1,6,0,7.29,0.05,58,34.46,24.41,42,415,18.12,308,14,25.57,35,0.00,0.00,0.71,12,0.00,1.24,0.91,0.65,11,0.00,2.18,0.00,0.00,0.00,0.18,2.76,0.00,3.67,0.91,0.24,4.82,0.00,0.41,0.17,0.00,0.18,0.00,0.00,0,0,,11,0.65,57,7,0.58,70,4,0.33,38,1,8,11,23,0.00,99,0,3,0.25,21,21,62,1.74,61,0,0.00,99,0,0.00,0,0,0.00,0,1.00,60,82,6.81,99,47,3.90,57.32,0,0.00,0,0,0,0.00,0,0,0.00,40,0.00,0,N/A,N/A,N/A,N/A,0.00,0,0.00,0,2.84,0.00,0,74.22,63.64,92,81,0.24,0.33,4,99,70,0,0,0,0.00,0.00,0,23,124.01,0.18,0.25,3,0,0.00,0.00,99,0.00,0,0,0,0.00,0.00,0,0.00,0.00,0.17,0.12,2,0,27.27,95,46,40,59,40,1.69,57,0.10,0.14,2.84,80,0.17,0.24,89,26,1.53,2.16,1.00,0.71,37,12,0.24,78,95,7,67,0,73,10,0,0.00,99,3,0.00,0.25,15.19,10.76,183,87,92,92,7.22,5.12,47.54,37,3.07,1,0,23.81,0,0.00,99,5,0.29,0.42,63,37,73,30,0,0,0,0,0,74,82,80,81,0,99,72,46,63,4,21,73,39,0,0
Gustavo Prado Alves,20,1118041200,2005/06/06,Serie A,2024,Midfielder,Internacional,646,233,413,Brazil,28,13,15,1,1,0,0,0,0,0,0,6,4,2,8,2,6,1,0,0.14,0,0.14,0.39,0,646,1.11,81,23,646,0,0.14,162,347,-1,19,0,5.88,0,45,27.84,7.42,26,193,6.42,167,78,24.09,31,0.00,0.00,0.46,12,0.00,1.08,3.75,1.00,26,0.00,0.58,0.00,0.00,0.00,0.04,0.35,0.00,0.00,1.73,0.19,0.85,0.00,0.27,0.04,0.00,0.15,0.00,0.00,0,0,,12,0.46,84,7,1.01,90,5,0.72,74,1,25,3,98,0.00,99,0,1,0.14,13,28,40,4.04,85,0,0.00,99,0,0.00,0,0,0.00,0,1.73,88,22,3.17,86,9,1.30,40.91,0,0.00,0,0,0,0.00,0,0,0.00,51,0.00,0,N/A,N/A,N/A,N/A,0.00,0,0.00,0,1.12,0.00,0,86.53,58.33,85,1,0.54,2.02,14,81,30,0,0,0,0.00,0.00,0,23,152.97,0.12,0.43,3,0,0.00,0.00,99,0.00,0,0,0,0.00,0.00,0,0.00,0.00,0.29,0.08,2,0,0.00,42,17,74,71,51,0.78,39,0.03,0.11,1.12,66,0.04,0.16,69,10,0.38,1.44,1.15,0.31,46,8,0.16,64,1,14,67,0,85,29,0,0.00,99,4,0.00,0.58,15.58,4.15,108,49,91,94,7.07,1.88,45.37,15,2.16,6,0,14.29,0,0.00,99,4,0.15,0.58,70,2,99,30,0,0,0,0,0,52,70,59,90,0,99,32,83,27,1,4,10,47,0,0
Gustavo Reis Alcantara,20,1118386800,2005/06/10,Serie A,2024,Midfielder,Bragantino,0,0,0,Brazil,0,0,0,0,0,0,0,0,0,0,0,0,0,0,0,0,0,0,0,0,0,0,0,0,0,0,0,0,0,0,0,-1,-1,-1,-1,N/A,N/A,N/A,N/A,N/A,N/A,N/A,N/A,N/A,N/A,N/A,N/A,N/A,N/A,N/A,N/A,N/A,N/A,N/A,N/A,N/A,N/A,N/A,N/A,N/A,N/A,N/A,N/A,N/A,N/A,N/A,N/A,N/A,N/A,N/A,N/A,N/A,N/A,N/A,N/A,N/A,N/A,N/A,N/A,N/A,N/A,N/A,N/A,N/A,N/A,N/A,N/A,N/A,N/A,N/A,N/A,N/A,N/A,N/A,N/A,N/A,N/A,N/A,N/A,N/A,N/A,N/A,N/A,N/A,N/A,N/A,N/A,N/A,N/A,N/A,N/A,N/A,N/A,N/A,N/A,N/A,N/A,N/A,N/A,N/A,N/A,N/A,N/A,N/A,N/A,N/A,N/A,N/A,N/A,N/A,N/A,N/A,N/A,N/A,N/A,N/A,N/A,N/A,N/A,N/A,N/A,N/A,N/A,N/A,N/A,N/A,N/A,N/A,N/A,N/A,N/A,N/A,N/A,N/A,N/A,N/A,N/A,N/A,N/A,N/A,N/A,N/A,N/A,N/A,N/A,N/A,N/A,N/A,N/A,N/A,N/A,N/A,N/A,N/A,N/A,N/A,N/A,N/A,N/A,N/A,N/A,N/A,N/A,N/A,N/A,N/A,N/A,N/A,N/A,N/A,N/A,N/A,N/A,N/A,N/A,N/A,N/A,N/A,N/A,N/A,N/A,N/A,N/A,N/A,N/A,N/A,N/A,N/A,N/A,N/A,N/A,N/A,N/A,N/A,N/A,N/A,N/A,N/A,N/A,N/A,N/A,N/A,N/A,N/A,N/A,N/A,N/A,N/A,N/A,N/A,N/A,N/A,N/A,N/A,N/A,N/A,N/A,N/A,N/A,N/A,N/A,N/A,N/A,N/A,N/A,N/A,N/A,N/A,N/A,N/A,N/A,N/A,N/A,N/A,N/A,N/A,N/A,N/A,N/A
Gustavo Ribeiro Neves,21,1082703600,2004/04/23,Serie A,2024,Forward,Bragantino,948,495,453,Brazil,27,14,13,1,1,0,3,2,1,0,0,4,2,2,10,4,6,1,0,0.38,0.28,0.09,0.18,0,948,0.95,95,35,948,316,0.09,223,24,-1,13,0,6.76,0.11,96,32.58,13.32,37,333,10.40,260,28,25.43,34,0.00,0.00,0.88,22,0.00,1.64,2.25,0.92,23,0.00,0.76,0.00,0.00,0.00,0.20,0.68,0.00,10.00,0.98,0.20,1.24,0.00,0.20,0.06,0.00,0.44,0.00,0.00,0,0,,10,0.40,59,5,0.49,65,5,0.49,57,1,16,11,79,0.00,99,0,5,0.49,33,41,89,4.01,85,0,0.00,99,0,0.00,0,0,0.00,0,2.15,93,31,3.03,84,17,1.66,54.84,0,0.00,0,0,0,0.00,0,0,0.00,68,0.00,0,N/A,N/A,N/A,N/A,0.00,0,0.00,0,1.54,0.00,0,78.08,50.00,74,9,0.60,1.47,15,88,65,0,0,0,0.04,0.10,1,36,169.09,0.28,0.68,7,0,0.00,0.00,99,0.00,0,0,0,0.00,0.00,0,0.00,0.00,0.00,0.00,0,0,10.00,57,31,69,80,68,3.12,97,0.12,0.31,1.54,63,0.06,0.15,34,7,0.28,0.68,1.37,0.56,63,14,0.15,62,28,28,67,0,41,50,0,0.00,99,11,0.00,1.08,14.48,5.92,148,58,70,89,5.67,2.32,39.19,19,1.86,11,0,36.59,0,0.00,99,15,0.60,1.47,94,37,97,30,0,0,0,0,0,82,60,59,74,0,99,14,94,14,1,4,10,22,0,0
Gustavo Scarpa,31,757756800,1994/01/05,Serie A,2024,Midfielder,Atlético Mineiro,2245,1015,1230,Brazil,32,15,17,4,1,3,5,4,1,2,0,8,4,4,31,12,19,7,1,0.36,0.2,0.16,0.09,0.22,561,1.24,72,70,321,449,0.28,138,68,-1,4,0,7.26,0.16,89,44.28,33.87,70,1016,28.40,852,60,37.13,69,0.00,0.00,1.50,45,0.00,7.23,1.57,1.20,36,0.00,0.77,0.00,0.00,0.00,0.43,0.60,0.00,10.50,1.83,0.73,1.20,0.00,0.67,0.21,0.00,0.50,0.00,0.00,0,0,,42,1.40,86,20,0.87,83,22,0.96,87,3,7,25,51,0.00,99,0,13,0.57,39,217,55,9.46,99,0,0.00,99,0,0.00,0,0,0.00,0,1.96,91,36,1.57,65,18,0.78,50.00,0,0.00,0,0,0,0.00,0,0,0.00,32,0.00,0,N/A,N/A,N/A,N/A,0.00,0,0.00,0,6.28,0.00,0,83.86,47.62,62,65,0.40,0.52,12,66,57,2,0,0,0.10,0.13,3,41,217.68,0.83,1.09,25,0,0.00,0.00,99,0.00,0,2,3,0.10,0.13,0,0.00,0.00,0.22,0.17,5,0,9.52,55,81,88,67,31,6.62,94,0.22,0.29,4.88,75,0.16,0.21,78,38,1.27,1.66,0.48,0.37,12,11,0.27,82,93,46,94,0,79,32,0,0.00,99,15,0.00,0.65,8.24,6.30,189,108,47,33,4.71,3.60,57.14,23,1.00,38,0,21.66,0,0.00,99,47,1.57,2.05,98,80,68,63,0,0,0,0,0,80,73,83,59,0,99,47,50,59,5,16,54,6,0,0
Héctor Hernández Marrero,30,811062000,1995/09/14,Serie A,2024,Forward,Corinthians,62,18,44,Spain,3,2,1,0,0,0,0,0,0,0,0,1,1,0,1,0,1,0,0,0,0,0,0,0,0,1.45,62,21,0,0,0,-1,-1,-1,17,0,6.52,0,45,26.13,6.00,22,18,5.67,17,99,24.68,32,0.00,0.00,0.33,1,0.00,0.00,0.00,0.00,0,0.00,0.00,0.00,0.00,0.00,0.00,0.00,0.00,0.00,2.90,0.67,0.67,0.00,0.00,0.03,0.00,0.00,0.00,0.00,0,0,,2,0.67,99,0,0.00,15,2,2.90,99,4,2,1,4,0.00,99,0,0,0.00,9,0,30,0.00,14,0,0.00,99,0,0.00,0,0,0.00,0,1.45,80,2,2.90,83,0,0.00,0.00,0,0.00,0,0,0,0.00,0,0,0.00,15,0.00,0,N/A,N/A,N/A,N/A,0.00,0,0.00,0,0.10,0.00,0,94.44,0.00,15,99,0.00,0.00,0,10,10,0,0,0,0.00,0.00,0,23,19.57,0.00,0.00,0,0,0.00,0.00,99,0.00,0,0,0,0.00,0.00,0,0.00,0.00,0.00,0.00,0,0,0.00,42,0,0,40,16,0.09,51,0.03,0.13,0.10,63,0.03,0.15,70,1,0.33,1.45,1.45,0.33,68,1,0.15,62,10,1,67,0,41,2,0,0.00,99,0,0.00,0.00,8.71,2.00,6,1,7,37,1.45,0.33,16.67,0,0.00,99,0,0.00,0,0.00,99,0,0.00,0.00,30,1,31,77,0,0,0,0,0,26,40,59,54,0,99,76,7,7,0,0,7,22,0,0
Helibelton Palacios,32,739609200,1993/06/09,Serie A,2024,Defender,Cruzeiro,88,0,88,Colombia,1,0,1,0,0,0,0,0,0,0,0,0,0,0,1,0,1,0,0,0,0,0,0,0,0,1.02,88,88,0,0,0,-1,-1,-1,29,0,7.44,0,45,34.77,34.00,43,34,32.00,32,99,32.73,57,0.00,0.00,0.00,0,0.00,1.00,1.02,1.00,1,0.00,0.00,0.00,0.00,0.00,3.00,2.00,0.00,0.00,1.02,1.00,2.00,0.00,0.00,0.04,0.00,1.00,0.00,0.00,0,0,,1,1.00,60,0,0.00,15,1,1.02,89,1,0,1,28,0.00,99,0,3,3.07,99,1,30,1.02,52,0,0.00,99,0,0.00,0,0,0.00,0,0.00,8,2,2.05,74,2,2.05,100.00,0,0.00,0,0,0,0.00,0,0,0.00,60,0.00,0,N/A,N/A,N/A,N/A,0.00,0,0.00,0,0.04,0.00,0,94.12,0.00,15,99,0.00,0.00,0,92,99,0,0,0,1.00,1.02,1,96,7.44,0.00,0.00,0,0,0.00,0.00,99,0.00,0,0,0,0.00,0.00,0,0.00,0.00,0.00,0.00,0,0,0.00,42,0,0,40,60,0.08,22,0.08,0.08,0.04,30,0.04,0.04,2,0,0.00,0.00,0.00,0.00,5,0,0.04,29,98,1,67,0,41,48,0,0.00,99,1,0.00,1.02,7.16,7.00,7,4,30,21,4.09,4.00,57.14,0,0.00,99,0,0.00,0,0.00,99,0,0.00,0.00,30,1,14,30,0,0,0,0,0,26,40,59,54,0,99,2,7,7,0,0,7,28,0,0
Helio Junio Nunes de Castro,25,956646000,2000/04/25,Serie A,2024,Midfielder,Bragantino,1112,504,608,Brazil,17,9,8,7,4,3,2,1,1,0,0,2,1,1,14,7,7,4,0,0.73,0.16,0.57,0.71,0.44,159,1.13,79,65,278,556,0.32,6,107,-1,2,0,7.33,0.12,81,39.33,28.19,55,451,21.81,349,24,30.44,50,0.00,0.00,1.50,24,0.00,4.12,0.70,0.50,8,0.00,0.94,0.00,0.00,0.00,0.62,1.94,0.00,4.14,2.53,0.94,3.31,0.00,0.88,0.41,0.00,0.50,0.00,0.00,0,0,,29,1.81,97,14,1.22,95,15,1.31,97,3,3,14,17,0.00,99,0,10,0.87,58,66,41,5.76,95,0,0.00,99,0,0.00,0,0,0.00,0,2.09,92,53,4.62,93,31,2.70,58.49,0,0.00,0,0,0,0.00,0,0,0.00,48,0.00,0,N/A,N/A,N/A,N/A,0.00,0,0.00,0,6.59,0.00,0,77.38,48.28,63,47,0.50,0.70,8,97,73,0,0,0,0.00,0.00,0,23,117.25,0.62,0.87,10,0,0.00,0.00,99,0.00,0,0,1,0.06,0.09,0,0.00,0.00,0.09,0.06,1,0,24.14,90,41,32,41,46,2.75,89,0.17,0.24,6.59,99,0.41,0.57,57,13,0.81,1.13,1.22,0.88,52,14,0.57,99,96,39,88,0,61,34,0,0.00,99,8,0.00,0.70,11.77,8.44,135,60,61,73,5.23,3.75,44.44,15,1.31,25,0,15.15,0,0.00,99,10,0.62,0.87,82,48,41,63,0,1,0,6,0,98,99,95,98,0,99,8,40,68,4,24,82,11,0,0
Henery David Mosquera Sánchez,24,1005811200,2001/11/15,Serie A,2024,Midfielder,Bragantino,1965,917,1048,Colombia,34,17,17,1,1,0,2,2,0,0,0,5,3,2,26,9,17,3,0,0.14,0.09,0.05,0.1,0,1965,1.19,76,58,655,983,0.14,273,184,-1,14,0,6.86,0.06,65,20.54,12.45,12,411,10.18,336,46,16.79,16,0.00,0.00,1.00,33,0.00,1.18,0.85,0.52,17,0.00,1.15,0.00,0.00,0.00,0.24,2.00,0.00,29.00,1.45,0.42,3.85,0.00,0.45,0.09,0.00,0.39,0.00,0.00,0,0,,29,0.88,76,15,0.75,79,14,0.70,73,4,16,18,21,0.00,99,0,8,0.40,28,39,89,1.95,63,0,0.00,99,0,0.00,0,0,0.00,0,1.65,86,127,6.35,99,66,3.30,51.97,0,0.00,0,0,0,0.00,0,0,0.00,38,0.00,0,N/A,N/A,N/A,N/A,0.00,0,0.00,0,2.92,0.00,0,81.75,51.72,74,89,0.12,0.20,4,99,58,0,0,0,0.03,0.05,1,26,226.25,0.12,0.20,4,0,0.00,0.00,99,0.00,0,0,1,0.03,0.05,0,0.00,0.00,0.40,0.24,8,0,3.45,42,72,94,95,40,3.23,66,0.10,0.16,2.92,63,0.09,0.15,72,30,0.91,1.50,1.30,0.79,59,26,0.15,62,46,5,74,0,90,32,0,0.00,99,13,0.00,0.65,14.34,8.70,287,126,82,88,6.30,3.82,43.90,38,1.90,10,0,35.90,0,0.00,99,14,0.42,0.70,76,62,97,77,0,0,0,0,0,52,47,59,61,0,99,14,83,27,3,9,26,30,0,0
Henrique Fabiano do Carmo,19,1163059200,2006/11/09,Serie A,2024,Midfielder,São Paulo,0,0,0,Brazil,0,0,0,0,0,0,0,0,0,0,0,0,0,0,0,0,0,0,0,0,0,0,0,0,0,0,0,0,0,0,0,-1,-1,-1,-1,N/A,N/A,N/A,N/A,N/A,N/A,N/A,N/A,N/A,N/A,N/A,N/A,N/A,N/A,N/A,N/A,N/A,N/A,N/A,N/A,N/A,N/A,N/A,N/A,N/A,N/A,N/A,N/A,N/A,N/A,N/A,N/A,N/A,N/A,N/A,N/A,N/A,N/A,N/A,N/A,N/A,N/A,N/A,N/A,N/A,N/A,N/A,N/A,N/A,N/A,N/A,N/A,N/A,N/A,N/A,N/A,N/A,N/A,N/A,N/A,N/A,N/A,N/A,N/A,N/A,N/A,N/A,N/A,N/A,N/A,N/A,N/A,N/A,N/A,N/A,N/A,N/A,N/A,N/A,N/A,N/A,N/A,N/A,N/A,N/A,N/A,N/A,N/A,N/A,N/A,N/A,N/A,N/A,N/A,N/A,N/A,N/A,N/A,N/A,N/A,N/A,N/A,N/A,N/A,N/A,N/A,N/A,N/A,N/A,N/A,N/A,N/A,N/A,N/A,N/A,N/A,N/A,N/A,N/A,N/A,N/A,N/A,N/A,N/A,N/A,N/A,N/A,N/A,N/A,N/A,N/A,N/A,N/A,N/A,N/A,N/A,N/A,N/A,N/A,N/A,N/A,N/A,N/A,N/A,N/A,N/A,N/A,N/A,N/A,N/A,N/A,N/A,N/A,N/A,N/A,N/A,N/A,N/A,N/A,N/A,N/A,N/A,N/A,N/A,N/A,N/A,N/A,N/A,N/A,N/A,N/A,N/A,N/A,N/A,N/A,N/A,N/A,N/A,N/A,N/A,N/A,N/A,N/A,N/A,N/A,N/A,N/A,N/A,N/A,N/A,N/A,N/A,N/A,N/A,N/A,N/A,N/A,N/A,N/A,N/A,N/A,N/A,N/A,N/A,N/A,N/A,N/A,N/A,N/A,N/A,N/A,N/A,N/A,N/A,N/A,N/A,N/A,N/A,N/A,N/A,N/A,N/A,N/A,N/A
Hércules,25,972025200,2000/10/20,Serie A,2024,Midfielder,Fortaleza,2340,1297,1043,Brazil,32,17,15,4,2,2,1,1,0,0,0,11,9,2,20,6,14,8,2,0.19,0.04,0.15,0.14,0.17,585,0.77,117,73,234,2340,0.38,148,272,-1,7,0,6.80,0.03,50,33.72,26.76,39,776,21.86,634,45,27.55,42,0.00,0.00,0.62,18,0.00,1.10,2.00,1.59,46,0.00,0.76,0.00,0.00,0.00,0.17,0.90,0.00,4.25,0.74,0.38,1.41,0.00,0.21,0.12,0.00,0.24,0.00,0.00,0,0,,17,0.59,49,6,0.26,45,11,0.48,56,8,2,30,70,0.00,99,0,5,0.22,19,32,37,1.39,58,0,0.00,99,0,0.00,0,0,0.00,0,0.78,48,41,1.78,70,26,1.13,63.41,0,0.00,0,0,0,0.00,0,0,0.00,86,0.00,0,N/A,N/A,N/A,N/A,0.00,0,0.00,0,3.59,0.00,0,81.70,35.29,39,14,1.00,1.26,29,79,79,0,0,0,0.34,0.43,10,76,197.10,0.72,0.91,21,0,0.00,0.00,99,0.00,0,0,2,0.07,0.09,0,0.00,0.00,0.09,0.07,2,0,23.53,89,85,88,68,86,2.35,33,0.08,0.10,3.59,66,0.12,0.16,22,10,0.34,0.43,1.83,1.45,86,42,0.16,64,34,40,88,0,61,13,0,0.00,99,7,0.00,0.30,9.30,7.38,214,89,25,47,3.87,3.07,41.59,22,0.96,40,0,12.50,0,0.00,99,4,0.14,0.17,49,90,31,99,0,0,0,0,0,61,72,78,68,0,99,77,30,78,6,19,66,35,0,0
Hernandes Fagundes de Alencar,20,1110528000,2005/03/11,Serie A,2024,Midfielder,Cuiabá,0,0,0,Brazil,0,0,0,0,0,0,0,0,0,0,0,0,0,0,0,0,0,0,0,0,0,0,0,0,0,0,0,0,0,0,0,-1,-1,-1,-1,N/A,N/A,N/A,N/A,N/A,N/A,N/A,N/A,N/A,N/A,N/A,N/A,N/A,N/A,N/A,N/A,N/A,N/A,N/A,N/A,N/A,N/A,N/A,N/A,N/A,N/A,N/A,N/A,N/A,N/A,N/A,N/A,N/A,N/A,N/A,N/A,N/A,N/A,N/A,N/A,N/A,N/A,N/A,N/A,N/A,N/A,N/A,N/A,N/A,N/A,N/A,N/A,N/A,N/A,N/A,N/A,N/A,N/A,N/A,N/A,N/A,N/A,N/A,N/A,N/A,N/A,N/A,N/A,N/A,N/A,N/A,N/A,N/A,N/A,N/A,N/A,N/A,N/A,N/A,N/A,N/A,N/A,N/A,N/A,N/A,N/A,N/A,N/A,N/A,N/A,N/A,N/A,N/A,N/A,N/A,N/A,N/A,N/A,N/A,N/A,N/A,N/A,N/A,N/A,N/A,N/A,N/A,N/A,N/A,N/A,N/A,N/A,N/A,N/A,N/A,N/A,N/A,N/A,N/A,N/A,N/A,N/A,N/A,N/A,N/A,N/A,N/A,N/A,N/A,N/A,N/A,N/A,N/A,N/A,N/A,N/A,N/A,N/A,N/A,N/A,N/A,N/A,N/A,N/A,N/A,N/A,N/A,N/A,N/A,N/A,N/A,N/A,N/A,N/A,N/A,N/A,N/A,N/A,N/A,N/A,N/A,N/A,N/A,N/A,N/A,N/A,N/A,N/A,N/A,N/A,N/A,N/A,N/A,N/A,N/A,N/A,N/A,N/A,N/A,N/A,N/A,N/A,N/A,N/A,N/A,N/A,N/A,N/A,N/A,N/A,N/A,N/A,N/A,N/A,N/A,N/A,N/A,N/A,N/A,N/A,N/A,N/A,N/A,N/A,N/A,N/A,N/A,N/A,N/A,N/A,N/A,N/A,N/A,N/A,N/A,N/A,N/A,N/A,N/A,N/A,N/A,N/A,N/A,N/A
Hiago Accinelli da Roza,20,1125644400,2005/09/02,Serie A,2024,Defender,Criciúma,0,0,0,Brazil,0,0,0,0,0,0,0,0,0,0,0,0,0,0,0,0,0,0,0,0,0,0,0,0,0,0,0,0,0,0,0,-1,-1,-1,-1,N/A,N/A,N/A,N/A,N/A,N/A,N/A,N/A,N/A,N/A,N/A,N/A,N/A,N/A,N/A,N/A,N/A,N/A,N/A,N/A,N/A,N/A,N/A,N/A,N/A,N/A,N/A,N/A,N/A,N/A,N/A,N/A,N/A,N/A,N/A,N/A,N/A,N/A,N/A,N/A,N/A,N/A,N/A,N/A,N/A,N/A,N/A,N/A,N/A,N/A,N/A,N/A,N/A,N/A,N/A,N/A,N/A,N/A,N/A,N/A,N/A,N/A,N/A,N/A,N/A,N/A,N/A,N/A,N/A,N/A,N/A,N/A,N/A,N/A,N/A,N/A,N/A,N/A,N/A,N/A,N/A,N/A,N/A,N/A,N/A,N/A,N/A,N/A,N/A,N/A,N/A,N/A,N/A,N/A,N/A,N/A,N/A,N/A,N/A,N/A,N/A,N/A,N/A,N/A,N/A,N/A,N/A,N/A,N/A,N/A,N/A,N/A,N/A,N/A,N/A,N/A,N/A,N/A,N/A,N/A,N/A,N/A,N/A,N/A,N/A,N/A,N/A,N/A,N/A,N/A,N/A,N/A,N/A,N/A,N/A,N/A,N/A,N/A,N/A,N/A,N/A,N/A,N/A,N/A,N/A,N/A,N/A,N/A,N/A,N/A,N/A,N/A,N/A,N/A,N/A,N/A,N/A,N/A,N/A,N/A,N/A,N/A,N/A,N/A,N/A,N/A,N/A,N/A,N/A,N/A,N/A,N/A,N/A,N/A,N/A,N/A,N/A,N/A,N/A,N/A,N/A,N/A,N/A,N/A,N/A,N/A,N/A,N/A,N/A,N/A,N/A,N/A,N/A,N/A,N/A,N/A,N/A,N/A,N/A,N/A,N/A,N/A,N/A,N/A,N/A,N/A,N/A,N/A,N/A,N/A,N/A,N/A,N/A,N/A,N/A,N/A,N/A,N/A,N/A,N/A,N/A,N/A,N/A,N/A
Higor Matheus Meritão,31,772354800,1994/06/23,Serie A,2024,Midfielder,Criciúma,1043,511,532,Brazil,17,9,8,2,1,1,0,0,0,0,0,2,1,1,15,8,7,3,0,0.17,0,0.17,0.18,0.17,522,1.29,70,61,348,0,0.26,136,383,-1,11,0,6.74,0,45,41.79,28.44,63,455,25.69,411,95,37.74,70,0.00,0.00,0.12,2,0.00,0.12,2.30,1.56,25,0.00,1.31,0.00,0.00,0.00,1.19,0.31,0.00,6.50,1.19,0.56,0.50,0.00,0.25,0.13,0.00,0.31,0.00,0.00,0,0,,13,0.81,65,4,0.37,55,9,0.83,80,6,4,13,80,0.00,99,0,19,1.74,95,2,30,0.18,25,0,0.00,99,0,0.00,0,0,0.00,0,0.18,17,8,0.73,35,5,0.46,62.50,0,0.00,0,0,0,0.00,0,0,0.00,27,0.00,0,N/A,N/A,N/A,N/A,0.00,0,0.00,0,2.11,0.00,0,90.33,30.77,30,1,1.38,2.02,22,44,79,0,0,0,0.38,0.55,6,82,107.86,1.25,1.84,20,0,0.00,0.00,99,0.00,0,0,0,0.00,0.00,0,0.00,0.00,0.00,0.00,0,0,15.38,75,37,32,65,28,0.87,22,0.05,0.08,2.11,72,0.13,0.19,55,12,0.75,1.10,1.56,1.06,73,17,0.19,70,24,66,67,0,41,22,0,0.00,99,5,0.00,0.46,10.56,7.19,115,47,36,62,4.32,2.94,40.87,21,1.93,9,0,0.00,0,0.00,99,0,0.00,0.00,30,45,50,93,0,0,0,0,0,57,75,78,74,0,99,8,56,54,3,18,63,5,0,0
Hueglo dos Santos Neris,33,708764400,1992/06/17,Serie A,2024,Defender,Vitória,1666,764,902,Brazil,22,11,11,1,1,0,0,0,0,0,0,8,5,3,18,5,13,4,1,0.05,0,0.05,0.12,0,1666,0.97,93,76,333,0,0.27,271,416,68,14,0,6.57,0,45,40.84,35.85,60,717,30.70,614,71,34.97,63,0.00,0.00,0.00,0,0.00,0.05,1.88,1.65,33,0.00,0.25,0.00,0.00,0.00,0.65,0.25,0.00,3.00,0.17,0.05,0.35,0.00,0.10,0.04,0.00,1.95,0.00,0.00,0,0,,3,0.15,11,2,0.11,23,1,0.06,10,1,2,20,65,0.00,99,0,13,0.74,51,1,30,0.06,16,0,0.00,99,0,0.00,0,0,0.00,0,0.00,8,7,0.40,23,5,0.28,71.43,0,0.00,0,0,0,0.00,0,0,0.00,65,0.00,0,N/A,N/A,N/A,N/A,0.00,0,0.00,0,0.87,0.00,0,85.63,66.67,95,80,0.30,0.34,6,30,86,0,0,0,0.75,0.85,15,93,131.48,4.25,4.84,85,0,0.00,0.00,99,0.00,0,0,0,0.00,0.00,0,0.00,0.00,0.11,0.10,2,0,33.33,99,64,50,93,66,1.18,17,0.06,0.07,0.87,35,0.04,0.05,3,1,0.05,0.06,1.20,1.05,51,21,0.05,34,12,94,67,0,65,82,0,0.00,99,39,0.00,2.22,7.80,6.85,137,78,40,28,4.44,3.90,56.93,5,0.28,75,0,0.00,0,0.00,99,0,0.00,0.00,30,67,31,30,0,0,0,0,0,32,47,59,65,0,99,81,52,57,3,14,48,27,0,0
Hugo de Souza Nogueira,26,917769600,1999/01/31,Serie A,2024,Goalkeeper,Corinthians,1980,1080,900,Brazil,22,12,10,0,0,0,0,0,0,0,0,7,3,4,21,11,10,3,0,0,0,0,0,0,0,0.95,94,90,660,0,0.14,355,380,61,19,0,7.21,0,45,22.14,22.14,15,487,15.82,348,9,15.82,14,0.00,0.00,0.00,0,0.00,0.00,0.00,0.00,0,0.00,0.00,0.00,0.00,3.32,0.00,0.09,4.36,0.00,0.00,0.00,0.09,0.00,0.00,0.00,0.00,0.14,0.00,0.00,0,0,,0,0.00,8,0,0.00,15,0,0.00,9,0,0,22,4,0.00,99,0,0,0.00,9,0,30,0.00,14,0,0.00,99,0,0.00,0,0,0.00,0,0.00,8,2,0.09,11,2,0.09,100.00,0,0.00,0,73,68,3.32,50,96,0.00,68,4.36,29,N/A,N/A,N/A,N/A,76.04,0,0.00,0,0.00,0.00,0,71.46,0.00,15,99,0.00,0.00,0,15,99,0,0,38,0.00,0.00,0,23,158.59,0.68,0.68,15,0,0.00,0.00,99,0.00,0,0,0,0.00,0.00,8,0.36,0.36,0.00,0.00,0,0,0.00,42,72,50,40,67,0.74,3,0.03,0.03,0.00,9,0.00,0.00,3,2,0.09,0.09,0.00,0.00,5,0,0.00,9,90,28,67,36,41,4,0,0.00,99,3,0.00,0.14,0.27,0.27,6,6,2,1,0.27,0.27,100.00,0,0.00,99,0,0.00,0,0.00,99,0,0.00,0.00,30,72,14,11,0,0,0,0,0,26,40,59,54,0,99,72,84,27,3,14,48,1,0,0
Hugo Ferreira de Farias,28,872838000,1997/08/29,Serie A,2024,Defender,Corinthians,1832,1025,807,Brazil,25,13,12,0,0,0,4,4,0,0,0,6,4,2,26,11,15,3,0,0.2,0.2,0,0,0,0,1.28,70,73,611,458,0.15,388,63,145,38,0,6.93,0.16,89,35.26,28.96,45,695,22.88,549,32,27.85,43,0.00,0.00,0.75,18,0.00,0.92,2.79,2.29,55,0.00,0.50,0.00,0.00,0.00,0.75,0.38,0.00,0.00,0.56,0.33,0.58,0.00,0.12,0.03,0.00,1.88,0.00,0.00,0,0,,11,0.46,38,3,0.15,29,8,0.41,48,6,3,22,90,0.00,99,0,18,0.91,62,22,30,1.12,54,0,0.00,99,0,0.00,0,0,0.00,0,0.91,56,14,0.71,34,9,0.46,64.29,0,0.00,0,0,0,0.00,0,0,0.00,28,0.00,0,N/A,N/A,N/A,N/A,0.00,0,0.00,0,0.66,0.00,0,78.99,27.27,26,44,0.62,0.76,15,44,80,0,0,0,0.25,0.30,6,64,166.26,2.50,3.04,60,1,0.00,0.05,12,0.04,0,0,2,0.08,0.10,0,0.00,0.00,0.00,0.00,0,0,0.00,42,68,62,40,28,4.14,82,0.17,0.21,0.66,24,0.03,0.03,30,12,0.50,0.61,1.98,1.62,89,39,0.03,24,57,82,90,0,41,83,0,0.00,99,45,0.00,2.28,10.86,8.92,214,121,79,65,6.14,5.04,56.54,12,0.61,60,0,4.55,0,0.00,99,1,0.04,0.05,34,72,41,93,0,0,0,0,0,63,40,59,54,0,99,43,81,29,3,12,41,46,0,0
Hugo Gonçalves Ferreira Neto,24,1000969200,2001/09/20,Serie A,2024,Defender,Botafogo,438,270,168,Brazil,9,4,5,0,0,0,1,0,1,0,0,4,1,3,5,3,2,0,0,0.21,0.21,0,0,0,0,1.03,88,49,0,438,0,457,62,86,32,0,6.02,0.11,90,38.22,20.67,53,186,16.33,147,33,30.21,50,0.00,0.00,0.67,6,0.00,2.11,2.05,1.11,10,0.00,0.00,0.00,0.00,0.00,0.56,0.11,0.00,0.00,0.21,0.11,0.22,0.00,0.00,0.00,0.00,0.22,0.00,0.00,0,0,,1,0.11,14,0,0.00,15,1,0.21,23,2,5,4,72,0.00,99,0,5,1.03,69,19,93,3.90,85,0,0.00,99,0,0.00,0,0,0.00,0,1.23,71,2,0.41,23,1,0.21,50.00,0,0.00,0,0,0,0.00,0,0,0.00,59,0.00,0,N/A,N/A,N/A,N/A,0.00,0,0.00,0,0.04,0.00,0,79.03,0.00,15,26,0.56,1.03,5,25,57,0,0,0,0.22,0.41,2,75,54.15,1.11,2.05,10,1,0.00,0.21,1,0.11,0,0,0,0.00,0.00,0,0.00,0.00,0.00,0.00,0,0,0.00,42,5,6,40,60,1.13,86,0.13,0.23,0.04,13,0.00,0.01,69,7,0.78,1.44,1.44,0.78,67,7,0.01,13,2,71,67,0,41,19,0,0.00,99,2,0.00,0.41,7.81,4.22,38,19,26,28,3.90,2.11,50.00,0,0.00,99,0,47.37,0,0.00,99,9,1.00,1.85,97,6,57,46,0,0,0,0,0,65,40,59,54,0,99,93,7,7,0,0,7,16,0,0
Hugo Mallo,34,677574000,1991/06/22,Serie A,2024,Defender,Internacional,361,103,258,Spain,6,2,4,1,0,1,0,0,0,0,0,2,1,1,3,1,2,1,0,0.25,0,0.25,0,0.35,361,0.75,120,60,361,0,0.25,85,341,26,12,0,6.83,0,45,41.14,27.50,61,165,21.17,127,22,31.66,53,0.00,0.00,0.17,1,0.00,1.67,2.24,1.50,9,0.00,0.33,0.00,0.00,0.00,0.67,0.17,0.00,2.00,0.50,0.17,0.50,0.00,0.17,0.12,0.00,0.50,0.00,0.00,0,0,,2,0.33,33,1,0.25,43,1,0.25,28,1,2,4,79,0.00,99,0,4,1.00,67,10,34,2.49,69,0,0.00,99,0,0.00,0,0,0.00,0,0.25,21,3,0.75,35,1,0.25,33.33,0,0.00,0,0,0,0.00,0,0,0.00,88,0.00,0,N/A,N/A,N/A,N/A,0.00,0,0.00,0,0.73,0.00,0,76.97,50.00,74,87,0.17,0.25,1,27,20,0,0,0,0.00,0.00,0,23,40.99,1.50,2.24,9,0,0.00,0.00,99,0.00,0,0,0,0.00,0.00,0,0.00,0.00,0.25,0.17,1,0,50.00,99,0,3,56,88,0.35,27,0.06,0.09,0.73,70,0.12,0.18,12,1,0.17,0.25,0.75,0.50,21,3,0.18,68,41,73,67,0,82,36,0,0.00,99,3,0.00,0.75,6.23,4.17,25,14,17,13,3.49,2.33,56.00,2,0.50,65,0,10.00,0,0.00,99,1,0.17,0.25,55,6,31,30,0,0,0,0,0,69,85,91,54,0,99,76,58,51,1,17,60,2,0,0
Hugo Moura,27,883814400,1998/01/03,Serie A,2024,Midfielder,Vasco da Gama,2149,1077,1072,Brazil,30,14,16,1,1,0,4,2,2,0,0,7,5,2,30,11,19,9,1,0.21,0.17,0.04,0.08,0,2149,1.26,72,72,215,537,0.42,280,99,-1,11,0,6.74,0.13,83,43.42,34.14,68,990,29.28,849,73,37.24,69,0.00,0.00,0.52,15,0.00,0.52,3.03,2.38,69,0.00,0.45,0.00,0.00,0.00,0.62,0.28,0.00,17.00,0.75,0.38,0.52,0.00,0.21,0.06,0.00,0.45,0.00,0.00,0,0,,17,0.59,50,6,0.26,45,11,0.48,56,4,3,27,95,0.00,99,0,18,0.79,55,15,31,0.66,45,0,0.00,99,0,0.00,0,0,0.00,0,0.66,41,15,0.66,33,8,0.35,53.33,0,0.00,0,0,0,0.00,0,0,0.00,30,0.00,0,N/A,N/A,N/A,N/A,0.00,0,0.00,0,1.81,0.00,0,85.76,35.29,39,15,0.97,1.23,28,34,61,0,0,0,0.31,0.39,9,73,195.46,0.97,1.23,28,0,0.00,0.00,99,0.00,0,0,0,0.00,0.00,0,0.00,0.00,0.00,0.00,0,0,5.88,46,78,80,95,31,4.13,73,0.14,0.18,1.81,44,0.06,0.08,30,14,0.48,0.61,1.89,1.48,87,43,0.08,43,24,51,67,0,41,28,0,0.00,99,13,0.00,0.57,8.90,7.00,203,103,42,40,4.52,3.55,50.74,13,0.57,61,0,6.67,0,0.00,99,1,0.03,0.04,33,85,41,77,0,0,0,0,0,65,45,59,58,0,99,39,26,83,8,27,86,25,0,0
Hulk,39,522658800,1986/07/25,Serie A,2024,Forward,Atlético Mineiro,1903,956,947,Brazil,24,13,11,10,9,1,5,3,2,4,1,7,5,2,25,10,15,7,1,0.71,0.24,0.47,0.85,0.1,190,1.18,76,79,272,381,0.33,16,41,-1,1,0,7.22,0.21,94,24.97,21.73,20,478,16.36,360,15,18.80,21,0.00,0.00,1.09,24,0.00,1.45,0.52,0.45,10,0.00,2.32,0.00,0.00,0.00,0.05,1.50,0.00,4.20,2.19,0.91,3.36,0.00,1.00,0.44,0.00,0.86,0.00,0.00,0,0,,42,1.91,93,22,1.15,93,20,1.04,89,3,2,22,11,0.00,99,0,1,0.05,10,32,72,1.67,61,0,0.00,99,0,0.00,0,0,0.00,0,1.25,72,74,3.87,90,33,1.72,44.59,0,0.00,0,0,0,0.00,0,0,0.00,40,0.00,0,N/A,N/A,N/A,N/A,0.00,0,0.00,0,9.66,0.00,0,75.31,52.38,76,77,0.32,0.37,7,89,39,4,1,0,0.09,0.10,2,36,158.94,0.50,0.57,11,0,0.00,0.00,99,0.00,0,5,3,0.14,0.16,0,0.00,0.00,0.37,0.32,7,1,23.81,90,70,58,43,40,4.53,89,0.21,0.24,6.16,89,0.28,0.32,98,59,2.68,3.08,1.10,0.95,43,21,0.50,98,91,22,96,0,89,47,0,0.00,99,19,0.00,0.99,14.00,12.18,268,124,85,86,6.48,5.64,46.27,51,2.66,2,0,28.12,0,0.00,99,9,0.41,0.47,66,72,31,63,0,1,0,4,0,98,97,67,99,0,99,61,39,70,4,17,60,7,0,0
Hyoran,32,738313200,1993/05/25,Serie A,2024,Midfielder,Internacional,334,229,105,Brazil,10,5,5,0,0,0,0,0,0,0,0,2,2,0,4,2,2,0,0,0,0,0,0,0,0,1.08,84,33,0,0,0,329,295,-1,25,0,6.53,0,45,20.82,6.89,13,62,5.00,45,12,15.11,12,0.00,0.00,0.11,1,0.00,1.22,1.68,0.56,5,0.00,0.33,0.00,0.00,0.00,0.00,0.11,0.00,0.00,1.01,0.33,0.67,0.00,0.00,0.01,0.00,0.22,0.00,0.00,0,0,,3,0.33,60,0,0.00,15,3,1.01,88,5,7,3,57,0.00,99,0,0,0.00,9,11,30,3.69,81,0,0.00,99,0,0.00,0,0,0.00,0,0.34,26,6,2.01,74,1,0.34,16.67,0,0.00,0,0,0,0.00,0,0,0.00,54,0.00,0,N/A,N/A,N/A,N/A,0.00,0,0.00,0,0.13,0.00,0,72.58,0.00,15,28,0.33,1.01,3,33,11,0,0,0,0.00,0.00,0,23,58.73,0.33,1.01,3,0,0.00,0.00,99,0.00,0,0,0,0.00,0.00,0,0.00,0.00,0.00,0.00,0,0,0.00,42,0,8,40,55,0.14,10,0.02,0.05,0.13,30,0.01,0.04,95,8,0.89,2.69,1.68,0.56,78,5,0.04,29,10,45,67,0,41,33,0,0.00,99,2,0.00,0.67,11.75,3.89,35,16,64,72,5.37,1.78,45.71,3,1.01,37,0,0.00,0,0.00,99,0,0.00,0.00,30,2,68,87,0,0,0,0,0,26,40,59,54,0,99,29,7,7,0,0,7,7,0,0
Iago Borduchi,28,859104000,1997/03/23,Serie A,2024,Defender,Bahia,385,181,204,Brazil,12,7,5,0,0,0,0,0,0,0,0,4,3,1,5,3,2,0,0,0,0,0,0,0,0,1.17,77,32,0,0,0,310,376,119,17,0,7.43,0,45,56.44,16.82,91,185,14.73,162,84,49.42,90,0.00,0.00,0.18,2,0.00,0.73,2.44,0.73,8,0.00,0.09,0.00,0.00,0.00,0.55,0.00,0.00,0.00,0.92,0.09,0.36,0.00,0.18,0.02,0.00,0.18,0.00,0.00,0,0,,3,0.27,57,2,0.61,71,1,0.31,36,0,9,3,84,0.00,99,0,6,1.83,97,8,30,2.44,69,0,0.00,99,0,0.00,0,0,0.00,0,0.61,38,4,1.22,52,0,0.00,0.00,0,0.00,0,0,0,0.00,0,0,0.00,42,0.00,0,N/A,N/A,N/A,N/A,0.00,0,0.00,0,0.26,0.00,0,87.57,66.67,95,33,0.27,0.92,3,10,10,0,0,0,0.27,0.92,3,94,81.78,0.82,2.75,9,0,0.00,0.00,99,0.00,0,0,1,0.09,0.31,0,0.00,0.00,0.00,0.00,0,0,0.00,42,1,14,40,42,0.45,57,0.04,0.14,0.26,44,0.02,0.08,88,7,0.64,2.14,1.53,0.45,72,5,0.08,43,98,79,99,0,41,31,0,0.00,99,2,0.00,0.61,9.15,2.73,30,17,60,45,5.19,1.55,56.67,1,0.31,73,0,0.00,0,0.00,99,0,0.00,0.00,30,2,78,11,0,0,0,0,0,26,40,59,54,0,99,76,7,7,0,0,7,25,0,0
Iago Teodoro da Silva Nogueira,20,1113807600,2005/04/18,Serie A,2024,Midfielder,Flamengo,0,0,0,Brazil,0,0,0,0,0,0,0,0,0,0,0,0,0,0,0,0,0,0,0,0,0,0,0,0,0,0,0,0,0,0,0,-1,-1,-1,-1,N/A,N/A,N/A,N/A,N/A,N/A,N/A,N/A,N/A,N/A,N/A,N/A,N/A,N/A,N/A,N/A,N/A,N/A,N/A,N/A,N/A,N/A,N/A,N/A,N/A,N/A,N/A,N/A,N/A,N/A,N/A,N/A,N/A,N/A,N/A,N/A,N/A,N/A,N/A,N/A,N/A,N/A,N/A,N/A,N/A,N/A,N/A,N/A,N/A,N/A,N/A,N/A,N/A,N/A,N/A,N/A,N/A,N/A,N/A,N/A,N/A,N/A,N/A,N/A,N/A,N/A,N/A,N/A,N/A,N/A,N/A,N/A,N/A,N/A,N/A,N/A,N/A,N/A,N/A,N/A,N/A,N/A,N/A,N/A,N/A,N/A,N/A,N/A,N/A,N/A,N/A,N/A,N/A,N/A,N/A,N/A,N/A,N/A,N/A,N/A,N/A,N/A,N/A,N/A,N/A,N/A,N/A,N/A,N/A,N/A,N/A,N/A,N/A,N/A,N/A,N/A,N/A,N/A,N/A,N/A,N/A,N/A,N/A,N/A,N/A,N/A,N/A,N/A,N/A,N/A,N/A,N/A,N/A,N/A,N/A,N/A,N/A,N/A,N/A,N/A,N/A,N/A,N/A,N/A,N/A,N/A,N/A,N/A,N/A,N/A,N/A,N/A,N/A,N/A,N/A,N/A,N/A,N/A,N/A,N/A,N/A,N/A,N/A,N/A,N/A,N/A,N/A,N/A,N/A,N/A,N/A,N/A,N/A,N/A,N/A,N/A,N/A,N/A,N/A,N/A,N/A,N/A,N/A,N/A,N/A,N/A,N/A,N/A,N/A,N/A,N/A,N/A,N/A,N/A,N/A,N/A,N/A,N/A,N/A,N/A,N/A,N/A,N/A,N/A,N/A,N/A,N/A,N/A,N/A,N/A,N/A,N/A,N/A,N/A,N/A,N/A,N/A,N/A,N/A,N/A,N/A,N/A,N/A,N/A
Iarley Gilberto de Barros Leal,22,1050390000,2003/04/15,Serie A,2024,Forward,Fortaleza,0,0,0,Brazil,0,0,0,0,0,0,0,0,0,0,0,0,0,0,0,0,0,0,0,0,0,0,0,0,0,0,0,0,0,0,0,-1,-1,-1,-1,N/A,N/A,N/A,N/A,N/A,N/A,N/A,N/A,N/A,N/A,N/A,N/A,N/A,N/A,N/A,N/A,N/A,N/A,N/A,N/A,N/A,N/A,N/A,N/A,N/A,N/A,N/A,N/A,N/A,N/A,N/A,N/A,N/A,N/A,N/A,N/A,N/A,N/A,N/A,N/A,N/A,N/A,N/A,N/A,N/A,N/A,N/A,N/A,N/A,N/A,N/A,N/A,N/A,N/A,N/A,N/A,N/A,N/A,N/A,N/A,N/A,N/A,N/A,N/A,N/A,N/A,N/A,N/A,N/A,N/A,N/A,N/A,N/A,N/A,N/A,N/A,N/A,N/A,N/A,N/A,N/A,N/A,N/A,N/A,N/A,N/A,N/A,N/A,N/A,N/A,N/A,N/A,N/A,N/A,N/A,N/A,N/A,N/A,N/A,N/A,N/A,N/A,N/A,N/A,N/A,N/A,N/A,N/A,N/A,N/A,N/A,N/A,N/A,N/A,N/A,N/A,N/A,N/A,N/A,N/A,N/A,N/A,N/A,N/A,N/A,N/A,N/A,N/A,N/A,N/A,N/A,N/A,N/A,N/A,N/A,N/A,N/A,N/A,N/A,N/A,N/A,N/A,N/A,N/A,N/A,N/A,N/A,N/A,N/A,N/A,N/A,N/A,N/A,N/A,N/A,N/A,N/A,N/A,N/A,N/A,N/A,N/A,N/A,N/A,N/A,N/A,N/A,N/A,N/A,N/A,N/A,N/A,N/A,N/A,N/A,N/A,N/A,N/A,N/A,N/A,N/A,N/A,N/A,N/A,N/A,N/A,N/A,N/A,N/A,N/A,N/A,N/A,N/A,N/A,N/A,N/A,N/A,N/A,N/A,N/A,N/A,N/A,N/A,N/A,N/A,N/A,N/A,N/A,N/A,N/A,N/A,N/A,N/A,N/A,N/A,N/A,N/A,N/A,N/A,N/A,N/A,N/A,N/A,N/A
Ignácio,28,849427200,1996/12/01,Serie A,2024,Defender,Fluminense,189,90,99,Brazil,4,2,2,0,0,0,0,0,0,0,0,2,2,0,2,0,2,0,0,0,0,0,0,0,0,0.95,95,47,0,0,0,-1,-1,-1,22,0,7.04,0,45,67.62,35.50,99,142,31.75,127,93,60.48,99,0.00,0.00,0.75,3,0.00,0.00,5.24,2.75,11,0.00,0.25,0.00,0.00,0.00,0.25,0.25,0.00,0.00,0.48,0.25,0.50,0.00,0.00,0.01,0.00,2.50,0.00,0.00,0,0,,1,0.25,32,0,0.00,15,1,0.48,56,2,2,2,99,0.00,99,0,1,0.48,32,0,30,0.00,14,0,0.00,99,0,0.00,0,0,0.00,0,1.43,80,2,0.95,43,1,0.48,50.00,0,0.00,0,0,0,0.00,0,0,0.00,68,0.00,0,N/A,N/A,N/A,N/A,0.00,0,0.00,0,0.04,0.00,0,89.44,0.00,15,99,0.00,0.00,0,44,57,0,0,0,0.50,0.95,2,95,28.14,1.50,2.86,6,0,0.00,0.00,99,0.00,0,0,0,0.00,0.00,0,0.00,0.00,0.00,0.00,0,0,0.00,42,0,0,40,68,0.43,80,0.11,0.20,0.04,19,0.01,0.02,69,3,0.75,1.43,0.95,0.50,33,2,0.02,19,75,80,67,0,41,99,0,0.00,99,10,0.00,4.76,14.76,7.75,31,24,99,90,11.43,6.00,77.42,1,0.48,65,0,0.00,0,0.00,99,0,0.00,0.00,30,1,31,46,0,0,0,0,0,26,40,59,54,0,99,96,7,7,0,0,7,4,0,0
Ignacio Jesús Laquintana Marsico,26,917856000,1999/02/01,Serie A,2024,Midfielder,Bragantino,271,126,145,Uruguay,9,4,5,1,1,0,0,0,0,0,0,1,1,0,3,1,2,1,0,0.33,0,0.33,0.71,0,271,1,90,30,271,0,0.33,45,314,-1,15,0,6.80,0,45,23.58,7.89,18,71,5.78,52,13,17.27,17,0.00,0.00,0.22,2,0.00,0.67,1.00,0.33,3,0.00,0.33,0.00,0.00,0.00,0.22,0.56,0.00,4.00,1.33,0.22,0.89,0.00,0.22,0.10,0.00,0.22,0.00,0.00,0,0,,4,0.44,71,2,0.66,73,2,0.66,70,2,6,3,27,0.00,99,0,2,0.66,46,6,30,1.99,64,0,0.00,99,0,0.00,0,0,0.00,0,0.66,41,8,2.66,81,5,1.66,62.50,0,0.00,0,0,0,0.00,0,0,0.00,63,0.00,0,N/A,N/A,N/A,N/A,0.00,0,0.00,0,0.93,0.00,0,73.24,50.00,74,28,0.33,1.00,3,88,79,0,0,0,0.00,0.00,0,23,61.21,0.11,0.33,1,0,0.00,0.00,99,0.00,0,0,0,0.00,0.00,0,0.00,0.00,0.33,0.11,1,0,25.00,93,0,6,49,63,0.16,10,0.02,0.05,0.93,88,0.10,0.31,65,4,0.44,1.33,1.66,0.56,77,5,0.31,85,34,8,67,0,86,33,0,0.00,99,2,0.00,0.66,9.63,3.22,29,14,47,50,4.65,1.56,48.28,3,1.00,38,0,0.00,0,0.00,99,0,0.00,0.00,30,2,63,46,0,0,0,0,0,78,91,59,98,0,99,6,38,70,1,11,35,33,0,0
Igor Coronado,33,714121200,1992/08/18,Serie A,2024,Midfielder,Corinthians,1365,598,767,Brazil,30,14,16,1,1,0,2,2,0,0,0,5,3,2,15,7,8,8,0,0.2,0.13,0.07,0.15,0,1365,0.99,91,46,171,683,0.53,253,134,-1,12,0,6.94,0.07,76,49.09,24.21,80,678,19.64,550,42,39.82,77,0.00,0.00,1.18,33,0.00,3.43,2.24,1.11,31,0.00,1.04,0.00,0.00,0.00,0.32,0.96,0.00,21.00,1.52,0.50,2.32,0.00,0.25,0.08,0.00,0.11,0.00,0.00,0,0,,21,0.75,78,7,0.51,65,14,1.01,88,3,19,11,79,0.00,99,0,9,0.65,45,96,68,6.95,98,0,0.00,99,0,0.00,0,0,0.00,0,2.39,95,65,4.71,95,27,1.95,41.54,0,0.00,0,0,0,0.00,0,0,0.00,63,0.00,0,N/A,N/A,N/A,N/A,0.00,0,0.00,0,2.24,0.00,0,81.12,33.33,37,20,0.57,1.16,16,91,30,0,0,0,0.14,0.29,4,63,194.42,0.29,0.58,8,0,0.00,0.00,99,0.00,0,0,1,0.04,0.07,0,0.00,0.00,0.00,0.00,0,0,4.76,45,53,80,90,63,3.34,89,0.12,0.24,2.24,66,0.08,0.16,84,26,0.93,1.88,1.74,0.86,81,24,0.16,64,59,22,83,0,41,8,0,0.00,99,3,0.00,0.22,14.92,7.36,206,87,82,92,6.30,3.11,42.23,29,2.10,7,0,26.04,0,0.00,99,25,0.89,1.81,97,37,99,63,0,0,0,0,0,63,53,59,70,0,99,20,18,90,7,23,79,77,0,0
Igor Eduardo Schlemper,20,1109664000,2005/03/01,Serie A,2024,Midfielder,Grêmio,120,26,94,Brazil,5,2,3,0,0,0,1,1,0,0,0,1,0,1,2,0,2,0,0,0.75,0.75,0,0,0,0,1.5,60,24,0,120,0,-1,-1,-1,18,0,5.40,0.2,99,37.50,10.00,52,50,5.80,29,0,21.75,26,0.00,0.00,0.40,2,0.00,1.00,3.75,1.00,5,0.00,0.20,0.00,0.00,0.00,0.00,0.00,0.00,0.00,0.00,0.00,0.00,0.00,0.00,0.00,0.00,0.80,0.00,0.00,0,0,,0,0.00,8,0,0.00,15,0,0.00,9,3,4,1,98,0.00,99,0,0,0.00,9,5,91,3.75,83,0,0.00,99,0,0.00,0,0,0.00,0,1.50,83,0,0.00,7,0,0.00,0.00,0,0.00,0,0,0,0.00,0,0,0.00,12,0.00,0,N/A,N/A,N/A,N/A,0.00,0,0.00,0,0.00,0.00,0,58.00,0.00,15,44,0.20,0.75,1,10,10,0,0,0,0.00,0.00,0,23,26.98,1.20,4.50,6,0,0.00,0.00,99,0.00,0,0,0,0.00,0.00,0,0.00,0.00,0.00,0.00,0,0,0.00,42,0,1,40,13,0.74,99,0.15,0.56,0.00,9,0.00,0.00,36,1,0.20,0.75,2.25,0.60,94,3,0.00,9,0,92,67,0,41,94,0,0.00,99,4,0.00,3.00,13.50,3.60,18,13,99,83,9.75,2.60,72.22,1,0.75,53,0,40.00,0,0.00,99,2,0.40,1.50,94,1,50,63,0,0,0,0,0,99,40,59,54,0,99,29,7,7,0,0,7,34,0,0
Igor Gomes,24,983865600,2001/03/06,Serie A,2024,Defender,Internacional,684,242,442,Brazil,13,5,8,1,0,1,1,1,0,0,0,5,2,3,9,4,5,2,0,0.26,0.13,0.13,0,0.2,684,1.18,76,53,342,684,0.26,167,127,124,11,0,6.76,0.08,76,47.12,25.92,76,311,21.50,258,55,39.09,75,0.00,0.00,0.08,1,0.00,0.92,2.27,1.25,15,0.00,0.42,0.00,0.00,0.00,0.50,0.25,0.00,3.00,0.45,0.17,0.58,0.00,0.08,0.07,0.00,1.33,0.00,0.00,0,0,,3,0.25,28,1,0.15,29,2,0.30,34,5,6,7,80,0.00,99,0,6,0.91,62,11,30,1.67,61,0,0.00,99,0,0.00,0,0,0.00,0,0.15,14,7,1.06,46,3,0.45,42.86,0,0.00,0,0,0,0.00,0,0,0.00,40,0.00,0,N/A,N/A,N/A,N/A,0.00,0,0.00,0,0.78,0.00,0,82.96,33.33,37,16,0.67,1.21,8,43,35,0,0,0,0.75,1.36,9,99,81.09,2.67,4.85,32,0,0.00,0.00,99,0.00,0,0,1,0.08,0.15,0,0.00,0.00,0.00,0.00,0,0,33.33,99,19,18,73,40,1.16,73,0.10,0.18,0.78,58,0.07,0.12,47,6,0.50,0.91,0.91,0.50,30,6,0.12,56,28,94,96,0,41,86,0,0.00,99,16,0.00,2.42,11.97,6.58,79,39,76,73,5.91,3.25,49.37,5,0.76,53,0,0.00,0,0.00,99,0,0.00,0.00,30,18,63,87,0,0,0,0,0,70,68,81,54,0,99,85,54,54,2,15,51,3,0,0
Igor Gomes,26,921657600,1999/03/17,Serie A,2024,Midfielder,Atlético Mineiro,1322,756,566,Brazil,22,12,10,1,1,0,3,1,2,1,0,5,3,2,24,13,11,7,0,0.27,0.2,0.07,0.12,0,1322,1.63,55,60,189,441,0.48,251,67,-1,13,0,6.89,0.14,89,41.90,28.33,64,595,23.38,491,51,34.58,62,0.00,0.00,0.95,20,0.00,1.95,1.20,0.81,17,0.00,0.67,0.00,0.00,0.00,0.43,0.57,0.00,10.00,0.70,0.29,1.00,0.00,0.19,0.07,0.00,0.48,0.00,0.00,0,0,,10,0.48,47,4,0.28,48,6,0.42,50,2,5,17,36,0.00,99,0,9,0.63,44,41,63,2.89,74,0,0.00,99,0,0.00,0,0,0.00,0,1.41,79,21,1.48,62,12,0.85,57.14,0,0.00,0,0,0,0.00,0,0,0.00,7,0.00,0,N/A,N/A,N/A,N/A,0.00,0,0.00,0,1.44,0.00,0,82.52,40.00,51,61,0.38,0.56,8,68,70,1,0,0,0.00,0.00,0,23,144.64,0.33,0.49,7,1,0.00,0.07,8,0.05,0,1,2,0.10,0.14,0,0.00,0.00,0.00,0.00,0,0,10.00,57,51,50,89,7,3.47,89,0.17,0.24,0.74,35,0.04,0.05,76,23,1.10,1.62,1.62,1.10,75,23,0.10,51,50,17,95,0,41,34,0,0.00,99,10,0.00,0.70,9.08,6.14,129,62,37,43,4.37,2.95,48.06,14,0.99,39,0,24.39,0,0.00,99,10,0.48,0.70,76,60,57,46,0,0,0,0,0,71,53,59,65,0,99,39,20,88,7,32,93,17,0,0
Igor Jesus Lima,22,1047024000,2003/03/07,Serie A,2024,Midfielder,Flamengo,77,40,37,Brazil,3,2,1,0,0,0,0,0,0,0,0,0,0,0,1,0,1,1,0,0,0,0,0,0,0,1.17,77,26,77,0,1.17,-1,-1,-1,28,0,7.05,0,45,42.08,12.00,64,36,10.67,32,91,37.40,69,0.00,0.00,0.33,1,0.00,0.00,4.68,1.33,4,0.00,0.00,0.00,0.00,0.00,1.00,1.33,0.00,0.00,0.00,0.00,2.67,0.00,0.00,0.00,0.00,0.67,0.00,0.00,0,0,,0,0.00,8,0,0.00,15,0,0.00,9,2,1,2,99,0.00,99,0,3,3.51,99,0,30,0.00,14,0,0.00,99,0,0.00,0,0,0.00,0,1.17,67,8,9.35,99,4,4.68,50.00,0,0.00,0,0,0,0.00,0,0,0.00,42,0.00,0,N/A,N/A,N/A,N/A,0.00,0,0.00,0,0.00,0.00,0,88.89,0.00,15,99,0.00,0.00,0,99,57,0,0,0,0.67,2.34,2,99,21.14,0.00,0.00,0,0,0.00,0.00,99,0.00,0,0,0,0.00,0.00,0,0.00,0.00,0.00,0.00,0,0,0.00,42,0,0,40,42,0.11,51,0.04,0.13,0.00,9,0.00,0.00,91,2,0.67,2.34,1.17,0.33,48,1,0.00,9,76,1,67,0,41,84,0,0.00,99,2,0.00,2.34,23.38,6.67,20,12,99,99,14.03,4.00,60.00,0,0.00,99,0,0.00,0,0.00,99,0,0.00,0.00,30,1,22,46,0,0,0,0,0,26,40,59,54,0,99,2,8,99,1,33,95,48,0,0
Igor Jesus Maciel da Cruz,24,983088000,2001/02/25,Serie A,2024,Forward,Botafogo,1456,854,602,Brazil,22,12,10,5,3,2,3,2,1,0,0,12,6,6,9,7,2,2,0,0.49,0.19,0.31,0.32,0.3,291,0.56,162,66,728,485,0.12,53,74,-1,3,0,7.13,0.14,87,19.41,14.27,9,314,10.64,234,15,14.46,10,0.00,0.00,1.00,22,0.00,0.32,0.49,0.36,8,0.00,1.50,0.00,0.00,0.00,0.14,0.41,0.00,9.60,2.97,1.05,1.00,0.00,1.14,0.33,0.00,2.14,0.00,0.00,0,0,,48,2.18,99,25,1.55,98,23,1.42,98,8,6,16,10,0.00,99,0,3,0.19,17,7,30,0.43,35,0,0.00,99,0,0.00,0,0,0.00,0,1.36,77,22,1.36,58,9,0.56,40.91,0,0.00,0,0,0,0.00,0,0,0.00,97,0.00,0,N/A,N/A,N/A,N/A,0.00,0,0.00,0,7.22,0.00,0,74.52,52.08,75,82,0.23,0.31,5,49,30,0,0,0,0.09,0.12,2,39,156.77,0.41,0.56,9,0,0.00,0.00,99,0.00,0,0,1,0.05,0.06,0,0.00,0.00,0.62,0.45,10,0,10.42,58,56,50,50,97,3.05,77,0.14,0.19,7.22,97,0.33,0.45,95,42,1.91,2.60,1.36,1.00,62,22,0.45,96,85,21,78,0,96,93,0,0.00,99,47,0.00,2.91,15.58,11.45,252,105,85,94,6.49,4.77,41.67,33,2.04,8,0,0.00,0,0.00,99,0,0.00,0.00,30,56,63,99,0,1,0,5,0,91,90,88,86,0,99,98,88,20,2,9,26,99,0,0
Igor Matheus Liziero Pereira,27,886838400,1998/02/07,Serie A,2024,Midfielder,São Paulo,295,195,100,Brazil,9,5,4,1,0,1,0,0,0,0,0,3,2,1,2,2,0,1,0,0.31,0,0.31,0,0.9,295,0.61,148,33,295,0,0.31,55,392,-1,17,0,6.80,0,45,62.85,22.89,97,206,19.11,172,58,52.47,93,0.00,0.00,0.33,3,0.00,0.67,4.27,1.56,14,0.00,0.22,0.00,0.00,0.00,0.22,0.00,0.00,4.00,1.22,0.22,0.33,0.00,0.22,0.10,0.00,0.56,0.00,0.00,0,0,,4,0.44,66,2,0.61,71,2,0.61,66,2,8,1,99,0.00,99,0,2,0.61,42,6,30,1.83,62,0,0.00,99,0,0.00,0,0,0.00,0,0.92,57,3,0.92,41,0,0.00,0.00,0,0.00,0,0,0,0.00,0,0,0.00,95,0.00,0,N/A,N/A,N/A,N/A,0.00,0,0.00,0,0.93,0.00,0,83.50,50.00,74,16,0.44,1.22,4,10,10,0,0,0,0.00,0.00,0,23,61.16,0.78,2.14,7,0,0.00,0.00,99,0.00,0,0,0,0.00,0.00,0,0.00,0.00,0.00,0.00,0,0,25.00,93,0,6,50,94,0.51,66,0.06,0.16,0.93,85,0.10,0.28,62,4,0.44,1.22,3.05,1.11,99,10,0.28,83,34,71,67,0,41,65,0,0.00,99,5,0.00,1.53,12.81,4.67,42,22,88,79,6.71,2.44,52.38,2,0.61,60,0,0.00,0,0.00,99,0,0.00,0.00,30,1,73,46,0,0,0,0,0,74,90,99,54,0,99,76,45,66,1,11,35,26,0,0
Igor Odoni Gomes,18,1187506800,2007/08/19,Serie A,2024,Midfielder,São Paulo,0,0,0,Brazil,1,0,1,0,0,0,0,0,0,0,0,0,0,0,0,0,0,0,0,0,0,0,0,0,0,0,0,0,0,0,0,-1,-1,-1,-1,0,0.00,0,45,0.00,0.00,0,0,0.00,0,0,0.00,0,0.00,0.00,0.00,0,0.00,0.00,0.00,0.00,0,0.00,0.00,0.00,0.00,0.00,0.00,0.00,0.00,0.00,0.00,0.00,0.00,0.00,0.00,0.00,0.00,0.00,0.00,0.00,0,0,,0,0.00,8,0,0.00,15,0,0.00,9,0,1,0,4,0.00,99,0,0,0.00,9,0,30,0.00,14,0,0.00,99,0,0.00,0,0,0.00,0,0.00,8,0,0.00,7,0,0.00,0.00,0,0.00,0,0,0,0.00,0,0,0.00,99,0.00,0,N/A,N/A,N/A,N/A,0.00,0,0.00,0,0.00,0.00,0,0.00,0.00,15,99,0.00,0.00,0,10,10,0,0,0,0.00,0.00,0,23,0.00,0.00,0.00,0,0,0.00,0.00,99,0.00,0,0,0,0.00,0.00,0,0.00,0.00,0.00,0.00,0,0,0.00,42,0,0,40,0,0.00,0,0.00,0.00,0.00,9,0.00,0.00,2,0,0.00,0.00,0.00,0.00,5,0,0.00,9,0,1,67,0,41,2,0,0.00,99,0,0.00,0.00,0.00,0.00,0,0,0,0,0.00,0.00,0.00,0,0.00,99,0,0.00,0,0.00,99,0,0.00,0.00,30,0,22,11,0,0,0,0,0,26,40,59,54,0,99,2,7,7,0,0,7,34,0,0
Igor Rabello da Costa,30,799052400,1995/04/28,Serie A,2024,Defender,Atlético Mineiro,963,539,424,Brazil,16,9,7,0,0,0,0,0,0,0,0,5,3,2,13,9,4,5,1,0,0,0,0,0,0,1.21,74,60,161,0,0.56,404,401,133,28,0,7.00,0,45,58.42,43.21,93,605,37.14,520,74,50.21,91,0.00,0.00,0.29,4,0.00,0.07,1.83,1.36,19,0.00,0.00,0.00,0.00,0.00,1.21,0.07,0.00,0.00,0.48,0.21,0.14,0.00,0.14,0.03,0.00,2.57,0.00,0.00,0,0,,5,0.36,32,2,0.19,36,3,0.29,32,1,6,10,64,0.00,99,0,17,1.64,93,1,30,0.10,19,0,0.00,99,0,0.00,0,0,0.00,0,0.39,28,2,0.19,15,1,0.10,50.00,0,0.00,0,0,0,0.00,0,0,0.00,35,0.00,0,N/A,N/A,N/A,N/A,0.00,0,0.00,0,0.40,0.00,0,85.95,40.00,51,68,0.36,0.48,5,16,57,0,0,0,0.50,0.68,7,88,98.06,4.14,5.60,58,1,0.00,0.10,4,0.07,0,0,0,0.00,0.00,0,0.00,0.00,0.10,0.07,1,0,0.00,42,32,27,40,35,1.25,45,0.09,0.12,0.40,30,0.03,0.04,29,6,0.43,0.58,1.26,0.93,55,13,0.04,29,69,98,67,0,63,98,0,0.00,99,36,0.00,3.48,10.04,7.43,104,62,76,55,5.99,4.43,59.62,0,0.00,99,0,0.00,0,0.00,99,0,0.00,0.00,30,32,63,30,0,0,0,0,0,26,40,59,54,0,99,68,16,92,4,25,84,16,0,0
Igor Vinicius de Souza,28,859881600,1997/04/01,Serie A,2024,Defender,São Paulo,2483,1223,1260,Brazil,30,14,16,1,1,0,2,1,1,0,0,8,4,4,29,13,16,7,1,0.11,0.07,0.04,0.07,0,2483,1.05,86,83,355,1242,0.25,282,225,91,16,0,6.86,0.07,58,54.17,48.28,88,1400,43.07,1249,92,48.33,90,0.00,0.00,0.90,26,0.00,3.48,2.52,2.24,65,0.00,0.59,0.00,0.00,0.00,0.59,0.66,0.00,0.00,0.12,0.10,1.59,0.00,0.00,0.01,0.00,0.38,0.00,0.00,0,0,,3,0.10,10,0,0.00,15,3,0.12,14,2,1,29,86,0.00,99,0,17,0.66,46,101,67,3.91,85,0,0.00,99,0,0.00,0,0,0.00,0,1.01,60,46,1.78,70,19,0.74,41.30,0,0.00,0,0,0,0.00,0,0,0.00,57,0.00,0,N/A,N/A,N/A,N/A,0.00,0,0.00,0,0.17,0.00,0,89.21,0.00,15,33,0.83,0.93,24,63,30,0,0,0,0.03,0.04,1,25,198.96,0.90,1.01,26,1,0.00,0.04,15,0.03,0,0,1,0.03,0.04,0,0.00,0.00,0.08,0.07,2,0,0.00,42,88,80,98,57,4.68,73,0.16,0.18,0.17,13,0.01,0.01,66,35,1.21,1.35,0.70,0.62,19,18,0.01,13,46,45,72,0,58,20,0,0.00,99,11,0.00,0.43,9.17,8.17,237,130,57,45,5.03,4.48,54.85,17,0.66,58,0,25.74,0,0.00,99,26,0.90,1.01,85,88,22,46,0,0,0,0,0,45,45,59,57,0,99,55,57,51,6,20,70,2,0,0
Imanol Machuca,25,947923200,2000/01/15,Serie A,2024,Forward,Fortaleza,430,262,168,Argentina,15,8,7,1,0,1,1,1,0,0,0,4,3,1,3,0,3,0,0,0.42,0.21,0.21,0,0.54,430,0.63,143,29,0,430,0,108,56,-1,15,0,6.75,0.07,90,29.91,8.77,32,114,6.46,84,13,22.04,27,0.00,0.00,0.85,11,0.00,2.00,2.36,0.69,9,0.00,0.69,0.00,0.00,0.00,0.00,0.85,0.00,5.00,1.31,0.15,1.85,0.00,0.23,0.08,0.00,0.15,0.00,0.00,0,0,,5,0.38,71,3,0.79,80,2,0.52,59,1,11,4,82,0.00,99,0,0,0.00,9,26,81,6.82,98,0,0.00,99,0,0.00,0,0,0.00,0,2.89,98,24,6.30,99,11,2.89,45.83,0,0.00,0,0,0,0.00,0,0,0.00,94,0.00,0,N/A,N/A,N/A,N/A,0.00,0,0.00,0,1.06,0.00,0,73.68,60.00,88,42,0.23,0.79,3,98,43,0,0,0,0.00,0.00,0,23,87.73,0.00,0.00,0,0,0.00,0.00,99,0.00,0,0,0,0.00,0.00,0,0.00,0.00,0.00,0.00,0,0,20.00,87,4,23,61,94,1.18,97,0.09,0.31,1.06,85,0.08,0.28,82,7,0.54,1.84,0.79,0.23,23,3,0.28,83,25,1,67,0,41,24,0,0.00,99,2,0.00,0.52,16.79,4.92,64,29,97,98,7.61,2.23,45.31,9,2.36,3,0,30.77,0,0.00,99,8,0.62,2.10,98,6,85,30,0,0,0,0,0,87,80,98,54,0,99,55,7,7,0,0,7,39,0,0
Isaac Aguiar Tomich,21,1080288000,2004/03/26,Serie A,2024,Midfielder,Atlético Mineiro,8,0,8,Brazil,1,0,1,0,0,0,0,0,0,0,0,0,0,0,0,0,0,0,0,0,0,0,0,0,0,0,0,8,0,0,0,-1,-1,-1,19,0,6.13,0,45,22.50,2.00,16,2,1.00,1,0,11.25,3,0.00,0.00,0.00,0,0.00,0.00,0.00,0.00,0,0.00,1.00,0.00,0.00,0.00,0.00,0.00,0.00,0.00,11.25,1.00,1.00,0.00,0.00,0.05,0.00,0.00,0.00,0.00,0,0,,1,1.00,99,0,0.00,15,1,11.25,99,0,1,0,4,0.00,99,0,0,0.00,9,0,30,0.00,14,0,0.00,99,0,0.00,0,0,0.00,0,0.00,8,1,11.25,99,0,0.00,0.00,0,0.00,0,0,0,0.00,0,0,0.00,99,0.00,0,N/A,N/A,N/A,N/A,0.00,0,0.00,0,0.05,0.00,0,50.00,0.00,15,99,0.00,0.00,0,10,10,0,0,0,0.00,0.00,0,23,6.13,0.00,0.00,0,0,0.00,0.00,99,0.00,0,0,0,0.00,0.00,0,0.00,0.00,0.00,0.00,0,0,0.00,42,0,0,40,0,0.00,0,0.00,0.00,0.05,99,0.05,0.56,2,0,0.00,0.00,0.00,0.00,5,0,0.56,99,3,1,67,0,41,2,0,0.00,99,0,0.00,0.00,22.50,2.00,2,0,0,99,0.00,0.00,0.00,1,11.25,0,0,0.00,0,0.00,99,0,0.00,0.00,30,0,22,11,0,0,0,0,0,26,40,59,54,0,99,2,7,7,0,0,7,41,0,0
Isaac Rodrigues de Lima,21,1082790000,2004/04/24,Serie A,2024,Midfielder,Fluminense,164,88,76,Brazil,7,2,5,0,0,0,0,0,0,0,0,2,1,1,1,0,1,0,0,0,0,0,0,0,0,0.55,164,23,0,0,0,-1,-1,-1,23,0,6.64,0,45,19.21,5.00,9,35,4.43,31,89,17.01,17,0.00,0.00,0.00,0,0.00,0.29,1.65,0.43,3,0.00,0.43,0.00,0.00,0.00,0.00,1.00,0.00,0.00,0.55,0.14,1.86,0.00,0.00,0.01,0.00,0.00,0.00,0.00,0,0,,1,0.14,37,0,0.00,15,1,0.55,62,7,6,1,55,0.00,99,0,0,0.00,9,2,96,1.10,53,0,0.00,99,0,0.00,0,0,0.00,0,0.00,8,13,7.13,99,7,3.84,53.85,0,0.00,0,0,0,0.00,0,0,0.00,97,0.00,0,N/A,N/A,N/A,N/A,0.00,0,0.00,0,0.05,0.00,0,88.57,0.00,15,61,0.14,0.55,1,99,62,0,0,0,0.00,0.00,0,23,46.51,0.14,0.55,1,0,0.00,0.00,99,0.00,0,0,0,0.00,0.00,0,0.00,0.00,0.00,0.00,0,0,0.00,42,0,4,40,97,0.07,6,0.01,0.04,0.05,24,0.01,0.03,98,6,0.86,3.29,0.55,0.14,13,1,0.03,24,15,20,67,0,41,2,0,0.00,99,0,0.00,0.00,15.37,4.00,28,16,99,93,8.78,2.29,57.14,3,1.65,16,0,50.00,0,0.00,99,1,0.14,0.55,68,1,63,97,0,0,0,0,0,26,40,59,54,0,99,61,7,7,0,0,7,32,0,0
Isac Silvestre da Silva,19,1143964800,2006/04/02,Serie A,2024,Midfielder,Bragantino,0,0,0,Brazil,0,0,0,0,0,0,0,0,0,0,0,0,0,0,0,0,0,0,0,0,0,0,0,0,0,0,0,0,0,0,0,-1,-1,-1,-1,N/A,N/A,N/A,N/A,N/A,N/A,N/A,N/A,N/A,N/A,N/A,N/A,N/A,N/A,N/A,N/A,N/A,N/A,N/A,N/A,N/A,N/A,N/A,N/A,N/A,N/A,N/A,N/A,N/A,N/A,N/A,N/A,N/A,N/A,N/A,N/A,N/A,N/A,N/A,N/A,N/A,N/A,N/A,N/A,N/A,N/A,N/A,N/A,N/A,N/A,N/A,N/A,N/A,N/A,N/A,N/A,N/A,N/A,N/A,N/A,N/A,N/A,N/A,N/A,N/A,N/A,N/A,N/A,N/A,N/A,N/A,N/A,N/A,N/A,N/A,N/A,N/A,N/A,N/A,N/A,N/A,N/A,N/A,N/A,N/A,N/A,N/A,N/A,N/A,N/A,N/A,N/A,N/A,N/A,N/A,N/A,N/A,N/A,N/A,N/A,N/A,N/A,N/A,N/A,N/A,N/A,N/A,N/A,N/A,N/A,N/A,N/A,N/A,N/A,N/A,N/A,N/A,N/A,N/A,N/A,N/A,N/A,N/A,N/A,N/A,N/A,N/A,N/A,N/A,N/A,N/A,N/A,N/A,N/A,N/A,N/A,N/A,N/A,N/A,N/A,N/A,N/A,N/A,N/A,N/A,N/A,N/A,N/A,N/A,N/A,N/A,N/A,N/A,N/A,N/A,N/A,N/A,N/A,N/A,N/A,N/A,N/A,N/A,N/A,N/A,N/A,N/A,N/A,N/A,N/A,N/A,N/A,N/A,N/A,N/A,N/A,N/A,N/A,N/A,N/A,N/A,N/A,N/A,N/A,N/A,N/A,N/A,N/A,N/A,N/A,N/A,N/A,N/A,N/A,N/A,N/A,N/A,N/A,N/A,N/A,N/A,N/A,N/A,N/A,N/A,N/A,N/A,N/A,N/A,N/A,N/A,N/A,N/A,N/A,N/A,N/A,N/A,N/A,N/A,N/A,N/A,N/A,N/A,N/A
Isaque Severino Silva,18,1177398000,2007/04/24,Serie A,2024,Midfielder,Fluminense,0,0,0,Brazil,1,1,0,0,0,0,0,0,0,0,0,1,1,0,0,0,0,0,0,0,0,0,0,0,0,0,0,0,0,0,0,-1,-1,-1,-1,0,0.00,0,45,0.00,0.00,0,0,0.00,0,0,0.00,0,0.00,0.00,0.00,0,0.00,0.00,0.00,0.00,0,0.00,0.00,0.00,0.00,0.00,0.00,0.00,0.00,0.00,0.00,0.00,0.00,0.00,0.00,0.00,0.00,0.00,0.00,0.00,0,0,,0,0.00,8,0,0.00,15,0,0.00,9,0,1,0,4,0.00,99,0,0,0.00,9,0,30,0.00,14,0,0.00,99,0,0.00,0,0,0.00,0,0.00,8,0,0.00,7,0,0.00,0.00,0,0.00,0,0,0,0.00,0,0,0.00,99,0.00,0,N/A,N/A,N/A,N/A,0.00,0,0.00,0,0.00,0.00,0,0.00,0.00,15,99,0.00,0.00,0,10,10,0,0,0,0.00,0.00,0,23,0.00,0.00,0.00,0,0,0.00,0.00,99,0.00,0,0,0,0.00,0.00,0,0.00,0.00,0.00,0.00,0,0,0.00,42,0,0,40,0,0.00,0,0.00,0.00,0.00,9,0.00,0.00,2,0,0.00,0.00,0.00,0.00,5,0,0.00,9,0,1,67,0,41,2,0,0.00,99,0,0.00,0.00,0.00,0.00,0,0,0,0,0.00,0.00,0.00,0,0.00,99,0,0.00,0,0.00,99,0,0.00,0.00,30,0,22,11,0,0,0,0,0,26,40,59,54,0,99,99,7,7,0,0,7,37,0,0
Isidro Miguel Pitta Saldívar,26,934614000,1999/08/14,Serie A,2024,Midfielder,Cuiabá,2847,1280,1567,Paraguay,35,16,19,8,3,5,2,1,1,3,1,8,4,4,37,15,22,5,0,0.32,0.06,0.25,0.21,0.29,356,1.17,77,81,569,1424,0.16,83,241,-1,1,0,6.83,0.06,54,17.79,15.71,6,534,11.32,385,10,12.83,7,0.00,0.00,1.03,35,0.00,0.44,0.20,0.18,6,0.00,1.21,0.00,0.00,0.00,0.09,0.47,0.00,9.00,1.80,0.97,1.32,0.00,0.62,0.23,0.00,1.50,0.00,0.00,0,0,,54,1.59,85,21,0.70,77,33,1.10,91,1,2,33,8,0.00,99,0,3,0.10,12,15,52,0.50,38,0,0.00,99,0,0.00,0,0,0.00,0,1.17,67,45,1.50,62,16,0.53,35.56,0,0.00,0,0,0,0.00,0,0,0.00,42,0.00,0,N/A,N/A,N/A,N/A,0.00,0,0.00,0,7.94,0.00,0,72.10,38.89,47,91,0.15,0.17,5,48,22,3,1,0,0.03,0.03,1,24,232.05,0.59,0.67,20,0,0.00,0.00,99,0.00,0,4,1,0.03,0.03,0,0.00,0.00,0.97,0.85,29,2,11.11,61,95,97,55,42,3.40,39,0.10,0.11,5.14,69,0.15,0.17,57,34,1.00,1.13,0.83,0.74,26,25,0.26,81,41,27,68,0,99,72,0,0.00,99,51,0.00,1.70,8.80,7.76,264,107,19,38,3.57,3.15,40.53,41,1.37,23,0,20.00,0,0.00,99,3,0.09,0.10,44,95,31,30,0,1,0,3,0,77,85,87,77,0,99,39,78,30,5,14,48,9,0,0
Itaro Patric Cardoso Calmon,31,773391600,1994/07/05,Serie A,2024,Midfielder,Vitória,540,311,229,Brazil,11,7,4,0,0,0,1,0,1,0,0,2,1,1,7,3,4,2,1,0.17,0.17,0,0,0,0,1.17,77,49,180,540,0.5,377,91,-1,16,0,6.82,0.09,83,34.43,18.40,41,184,15.10,151,49,28.25,44,0.00,0.00,0.50,5,0.00,2.80,1.68,0.90,9,0.00,0.50,0.00,0.00,0.00,1.50,0.40,0.00,0.00,0.37,0.10,1.10,0.00,0.10,0.02,0.00,1.10,0.00,0.00,0,0,,2,0.20,23,1,0.19,36,1,0.19,19,1,4,7,57,0.00,99,0,15,2.81,99,28,55,5.24,92,0,0.00,99,0,0.00,0,0,0.00,0,0.94,57,11,2.06,75,4,0.75,36.36,0,0.00,0,0,0,0.00,0,0,0.00,42,0.00,0,N/A,N/A,N/A,N/A,0.00,0,0.00,0,0.18,0.00,0,82.07,50.00,74,77,0.20,0.37,2,64,23,0,0,0,0.30,0.56,3,83,68.20,1.50,2.81,15,0,0.00,0.00,99,0.00,0,0,0,0.00,0.00,0,0.00,0.00,0.37,0.20,2,0,0.00,42,13,11,40,42,1.07,80,0.11,0.20,0.18,24,0.02,0.03,17,2,0.20,0.37,0.75,0.40,21,4,0.03,24,39,80,67,0,89,78,0,0.00,99,11,0.00,2.06,8.42,4.50,45,26,52,34,4.86,2.60,57.78,5,0.94,42,0,21.43,0,0.00,99,6,0.60,1.12,87,18,50,30,0,0,0,0,0,57,40,59,54,0,99,23,20,88,0,0,7,14,0,0
Iury Lirio Freitas de Castilho,30,810370800,1995/09/06,Serie A,2024,Forward,Vitória,116,83,33,Brazil,5,3,2,1,0,1,0,0,0,0,0,0,0,0,1,1,0,1,0,0.78,0,0.78,0,2.73,116,0.78,116,23,116,0,0.78,-1,-1,-1,11,0,6.57,0,45,20.95,5.40,13,27,4.80,24,91,18.62,21,0.00,0.00,0.20,1,0.00,0.20,1.55,0.40,2,0.00,1.00,0.00,0.00,0.00,0.00,0.60,0.00,4.00,3.10,0.40,1.20,0.00,0.40,0.19,0.00,0.40,0.00,0.00,0,0,,4,0.80,99,2,1.55,98,2,1.55,99,0,5,0,50,0.00,99,0,0,0.00,9,1,30,0.78,47,0,0.00,99,0,0.00,0,0,0.00,0,0.78,48,6,4.66,94,3,2.33,50.00,0,0.00,0,0,0,0.00,0,0,0.00,85,0.00,0,N/A,N/A,N/A,N/A,0.00,0,0.00,0,0.95,0.00,0,88.89,50.00,74,99,0.00,0.00,0,95,57,0,0,0,0.00,0.00,0,23,32.85,0.40,1.55,2,0,0.00,0.00,99,0.00,0,0,1,0.20,0.78,0,0.00,0.00,0.78,0.20,1,0,25.00,93,0,1,40,85,0.08,13,0.02,0.06,0.95,99,0.19,0.74,99,9,1.80,6.98,5.43,1.40,99,7,0.74,99,12,60,99,0,97,65,0,0.00,99,2,0.00,1.55,27.93,7.20,36,16,99,99,12.41,3.20,44.44,5,3.88,0,0,0.00,0,0.00,99,0,0.00,0.00,30,0,57,11,0,0,0,0,0,99,99,99,54,0,99,2,10,98,1,20,70,7,0,0
Ivan Cavaleiro,32,750927600,1993/10/18,Serie A,2024,Forward,Bragantino,187,59,128,Portugal,5,2,3,0,0,0,0,0,0,0,0,2,1,1,2,1,1,1,0,0,0,0,0,0,0,0.96,94,37,187,0,0.48,-1,-1,-1,39,0,6.60,0,45,27.91,11.60,26,58,8.80,44,16,21.18,25,0.00,0.00,1.00,5,0.00,2.20,0.48,0.20,1,0.00,0.60,0.00,0.00,0.00,0.00,0.20,0.00,0.00,1.44,0.40,1.40,0.00,0.20,0.05,0.00,1.00,0.00,0.00,0,0,,3,0.60,76,1,0.48,64,2,0.96,87,0,4,1,10,0.00,99,0,0,0.00,9,11,33,5.29,92,0,0.00,99,0,0.00,0,0,0.00,0,2.41,95,7,3.37,87,1,0.48,14.29,0,0.00,0,0,0,0.00,0,0,0.00,66,0.00,0,N/A,N/A,N/A,N/A,0.00,0,0.00,0,0.25,0.00,0,75.86,33.33,37,68,0.20,0.48,1,44,11,0,0,0,0.00,0.00,0,23,33.00,0.40,0.96,2,0,0.00,0.00,99,0.00,0,0,0,0.00,0.00,0,0.00,0.00,0.00,0.00,0,0,0.00,42,0,1,40,67,0.27,51,0.05,0.13,0.25,58,0.05,0.12,69,3,0.60,1.44,0.96,0.40,34,2,0.12,56,13,43,67,0,41,86,0,0.00,99,5,0.00,2.41,11.55,4.80,24,10,50,70,4.81,2.00,41.67,3,1.44,21,0,9.09,0,0.00,99,1,0.20,0.48,66,1,50,11,0,0,0,0,0,26,40,59,54,0,99,87,20,88,1,20,70,9,0,0
Ivan Quaresma da Silva,28,855302400,1997/02/07,Serie A,2024,Goalkeeper,Internacional,0,0,0,Brazil,0,0,0,0,0,0,0,0,0,0,0,0,0,0,0,0,0,0,0,0,0,0,0,0,0,0,0,0,0,0,0,-1,-1,-1,-1,N/A,N/A,N/A,N/A,N/A,N/A,N/A,N/A,N/A,N/A,N/A,N/A,N/A,N/A,N/A,N/A,N/A,N/A,N/A,N/A,N/A,N/A,N/A,N/A,N/A,N/A,N/A,N/A,N/A,N/A,N/A,N/A,N/A,N/A,N/A,N/A,N/A,N/A,N/A,N/A,N/A,N/A,N/A,N/A,N/A,N/A,N/A,N/A,N/A,N/A,N/A,N/A,N/A,N/A,N/A,N/A,N/A,N/A,N/A,N/A,N/A,N/A,N/A,N/A,N/A,N/A,N/A,N/A,N/A,N/A,N/A,N/A,N/A,N/A,N/A,N/A,N/A,N/A,N/A,N/A,N/A,N/A,N/A,N/A,N/A,N/A,N/A,N/A,N/A,N/A,N/A,N/A,N/A,N/A,N/A,N/A,N/A,N/A,N/A,N/A,N/A,N/A,N/A,N/A,N/A,N/A,N/A,N/A,N/A,N/A,N/A,N/A,N/A,N/A,N/A,N/A,N/A,N/A,N/A,N/A,N/A,N/A,N/A,N/A,N/A,N/A,N/A,N/A,N/A,N/A,N/A,N/A,N/A,N/A,N/A,N/A,N/A,N/A,N/A,N/A,N/A,N/A,N/A,N/A,N/A,N/A,N/A,N/A,N/A,N/A,N/A,N/A,N/A,N/A,N/A,N/A,N/A,N/A,N/A,N/A,N/A,N/A,N/A,N/A,N/A,N/A,N/A,N/A,N/A,N/A,N/A,N/A,N/A,N/A,N/A,N/A,N/A,N/A,N/A,N/A,N/A,N/A,N/A,N/A,N/A,N/A,N/A,N/A,N/A,N/A,N/A,N/A,N/A,N/A,N/A,N/A,N/A,N/A,N/A,N/A,N/A,N/A,N/A,N/A,N/A,N/A,N/A,N/A,N/A,N/A,N/A,N/A,N/A,N/A,N/A,N/A,N/A,N/A,N/A,N/A,N/A,N/A,N/A,N/A
Jackson Crispim,22,1050908400,2003/04/21,Serie A,2024,Midfielder,Criciúma,0,0,0,Brazil,0,0,0,0,0,0,0,0,0,0,0,0,0,0,0,0,0,0,0,0,0,0,0,0,0,0,0,0,0,0,0,-1,-1,-1,-1,N/A,N/A,N/A,N/A,N/A,N/A,N/A,N/A,N/A,N/A,N/A,N/A,N/A,N/A,N/A,N/A,N/A,N/A,N/A,N/A,N/A,N/A,N/A,N/A,N/A,N/A,N/A,N/A,N/A,N/A,N/A,N/A,N/A,N/A,N/A,N/A,N/A,N/A,N/A,N/A,N/A,N/A,N/A,N/A,N/A,N/A,N/A,N/A,N/A,N/A,N/A,N/A,N/A,N/A,N/A,N/A,N/A,N/A,N/A,N/A,N/A,N/A,N/A,N/A,N/A,N/A,N/A,N/A,N/A,N/A,N/A,N/A,N/A,N/A,N/A,N/A,N/A,N/A,N/A,N/A,N/A,N/A,N/A,N/A,N/A,N/A,N/A,N/A,N/A,N/A,N/A,N/A,N/A,N/A,N/A,N/A,N/A,N/A,N/A,N/A,N/A,N/A,N/A,N/A,N/A,N/A,N/A,N/A,N/A,N/A,N/A,N/A,N/A,N/A,N/A,N/A,N/A,N/A,N/A,N/A,N/A,N/A,N/A,N/A,N/A,N/A,N/A,N/A,N/A,N/A,N/A,N/A,N/A,N/A,N/A,N/A,N/A,N/A,N/A,N/A,N/A,N/A,N/A,N/A,N/A,N/A,N/A,N/A,N/A,N/A,N/A,N/A,N/A,N/A,N/A,N/A,N/A,N/A,N/A,N/A,N/A,N/A,N/A,N/A,N/A,N/A,N/A,N/A,N/A,N/A,N/A,N/A,N/A,N/A,N/A,N/A,N/A,N/A,N/A,N/A,N/A,N/A,N/A,N/A,N/A,N/A,N/A,N/A,N/A,N/A,N/A,N/A,N/A,N/A,N/A,N/A,N/A,N/A,N/A,N/A,N/A,N/A,N/A,N/A,N/A,N/A,N/A,N/A,N/A,N/A,N/A,N/A,N/A,N/A,N/A,N/A,N/A,N/A,N/A,N/A,N/A,N/A,N/A,N/A
Jacob Montes,27,908866800,1998/10/20,Serie A,2024,Midfielder,Botafogo,18,18,0,USA,1,1,0,1,1,0,0,0,0,0,0,0,0,0,1,1,0,0,0,5,0,5,5,0,18,5,18,18,0,0,0,-1,-1,-1,14,0,7.40,0,45,35.00,7.00,43,7,3.00,3,0,15.00,12,0.00,0.00,0.00,0,0.00,0.00,0.00,0.00,0,0.00,0.00,0.00,0.00,0.00,0.00,1.00,0.00,1.00,5.00,0.00,1.00,0.00,1.00,0.73,0.00,0.00,0.00,0.00,0,0,,1,1.00,99,1,5.00,99,0,0.00,9,0,1,0,4,0.00,99,0,0,0.00,9,0,30,0.00,14,0,0.00,99,0,0.00,0,0,0.00,0,0.00,8,1,5.00,96,1,5.00,100.00,0,0.00,0,0,0,0.00,0,0,0.00,0,0.00,0,N/A,N/A,N/A,N/A,0.00,0,0.00,0,0.73,0.00,0,42.86,100.00,99,99,0.00,0.00,0,99,99,0,0,0,0.00,0.00,0,23,7.40,0.00,0.00,0,0,0.00,0.00,99,0.00,0,0,0,0.00,0.00,0,0.00,0.00,0.00,0.00,0,0,100.00,99,0,0,40,0,0.01,10,0.01,0.05,0.73,99,0.73,3.65,2,0,0.00,0.00,5.00,1.00,99,1,3.65,99,97,1,67,0,41,2,0,0.00,99,0,0.00,0.00,10.00,2.00,2,1,56,54,5.00,1.00,50.00,0,0.00,99,0,0.00,0,0.00,99,0,0.00,0.00,30,0,22,11,0,0,0,0,0,99,99,59,99,0,99,2,7,7,0,0,7,32,0,0
Jader,22,1059030000,2003/07/24,Serie A,2024,Midfielder,Atlético PR,0,0,0,Brazil,0,0,0,0,0,0,0,0,0,0,0,0,0,0,0,0,0,0,0,0,0,0,0,0,0,0,0,0,0,0,0,-1,-1,-1,-1,N/A,N/A,N/A,N/A,N/A,N/A,N/A,N/A,N/A,N/A,N/A,N/A,N/A,N/A,N/A,N/A,N/A,N/A,N/A,N/A,N/A,N/A,N/A,N/A,N/A,N/A,N/A,N/A,N/A,N/A,N/A,N/A,N/A,N/A,N/A,N/A,N/A,N/A,N/A,N/A,N/A,N/A,N/A,N/A,N/A,N/A,N/A,N/A,N/A,N/A,N/A,N/A,N/A,N/A,N/A,N/A,N/A,N/A,N/A,N/A,N/A,N/A,N/A,N/A,N/A,N/A,N/A,N/A,N/A,N/A,N/A,N/A,N/A,N/A,N/A,N/A,N/A,N/A,N/A,N/A,N/A,N/A,N/A,N/A,N/A,N/A,N/A,N/A,N/A,N/A,N/A,N/A,N/A,N/A,N/A,N/A,N/A,N/A,N/A,N/A,N/A,N/A,N/A,N/A,N/A,N/A,N/A,N/A,N/A,N/A,N/A,N/A,N/A,N/A,N/A,N/A,N/A,N/A,N/A,N/A,N/A,N/A,N/A,N/A,N/A,N/A,N/A,N/A,N/A,N/A,N/A,N/A,N/A,N/A,N/A,N/A,N/A,N/A,N/A,N/A,N/A,N/A,N/A,N/A,N/A,N/A,N/A,N/A,N/A,N/A,N/A,N/A,N/A,N/A,N/A,N/A,N/A,N/A,N/A,N/A,N/A,N/A,N/A,N/A,N/A,N/A,N/A,N/A,N/A,N/A,N/A,N/A,N/A,N/A,N/A,N/A,N/A,N/A,N/A,N/A,N/A,N/A,N/A,N/A,N/A,N/A,N/A,N/A,N/A,N/A,N/A,N/A,N/A,N/A,N/A,N/A,N/A,N/A,N/A,N/A,N/A,N/A,N/A,N/A,N/A,N/A,N/A,N/A,N/A,N/A,N/A,N/A,N/A,N/A,N/A,N/A,N/A,N/A,N/A,N/A,N/A,N/A,N/A,N/A
Jadson Alves de Lima,20,1123657200,2005/08/10,Serie A,2024,Midfielder,Cuiabá,143,130,13,Brazil,7,4,3,0,0,0,0,0,0,0,0,2,0,2,3,3,0,0,0,0,0,0,0,0,0,1.89,48,20,0,0,0,-1,-1,-1,15,0,4.54,0,45,19.51,4.43,10,31,3.86,27,81,16.99,17,0.00,0.00,0.00,0,0.00,0.00,0.63,0.14,1,0.00,0.57,0.00,0.00,0.00,0.29,0.14,0.00,0.00,1.26,0.14,0.86,0.00,0.14,0.02,0.00,0.14,0.00,0.00,0,0,,2,0.29,68,1,0.63,72,1,0.63,68,1,6,1,14,0.00,99,0,2,1.26,80,0,30,0.00,14,0,0.00,99,0,0.00,0,0,0.00,0,0.00,8,6,3.78,89,1,0.63,16.67,0,0.00,0,0,0,0.00,0,0,0.00,3,0.00,0,N/A,N/A,N/A,N/A,0.00,0,0.00,0,0.16,0.00,0,87.10,50.00,74,99,0.00,0.00,0,54,11,0,0,0,0.00,0.00,0,23,31.80,0.00,0.00,0,0,0.00,0.00,99,0.00,0,0,1,0.14,0.63,0,0.00,0.00,0.00,0.00,0,0,0.00,42,0,4,40,3,0.05,3,0.01,0.03,0.16,52,0.02,0.10,2,0,0.00,0.00,1.26,0.29,55,2,0.10,51,0,1,99,0,41,31,0,0.00,99,1,0.00,0.63,9.44,2.14,15,3,8,48,1.89,0.43,20.00,4,2.52,2,0,0.00,0,0.00,99,0,0.00,0.00,30,1,63,30,0,0,0,0,0,26,40,59,54,0,99,61,7,7,0,0,7,77,0,0
Jádson Alves dos Santos,32,746694000,1993/08/30,Serie A,2024,Midfielder,Juventude,2851,1621,1230,Brazil,33,19,14,1,0,1,5,3,2,0,0,6,5,1,42,23,19,16,1,0.19,0.16,0.03,0,0.07,2851,1.33,68,86,178,570,0.51,303,109,-1,14,0,7.13,0.15,81,41.46,39.75,62,1272,33.88,1084,69,35.34,64,0.00,0.00,1.62,52,0.00,1.00,2.77,2.66,85,0.00,0.88,0.00,0.00,0.00,1.09,0.59,0.00,18.00,0.59,0.34,0.97,0.00,0.22,0.07,0.00,0.41,0.00,0.00,0,0,,18,0.56,42,7,0.23,41,11,0.36,41,3,0,33,90,0.00,99,0,35,1.14,75,32,49,1.04,52,0,0.00,99,0,0.00,0,0,0.00,0,1.70,87,31,1.01,45,19,0.62,61.29,0,0.00,0,0,0,0.00,0,0,0.00,23,0.00,0,N/A,N/A,N/A,N/A,0.00,0,0.00,0,2.19,0.00,0,85.22,38.89,47,31,0.91,0.95,29,54,77,0,0,0,0.28,0.29,9,63,228.15,0.59,0.62,19,1,0.00,0.03,16,0.03,0,0,2,0.06,0.07,0,0.00,0.00,0.03,0.03,1,1,5.56,46,95,91,99,24,6.66,84,0.21,0.22,2.19,42,0.07,0.07,85,62,1.94,2.02,1.37,1.31,63,42,0.07,41,85,25,83,0,42,20,0,0.00,99,13,0.00,0.42,10.01,9.59,307,178,74,55,5.80,5.56,57.98,28,0.91,43,0,18.75,0,0.00,99,6,0.19,0.20,51,95,14,63,0,0,0,0,0,61,41,63,54,0,99,23,19,89,14,42,98,16,0,0
Jadson Meemyas de Oliveira da Silva,24,990342000,2001/05/20,Serie A,2024,Midfielder,Bragantino,1661,848,813,Brazil,30,15,15,0,0,0,1,0,1,0,0,4,2,2,27,13,14,11,1,0.05,0.05,0,0,0,0,1.46,62,55,138,1661,0.65,417,248,-1,37,0,6.65,0.03,52,37.22,22.90,50,687,18.67,560,44,30.34,50,0.00,0.00,0.37,11,0.00,0.50,3.68,2.27,68,0.00,0.20,0.00,0.00,0.00,0.90,0.27,0.00,0.00,0.43,0.23,0.37,0.00,0.03,0.01,0.00,0.53,0.00,0.00,0,0,,8,0.27,27,1,0.05,16,7,0.38,43,3,9,21,98,0.00,99,0,27,1.46,88,15,37,0.81,48,0,0.00,99,0,0.00,0,0,0.00,0,0.60,37,11,0.60,32,8,0.43,72.73,0,0.00,0,0,0,0.00,0,0,0.00,15,0.00,0,N/A,N/A,N/A,N/A,0.00,0,0.00,0,0.41,0.00,0,81.51,12.50,16,6,1.00,1.63,30,41,87,0,0,0,0.27,0.43,8,76,199.45,1.23,2.00,37,0,0.00,0.00,99,0.00,0,0,0,0.00,0.00,0,0.00,0.00,0.00,0.00,0,0,0.00,42,64,80,40,16,2.07,39,0.07,0.11,0.41,19,0.01,0.02,10,4,0.13,0.22,2.06,1.27,91,38,0.02,19,16,70,67,0,41,42,0,0.00,99,16,0.00,0.87,10.62,6.53,196,96,60,62,5.20,3.20,48.98,6,0.33,72,0,13.33,0,0.00,99,2,0.07,0.11,45,70,78,63,0,0,0,0,0,32,40,59,54,0,99,10,13,95,10,33,95,5,0,0
Jair Rodrigues Júnior,31,777884400,1994/08/26,Serie A,2024,Midfielder,Vasco da Gama,268,90,178,Brazil,7,4,3,0,0,0,0,0,0,0,0,2,2,0,2,0,2,2,0,0,0,0,0,0,0,0.67,134,38,134,0,0.67,-1,-1,-1,25,0,5.75,0,45,66.58,28.43,99,199,26.43,185,99,61.90,99,0.00,0.00,0.00,0,0.00,0.00,3.68,1.57,11,0.00,0.29,0.00,0.00,0.00,0.57,0.14,0.00,0.00,0.00,0.00,0.57,0.00,0.00,0.00,0.00,0.14,0.00,0.00,0,0,,0,0.00,8,0,0.00,15,0,0.00,9,2,5,2,98,0.00,99,0,4,1.34,84,0,30,0.00,14,0,0.00,99,0,0.00,0,0,0.00,0,0.00,8,4,1.34,57,1,0.33,25.00,0,0.00,0,0,0,0.00,0,0,0.00,93,0.00,0,N/A,N/A,N/A,N/A,0.00,0,0.00,0,0.00,0.00,0,92.96,0.00,15,12,0.57,1.34,4,32,15,0,0,0,0.00,0.00,0,23,40.27,0.57,1.34,4,0,0.00,0.00,99,0.00,0,0,0,0.00,0.00,0,0.00,0.00,0.00,0.00,0,0,0.00,42,0,4,40,92,0.42,57,0.06,0.14,0.00,9,0.00,0.00,65,4,0.57,1.34,2.68,1.14,99,8,0.00,9,0,54,67,0,41,15,0,0.00,99,1,0.00,0.33,11.71,5.00,35,17,70,71,5.69,2.43,48.57,2,0.67,57,0,0.00,0,0.00,99,0,0.00,0.00,30,1,57,46,0,0,0,0,0,26,40,59,54,0,99,61,13,95,2,29,89,8,0,0
Jamal Lewis,27,885715200,1998/01/25,Serie A,2024,Defender,São Paulo,215,11,204,Northern Ireland,6,2,4,0,0,0,1,1,0,0,0,2,0,2,3,0,3,0,0,0.42,0.42,0,0,0,0,1.26,72,36,0,215,0,-1,-1,-1,35,0,6.70,0.17,99,54.00,21.50,88,129,18.50,111,74,46.47,88,0.00,0.00,0.33,2,0.00,1.67,1.67,0.67,4,0.00,0.00,0.00,0.00,0.00,0.00,0.83,0.00,0.00,0.00,0.00,0.83,0.00,0.00,0.00,0.00,0.33,0.00,0.00,0,0,,0,0.00,8,0,0.00,15,0,0.00,9,2,3,3,57,0.00,99,0,0,0.00,9,10,52,4.19,87,0,0.00,99,0,0.00,0,0,0.00,0,0.84,51,5,2.09,75,5,2.09,100.00,0,0.00,0,0,0,0.00,0,0,0.00,30,0.00,0,N/A,N/A,N/A,N/A,0.00,0,0.00,0,0.00,0.00,0,86.05,0.00,15,38,0.33,0.84,2,93,99,0,0,0,0.33,0.84,2,93,40.19,0.33,0.84,2,0,0.00,0.00,99,0.00,0,0,0,0.00,0.00,0,0.00,0.00,0.00,0.00,0,0,0.00,42,0,3,40,31,0.88,98,0.15,0.37,0.00,9,0.00,0.00,2,0,0.00,0.00,1.26,0.50,55,3,0.00,9,21,38,67,0,41,41,0,0.00,99,2,0.00,0.84,7.53,3.00,18,11,44,25,4.60,1.83,61.11,0,0.00,99,0,20.00,0,0.00,99,2,0.33,0.84,81,2,41,46,0,0,0,0,0,87,40,59,54,0,99,76,7,7,0,0,7,3,0,0
James Rodriguez,34,679302000,1991/07/12,Serie A,2024,Midfielder,São Paulo,36,36,0,Colombia,2,2,0,0,0,0,0,0,0,0,0,1,1,0,2,2,0,0,0,0,0,0,0,0,0,5,18,18,0,0,0,-1,-1,-1,28,0,6.42,0,45,97.50,19.50,99,39,15.50,31,35,77.50,99,0.00,0.00,0.50,1,0.00,2.50,0.00,0.00,0,0.00,0.00,0.00,0.00,0.00,0.00,0.00,0.00,0.00,0.00,0.00,0.50,0.00,0.00,0.00,0.00,0.00,0.00,0.00,0,0,,0,0.00,8,0,0.00,15,0,0.00,9,0,2,0,4,0.00,99,0,0,0.00,9,5,91,12.50,99,0,0.00,99,0,0.00,0,0,0.00,0,2.50,96,1,2.50,80,0,0.00,0.00,0,0.00,0,0,0,0.00,0,0,0.00,0,0.00,0,N/A,N/A,N/A,N/A,0.00,0,0.00,0,0.00,0.00,0,79.49,0.00,15,0,0.50,2.50,1,10,10,0,0,0,0.00,0.00,0,23,12.83,0.00,0.00,0,0,0.00,0.00,99,0.00,0,0,0,0.00,0.00,0,0.00,0.00,2.50,0.50,1,0,0.00,42,0,0,40,0,0.10,90,0.05,0.25,0.00,9,0.00,0.00,2,0,0.00,0.00,0.00,0.00,5,0,0.00,9,7,1,67,0,99,2,0,0.00,99,0,0.00,0.00,5.00,1.00,2,0,0,8,0.00,0.00,0.00,0,0.00,99,0,40.00,0,0.00,99,2,1.00,5.00,99,0,31,11,0,0,0,0,0,26,40,59,54,0,99,96,7,7,0,0,7,55,0,0
Jan Carlos Hurtado Anchico,25,952243200,2000/03/05,Serie A,2024,Forward,Atlético GO,866,467,399,Venezuela,18,10,8,2,2,0,0,0,0,0,0,5,5,0,14,4,10,3,1,0.21,0,0.21,0.39,0,433,1.45,62,48,217,0,0.42,111,382,-1,7,0,6.74,0,45,16.63,8.89,5,160,6.89,124,25,12.89,7,0.00,0.00,0.33,6,0.00,0.06,1.14,0.61,11,0.00,1.00,0.00,0.00,0.00,0.11,0.39,0.00,8.00,1.66,0.28,1.00,0.00,0.61,0.15,0.00,1.39,0.00,0.00,0,0,,16,0.89,82,11,1.14,93,5,0.52,59,5,9,9,33,0.00,99,0,2,0.21,18,1,99,0.10,19,0,0.00,99,0,0.00,0,0,0.00,0,0.62,39,18,1.87,71,7,0.73,38.89,0,0.00,0,0,0,0.00,0,0,0.00,15,0.00,0,N/A,N/A,N/A,N/A,0.00,0,0.00,0,2.79,0.00,0,77.50,68.75,95,39,0.44,0.83,8,62,26,0,0,0,0.06,0.10,1,36,121.31,0.56,1.04,10,0,0.00,0.00,99,0.00,0,0,0,0.00,0.00,0,0.00,0.00,0.42,0.22,4,0,12.50,68,28,36,61,16,0.46,10,0.03,0.05,2.79,86,0.15,0.29,52,10,0.56,1.04,2.81,1.50,99,27,0.29,84,24,45,67,0,90,90,0,0.00,99,25,0.00,2.60,16.63,8.89,160,53,66,97,5.51,2.94,33.12,18,1.87,10,0,100.00,0,0.00,99,1,0.06,0.10,44,28,78,87,0,0,0,0,0,65,80,59,90,0,99,61,26,83,2,11,35,9,0,0
Jan Fanc Lucumií González,21,1076486400,2004/02/11,Serie A,2024,Forward,Fluminense,93,0,93,Colombia,3,0,3,0,0,0,0,0,0,0,0,0,0,0,1,0,1,2,1,0,0,0,0,0,0,0.97,93,31,47,0,1.94,-1,-1,-1,27,0,6.10,0,45,36.82,18.00,49,18,15.00,15,58,30.68,51,0.00,0.00,0.00,0,0.00,0.00,8.18,4.00,4,0.00,2.00,0.00,0.00,0.00,0.00,0.00,0.00,0.00,2.05,1.00,1.00,0.00,0.00,0.04,0.00,0.00,0.00,0.00,0,0,,1,1.00,91,0,0.00,15,1,2.05,99,0,3,0,99,0.00,99,0,0,0.00,9,0,30,0.00,14,0,0.00,99,0,0.00,0,0,0.00,0,0.00,8,1,2.05,74,0,0.00,0.00,0,0.00,0,0,0,0.00,0,0,0.00,65,0.00,0,N/A,N/A,N/A,N/A,0.00,0,0.00,0,0.04,0.00,0,83.33,0.00,15,1,1.00,2.05,1,10,10,0,0,0,1.00,2.05,1,99,6.10,1.00,2.05,1,0,0.00,0.00,99,0.00,0,0,0,0.00,0.00,0,0.00,0.00,0.00,0.00,0,0,0.00,42,0,0,40,66,0.04,22,0.04,0.08,0.04,44,0.04,0.08,86,1,1.00,2.05,4.09,2.00,99,2,0.08,43,2,71,67,0,41,2,0,0.00,99,0,0.00,0.00,24.55,12.00,12,5,99,99,10.23,5.00,41.67,2,4.09,0,0,0.00,0,0.00,99,0,0.00,0.00,30,0,41,11,0,0,0,0,0,26,40,59,54,0,99,2,7,99,1,33,95,17,0,0
Janderson de Carvalho Costa,26,925974000,1999/05/06,Serie A,2024,Forward,Vitória,1375,707,668,Brazil,27,12,15,3,0,3,1,0,1,0,0,9,4,5,18,8,10,6,0,0.26,0.07,0.2,0,0.4,458,1.18,76,51,229,1375,0.39,117,221,-1,5,0,7.04,0.04,58,22.45,12.68,16,317,9.08,227,10,16.07,14,0.00,0.00,0.44,11,0.00,0.56,1.49,0.84,21,0.00,1.08,0.00,0.00,0.00,0.24,0.88,0.00,7.67,1.63,0.52,1.96,0.00,0.40,0.15,0.00,1.36,0.00,0.00,0,0,,23,0.92,81,10,0.71,77,13,0.92,84,1,13,14,48,0.00,99,0,6,0.42,29,14,40,0.99,51,0,0.00,99,0,0.00,0,0,0.00,0,0.78,48,49,3.47,88,22,1.56,44.90,0,0.00,0,0,0,0.00,0,0,0.00,40,0.00,0,N/A,N/A,N/A,N/A,0.00,0,0.00,0,3.74,0.00,0,71.61,43.48,56,72,0.24,0.42,6,86,40,0,0,0,0.20,0.35,5,69,175.99,0.76,1.35,19,0,0.00,0.00,99,0.00,0,0,0,0.00,0.00,0,0.00,0.00,0.21,0.12,3,0,13.04,69,53,69,63,40,1.44,33,0.06,0.10,3.74,82,0.15,0.26,57,16,0.64,1.13,1.70,0.96,79,24,0.26,81,75,55,67,0,79,86,0,0.00,99,34,0.00,2.41,16.64,9.40,235,96,89,97,6.80,3.84,40.85,27,1.91,9,0,14.29,0,0.00,99,2,0.08,0.14,46,48,91,30,0,0,0,0,0,70,78,94,54,0,99,76,28,80,6,22,75,39,0,0
Janderson Santos de Souza,26,920016000,1999/02/26,Serie A,2024,Midfielder,Atlético GO,958,638,320,Brazil,20,12,8,3,3,0,0,0,0,0,0,5,5,0,15,5,10,5,1,0.28,0,0.28,0.42,0,319,1.41,64,48,160,0,0.56,61,381,-1,2,0,6.87,0,45,25.55,13.60,22,272,10.60,212,27,19.92,22,0.00,0.00,0.90,18,0.00,3.60,1.32,0.70,14,0.00,0.55,0.00,0.00,0.00,0.30,0.70,0.00,8.00,1.50,0.40,2.05,0.00,0.40,0.13,0.00,0.15,0.00,0.00,0,0,,16,0.80,78,8,0.75,79,8,0.75,75,1,11,9,40,0.00,99,0,6,0.56,38,72,87,6.76,98,0,0.00,99,0,0.00,0,0,0.00,0,1.69,87,41,3.85,90,14,1.32,34.15,0,0.00,0,0,0,0.00,0,0,0.00,18,0.00,0,N/A,N/A,N/A,N/A,0.00,0,0.00,0,2.67,0.00,0,77.94,50.00,74,26,0.55,1.03,11,82,20,0,0,0,0.00,0.00,0,23,137.31,0.20,0.38,4,0,0.00,0.00,99,0.00,0,0,0,0.00,0.00,0,0.00,0.00,0.09,0.05,1,0,12.50,68,32,43,51,19,1.05,33,0.05,0.10,2.67,81,0.13,0.25,93,26,1.30,2.44,1.50,0.80,71,16,0.25,79,47,11,67,0,61,11,0,0.00,99,3,0.00,0.28,12.40,6.60,132,56,62,77,5.26,2.80,42.42,11,1.03,37,0,34.72,0,0.00,99,25,1.25,2.35,99,28,85,30,0,0,0,0,0,72,89,59,91,0,99,47,16,92,4,20,70,7,0,0
Jandrei Chitolina Carniel,32,730972800,1993/03/01,Serie A,2024,Goalkeeper,São Paulo,1170,630,540,Brazil,13,7,6,0,0,0,0,0,0,0,0,4,2,2,13,6,7,0,0,0,0,0,0,0,0,1,90,90,0,0,0,449,489,78,25,0,7.02,0,45,34.75,32.46,43,422,24.46,318,15,26.18,37,0.00,0.00,0.00,0,0.00,0.00,0.00,0.00,0,0.00,0.00,0.00,0.00,3.00,0.00,0.00,4.23,0.00,0.00,0.00,0.00,0.00,0.00,0.00,0.00,0.54,0.00,0.00,0,0,,0,0.00,8,0,0.00,15,0,0.00,9,0,0,13,4,0.00,99,0,0,0.00,9,0,30,0.00,14,0,0.00,99,0,0.00,0,0,0.00,0,0.00,8,0,0.00,7,0,0.00,0.00,0,0.00,0,39,41,3.21,38,55,0.00,63,4.53,44,N/A,N/A,N/A,N/A,70.91,0,0.00,0,0.00,0.00,0,75.36,0.00,15,99,0.00,0.00,0,10,10,0,0,22,0.00,0.00,0,23,91.22,0.62,0.66,8,0,0.00,0.00,99,0.00,0,0,0,0.00,0.00,5,0.38,0.41,0.00,0.00,0,0,0.00,42,44,18,40,63,0.70,13,0.05,0.06,0.00,9,0.00,0.00,32,8,0.62,0.66,0.00,0.00,5,0,0.00,9,72,26,67,52,41,29,0,0.00,99,7,0.00,0.58,0.99,0.92,12,12,7,7,0.99,0.92,100.00,0,0.00,99,0,0.00,0,0.00,99,0,0.00,0.00,30,45,14,11,0,0,0,0,0,26,40,59,54,0,99,68,7,7,0,0,7,93,0,0
Jean Carlos Alves Ferreira,20,1115535600,2005/05/08,Serie A,2024,Midfielder,Atlético GO,30,30,0,Brazil,3,2,1,0,0,0,0,0,0,0,0,2,2,0,0,0,0,0,0,0,0,0,0,0,0,0,0,10,0,0,0,-1,-1,-1,21,0,4.36,0,45,42.00,4.67,64,14,4.00,12,72,36.00,66,0.00,0.00,0.00,0,0.00,0.33,3.00,0.33,1,0.00,0.33,0.00,0.00,0.00,0.67,0.67,0.00,0.00,3.00,0.00,1.33,0.00,0.33,0.04,0.00,0.00,0.00,0.00,0,0,,1,0.33,99,1,3.00,99,0,0.00,9,0,3,0,94,0.00,99,0,2,6.00,99,1,30,3.00,75,0,0.00,99,0,0.00,0,0,0.00,0,0.00,8,4,12.00,99,2,6.00,50.00,0,0.00,0,0,0,0.00,0,0,0.00,99,0.00,0,N/A,N/A,N/A,N/A,0.00,0,0.00,0,0.12,0.00,0,85.71,100.00,99,99,0.00,0.00,0,99,57,0,0,0,0.00,0.00,0,23,13.09,0.33,3.00,1,0,0.00,0.00,99,0.00,0,0,0,0.00,0.00,0,0.00,0.00,0.00,0.00,0,0,0.00,42,0,0,40,0,0.02,13,0.01,0.06,0.12,92,0.04,0.36,97,1,0.33,3.00,0.00,0.00,5,0,0.36,91,0,81,67,0,41,2,0,0.00,99,0,0.00,0.00,24.00,2.67,8,4,99,99,12.00,1.33,50.00,1,3.00,1,0,0.00,0,0.00,99,0,0.00,0.00,30,0,41,11,0,0,0,0,0,26,40,59,54,0,99,99,7,7,0,0,7,22,0,0
Jean Carlos Vicente,33,698140800,1992/02/15,Serie A,2024,Midfielder,Juventude,1034,572,462,Brazil,22,12,10,4,3,1,2,1,1,0,0,5,4,1,14,5,9,4,0,0.52,0.17,0.35,0.47,0.19,259,1.22,74,47,259,517,0.35,41,98,-1,4,0,7.06,0.09,83,27.53,13.95,25,293,10.19,214,13,20.10,23,0.00,0.00,1.24,26,0.00,4.14,0.66,0.33,7,0.00,0.24,0.00,0.00,0.00,0.24,0.33,0.00,5.25,1.97,0.62,0.48,0.00,0.38,0.19,0.00,0.29,0.00,0.00,0,0,,21,1.00,90,8,0.75,79,13,1.22,96,5,9,13,15,0.00,99,0,5,0.47,32,87,67,8.17,99,0,0.00,99,0,0.00,0,0,0.00,0,2.44,95,10,0.94,43,7,0.66,70.00,0,0.00,0,0,0,0.00,0,0,0.00,34,0.00,0,N/A,N/A,N/A,N/A,0.00,0,0.00,0,4.01,0.00,0,73.04,38.10,45,50,0.33,0.66,7,56,85,0,0,0,0.00,0.00,0,23,148.32,0.19,0.38,4,1,0.00,0.09,5,0.05,0,0,1,0.05,0.09,0,0.00,0.00,0.19,0.10,2,0,19.05,83,36,50,48,35,2.70,90,0.13,0.25,4.01,93,0.19,0.38,36,8,0.38,0.75,1.13,0.57,45,12,0.38,92,77,11,88,0,77,28,0,0.00,99,6,0.00,0.56,5.92,3.00,63,28,9,12,2.63,1.33,44.44,5,0.47,66,0,25.29,0,0.00,99,22,1.05,2.07,98,45,78,87,0,0,0,0,0,94,92,81,94,0,99,39,35,73,3,14,48,20,0,0
Jean David Meneses Villarroel,32,732268800,1993/03/16,Serie A,2024,Forward,Vasco da Gama,290,55,235,Chile,6,1,5,0,0,0,0,0,0,0,0,2,1,1,3,0,3,0,0,0,0,0,0,0,0,0.93,97,48,0,0,0,321,353,-1,23,0,6.39,0,45,23.90,12.83,19,77,11.17,67,81,20.79,24,0.00,0.00,0.33,2,0.00,1.00,1.86,1.00,6,0.00,1.67,0.00,0.00,0.00,0.50,0.00,0.00,0.00,0.31,0.17,0.83,0.00,0.00,0.01,0.00,0.00,0.00,0.00,0,0,,1,0.17,20,0,0.00,15,1,0.31,36,4,4,2,64,0.00,99,0,3,0.93,63,6,30,1.86,62,0,0.00,99,0,0.00,0,0,0.00,0,0.62,39,5,1.55,64,0,0.00,0.00,0,0.00,0,0,0,0.00,0,0,0.00,70,0.00,0,N/A,N/A,N/A,N/A,0.00,0,0.00,0,0.05,0.00,0,87.01,0.00,15,7,0.83,1.55,5,10,10,0,0,0,0.00,0.00,0,23,38.33,0.33,0.62,2,0,0.00,0.00,99,0.00,0,0,0,0.00,0.00,0,0.00,0.00,0.00,0.00,0,0,0.00,42,0,3,40,70,0.20,13,0.03,0.06,0.05,19,0.01,0.02,62,4,0.67,1.24,0.00,0.00,5,0,0.02,19,7,25,67,0,41,2,0,0.00,99,0,0.00,0.00,9.93,5.33,32,10,12,54,3.10,1.67,31.25,10,3.10,1,0,0.00,0,0.00,99,0,0.00,0.00,30,1,50,77,0,0,0,0,0,26,40,59,54,0,99,76,7,7,0,0,7,21,0,0
Jean Lucas,27,898498800,1998/06/22,Serie A,2024,Midfielder,Bahia,2916,1501,1415,Brazil,36,18,18,3,2,1,6,2,4,0,0,10,9,1,38,11,27,7,0,0.28,0.19,0.09,0.12,0.06,972,1.17,77,81,417,486,0.22,209,80,-1,6,0,6.94,0.17,87,38.28,34.67,54,1144,29.85,985,75,32.96,57,0.00,0.00,0.58,19,0.00,0.64,1.47,1.33,44,0.00,1.45,0.00,0.00,0.00,0.73,0.97,0.00,21.50,1.44,0.73,1.82,0.00,0.58,0.16,0.00,0.55,0.00,0.00,0,0,,43,1.30,76,19,0.64,72,24,0.80,78,1,1,35,47,0.00,99,0,24,0.80,55,21,40,0.70,46,0,0.00,99,0,0.00,0,0,0.00,0,0.64,39,60,2.01,74,32,1.07,53.33,0,0.00,0,0,0,0.00,0,0,0.00,42,0.00,0,N/A,N/A,N/A,N/A,0.00,0,0.00,0,5.15,0.00,0,86.10,44.19,57,21,1.00,1.10,33,77,61,0,0,0,0.15,0.17,5,45,229.07,0.45,0.50,15,0,0.00,0.00,99,0.00,0,0,0,0.00,0.00,0,0.00,0.00,0.10,0.09,3,0,4.65,44,96,98,81,42,5.60,77,0.17,0.19,5.15,69,0.16,0.17,69,43,1.30,1.44,1.51,1.36,71,45,0.17,66,59,18,67,0,63,30,0,0.00,99,18,0.00,0.60,10.64,9.64,318,137,43,63,4.58,4.15,43.08,48,1.61,16,0,14.29,0,0.00,99,3,0.09,0.10,44,98,22,30,0,0,0,0,0,72,60,60,65,0,99,61,65,44,7,19,66,6,0,0
Jean Mota,32,750668400,1993/10/15,Serie A,2024,Midfielder,Vitória,406,111,295,Brazil,16,7,9,1,0,1,0,0,0,0,0,3,1,2,8,1,7,0,0,0.22,0,0.22,0,0.31,406,1.77,51,25,0,0,0,101,523,-1,10,0,6.70,0,45,45.00,13.86,71,194,11.64,163,61,37.81,70,0.00,0.00,0.43,6,0.00,2.29,1.16,0.36,5,0.00,0.29,0.00,0.00,0.00,0.00,0.00,0.00,5.00,1.16,0.14,0.14,0.00,0.21,0.08,0.00,0.21,0.00,0.00,0,0,,5,0.36,64,3,0.70,77,2,0.46,54,3,12,4,33,0.00,99,0,0,0.00,9,32,82,7.42,98,0,0.00,99,0,0.00,0,0,0.00,0,1.39,78,2,0.46,26,0,0.00,0.00,0,0.00,0,0,0,0.00,0,0,0.00,5,0.00,0,N/A,N/A,N/A,N/A,0.00,0,0.00,0,1.07,0.00,0,84.02,60.00,88,20,0.36,1.16,5,10,10,0,0,0,0.00,0.00,0,23,93.76,0.36,1.16,5,0,0.00,0.00,99,0.00,0,0,0,0.00,0.00,0,0.00,0.00,0.23,0.07,1,0,20.00,87,2,27,59,5,0.58,51,0.04,0.13,1.07,81,0.08,0.25,67,6,0.43,1.39,1.16,0.36,48,5,0.25,79,21,49,67,0,81,34,0,0.00,99,3,0.00,0.70,8.35,2.57,36,14,13,33,3.25,1.00,38.89,4,0.93,42,0,31.25,0,0.00,99,10,0.71,2.32,99,6,88,63,0,0,0,0,0,66,82,89,54,0,99,27,7,7,0,0,7,10,0,0
Jefferson Savarino,29,847699200,1996/11/11,Serie A,2024,Midfielder,Botafogo,2017,1193,824,Venezuela,28,16,12,8,4,4,7,3,4,0,0,15,8,7,13,10,3,3,0,0.67,0.31,0.36,0.3,0.44,252,0.58,155,72,672,288,0.13,37,18,-1,1,0,7.34,0.25,97,32.55,26.54,36,690,21.69,564,46,26.60,39,0.00,0.00,2.62,68,0.00,4.31,0.38,0.31,8,0.00,1.42,0.00,0.00,0.00,0.08,0.31,0.00,6.67,1.89,0.58,0.69,0.00,0.96,0.28,0.00,0.08,0.00,0.00,0,0,,40,1.54,88,25,1.18,95,15,0.71,74,3,6,22,9,0.00,99,0,2,0.09,12,112,88,5.28,92,0,0.00,99,0,0.00,0,0,0.00,0,3.21,99,18,0.85,39,8,0.38,44.44,0,0.00,0,0,0,0.00,0,0,0.00,96,0.00,0,N/A,N/A,N/A,N/A,0.00,0,0.00,0,7.26,0.00,0,81.74,62.50,91,65,0.42,0.52,11,37,39,0,0,0,0.08,0.09,2,32,190.88,0.35,0.42,9,0,0.00,0.00,99,0.00,0,0,1,0.04,0.05,0,0.00,0.00,0.33,0.27,7,0,15.00,73,73,74,48,96,7.81,98,0.30,0.37,7.26,91,0.28,0.34,12,6,0.23,0.28,0.42,0.35,10,9,0.34,89,97,13,74,0,86,3,0,0.00,99,2,0.00,0.09,4.67,3.81,99,24,7,8,1.13,0.92,24.24,37,1.75,14,0,35.71,0,0.00,99,40,1.54,1.89,97,72,63,63,0,0,0,0,0,97,93,95,85,0,99,98,85,23,3,11,35,10,0,0
Jeffinho,25,946540800,1999/12/30,Serie A,2024,Forward,Botafogo,352,182,170,Brazil,7,3,4,1,1,0,1,0,1,0,0,3,1,2,3,1,2,2,0,0.51,0.26,0.26,0.49,0,352,0.77,117,50,176,352,0.51,78,34,-1,17,0,6.83,0.14,95,56.25,15.00,91,15,11.00,11,13,41.25,79,0.00,0.00,0.00,0,0.00,3.00,0.00,0.00,0,0.00,0.00,0.00,0.00,0.00,0.00,3.00,0.00,0.00,3.75,1.00,4.00,0.00,0.00,0.04,0.00,0.00,0.00,0.00,0,0,,1,1.00,99,0,0.00,15,1,3.75,99,1,2,5,4,0.00,99,0,0,0.00,9,3,30,11.25,99,0,0.00,99,0,0.00,0,0,0.00,0,0.00,8,4,15.00,99,3,11.25,75.00,0,0.00,0,0,0,0.00,0,0,0.00,86,0.00,0,N/A,N/A,N/A,N/A,0.00,0,0.00,0,0.04,0.00,0,73.33,0.00,15,99,0.00,0.00,0,99,90,0,0,0,0.00,0.00,0,23,6.83,0.00,0.00,0,0,0.00,0.00,99,0.00,0,0,0,0.00,0.00,0,0.00,0.00,0.00,0.00,0,0,0.00,42,0,4,55,86,0.03,39,0.03,0.11,0.04,63,0.04,0.15,2,0,0.00,0.00,0.00,0.00,5,0,0.15,62,41,1,67,0,41,2,0,0.00,99,0,0.00,0.00,22.50,6.00,6,3,99,99,11.25,3.00,50.00,0,0.00,99,0,0.00,0,0.00,99,0,0.00,0.00,30,11,31,30,0,0,0,0,0,93,86,59,95,0,99,91,19,89,2,29,89,47,0,0
Jemerson,33,714639600,1992/08/24,Serie A,2024,Defender,Grêmio,1350,429,921,Brazil,16,5,11,1,0,1,0,0,0,0,0,4,2,2,17,4,13,7,0,0.07,0,0.07,0,0.1,1350,1.13,79,84,193,0,0.47,254,406,111,10,0,6.92,0,45,34.60,32.44,43,519,27.81,445,73,29.67,47,0.00,0.00,0.00,0,0.00,0.12,1.40,1.31,21,0.00,0.06,0.00,0.00,0.00,0.62,0.12,0.00,6.00,0.40,0.19,0.12,0.00,0.19,0.07,0.00,2.06,0.00,0.00,0,0,,6,0.38,24,3,0.20,38,3,0.20,20,7,0,16,42,0.00,99,0,10,0.67,47,2,30,0.13,22,0,0.00,99,0,0.00,0,0,0.00,0,0.00,8,2,0.13,12,2,0.13,100.00,0,0.00,0,0,0,0.00,0,0,0.00,48,0.00,0,N/A,N/A,N/A,N/A,0.00,0,0.00,0,1.12,0.00,0,85.74,50.00,74,85,0.25,0.27,4,18,99,0,0,0,0.81,0.87,13,93,110.72,3.94,4.20,63,2,0.00,0.13,2,0.12,0,0,0,0.00,0.00,0,0.00,0.00,0.07,0.06,1,0,16.67,80,52,27,90,46,0.96,13,0.06,0.06,1.12,42,0.07,0.07,26,8,0.50,0.53,1.20,1.12,51,18,0.07,41,55,88,67,0,54,82,0,0.00,99,33,0.00,2.20,6.73,6.31,101,62,31,17,4.13,3.88,61.39,1,0.07,87,0,0.00,0,0.00,99,0,0.00,0.00,30,56,14,97,0,0,0,0,0,36,53,67,54,0,99,47,21,87,7,44,99,34,0,0
Jhon Arias,28,874825200,1997/09/21,Serie A,2024,Forward,Fluminense,2377,1260,1117,Colombia,27,14,13,7,3,4,3,1,2,0,2,12,7,5,23,9,14,6,0,0.38,0.11,0.27,0.21,0.32,340,0.87,103,88,396,792,0.23,70,171,-1,1,0,7.14,0.11,70,41.46,40.56,62,1095,36.89,996,96,37.71,70,0.00,0.00,1.74,47,0.00,4.44,1.82,1.78,48,0.00,2.11,0.00,0.00,0.00,0.48,1.74,0.00,6.86,1.82,0.81,3.93,0.00,0.96,0.31,0.00,0.56,0.00,0.00,0,0,,48,1.78,86,26,0.98,89,22,0.83,80,1,1,26,64,0.00,99,0,13,0.49,33,120,47,4.54,89,0,0.00,99,0,0.00,0,0,0.00,0,1.78,89,106,4.01,91,47,1.78,44.34,0,0.00,0,0,0,0.00,0,0,0.00,78,0.00,0,N/A,N/A,N/A,N/A,0.00,0,0.00,0,8.46,0.00,0,90.96,54.17,80,34,0.89,0.91,24,89,37,0,2,0,0.07,0.08,2,29,192.90,0.44,0.45,12,0,0.00,0.00,99,0.00,0,2,1,0.04,0.04,0,0.00,0.00,0.23,0.22,6,0,14.58,72,86,69,54,78,5.32,80,0.20,0.20,7.06,84,0.26,0.27,91,61,2.26,2.31,1.17,1.15,48,31,0.32,87,86,15,72,0,81,28,0,0.00,99,15,0.00,0.57,13.97,13.67,369,171,85,86,6.47,6.33,46.34,57,2.16,6,0,18.33,0,0.00,99,22,0.81,0.83,81,83,22,30,0,0,0,0,0,82,88,90,77,0,99,93,63,48,6,22,75,21,0,0
Jhonata Robert Alves da Silva,26,940921200,1999/10/26,Serie A,2024,Forward,Criciúma,156,41,115,Brazil,6,3,3,0,0,0,0,0,0,0,0,1,1,0,5,1,4,0,0,0,0,0,0,0,0,2.88,31,26,0,0,0,-1,-1,-1,33,0,7.12,0,45,55.96,16.17,91,97,12.83,77,34,44.42,85,0.00,0.00,0.17,1,0.00,2.00,3.46,1.00,6,0.00,0.83,0.00,0.00,0.00,0.17,0.83,0.00,0.00,3.46,0.50,1.00,0.00,0.50,0.08,0.00,0.17,0.00,0.00,0,0,,6,1.00,99,3,1.73,99,3,1.73,99,1,5,1,97,0.00,99,0,1,0.58,41,12,45,6.92,98,0,0.00,99,0,0.00,0,0,0.00,0,0.58,37,6,3.46,87,5,2.88,83.33,0,0.00,0,0,0,0.00,0,0,0.00,0,0.00,0,N/A,N/A,N/A,N/A,0.00,0,0.00,0,0.47,0.00,0,79.38,50.00,74,58,0.17,0.58,1,98,92,0,0,0,0.17,0.58,1,84,42.73,0.00,0.00,0,0,0.00,0.00,99,0.00,0,0,0,0.00,0.00,0,0.00,0.00,0.00,0.00,0,0,0.00,42,0,3,40,0,0.21,45,0.03,0.12,0.47,84,0.08,0.27,99,10,1.67,5.77,0.58,0.17,14,1,0.27,82,83,1,67,0,41,29,0,0.00,99,1,0.00,0.58,20.19,5.83,35,22,99,99,12.69,3.67,62.86,5,2.88,1,0,16.67,0,0.00,99,2,0.33,1.15,88,1,57,30,0,0,0,0,0,26,40,59,54,0,99,20,7,7,0,0,7,50,0,0
Jhonatan Paulo da Silva,26,931849200,1999/07/13,Serie A,2024,Defender,Fortaleza,0,0,0,Brazil,0,0,0,0,0,0,0,0,0,0,0,0,0,0,0,0,0,0,0,0,0,0,0,0,0,0,0,0,0,0,0,-1,-1,-1,-1,N/A,N/A,N/A,N/A,N/A,N/A,N/A,N/A,N/A,N/A,N/A,N/A,N/A,N/A,N/A,N/A,N/A,N/A,N/A,N/A,N/A,N/A,N/A,N/A,N/A,N/A,N/A,N/A,N/A,N/A,N/A,N/A,N/A,N/A,N/A,N/A,N/A,N/A,N/A,N/A,N/A,N/A,N/A,N/A,N/A,N/A,N/A,N/A,N/A,N/A,N/A,N/A,N/A,N/A,N/A,N/A,N/A,N/A,N/A,N/A,N/A,N/A,N/A,N/A,N/A,N/A,N/A,N/A,N/A,N/A,N/A,N/A,N/A,N/A,N/A,N/A,N/A,N/A,N/A,N/A,N/A,N/A,N/A,N/A,N/A,N/A,N/A,N/A,N/A,N/A,N/A,N/A,N/A,N/A,N/A,N/A,N/A,N/A,N/A,N/A,N/A,N/A,N/A,N/A,N/A,N/A,N/A,N/A,N/A,N/A,N/A,N/A,N/A,N/A,N/A,N/A,N/A,N/A,N/A,N/A,N/A,N/A,N/A,N/A,N/A,N/A,N/A,N/A,N/A,N/A,N/A,N/A,N/A,N/A,N/A,N/A,N/A,N/A,N/A,N/A,N/A,N/A,N/A,N/A,N/A,N/A,N/A,N/A,N/A,N/A,N/A,N/A,N/A,N/A,N/A,N/A,N/A,N/A,N/A,N/A,N/A,N/A,N/A,N/A,N/A,N/A,N/A,N/A,N/A,N/A,N/A,N/A,N/A,N/A,N/A,N/A,N/A,N/A,N/A,N/A,N/A,N/A,N/A,N/A,N/A,N/A,N/A,N/A,N/A,N/A,N/A,N/A,N/A,N/A,N/A,N/A,N/A,N/A,N/A,N/A,N/A,N/A,N/A,N/A,N/A,N/A,N/A,N/A,N/A,N/A,N/A,N/A,N/A,N/A,N/A,N/A,N/A,N/A,N/A,N/A,N/A,N/A,N/A,N/A
João Batista da Cruz Santos Neto,22,1057820400,2003/07/10,Serie A,2024,Midfielder,Fluminense,0,0,0,Brazil,0,0,0,0,0,0,0,0,0,0,0,0,0,0,0,0,0,0,0,0,0,0,0,0,0,0,0,0,0,0,0,-1,-1,-1,-1,N/A,N/A,N/A,N/A,N/A,N/A,N/A,N/A,N/A,N/A,N/A,N/A,N/A,N/A,N/A,N/A,N/A,N/A,N/A,N/A,N/A,N/A,N/A,N/A,N/A,N/A,N/A,N/A,N/A,N/A,N/A,N/A,N/A,N/A,N/A,N/A,N/A,N/A,N/A,N/A,N/A,N/A,N/A,N/A,N/A,N/A,N/A,N/A,N/A,N/A,N/A,N/A,N/A,N/A,N/A,N/A,N/A,N/A,N/A,N/A,N/A,N/A,N/A,N/A,N/A,N/A,N/A,N/A,N/A,N/A,N/A,N/A,N/A,N/A,N/A,N/A,N/A,N/A,N/A,N/A,N/A,N/A,N/A,N/A,N/A,N/A,N/A,N/A,N/A,N/A,N/A,N/A,N/A,N/A,N/A,N/A,N/A,N/A,N/A,N/A,N/A,N/A,N/A,N/A,N/A,N/A,N/A,N/A,N/A,N/A,N/A,N/A,N/A,N/A,N/A,N/A,N/A,N/A,N/A,N/A,N/A,N/A,N/A,N/A,N/A,N/A,N/A,N/A,N/A,N/A,N/A,N/A,N/A,N/A,N/A,N/A,N/A,N/A,N/A,N/A,N/A,N/A,N/A,N/A,N/A,N/A,N/A,N/A,N/A,N/A,N/A,N/A,N/A,N/A,N/A,N/A,N/A,N/A,N/A,N/A,N/A,N/A,N/A,N/A,N/A,N/A,N/A,N/A,N/A,N/A,N/A,N/A,N/A,N/A,N/A,N/A,N/A,N/A,N/A,N/A,N/A,N/A,N/A,N/A,N/A,N/A,N/A,N/A,N/A,N/A,N/A,N/A,N/A,N/A,N/A,N/A,N/A,N/A,N/A,N/A,N/A,N/A,N/A,N/A,N/A,N/A,N/A,N/A,N/A,N/A,N/A,N/A,N/A,N/A,N/A,N/A,N/A,N/A,N/A,N/A,N/A,N/A,N/A,N/A
João Carlos Barros Lopes,24,993106800,2001/06/21,Serie A,2024,Forward,Criciúma,22,7,15,Brazil,5,2,3,0,0,0,0,0,0,0,0,0,0,0,0,0,0,0,0,0,0,0,0,0,0,0,0,4,0,0,0,-1,-1,-1,26,0,4.43,0,45,36.00,1.33,47,4,1.00,3,15,27.00,39,0.00,0.00,0.00,0,0.00,0.00,18.00,0.67,2,0.00,0.00,0.00,0.00,0.00,0.00,0.00,0.00,0.00,0.00,0.00,0.00,0.00,0.00,0.00,0.00,0.00,0.00,0.00,0,0,,0,0.00,8,0,0.00,15,0,0.00,9,0,5,0,99,0.00,99,0,0,0.00,9,0,30,0.00,14,0,0.00,99,0,0.00,0,0,0.00,0,0.00,8,0,0.00,7,0,0.00,0.00,0,0.00,0,0,0,0.00,0,0,0.00,99,0.00,0,N/A,N/A,N/A,N/A,0.00,0,0.00,0,0.00,0.00,0,75.00,0.00,15,99,0.00,0.00,0,10,10,0,0,0,0.00,0.00,0,23,13.30,0.00,0.00,0,0,0.00,0.00,99,0.00,0,0,0,0.00,0.00,0,0.00,0.00,0.00,0.00,0,0,0.00,42,0,1,40,0,0.01,27,0.00,0.09,0.00,9,0.00,0.00,2,0,0.00,0.00,0.00,0.00,5,0,0.00,9,0,1,67,0,41,2,0,0.00,99,0,0.00,0.00,18.00,0.67,2,2,99,99,18.00,0.67,100.00,0,0.00,99,0,0.00,0,0.00,99,0,0.00,0.00,30,0,57,11,0,0,0,0,0,26,40,59,54,0,99,2,7,7,0,0,7,21,0,0
João Henrique Mendes da Silva,19,1141113600,2006/02/28,Serie A,2024,Defender,Fluminense,125,46,79,Brazil,5,1,4,0,0,0,0,0,0,0,0,2,1,1,0,0,0,0,0,0,0,0,0,0,0,0,0,25,0,0,0,-1,-1,-1,16,0,6.43,0,45,39.68,13.67,56,41,11.33,34,55,32.90,57,0.00,0.00,1.33,4,0.00,2.00,0.00,0.00,0,0.00,0.00,0.00,0.00,0.00,0.00,1.00,0.00,0.00,0.00,0.00,2.33,0.00,0.00,0.00,0.00,0.00,0.00,0.00,0,0,,0,0.00,8,0,0.00,15,0,0.00,9,2,4,1,4,0.00,99,0,0,0.00,9,6,86,5.81,95,0,0.00,99,0,0.00,0,0,0.00,0,3.87,99,7,6.77,99,3,2.90,42.86,0,0.00,0,0,0,0.00,0,0,0.00,99,0.00,0,N/A,N/A,N/A,N/A,0.00,0,0.00,0,0.00,0.00,0,82.93,0.00,15,2,0.67,1.94,2,98,35,0,0,0,0.33,0.97,1,96,19.28,1.00,2.90,3,0,0.00,0.00,99,0.00,0,0,0,0.00,0.00,0,0.00,0.00,0.00,0.00,0,0,0.00,42,0,1,40,0,0.21,80,0.07,0.20,0.00,9,0.00,0.00,50,1,0.33,0.97,0.97,0.33,34,1,0.00,9,8,80,67,0,41,2,0,0.00,99,0,0.00,0.00,12.58,4.33,13,4,25,78,3.87,1.33,30.77,0,0.00,99,0,33.33,0,0.00,99,2,0.67,1.94,98,1,50,46,0,0,0,0,0,26,40,59,54,0,99,87,7,7,0,0,7,53,0,0
João Lucas de Almeida Carvalho,27,889430400,1998/03/09,Serie A,2024,Defender,Juventude,2573,1206,1367,Brazil,30,14,16,2,1,1,6,3,3,0,0,6,5,1,42,16,26,9,1,0.28,0.21,0.07,0.07,0.07,1287,1.47,61,86,286,429,0.31,250,57,169,13,0,6.99,0.2,90,35.52,33.79,46,980,25.72,746,18,27.04,40,0.00,0.00,1.45,42,0.00,4.55,2.57,2.45,71,0.00,0.48,0.00,0.00,0.00,0.90,0.76,0.00,0.00,0.65,0.45,1.10,0.00,0.17,0.04,0.00,1.03,0.00,0.00,0,0,,18,0.62,44,5,0.18,34,13,0.47,55,2,0,30,88,0.00,99,0,26,0.94,63,132,66,4.78,90,0,0.00,99,0,0.00,0,0,0.00,0,1.52,84,32,1.16,50,22,0.80,68.75,0,0.00,0,0,0,0.00,0,0,0.00,14,0.00,0,N/A,N/A,N/A,N/A,0.00,0,0.00,0,1.08,0.00,0,76.12,27.78,26,46,0.69,0.72,20,66,84,0,0,0,0.34,0.36,10,71,202.62,1.62,1.70,47,0,0.00,0.00,99,0.00,0,0,0,0.00,0.00,0,0.00,0.00,0.04,0.03,1,0,0.00,42,91,80,88,14,5.96,84,0.21,0.22,1.08,30,0.04,0.04,48,26,0.90,0.94,1.20,1.14,51,33,0.04,29,67,63,67,0,46,50,0,0.00,99,30,0.00,1.09,9.06,8.62,250,147,64,42,5.33,5.07,58.80,14,0.51,64,0,25.00,0,0.00,99,33,1.14,1.20,90,90,14,46,0,0,0,0,0,72,53,63,57,0,99,29,42,66,7,23,79,2,0,0
João Marcelo,25,960879600,2000/06/13,Serie A,2024,Defender,Cruzeiro,2693,1350,1343,Brazil,31,16,15,0,0,0,2,0,2,0,0,10,4,6,26,11,15,8,1,0.07,0.07,0,0,0,0,0.87,104,87,299,1347,0.3,467,229,42,34,0,6.90,0.06,58,54.56,52.46,89,1469,47.96,1343,98,49.88,91,0.00,0.00,0.39,11,0.00,0.14,1.11,1.07,30,0.00,0.18,0.00,0.00,0.00,1.18,0.21,0.00,0.00,0.37,0.25,0.36,0.00,0.11,0.03,0.00,2.54,0.00,0.00,0,0,,10,0.36,23,3,0.11,23,7,0.26,29,0,1,30,31,0.00,99,0,33,1.23,79,4,96,0.15,23,0,0.00,99,0,0.00,0,0,0.00,0,0.41,29,10,0.37,21,6,0.22,60.00,0,0.00,0,0,0,0.00,0,0,0.00,78,0.00,0,N/A,N/A,N/A,N/A,0.00,0,0.00,0,0.80,0.00,0,91.42,30.00,28,92,0.11,0.11,3,25,76,0,0,0,0.79,0.82,22,92,193.13,4.75,4.94,133,0,0.00,0.00,99,0.00,0,0,0,0.00,0.00,0,0.00,0.00,0.11,0.11,3,0,0.00,42,92,83,40,79,4.03,62,0.14,0.15,0.80,24,0.03,0.03,14,9,0.32,0.33,0.67,0.64,17,18,0.03,24,52,95,67,0,65,91,0,0.00,99,71,0.00,2.64,7.32,7.04,197,116,35,24,4.31,4.14,58.88,5,0.19,79,0,50.00,0,0.00,99,2,0.07,0.07,38,90,22,11,0,0,0,0,0,36,40,59,54,0,99,72,45,63,7,23,79,43,0,0
João Moreira Souza,21,1085122800,2004/05/21,Serie A,2024,Defender,São Paulo,196,128,68,Portugal,5,3,2,0,0,0,0,0,0,0,0,2,2,0,1,0,1,0,0,0,0,0,0,0,0,0.46,196,39,0,0,0,-1,-1,-1,22,0,6.57,0,45,33.98,14.80,40,74,12.00,60,42,27.55,42,0.00,0.00,0.00,0,0.00,0.60,2.76,1.20,6,0.00,0.60,0.00,0.00,0.00,0.60,0.40,0.00,0.00,0.46,0.00,1.40,0.00,0.20,0.03,0.00,0.20,0.00,0.00,0,0,,1,0.20,30,1,0.46,63,0,0.00,9,6,2,3,90,0.00,99,0,3,1.38,86,3,86,1.38,58,0,0.00,99,0,0.00,0,0,0.00,0,0.00,8,7,3.21,86,2,0.92,28.57,0,0.00,0,0,0,0.00,0,0,0.00,98,0.00,0,N/A,N/A,N/A,N/A,0.00,0,0.00,0,0.14,0.00,0,81.08,100.00,99,70,0.20,0.46,1,71,16,0,0,0,0.00,0.00,0,23,32.87,0.60,1.38,3,0,0.00,0.00,99,0.00,0,0,0,0.00,0.00,0,0.00,0.00,0.46,0.20,1,0,0.00,42,0,1,40,98,0.11,10,0.02,0.05,0.14,39,0.03,0.06,67,3,0.60,1.38,1.38,0.60,64,3,0.06,38,12,56,67,0,91,22,0,0.00,99,1,0.00,0.46,11.02,4.80,24,12,66,66,5.51,2.40,50.00,3,1.38,22,0,33.33,0,0.00,99,1,0.20,0.46,65,2,31,93,0,0,0,0,0,26,40,59,54,0,99,87,7,7,0,0,7,30,0,0
João Pedro da Cruz Oliveira,22,1044172800,2003/02/02,Serie A,2024,Midfielder,Cruzeiro,77,8,69,Brazil,3,1,2,0,0,0,0,0,0,0,0,1,0,1,0,0,0,0,0,0,0,0,0,0,0,0,0,26,0,0,0,-1,-1,-1,28,0,6.82,0,45,19.87,5.67,10,17,3.00,9,0,10.52,2,0.00,0.00,0.00,0,0.00,0.33,0.00,0.00,0,0.00,0.33,0.00,0.00,0.00,0.67,0.33,0.00,0.00,2.34,0.33,0.33,0.00,0.33,0.06,0.00,0.33,0.00,0.00,0,0,,2,0.67,95,1,1.17,94,1,1.17,94,0,3,0,4,0.00,99,0,2,2.34,99,1,99,1.17,54,0,0.00,99,0,0.00,0,0,0.00,0,0.00,8,1,1.17,50,1,1.17,100.00,0,0.00,0,0,0,0.00,0,0,0.00,99,0.00,0,N/A,N/A,N/A,N/A,0.00,0,0.00,0,0.17,0.00,0,52.94,50.00,74,99,0.00,0.00,0,79,99,0,0,0,0.00,0.00,0,23,20.47,0.00,0.00,0,0,0.00,0.00,99,0.00,0,0,0,0.00,0.00,0,0.00,0.00,0.00,0.00,0,0,0.00,42,0,0,40,0,0.02,0,0.01,0.02,0.17,73,0.06,0.20,99,3,1.00,3.51,0.00,0.00,5,0,0.20,71,39,1,67,0,41,54,0,0.00,99,1,0.00,1.17,9.35,2.67,8,5,74,48,5.84,1.67,62.50,1,1.17,30,0,100.00,0,0.00,99,1,0.33,1.17,89,0,41,11,0,0,0,0,0,26,40,59,54,0,99,76,7,7,0,0,7,55,0,0
João Pedro de Sousa Rodrigues,21,1072857600,2003/12/31,Serie A,2024,Midfielder,Corinthians,8,8,0,Brazil,1,1,0,0,0,0,0,0,0,0,0,0,0,0,0,0,0,0,0,0,0,0,0,0,0,0,0,8,0,0,0,-1,-1,-1,27,0,6.50,0,45,45.00,4.00,71,4,3.00,3,15,33.75,59,0.00,0.00,0.00,0,0.00,0.00,0.00,0.00,0,0.00,0.00,0.00,0.00,0.00,0.00,1.00,0.00,0.00,0.00,0.00,1.00,0.00,0.00,0.00,0.00,0.00,0.00,0.00,0,0,,0,0.00,8,0,0.00,15,0,0.00,9,0,1,0,4,0.00,99,0,0,0.00,9,0,30,0.00,14,0,0.00,99,0,0.00,0,0,0.00,0,0.00,8,1,11.25,99,1,11.25,100.00,0,0.00,0,0,0,0.00,0,0,0.00,99,0.00,0,N/A,N/A,N/A,N/A,0.00,0,0.00,0,0.00,0.00,0,75.00,0.00,15,99,0.00,0.00,0,99,99,0,0,0,0.00,0.00,0,23,6.50,1.00,11.25,1,0,0.00,0.00,99,0.00,0,0,0,0.00,0.00,0,0.00,0.00,0.00,0.00,0,0,0.00,42,0,0,40,0,0.01,39,0.01,0.11,0.00,9,0.00,0.00,2,0,0.00,0.00,0.00,0.00,5,0,0.00,9,10,99,67,0,41,2,0,0.00,99,0,0.00,0.00,11.25,1.00,1,1,99,67,11.25,1.00,100.00,0,0.00,99,0,0.00,0,0.00,99,0,0.00,0.00,30,0,22,11,0,0,0,0,0,26,40,59,54,0,99,2,7,7,0,0,7,47,0,0
João Pedro do Nascimento da Mata,19,1142236800,2006/03/13,Serie A,2024,Midfielder,Flamengo,0,0,0,Brazil,0,0,0,0,0,0,0,0,0,0,0,0,0,0,0,0,0,0,0,0,0,0,0,0,0,0,0,0,0,0,0,-1,-1,-1,-1,N/A,N/A,N/A,N/A,N/A,N/A,N/A,N/A,N/A,N/A,N/A,N/A,N/A,N/A,N/A,N/A,N/A,N/A,N/A,N/A,N/A,N/A,N/A,N/A,N/A,N/A,N/A,N/A,N/A,N/A,N/A,N/A,N/A,N/A,N/A,N/A,N/A,N/A,N/A,N/A,N/A,N/A,N/A,N/A,N/A,N/A,N/A,N/A,N/A,N/A,N/A,N/A,N/A,N/A,N/A,N/A,N/A,N/A,N/A,N/A,N/A,N/A,N/A,N/A,N/A,N/A,N/A,N/A,N/A,N/A,N/A,N/A,N/A,N/A,N/A,N/A,N/A,N/A,N/A,N/A,N/A,N/A,N/A,N/A,N/A,N/A,N/A,N/A,N/A,N/A,N/A,N/A,N/A,N/A,N/A,N/A,N/A,N/A,N/A,N/A,N/A,N/A,N/A,N/A,N/A,N/A,N/A,N/A,N/A,N/A,N/A,N/A,N/A,N/A,N/A,N/A,N/A,N/A,N/A,N/A,N/A,N/A,N/A,N/A,N/A,N/A,N/A,N/A,N/A,N/A,N/A,N/A,N/A,N/A,N/A,N/A,N/A,N/A,N/A,N/A,N/A,N/A,N/A,N/A,N/A,N/A,N/A,N/A,N/A,N/A,N/A,N/A,N/A,N/A,N/A,N/A,N/A,N/A,N/A,N/A,N/A,N/A,N/A,N/A,N/A,N/A,N/A,N/A,N/A,N/A,N/A,N/A,N/A,N/A,N/A,N/A,N/A,N/A,N/A,N/A,N/A,N/A,N/A,N/A,N/A,N/A,N/A,N/A,N/A,N/A,N/A,N/A,N/A,N/A,N/A,N/A,N/A,N/A,N/A,N/A,N/A,N/A,N/A,N/A,N/A,N/A,N/A,N/A,N/A,N/A,N/A,N/A,N/A,N/A,N/A,N/A,N/A,N/A,N/A,N/A,N/A,N/A,N/A,N/A
João Pedro Geraldino dos Santos Galvão,33,700128000,1992/03/09,Serie A,2024,Midfielder,Grêmio,583,308,275,Brazil,11,6,5,0,0,0,0,0,0,0,0,2,2,0,10,6,4,0,0,0,0,0,0,0,0,1.54,58,53,0,0,0,383,501,-1,28,0,6.58,0,45,16.67,9.82,5,108,7.73,85,32,13.12,7,0.00,0.00,0.36,4,0.00,0.00,0.15,0.09,1,0.00,1.18,0.00,0.00,0.00,0.09,0.18,0.00,0.00,0.77,0.18,0.64,0.00,0.27,0.05,0.00,1.64,0.00,0.00,0,0,,5,0.45,51,3,0.46,63,2,0.31,36,1,4,7,7,0.00,99,0,1,0.15,14,0,30,0.00,14,0,0.00,99,0,0.00,0,0,0.00,0,0.62,39,7,1.08,47,2,0.31,28.57,0,0.00,0,0,0,0.00,0,0,0.00,10,0.00,0,N/A,N/A,N/A,N/A,0.00,0,0.00,0,0.55,0.00,0,78.70,60.00,88,99,0.00,0.00,0,31,16,0,0,0,0.00,0.00,0,23,72.42,0.36,0.62,4,0,0.00,0.00,99,0.00,0,0,0,0.00,0.00,0,0.00,0.00,0.00,0.00,0,0,0.00,42,14,11,40,10,0.29,6,0.03,0.04,0.55,44,0.05,0.08,91,15,1.36,2.32,2.01,1.18,90,13,0.08,43,12,25,67,0,41,92,0,0.00,99,18,0.00,2.78,13.74,8.09,89,35,65,84,5.40,3.18,39.33,13,2.01,8,0,0.00,0,0.00,99,0,0.00,0.00,30,18,50,30,0,0,0,0,0,26,40,59,54,0,99,23,7,7,0,0,7,11,0,0
João Pedro Maturano dos Santos,29,848044800,1996/11/15,Serie A,2024,Defender,Grêmio,2760,1335,1425,Brazil,32,15,17,1,0,1,4,3,1,0,0,6,4,2,37,16,21,3,0,0.16,0.13,0.03,0,0.06,2760,1.21,75,86,920,690,0.1,299,142,132,11,0,6.82,0.12,76,36.70,35.07,49,1052,28.63,859,45,29.97,49,0.00,0.00,0.87,26,0.00,1.23,1.29,1.23,37,0.00,0.73,0.00,0.00,0.00,0.47,1.03,0.00,13.00,0.45,0.30,1.90,0.00,0.13,0.05,0.00,1.13,0.00,0.00,0,0,,13,0.43,28,4,0.14,28,9,0.31,36,3,1,31,39,0.00,99,0,14,0.49,33,37,49,1.29,56,0,0.00,99,0,0.00,0,0,0.00,0,0.91,56,57,1.99,73,31,1.08,54.39,0,0.00,0,0,0,0.00,0,0,0.00,35,0.00,0,N/A,N/A,N/A,N/A,0.00,0,0.00,0,1.52,0.00,0,81.65,30.77,30,82,0.30,0.31,9,77,63,0,0,0,0.33,0.35,10,69,204.61,1.77,1.85,53,2,0.00,0.07,8,0.07,0,0,1,0.03,0.03,0,0.00,0.00,0.03,0.03,1,0,7.69,52,94,88,99,37,5.15,73,0.17,0.18,1.52,35,0.05,0.05,24,14,0.47,0.49,0.52,0.50,13,15,0.05,34,39,67,68,0,42,55,0,0.00,99,34,0.00,1.19,7.36,7.03,211,115,28,24,4.01,3.83,54.50,22,0.77,52,0,18.92,0,0.00,99,7,0.23,0.24,54,92,22,63,0,0,0,0,0,55,41,60,54,0,99,27,94,15,3,9,26,18,0,0
João Pedro Murilo de Paula Morais,20,1113894000,2005/04/19,Serie A,2024,Midfielder,Vasco da Gama,476,297,179,Brazil,10,6,4,0,0,0,1,1,0,0,0,4,3,1,2,1,1,0,0,0.19,0.19,0,0,0,0,0.38,238,48,0,476,0,414,76,-1,28,0,6.80,0.1,87,34.81,16.88,43,135,14.00,112,55,28.88,45,0.00,0.00,0.38,3,0.00,0.00,3.61,1.75,14,0.00,1.00,0.00,0.00,0.00,0.25,0.38,0.00,0.00,0.77,0.12,1.25,0.00,0.25,0.04,0.00,1.00,0.00,0.00,0,0,,3,0.38,51,2,0.52,66,1,0.26,29,1,6,4,98,0.00,99,0,2,0.52,35,0,30,0.00,14,0,0.00,99,0,0.00,0,0,0.00,0,0.77,46,10,2.58,81,3,0.77,30.00,0,0.00,0,0,0,0.00,0,0,0.00,99,0.00,0,N/A,N/A,N/A,N/A,0.00,0,0.00,0,0.34,0.00,0,82.96,66.67,95,43,0.38,0.77,3,65,17,0,0,0,0.00,0.00,0,23,54.37,0.88,1.81,7,0,0.00,0.00,99,0.00,0,0,0,0.00,0.00,0,0.00,0.00,0.00,0.00,0,0,0.00,42,7,8,40,99,0.93,89,0.12,0.24,0.34,49,0.04,0.09,52,4,0.50,1.03,1.55,0.75,73,6,0.09,49,34,65,67,0,41,78,0,0.00,99,8,0.00,2.06,16.50,8.00,64,29,96,97,7.48,3.62,45.31,8,2.06,8,0,0.00,0,0.00,99,0,0.00,0.00,30,6,63,30,0,0,0,0,0,61,40,59,54,0,99,87,7,7,0,0,7,98,0,0
João Pedro Vilardi Pinto,27,884073600,1998/01/06,Serie A,2024,Midfielder,Grêmio,1285,574,711,Brazil,26,12,14,1,1,0,0,0,0,0,0,5,3,2,20,9,11,3,1,0.07,0,0.07,0.16,0,1285,1.4,64,49,321,0,0.28,241,325,-1,16,0,6.33,0,45,46.85,25.84,75,646,22.76,569,86,41.27,79,0.00,0.00,0.28,7,0.00,0.28,3.12,1.72,43,0.00,0.72,0.00,0.00,0.00,0.76,0.44,0.00,9.00,0.65,0.24,0.92,0.00,0.12,0.05,0.00,0.52,0.00,0.00,0,0,,9,0.36,44,3,0.22,40,6,0.44,52,4,11,15,95,0.00,99,0,19,1.38,86,7,75,0.51,40,0,0.00,99,0,0.00,0,0,0.00,0,0.51,34,23,1.67,67,11,0.80,47.83,0,0.00,0,0,0,0.00,0,0,0.00,19,0.00,0,N/A,N/A,N/A,N/A,0.00,0,0.00,0,1.24,0.00,0,88.08,33.33,37,20,0.64,1.16,16,66,47,0,0,0,0.12,0.22,3,54,158.16,0.92,1.67,23,0,0.00,0.00,99,0.00,0,0,0,0.00,0.00,0,0.00,0.00,0.07,0.04,1,0,11.11,61,49,65,88,19,1.24,27,0.05,0.09,1.24,49,0.05,0.09,96,38,1.52,2.76,1.74,0.96,81,24,0.09,49,5,62,67,0,54,45,0,0.00,99,13,0.00,0.94,13.42,7.40,185,105,97,83,7.61,4.20,56.76,18,1.31,25,0,28.57,0,0.00,99,2,0.08,0.15,47,51,85,77,0,0,0,0,0,36,53,59,71,0,99,27,50,59,2,8,21,23,0,0
João Ricardo Riedi,37,589532400,1988/09/06,Serie A,2024,Goalkeeper,Fortaleza,3420,1710,1710,Brazil,38,19,19,0,0,0,0,0,0,0,0,13,11,2,36,7,29,2,0,0,0,0,0,0,0,0.95,95,90,1710,0,0.05,448,487,62,20,0,7.42,0,45,22.03,22.03,15,749,13.47,458,2,13.47,9,0.00,0.00,0.03,1,0.00,0.00,0.06,0.06,2,0.00,0.00,0.00,0.00,4.06,0.00,0.03,5.12,0.00,0.00,0.00,0.03,0.00,0.00,0.00,0.00,0.29,0.00,0.00,0,0,,0,0.00,8,0,0.00,15,0,0.00,9,0,0,38,6,0.00,99,0,0,0.00,9,0,30,0.00,14,0,0.00,99,0,0.00,0,0,0.00,0,0.03,8,1,0.03,8,1,0.03,100.00,0,0.00,0,138,91,4.06,91,174,0.00,68,5.12,79,N/A,N/A,N/A,N/A,79.31,0,0.00,0,0.00,0.00,0,61.15,0.00,15,99,0.00,0.00,0,11,99,0,0,78,0.00,0.00,0,23,252.16,1.18,1.18,40,0,0.00,0.00,99,0.00,0,0,0,0.00,0.00,28,0.82,0.82,0.00,0.00,0,0,0.00,42,99,99,40,68,1.03,3,0.03,0.03,0.00,9,0.00,0.00,5,5,0.15,0.15,0.00,0.00,5,0,0.00,9,98,50,67,94,41,12,0,0.00,99,10,0.00,0.29,0.47,0.47,16,16,5,3,0.47,0.47,100.00,0,0.00,99,0,0.00,0,0.00,99,0,0.00,0.00,30,99,14,11,0,0,0,0,0,26,40,59,54,0,99,77,99,9,2,5,13,1,0,0
João Roberto Rota Neto,22,1053500400,2003/05/21,Serie A,2024,Midfielder,Bragantino,0,0,0,Brazil,0,0,0,0,0,0,0,0,0,0,0,0,0,0,0,0,0,0,0,0,0,0,0,0,0,0,0,0,0,0,0,-1,-1,-1,-1,N/A,N/A,N/A,N/A,N/A,N/A,N/A,N/A,N/A,N/A,N/A,N/A,N/A,N/A,N/A,N/A,N/A,N/A,N/A,N/A,N/A,N/A,N/A,N/A,N/A,N/A,N/A,N/A,N/A,N/A,N/A,N/A,N/A,N/A,N/A,N/A,N/A,N/A,N/A,N/A,N/A,N/A,N/A,N/A,N/A,N/A,N/A,N/A,N/A,N/A,N/A,N/A,N/A,N/A,N/A,N/A,N/A,N/A,N/A,N/A,N/A,N/A,N/A,N/A,N/A,N/A,N/A,N/A,N/A,N/A,N/A,N/A,N/A,N/A,N/A,N/A,N/A,N/A,N/A,N/A,N/A,N/A,N/A,N/A,N/A,N/A,N/A,N/A,N/A,N/A,N/A,N/A,N/A,N/A,N/A,N/A,N/A,N/A,N/A,N/A,N/A,N/A,N/A,N/A,N/A,N/A,N/A,N/A,N/A,N/A,N/A,N/A,N/A,N/A,N/A,N/A,N/A,N/A,N/A,N/A,N/A,N/A,N/A,N/A,N/A,N/A,N/A,N/A,N/A,N/A,N/A,N/A,N/A,N/A,N/A,N/A,N/A,N/A,N/A,N/A,N/A,N/A,N/A,N/A,N/A,N/A,N/A,N/A,N/A,N/A,N/A,N/A,N/A,N/A,N/A,N/A,N/A,N/A,N/A,N/A,N/A,N/A,N/A,N/A,N/A,N/A,N/A,N/A,N/A,N/A,N/A,N/A,N/A,N/A,N/A,N/A,N/A,N/A,N/A,N/A,N/A,N/A,N/A,N/A,N/A,N/A,N/A,N/A,N/A,N/A,N/A,N/A,N/A,N/A,N/A,N/A,N/A,N/A,N/A,N/A,N/A,N/A,N/A,N/A,N/A,N/A,N/A,N/A,N/A,N/A,N/A,N/A,N/A,N/A,N/A,N/A,N/A,N/A,N/A,N/A,N/A,N/A,N/A,N/A
João Victor,27,900658800,1998/07/17,Serie A,2024,Defender,Vasco da Gama,1779,992,787,Brazil,23,13,10,1,0,1,1,0,1,0,0,4,3,1,28,13,15,7,2,0.1,0.05,0.05,0,0.11,1779,1.42,64,77,222,1779,0.4,270,245,164,18,0,6.97,0.04,52,50.89,43.74,84,1006,37.87,871,78,44.06,85,0.00,0.00,0.35,8,0.00,0.26,1.77,1.52,35,0.00,0.22,0.00,0.00,0.00,0.96,0.17,0.00,5.00,0.25,0.13,0.39,0.00,0.09,0.04,0.00,1.39,0.00,0.00,0,0,,5,0.22,16,2,0.10,21,3,0.15,16,2,3,20,61,0.00,99,0,22,1.11,74,6,45,0.30,31,0,0.00,99,0,0.00,0,0,0.00,0,0.40,29,9,0.46,26,4,0.20,44.44,0,0.00,0,0,0,0.00,0,0,0.00,16,0.00,0,N/A,N/A,N/A,N/A,0.00,0,0.00,0,0.99,0.00,0,86.58,40.00,51,73,0.35,0.40,8,24,39,0,0,0,0.70,0.81,16,92,160.42,3.96,4.60,91,0,0.00,0.00,99,0.00,0,0,0,0.00,0.00,0,0.00,0.00,0.00,0.00,0,0,20.00,87,67,55,94,19,2.49,51,0.11,0.13,0.99,35,0.04,0.05,63,25,1.09,1.26,0.56,0.48,13,11,0.05,34,64,93,67,0,41,67,0,0.00,99,32,0.00,1.62,7.44,6.39,147,94,49,25,4.76,4.09,63.95,5,0.25,75,0,16.67,0,0.00,99,1,0.04,0.05,34,67,41,46,0,0,0,0,0,43,47,69,54,0,99,20,27,81,5,22,75,38,0,0
João Victor Alves Ferreira,20,1112083200,2005/03/29,Serie A,2024,Midfielder,Flamengo,0,0,0,Brazil,0,0,0,0,0,0,0,0,0,0,0,0,0,0,0,0,0,0,0,0,0,0,0,0,0,0,0,0,0,0,0,-1,-1,-1,-1,N/A,N/A,N/A,N/A,N/A,N/A,N/A,N/A,N/A,N/A,N/A,N/A,N/A,N/A,N/A,N/A,N/A,N/A,N/A,N/A,N/A,N/A,N/A,N/A,N/A,N/A,N/A,N/A,N/A,N/A,N/A,N/A,N/A,N/A,N/A,N/A,N/A,N/A,N/A,N/A,N/A,N/A,N/A,N/A,N/A,N/A,N/A,N/A,N/A,N/A,N/A,N/A,N/A,N/A,N/A,N/A,N/A,N/A,N/A,N/A,N/A,N/A,N/A,N/A,N/A,N/A,N/A,N/A,N/A,N/A,N/A,N/A,N/A,N/A,N/A,N/A,N/A,N/A,N/A,N/A,N/A,N/A,N/A,N/A,N/A,N/A,N/A,N/A,N/A,N/A,N/A,N/A,N/A,N/A,N/A,N/A,N/A,N/A,N/A,N/A,N/A,N/A,N/A,N/A,N/A,N/A,N/A,N/A,N/A,N/A,N/A,N/A,N/A,N/A,N/A,N/A,N/A,N/A,N/A,N/A,N/A,N/A,N/A,N/A,N/A,N/A,N/A,N/A,N/A,N/A,N/A,N/A,N/A,N/A,N/A,N/A,N/A,N/A,N/A,N/A,N/A,N/A,N/A,N/A,N/A,N/A,N/A,N/A,N/A,N/A,N/A,N/A,N/A,N/A,N/A,N/A,N/A,N/A,N/A,N/A,N/A,N/A,N/A,N/A,N/A,N/A,N/A,N/A,N/A,N/A,N/A,N/A,N/A,N/A,N/A,N/A,N/A,N/A,N/A,N/A,N/A,N/A,N/A,N/A,N/A,N/A,N/A,N/A,N/A,N/A,N/A,N/A,N/A,N/A,N/A,N/A,N/A,N/A,N/A,N/A,N/A,N/A,N/A,N/A,N/A,N/A,N/A,N/A,N/A,N/A,N/A,N/A,N/A,N/A,N/A,N/A,N/A,N/A,N/A,N/A,N/A,N/A,N/A,N/A
João Victor de Souza Cunha,18,1167638400,2007/01/01,Serie A,2024,Midfielder,Flamengo,3,0,3,Brazil,1,0,1,0,0,0,0,0,0,0,0,1,0,1,0,0,0,0,0,0,0,0,0,0,0,0,0,3,0,0,0,-1,-1,-1,37,0,6.61,0,45,180.00,6.00,99,6,5.00,5,58,150.00,99,0.00,0.00,0.00,0,0.00,0.00,0.00,0.00,0,0.00,0.00,0.00,0.00,0.00,0.00,0.00,0.00,0.00,0.00,0.00,0.00,0.00,0.00,0.00,0.00,0.00,0.00,0.00,0,0,,0,0.00,8,0,0.00,15,0,0.00,9,0,1,0,4,0.00,99,0,0,0.00,9,0,30,0.00,14,0,0.00,99,0,0.00,0,0,0.00,0,0.00,8,0,0.00,7,0,0.00,0.00,0,0.00,0,0,0,0.00,0,0,0.00,99,0.00,0,N/A,N/A,N/A,N/A,0.00,0,0.00,0,0.00,0.00,0,83.33,0.00,15,99,0.00,0.00,0,10,10,0,0,0,0.00,0.00,0,23,6.61,1.00,30.00,1,0,0.00,0.00,99,0.00,0,0,0,0.00,0.00,0,0.00,0.00,0.00,0.00,0,0,0.00,42,0,0,40,0,0.01,95,0.01,0.30,0.00,9,0.00,0.00,2,0,0.00,0.00,0.00,0.00,5,0,0.00,9,14,99,67,0,41,2,0,0.00,99,0,0.00,0.00,0.00,0.00,0,0,0,0,0.00,0.00,0.00,0,0.00,99,0,0.00,0,0.00,99,0,0.00,0.00,30,0,22,11,0,0,0,0,0,26,40,59,54,0,99,99,7,7,0,0,7,61,0,0
João Victor Machado Cruz,19,1147417200,2006/05/12,Serie A,2024,Midfielder,Atlético PR,840,448,392,Brazil,18,9,9,1,0,1,2,2,0,0,0,4,3,1,7,3,4,2,0,0.32,0.21,0.11,0,0.23,840,0.75,120,47,420,420,0.21,188,55,-1,10,0,6.75,0.11,90,35.57,18.44,46,332,15.06,271,45,29.04,46,0.00,0.00,1.22,22,0.00,3.33,1.82,0.94,17,0.00,0.78,0.00,0.00,0.00,0.28,0.22,0.00,13.00,1.39,0.50,0.67,0.00,0.22,0.08,0.00,0.28,0.00,0.00,0,0,,13,0.72,74,4,0.43,61,9,0.96,87,4,8,10,64,0.00,99,0,5,0.54,36,60,52,6.43,97,0,0.00,99,0,0.00,0,0,0.00,0,2.36,95,12,1.29,56,4,0.43,33.33,0,0.00,0,0,0,0.00,0,0,0.00,88,0.00,0,N/A,N/A,N/A,N/A,0.00,0,0.00,0,1.47,0.00,0,81.63,30.77,30,13,0.67,1.29,12,41,20,0,0,0,0.00,0.00,0,23,121.51,0.28,0.54,5,0,0.00,0.00,99,0.00,0,0,1,0.06,0.11,0,0.00,0.00,0.00,0.00,0,0,7.69,52,26,36,77,88,2.52,93,0.14,0.27,1.47,66,0.08,0.16,26,5,0.28,0.54,1.50,0.78,71,14,0.16,64,25,20,91,0,41,25,0,0.00,99,5,0.00,0.54,9.11,4.72,85,31,14,44,3.32,1.72,36.47,14,1.50,18,0,20.00,0,0.00,99,12,0.67,1.29,93,32,73,77,0,0,0,0,0,77,64,84,54,0,99,36,66,42,2,11,35,57,0,0
João Victor Schlickmann Carbone,20,1106985600,2005/01/29,Serie A,2024,Midfielder,Flamengo,0,0,0,Brazil,0,0,0,0,0,0,0,0,0,0,0,0,0,0,0,0,0,0,0,0,0,0,0,0,0,0,0,0,0,0,0,-1,-1,-1,-1,N/A,N/A,N/A,N/A,N/A,N/A,N/A,N/A,N/A,N/A,N/A,N/A,N/A,N/A,N/A,N/A,N/A,N/A,N/A,N/A,N/A,N/A,N/A,N/A,N/A,N/A,N/A,N/A,N/A,N/A,N/A,N/A,N/A,N/A,N/A,N/A,N/A,N/A,N/A,N/A,N/A,N/A,N/A,N/A,N/A,N/A,N/A,N/A,N/A,N/A,N/A,N/A,N/A,N/A,N/A,N/A,N/A,N/A,N/A,N/A,N/A,N/A,N/A,N/A,N/A,N/A,N/A,N/A,N/A,N/A,N/A,N/A,N/A,N/A,N/A,N/A,N/A,N/A,N/A,N/A,N/A,N/A,N/A,N/A,N/A,N/A,N/A,N/A,N/A,N/A,N/A,N/A,N/A,N/A,N/A,N/A,N/A,N/A,N/A,N/A,N/A,N/A,N/A,N/A,N/A,N/A,N/A,N/A,N/A,N/A,N/A,N/A,N/A,N/A,N/A,N/A,N/A,N/A,N/A,N/A,N/A,N/A,N/A,N/A,N/A,N/A,N/A,N/A,N/A,N/A,N/A,N/A,N/A,N/A,N/A,N/A,N/A,N/A,N/A,N/A,N/A,N/A,N/A,N/A,N/A,N/A,N/A,N/A,N/A,N/A,N/A,N/A,N/A,N/A,N/A,N/A,N/A,N/A,N/A,N/A,N/A,N/A,N/A,N/A,N/A,N/A,N/A,N/A,N/A,N/A,N/A,N/A,N/A,N/A,N/A,N/A,N/A,N/A,N/A,N/A,N/A,N/A,N/A,N/A,N/A,N/A,N/A,N/A,N/A,N/A,N/A,N/A,N/A,N/A,N/A,N/A,N/A,N/A,N/A,N/A,N/A,N/A,N/A,N/A,N/A,N/A,N/A,N/A,N/A,N/A,N/A,N/A,N/A,N/A,N/A,N/A,N/A,N/A,N/A,N/A,N/A,N/A,N/A,N/A
João Victor Trevisol da Silva,20,1113894000,2005/04/19,Serie A,2024,Midfielder,Juventude,0,0,0,Brazil,0,0,0,0,0,0,0,0,0,0,0,0,0,0,0,0,0,0,0,0,0,0,0,0,0,0,0,0,0,0,0,-1,-1,-1,-1,N/A,N/A,N/A,N/A,N/A,N/A,N/A,N/A,N/A,N/A,N/A,N/A,N/A,N/A,N/A,N/A,N/A,N/A,N/A,N/A,N/A,N/A,N/A,N/A,N/A,N/A,N/A,N/A,N/A,N/A,N/A,N/A,N/A,N/A,N/A,N/A,N/A,N/A,N/A,N/A,N/A,N/A,N/A,N/A,N/A,N/A,N/A,N/A,N/A,N/A,N/A,N/A,N/A,N/A,N/A,N/A,N/A,N/A,N/A,N/A,N/A,N/A,N/A,N/A,N/A,N/A,N/A,N/A,N/A,N/A,N/A,N/A,N/A,N/A,N/A,N/A,N/A,N/A,N/A,N/A,N/A,N/A,N/A,N/A,N/A,N/A,N/A,N/A,N/A,N/A,N/A,N/A,N/A,N/A,N/A,N/A,N/A,N/A,N/A,N/A,N/A,N/A,N/A,N/A,N/A,N/A,N/A,N/A,N/A,N/A,N/A,N/A,N/A,N/A,N/A,N/A,N/A,N/A,N/A,N/A,N/A,N/A,N/A,N/A,N/A,N/A,N/A,N/A,N/A,N/A,N/A,N/A,N/A,N/A,N/A,N/A,N/A,N/A,N/A,N/A,N/A,N/A,N/A,N/A,N/A,N/A,N/A,N/A,N/A,N/A,N/A,N/A,N/A,N/A,N/A,N/A,N/A,N/A,N/A,N/A,N/A,N/A,N/A,N/A,N/A,N/A,N/A,N/A,N/A,N/A,N/A,N/A,N/A,N/A,N/A,N/A,N/A,N/A,N/A,N/A,N/A,N/A,N/A,N/A,N/A,N/A,N/A,N/A,N/A,N/A,N/A,N/A,N/A,N/A,N/A,N/A,N/A,N/A,N/A,N/A,N/A,N/A,N/A,N/A,N/A,N/A,N/A,N/A,N/A,N/A,N/A,N/A,N/A,N/A,N/A,N/A,N/A,N/A,N/A,N/A,N/A,N/A,N/A,N/A
João Vitor Cardoso de Souza,23,1027580400,2002/07/25,Serie A,2024,Defender,Juventude,0,0,0,Brazil,0,0,0,0,0,0,0,0,0,0,0,0,0,0,0,0,0,0,0,0,0,0,0,0,0,0,0,0,0,0,0,-1,-1,-1,-1,N/A,N/A,N/A,N/A,N/A,N/A,N/A,N/A,N/A,N/A,N/A,N/A,N/A,N/A,N/A,N/A,N/A,N/A,N/A,N/A,N/A,N/A,N/A,N/A,N/A,N/A,N/A,N/A,N/A,N/A,N/A,N/A,N/A,N/A,N/A,N/A,N/A,N/A,N/A,N/A,N/A,N/A,N/A,N/A,N/A,N/A,N/A,N/A,N/A,N/A,N/A,N/A,N/A,N/A,N/A,N/A,N/A,N/A,N/A,N/A,N/A,N/A,N/A,N/A,N/A,N/A,N/A,N/A,N/A,N/A,N/A,N/A,N/A,N/A,N/A,N/A,N/A,N/A,N/A,N/A,N/A,N/A,N/A,N/A,N/A,N/A,N/A,N/A,N/A,N/A,N/A,N/A,N/A,N/A,N/A,N/A,N/A,N/A,N/A,N/A,N/A,N/A,N/A,N/A,N/A,N/A,N/A,N/A,N/A,N/A,N/A,N/A,N/A,N/A,N/A,N/A,N/A,N/A,N/A,N/A,N/A,N/A,N/A,N/A,N/A,N/A,N/A,N/A,N/A,N/A,N/A,N/A,N/A,N/A,N/A,N/A,N/A,N/A,N/A,N/A,N/A,N/A,N/A,N/A,N/A,N/A,N/A,N/A,N/A,N/A,N/A,N/A,N/A,N/A,N/A,N/A,N/A,N/A,N/A,N/A,N/A,N/A,N/A,N/A,N/A,N/A,N/A,N/A,N/A,N/A,N/A,N/A,N/A,N/A,N/A,N/A,N/A,N/A,N/A,N/A,N/A,N/A,N/A,N/A,N/A,N/A,N/A,N/A,N/A,N/A,N/A,N/A,N/A,N/A,N/A,N/A,N/A,N/A,N/A,N/A,N/A,N/A,N/A,N/A,N/A,N/A,N/A,N/A,N/A,N/A,N/A,N/A,N/A,N/A,N/A,N/A,N/A,N/A,N/A,N/A,N/A,N/A,N/A,N/A
João Wellington Gadelha Melo de Oliveira,21,1073030400,2004/01/02,Serie A,2024,Midfielder,Cruzeiro,295,200,95,Brazil,10,6,4,0,0,0,0,0,0,0,0,3,2,1,3,2,1,1,0,0,0,0,0,0,0,0.92,98,30,295,0,0.31,330,362,-1,22,0,6.60,0,45,33.25,10.90,38,109,8.90,89,45,27.15,40,0.00,0.00,0.30,3,0.00,0.10,2.14,0.70,7,0.00,0.30,0.00,0.00,0.00,0.50,0.30,0.00,0.00,0.31,0.10,0.90,0.00,0.00,0.01,0.00,0.10,0.00,0.00,0,0,,1,0.10,20,0,0.00,15,1,0.31,36,3,8,2,76,0.00,99,0,5,1.53,90,1,99,0.31,31,0,0.00,99,0,0.00,0,0,0.00,0,0.92,57,9,2.75,82,3,0.92,33.33,0,0.00,0,0,0,0.00,0,0,0.00,71,0.00,0,N/A,N/A,N/A,N/A,0.00,0,0.00,0,0.05,0.00,0,81.65,0.00,15,82,0.10,0.31,1,71,20,0,0,0,0.00,0.00,0,23,65.97,0.30,0.92,3,0,0.00,0.00,99,0.00,0,0,0,0.00,0.00,0,0.00,0.00,0.00,0.00,0,0,0.00,42,0,8,40,71,0.32,33,0.03,0.10,0.05,19,0.01,0.02,82,6,0.60,1.83,1.22,0.40,52,4,0.02,19,13,41,67,0,41,14,0,0.00,99,1,0.00,0.31,10.07,3.30,33,17,60,55,5.19,1.70,51.52,3,0.92,43,0,100.00,0,0.00,99,1,0.10,0.31,58,1,73,63,0,0,0,0,0,26,40,59,54,0,99,65,45,66,1,10,29,77,0,0
Joaquín Piquerez Moreira,27,903942000,1998/08/24,Serie A,2024,Defender,Palmeiras,1318,738,580,Uruguay,16,9,7,2,1,1,0,0,0,1,0,7,4,3,12,5,7,2,0,0.14,0,0.14,0.12,0.16,659,0.82,110,82,659,0,0.14,159,474,29,10,0,7.15,0,45,40.47,36.71,59,514,30.93,433,63,34.09,61,0.00,0.00,1.21,17,0.00,4.93,1.89,1.71,24,0.00,0.36,0.00,0.00,0.00,0.71,0.57,0.00,9.50,1.50,0.86,1.14,0.00,0.50,0.19,0.00,1.00,0.00,0.00,0,0,,19,1.36,78,7,0.55,68,12,0.94,85,3,1,15,65,0.00,99,0,10,0.79,55,69,56,5.43,93,0,0.00,99,0,0.00,0,0,0.00,0,1.34,76,16,1.26,55,8,0.63,50.00,0,0.00,0,0,0,0.00,0,0,0.00,84,0.00,0,N/A,N/A,N/A,N/A,0.00,0,0.00,0,2.72,0.00,0,84.24,36.84,41,18,1.07,1.18,15,54,57,1,0,0,0.21,0.24,3,57,100.13,1.64,1.81,23,0,0.00,0.00,99,0.00,0,1,0,0.00,0.00,0,0.00,0.00,0.00,0.00,0,0,10.53,58,50,27,71,84,1.41,39,0.10,0.11,2.02,66,0.14,0.16,63,16,1.14,1.26,0.71,0.64,19,9,0.21,73,86,65,67,0,41,51,0,0.00,99,14,0.00,1.10,7.95,7.21,101,61,50,30,4.80,4.36,60.40,5,0.39,68,0,21.74,0,0.00,99,15,1.07,1.18,90,51,22,63,0,0,0,0,0,52,70,77,65,0,99,93,84,27,2,12,41,22,0,0
Joel Nathaniel Campbell Samuels,33,709542000,1992/06/26,Serie A,2024,Forward,Atlético GO,557,308,249,Costa Rica,10,6,4,2,1,1,0,0,0,1,0,2,2,0,11,6,5,4,0,0.32,0,0.32,0.29,0.36,279,1.78,51,56,139,0,0.65,50,335,-1,8,0,6.98,0,45,44.11,27.30,70,273,22.70,227,56,36.68,67,0.00,0.00,1.10,11,0.00,1.60,2.10,1.30,13,0.00,1.10,0.00,0.00,0.00,0.20,1.00,0.00,4.00,1.29,0.50,2.70,0.00,0.30,0.18,0.00,0.80,0.00,0.00,0,0,,8,0.80,70,3,0.48,64,5,0.81,78,4,4,6,74,0.00,99,0,2,0.32,25,16,49,2.59,70,0,0.00,99,0,0.00,0,0,0.00,0,1.78,89,27,4.36,93,10,1.62,37.04,0,0.00,0,0,0,0.00,0,0,0.00,4,0.00,0,N/A,N/A,N/A,N/A,0.00,0,0.00,0,1.81,0.00,0,83.15,37.50,45,29,0.60,0.97,6,87,23,1,0,0,0.00,0.00,0,23,69.85,0.10,0.16,1,0,0.00,0.00,99,0.00,0,1,0,0.00,0.00,0,0.00,0.00,0.00,0.00,0,0,25.00,93,13,8,50,5,0.80,51,0.08,0.13,1.11,70,0.11,0.18,70,9,0.90,1.45,0.48,0.30,12,3,0.29,84,65,3,67,0,41,59,0,0.00,99,8,0.00,1.29,14.38,8.90,89,40,84,88,6.46,4.00,44.94,11,1.78,13,0,18.75,0,0.00,99,3,0.30,0.48,66,14,50,77,0,0,0,0,0,77,91,92,84,0,99,29,13,95,3,30,91,7,0,0
Johan Caicedo Caicedo,21,1079164800,2004/03/13,Serie A,2024,Midfielder,Bragantino,0,0,0,Colombia,0,0,0,0,0,0,0,0,0,0,0,0,0,0,0,0,0,0,0,0,0,0,0,0,0,0,0,0,0,0,0,-1,-1,-1,-1,N/A,N/A,N/A,N/A,N/A,N/A,N/A,N/A,N/A,N/A,N/A,N/A,N/A,N/A,N/A,N/A,N/A,N/A,N/A,N/A,N/A,N/A,N/A,N/A,N/A,N/A,N/A,N/A,N/A,N/A,N/A,N/A,N/A,N/A,N/A,N/A,N/A,N/A,N/A,N/A,N/A,N/A,N/A,N/A,N/A,N/A,N/A,N/A,N/A,N/A,N/A,N/A,N/A,N/A,N/A,N/A,N/A,N/A,N/A,N/A,N/A,N/A,N/A,N/A,N/A,N/A,N/A,N/A,N/A,N/A,N/A,N/A,N/A,N/A,N/A,N/A,N/A,N/A,N/A,N/A,N/A,N/A,N/A,N/A,N/A,N/A,N/A,N/A,N/A,N/A,N/A,N/A,N/A,N/A,N/A,N/A,N/A,N/A,N/A,N/A,N/A,N/A,N/A,N/A,N/A,N/A,N/A,N/A,N/A,N/A,N/A,N/A,N/A,N/A,N/A,N/A,N/A,N/A,N/A,N/A,N/A,N/A,N/A,N/A,N/A,N/A,N/A,N/A,N/A,N/A,N/A,N/A,N/A,N/A,N/A,N/A,N/A,N/A,N/A,N/A,N/A,N/A,N/A,N/A,N/A,N/A,N/A,N/A,N/A,N/A,N/A,N/A,N/A,N/A,N/A,N/A,N/A,N/A,N/A,N/A,N/A,N/A,N/A,N/A,N/A,N/A,N/A,N/A,N/A,N/A,N/A,N/A,N/A,N/A,N/A,N/A,N/A,N/A,N/A,N/A,N/A,N/A,N/A,N/A,N/A,N/A,N/A,N/A,N/A,N/A,N/A,N/A,N/A,N/A,N/A,N/A,N/A,N/A,N/A,N/A,N/A,N/A,N/A,N/A,N/A,N/A,N/A,N/A,N/A,N/A,N/A,N/A,N/A,N/A,N/A,N/A,N/A,N/A,N/A,N/A,N/A,N/A,N/A,N/A
John,29,824198400,1996/02/13,Serie A,2024,Goalkeeper,Botafogo,3060,1530,1530,Brazil,34,17,17,0,0,0,0,0,0,0,0,16,8,8,23,11,12,3,0,0,0,0,0,0,0,0.68,133,90,1020,0,0.09,459,503,14,34,0,7.19,0,45,29.19,29.19,30,934,22.19,710,17,22.19,28,0.00,0.00,0.00,0,0.00,0.00,0.00,0.00,0,0.00,0.00,0.00,0.00,2.69,0.00,0.00,3.47,0.00,0.00,0.00,0.00,0.00,0.00,0.00,0.00,0.22,0.00,0.00,0,0,,0,0.00,8,0,0.00,15,0,0.00,9,0,0,34,4,0.00,99,0,0,0.00,9,0,30,0.00,14,0,0.00,99,0,0.00,0,0,0.00,0,0.00,8,0,0.00,7,0,0.00,0.00,0,0.00,0,86,74,2.69,15,111,0.00,92,3.47,6,N/A,N/A,N/A,N/A,77.48,0,0.00,0,0.00,0.00,0,76.02,0.00,15,95,0.03,0.03,1,10,10,0,0,42,0.00,0.00,0,23,230.10,0.94,0.94,30,0,0.00,0.00,99,0.00,1,0,0,0.00,0.00,12,0.38,0.38,0.00,0.00,0,0,0.00,42,98,94,40,92,1.53,10,0.05,0.05,0.00,9,0.00,0.00,2,1,0.03,0.03,0.03,0.03,6,1,0.00,9,89,42,67,42,41,8,0,0.00,99,7,0.00,0.22,0.31,0.31,10,9,2,2,0.28,0.28,90.00,0,0.00,99,0,0.00,0,0.00,99,0,0.00,0.00,30,97,14,11,0,0,0,0,0,26,40,59,54,0,99,96,95,14,3,9,26,12,0,0
John Kennedy,23,1021705200,2002/05/18,Serie A,2024,Forward,Fluminense,660,225,435,Brazil,22,12,10,0,0,0,0,0,0,0,0,4,3,1,7,1,6,1,0,0,0,0,0,0,0,0.95,94,30,660,0,0.14,488,306,-1,32,0,6.43,0,45,21.70,6.45,14,129,4.90,98,17,16.49,15,0.00,0.00,0.10,2,0.00,0.10,0.50,0.15,3,0.00,0.55,0.00,0.00,0.00,0.00,0.40,0.00,0.00,2.02,0.35,1.60,0.00,0.25,0.04,0.00,0.50,0.00,0.00,0,0,,12,0.60,91,5,0.84,82,7,1.18,95,2,17,5,11,0.00,99,0,0,0.00,9,2,96,0.34,32,0,0.00,99,0,0.00,0,0,0.00,0,0.34,26,32,5.38,97,8,1.35,25.00,0,0.00,0,0,0,0.00,0,0,0.00,68,0.00,0,N/A,N/A,N/A,N/A,0.00,0,0.00,0,0.85,0.00,0,75.97,41.67,53,50,0.20,0.67,4,84,15,0,0,0,0.05,0.17,1,45,128.67,0.40,1.35,8,0,0.00,0.00,99,0.00,0,0,1,0.05,0.17,0,0.00,0.00,0.34,0.10,2,0,0.00,42,18,50,40,67,0.23,6,0.01,0.04,0.85,61,0.04,0.14,92,14,0.70,2.36,2.52,0.75,98,15,0.14,59,8,55,97,0,87,70,0,0.00,99,10,0.00,1.68,17.66,5.25,105,35,76,99,5.89,1.75,33.33,11,1.85,11,0,50.00,0,0.00,99,1,0.05,0.17,49,11,98,46,0,0,0,0,0,26,40,59,54,0,99,23,84,27,1,5,13,9,0,0
Jonathan Cafu,34,679129200,1991/07/10,Serie A,2024,Midfielder,Cuiabá,1393,494,899,Brazil,28,12,16,1,1,0,2,0,2,0,0,10,6,4,16,4,12,2,0,0.19,0.13,0.06,0.18,0,1393,1.03,87,50,697,697,0.13,268,137,-1,9,0,6.74,0.07,76,25.33,12.93,21,349,10.41,281,39,20.40,24,0.00,0.00,0.41,11,0.00,1.56,1.45,0.74,20,0.00,1.15,0.00,0.00,0.00,0.33,0.59,0.00,12.00,0.87,0.19,1.19,0.00,0.26,0.07,0.00,0.85,0.00,0.00,0,0,,12,0.44,56,7,0.51,65,5,0.36,41,3,14,14,45,0.00,99,0,9,0.65,45,42,40,3.05,76,0,0.00,99,0,0.00,0,0,0.00,0,0.80,49,32,2.32,78,16,1.16,50.00,0,0.00,0,0,0,0.00,0,0,0.00,59,0.00,0,N/A,N/A,N/A,N/A,0.00,0,0.00,0,1.80,0.00,0,80.52,58.33,85,15,0.63,1.23,17,79,57,0,0,0,0.00,0.00,0,23,182.01,0.19,0.36,5,0,0.00,0.00,99,0.00,0,0,0,0.00,0.00,0,0.00,0.00,0.15,0.07,2,0,8.33,53,54,74,91,59,2.14,66,0.08,0.16,1.80,59,0.07,0.13,65,18,0.67,1.31,1.52,0.78,72,21,0.13,58,24,9,67,0,72,70,0,0.00,99,23,0.00,1.67,13.43,6.85,185,77,68,83,5.59,2.85,41.62,31,2.25,4,0,14.29,0,0.00,99,6,0.22,0.44,64,48,93,63,0,0,0,0,0,61,49,59,74,0,99,81,87,23,2,7,17,7,0,0
Jonathan Calleri,32,748767600,1993/09/23,Serie A,2024,Forward,São Paulo,2054,1073,981,Argentina,27,14,13,5,3,2,4,1,3,0,0,8,5,3,20,7,13,6,0,0.39,0.18,0.22,0.25,0.18,411,0.88,103,76,342,514,0.26,102,84,-1,4,0,7.03,0.15,85,17.28,14.54,5,378,9.96,259,6,11.84,4,0.00,0.00,0.69,18,0.00,0.81,0.55,0.46,12,0.00,0.88,0.00,0.00,0.00,0.15,0.42,0.00,6.40,1.46,0.69,0.81,0.00,0.54,0.21,0.00,2.15,0.00,0.00,0,0,,32,1.23,76,14,0.64,72,18,0.82,79,4,3,24,12,0.00,99,0,4,0.18,15,21,75,0.96,51,0,0.00,99,0,0.00,0,0,0.00,0,0.82,49,21,0.96,43,11,0.50,52.38,0,0.00,0,0,0,0.00,0,0,0.00,77,0.00,0,N/A,N/A,N/A,N/A,0.00,0,0.00,0,5.55,0.00,0,68.52,43.75,57,85,0.23,0.27,6,47,59,0,0,0,0.04,0.05,1,26,182.71,0.69,0.82,18,0,0.00,0.00,99,0.00,0,0,3,0.12,0.14,0,0.00,0.00,1.10,0.92,24,1,15.62,75,75,69,60,78,3.59,66,0.14,0.16,5.55,81,0.21,0.25,87,46,1.77,2.10,1.51,1.27,71,33,0.25,79,73,37,95,0,99,88,0,0.00,99,56,0.00,2.56,11.34,9.54,248,125,71,69,5.71,4.81,50.40,23,1.05,36,0,28.57,0,0.00,99,6,0.23,0.27,56,76,41,77,0,0,0,0,0,84,82,80,81,0,99,65,54,54,6,22,75,9,0,0
Jonathan de Jesus Alves,21,1085641200,2004/05/27,Serie A,2024,Midfielder,Cruzeiro,342,0,342,Brazil,5,0,5,0,0,0,0,0,0,0,0,2,0,2,5,0,5,0,0,0,0,0,0,0,0,1.32,68,68,0,0,0,343,379,-1,20,0,5.48,0,45,48.16,36.60,79,183,32.80,164,93,43.16,82,0.00,0.00,0.00,0,0.00,0.00,1.58,1.20,6,0.00,0.20,0.00,0.00,0.00,1.20,0.20,0.00,0.00,0.00,0.00,0.40,0.00,0.00,0.00,0.00,0.60,0.00,0.00,0,0,,0,0.00,8,0,0.00,15,0,0.00,9,2,1,4,52,0.00,99,0,6,1.58,92,0,30,0.00,14,0,0.00,99,0,0.00,0,0,0.00,0,0.00,8,2,0.53,29,1,0.26,50.00,0,0.00,0,0,0,0.00,0,0,0.00,24,0.00,0,N/A,N/A,N/A,N/A,0.00,0,0.00,0,0.00,0.00,0,89.62,0.00,15,42,0.60,0.79,3,28,57,0,0,0,0.60,0.79,3,91,27.42,2.80,3.68,14,0,0.00,0.00,99,0.00,0,0,0,0.00,0.00,0,0.00,0.00,0.00,0.00,0,0,0.00,42,0,1,40,24,0.36,27,0.07,0.09,0.00,9,0.00,0.00,26,2,0.40,0.53,0.79,0.60,23,3,0.00,9,0,85,67,0,41,37,0,0.00,99,3,0.00,0.79,5.79,4.40,22,12,12,11,3.16,2.40,54.55,1,0.26,75,0,0.00,0,0.00,99,0,0.00,0.00,30,6,22,46,0,0,0,0,0,26,40,59,54,0,99,87,7,7,0,0,7,34,0,0
Jonathan Francisco Lemos,33,714726000,1992/08/25,Serie A,2024,Defender,Criciúma,697,367,330,Brazil,17,8,9,0,0,0,1,1,0,0,0,1,1,0,16,4,12,2,0,0.13,0.13,0,0,0,0,2.07,44,41,349,697,0.26,306,132,190,19,0,6.61,0.06,76,38.87,17.71,55,301,14.53,247,49,31.89,53,0.00,0.00,0.59,10,0.00,1.00,2.71,1.24,21,0.00,0.35,0.00,0.00,0.00,0.41,0.47,0.00,0.00,0.26,0.06,0.88,0.00,0.06,0.01,0.00,0.47,0.00,0.00,0,0,,2,0.12,17,1,0.13,26,1,0.13,14,4,9,8,89,0.00,99,0,7,0.90,61,17,77,2.20,66,0,0.00,99,0,0.00,0,0,0.00,0,1.29,74,15,1.94,72,8,1.03,53.33,0,0.00,0,0,0,0.00,0,0,0.00,1,0.00,0,N/A,N/A,N/A,N/A,0.00,0,0.00,0,0.15,0.00,0,82.06,50.00,74,4,0.76,1.68,13,75,61,0,0,0,0.12,0.26,2,59,112.39,1.24,2.71,21,0,0.00,0.00,99,0.00,0,0,0,0.00,0.00,0,0.00,0.00,0.00,0.00,0,0,0.00,42,20,32,40,1,1.45,77,0.09,0.19,0.15,19,0.01,0.02,32,5,0.29,0.65,1.29,0.59,58,10,0.02,19,14,78,67,0,41,48,0,0.00,99,8,0.00,1.03,11.49,5.24,89,42,65,70,5.42,2.47,47.19,6,0.77,52,0,29.41,0,0.00,99,5,0.29,0.65,73,24,78,77,0,0,0,0,0,50,40,59,54,0,99,3,56,54,2,12,41,13,0,0
Jorge de Moura Xavier,34,663062400,1991/01/05,Serie A,2024,Forward,Atlético GO,71,57,14,Brazil,3,2,1,0,0,0,1,1,0,0,0,1,1,0,0,0,0,1,0,1.27,1.27,0,0,0,0,0,0,24,71,71,1.27,-1,-1,-1,20,0,7.08,0.33,99,27.89,7.33,26,22,6.00,18,46,22.82,29,0.00,0.00,0.33,1,0.00,0.67,1.27,0.33,1,0.00,0.33,0.00,0.00,0.00,0.33,0.33,0.00,0.00,1.27,0.00,0.33,0.00,0.33,0.05,0.00,0.33,0.00,0.00,0,0,,1,0.33,69,1,1.27,96,0,0.00,9,0,3,0,38,0.00,99,0,1,1.27,81,2,30,2.54,70,0,0.00,99,0,0.00,0,0,0.00,0,1.27,73,1,1.27,55,1,1.27,100.00,0,0.00,0,0,0,0.00,0,0,0.00,99,0.00,0,N/A,N/A,N/A,N/A,0.00,0,0.00,0,0.16,0.00,0,81.82,100.00,99,0,0.67,2.54,2,81,99,0,0,0,0.00,0.00,0,23,21.23,0.33,1.27,1,0,0.00,0.00,99,0.00,0,0,0,0.00,0.00,0,0.00,0.00,0.00,0.00,0,1,0.00,42,0,0,40,0,0.68,99,0.23,0.86,0.16,73,0.05,0.20,99,3,1.00,3.80,1.27,0.33,56,1,0.20,71,79,53,67,0,41,58,0,0.00,99,1,0.00,1.27,13.94,3.67,11,6,97,85,7.61,2.00,54.55,1,1.27,26,0,0.00,0,0.00,99,0,0.00,0.00,30,0,41,11,0,0,0,0,0,99,40,59,54,0,99,76,8,99,1,33,95,18,0,0
José Andrés Hurtado Cheme,23,1009094400,2001/12/23,Serie A,2024,Midfielder,Bragantino,1325,785,540,Ecuador,17,10,7,0,0,0,2,1,1,0,0,4,3,1,13,6,7,2,0,0.14,0.14,0,0,0,0,0.88,102,78,663,663,0.14,424,120,-1,38,0,6.90,0.12,78,35.80,31.00,46,527,23.59,401,17,27.24,41,0.00,0.00,0.76,13,0.00,3.24,1.49,1.29,22,0.00,0.35,0.00,0.00,0.00,1.18,0.65,0.00,0.00,0.54,0.35,1.06,0.00,0.12,0.04,0.00,0.53,0.00,0.00,0,0,,8,0.47,37,2,0.14,28,6,0.41,48,1,2,15,48,0.00,99,0,20,1.36,85,55,61,3.74,83,0,0.00,99,0,0.00,0,0,0.00,0,0.88,54,18,1.22,52,11,0.75,61.11,0,0.00,0,0,0,0.00,0,0,0.00,77,0.00,0,N/A,N/A,N/A,N/A,0.00,0,0.00,0,0.63,0.00,0,76.09,25.00,24,31,0.82,0.95,14,64,77,0,0,0,0.24,0.27,4,60,117.34,2.76,3.19,47,0,0.00,0.00,99,0.00,0,0,0,0.00,0.00,0,0.00,0.00,0.07,0.06,1,0,0.00,42,51,32,40,76,2.46,69,0.14,0.17,0.63,30,0.04,0.04,26,8,0.47,0.54,0.95,0.82,33,14,0.04,29,52,82,67,0,54,31,0,0.00,99,9,0.00,0.61,7.20,6.24,106,50,16,22,3.40,2.94,47.17,6,0.41,68,0,23.64,0,0.00,99,13,0.76,0.88,82,51,31,30,0,0,0,0,0,52,40,59,54,0,99,43,84,27,2,12,41,34,0,0
José Antonio dos Santos Junior,31,781858800,1994/10/11,Serie A,2024,Forward,Botafogo,1481,759,722,Brazil,24,12,12,4,2,2,1,1,0,0,0,13,8,5,11,4,7,2,0,0.3,0.06,0.24,0.24,0.25,370,0.67,135,62,741,1481,0.12,89,240,-1,6,0,6.86,0.04,54,17.99,11.82,7,260,9.18,202,26,13.97,10,0.00,0.00,0.68,15,0.00,0.77,0.69,0.45,10,0.00,1.14,0.00,0.00,0.00,0.05,0.95,0.00,6.25,1.73,0.50,2.05,0.00,0.64,0.22,0.00,1.23,0.00,0.00,0,0,,25,1.14,84,14,0.97,89,11,0.76,76,8,8,16,16,0.00,99,0,1,0.07,11,17,35,1.18,54,0,0.00,99,0,0.00,0,0,0.00,0,1.04,62,45,3.11,85,21,1.45,46.67,0,0.00,0,0,0,0.00,0,0,0.00,93,0.00,0,N/A,N/A,N/A,N/A,0.00,0,0.00,0,4.73,0.00,0,77.69,56.00,83,72,0.27,0.42,6,85,45,0,0,0,0.14,0.21,3,53,150.93,0.32,0.48,7,0,0.00,0.00,99,0.00,0,0,1,0.05,0.07,0,0.00,0.00,1.25,0.82,18,0,16.00,76,58,58,56,93,1.60,39,0.07,0.11,4.73,90,0.22,0.33,40,12,0.55,0.83,1.11,0.73,44,16,0.33,88,46,17,83,0,99,74,0,0.00,99,27,0.00,1.87,11.41,7.50,165,70,51,69,4.84,3.18,42.42,25,1.73,14,0,11.76,0,0.00,99,2,0.09,0.14,46,56,73,99,0,0,0,0,0,74,84,86,80,0,99,98,89,20,2,8,21,11,0,0
José Breno Silva Costa,21,1086505200,2004/06/06,Serie A,2024,Midfielder,Vitória,8,0,8,Brazil,1,0,1,0,0,0,0,0,0,0,0,1,0,1,0,0,0,1,1,0,0,0,0,0,0,0,0,8,4,0,22.5,-1,-1,-1,24,0,5.81,0,45,45.00,4.00,71,4,3.00,3,15,33.75,59,0.00,0.00,0.00,0,0.00,0.00,0.00,0.00,0,0.00,0.00,0.00,0.00,0.00,1.00,0.00,0.00,0.00,0.00,0.00,0.00,0.00,0.00,0.00,0.00,0.00,0.00,0.00,0,0,,0,0.00,8,0,0.00,15,0,0.00,9,0,1,0,4,0.00,99,0,1,11.25,99,0,30,0.00,14,0,0.00,99,0,0.00,0,0,0.00,0,0.00,8,0,0.00,7,0,0.00,0.00,0,0.00,0,0,0,0.00,0,0,0.00,99,0.00,0,N/A,N/A,N/A,N/A,0.00,0,0.00,0,0.00,0.00,0,75.00,0.00,15,99,0.00,0.00,0,10,10,0,0,0,0.00,0.00,0,23,5.81,0.00,0.00,0,0,0.00,0.00,99,0.00,0,0,0,0.00,0.00,0,0.00,0.00,0.00,0.00,0,0,0.00,42,0,0,40,0,0.01,39,0.01,0.11,0.00,9,0.00,0.00,2,0,0.00,0.00,11.25,1.00,99,1,0.00,9,0,1,67,0,41,2,0,0.00,99,0,0.00,0.00,11.25,1.00,1,0,0,67,0.00,0.00,0.00,0,0.00,99,0,0.00,0,0.00,99,0,0.00,0.00,30,0,22,11,0,0,0,0,0,26,40,59,54,0,99,99,7,99,0,0,7,50,0,0
Jose Carlos Cracco Neto,31,769071600,1994/05/16,Serie A,2024,Defender,Vitória,388,254,134,Brazil,5,3,2,0,0,0,1,1,0,0,0,0,0,0,11,6,5,1,0,0.23,0.23,0,0,0,0,2.55,35,78,388,388,0.23,470,44,193,38,0,6.60,0.2,93,39.90,34.40,58,172,26.80,134,27,31.08,52,0.00,0.00,0.80,4,0.00,3.60,2.55,2.20,11,0.00,1.60,0.00,0.00,0.00,0.40,0.60,0.00,0.00,0.46,0.00,0.80,0.00,0.40,0.05,0.00,0.00,0.00,0.00,0,0,,2,0.40,30,2,0.46,63,0,0.00,9,1,1,4,87,0.00,99,0,2,0.46,31,18,58,4.18,87,0,0.00,99,0,0.00,0,0,0.00,0,0.93,57,4,0.93,42,3,0.70,75.00,0,0.00,0,0,0,0.00,0,0,0.00,0,0.00,0,N/A,N/A,N/A,N/A,0.00,0,0.00,0,0.26,0.00,0,77.91,100.00,99,20,1.00,1.16,5,60,90,0,0,0,0.60,0.70,3,88,33.02,1.20,1.39,6,0,0.00,0.00,99,0.00,0,0,0,0.00,0.00,0,0.00,0.00,0.46,0.40,2,0,0.00,42,2,1,40,0,1.01,86,0.20,0.23,0.26,39,0.05,0.06,35,3,0.60,0.70,0.23,0.20,8,1,0.06,38,13,56,67,0,91,2,0,0.00,99,0,0.00,0.00,8.35,7.20,36,17,27,33,3.94,3.40,47.22,8,1.86,11,0,22.22,0,0.00,99,4,0.80,0.93,84,6,22,30,0,0,0,0,0,67,40,59,54,0,99,2,60,48,1,20,70,2,0,0
Jose Cifuentes,26,921225600,1999/03/12,Serie A,2024,Midfielder,Cruzeiro,68,68,0,Ecuador,3,2,1,0,0,0,0,0,0,0,0,1,0,1,1,1,0,0,0,0,0,0,0,0,0,1.32,68,23,0,0,0,-1,-1,-1,31,0,4.28,0,45,48.97,12.33,80,37,8.67,26,8,34.41,61,0.00,0.00,0.00,0,0.00,0.00,5.29,1.33,4,0.00,0.00,0.00,0.00,0.00,0.00,0.00,0.00,0.00,0.00,0.00,0.00,0.00,0.00,0.00,0.00,0.33,0.00,0.00,0,0,,0,0.00,8,0,0.00,15,0,0.00,9,1,2,1,99,0.00,99,0,0,0.00,9,0,30,0.00,14,0,0.00,99,0,0.00,0,0,0.00,0,0.00,8,0,0.00,7,0,0.00,0.00,0,0.00,0,0,0,0.00,0,0,0.00,24,0.00,0,N/A,N/A,N/A,N/A,0.00,0,0.00,0,0.00,0.00,0,70.27,0.00,15,99,0.00,0.00,0,10,10,0,0,0,0.00,0.00,0,23,12.84,1.00,3.97,3,0,0.00,0.00,99,0.00,0,0,0,0.00,0.00,0,0.00,0.00,0.00,0.00,0,0,0.00,42,0,0,40,24,0.05,17,0.02,0.07,0.00,9,0.00,0.00,2,0,0.00,0.00,1.32,0.33,60,1,0.00,9,0,87,67,0,41,60,0,0.00,99,1,0.00,1.32,9.26,2.33,7,5,87,47,6.62,1.67,71.43,0,0.00,99,0,0.00,0,0.00,99,0,0.00,0.00,30,1,31,30,0,0,0,0,0,26,40,59,54,0,99,76,7,7,0,0,7,18,0,0
José Gabriel	 dos Santos Silva,26,916905600,1999/01/21,Serie A,2024,Midfielder,Vasco da Gama,448,196,252,Brazil,14,6,8,0,0,0,0,0,0,0,0,4,3,1,9,4,5,3,0,0,0,0,0,0,0,1.81,50,32,149,0,0.6,379,478,-1,31,0,6.59,0,45,42.12,17.08,65,205,14.17,170,55,34.93,63,0.00,0.00,0.08,1,0.00,0.00,2.47,1.00,12,0.00,0.33,0.00,0.00,0.00,0.50,0.42,0.00,0.00,1.03,0.25,0.75,0.00,0.17,0.04,0.00,0.92,0.00,0.00,0,0,,5,0.42,61,2,0.41,60,3,0.62,67,3,11,3,85,0.00,99,0,6,1.23,79,0,30,0.00,14,0,0.00,99,0,0.00,0,0,0.00,0,0.21,18,9,1.85,71,5,1.03,55.56,0,0.00,0,0,0,0.00,0,0,0.00,4,0.00,0,N/A,N/A,N/A,N/A,0.00,0,0.00,0,0.47,0.00,0,82.93,40.00,51,53,0.25,0.62,3,75,67,0,0,0,0.25,0.62,3,85,79.10,0.83,2.05,10,0,0.00,0.00,99,0.00,0,0,0,0.00,0.00,0,0.00,0.00,0.00,0.00,0,0,0.00,42,5,20,40,4,0.37,22,0.03,0.08,0.47,52,0.04,0.10,52,5,0.42,1.03,2.67,1.08,99,13,0.10,51,13,71,67,0,41,83,0,0.00,99,11,0.00,2.26,12.74,5.17,62,33,88,79,6.78,2.75,53.23,4,0.82,48,0,0.00,0,0.00,99,0,0.00,0.00,30,2,85,63,0,0,0,0,0,26,40,59,54,0,99,61,14,94,3,21,73,23,0,0
José Guilherme de Lima Costa,20,1110960000,2005/03/16,Serie A,2024,Midfielder,Grêmio,219,149,70,Brazil,6,3,3,0,0,0,0,0,0,0,0,1,1,0,3,2,1,0,0,0,0,0,0,0,0,1.23,73,37,0,0,0,-1,-1,-1,33,0,6.83,0,45,47.26,19.17,76,115,15.33,92,37,37.81,70,0.00,0.00,0.17,1,0.00,1.00,4.93,2.00,12,0.00,0.17,0.00,0.00,0.00,1.33,1.00,0.00,0.00,0.41,0.00,2.00,0.00,0.17,0.02,0.00,0.83,0.00,0.00,0,0,,1,0.17,26,1,0.41,60,0,0.00,9,1,4,2,99,0.00,99,0,8,3.29,99,6,45,2.47,69,0,0.00,99,0,0.00,0,0,0.00,0,0.41,29,12,4.93,96,6,2.47,50.00,0,0.00,0,0,0,0.00,0,0,0.00,32,0.00,0,N/A,N/A,N/A,N/A,0.00,0,0.00,0,0.13,0.00,0,80.00,100.00,99,1,0.83,2.05,5,96,57,0,0,0,0.17,0.41,1,75,40.96,0.33,0.82,2,0,0.00,0.00,99,0.00,0,0,0,0.00,0.00,0,0.00,0.00,0.00,0.00,0,0,0.00,42,0,3,40,33,0.26,39,0.04,0.11,0.13,35,0.02,0.05,77,4,0.67,1.64,1.64,0.67,76,4,0.05,34,41,37,67,0,41,78,0,0.00,99,5,0.00,2.05,19.32,7.83,47,27,99,99,11.10,4.50,57.45,1,0.41,68,0,16.67,0,0.00,99,1,0.17,0.41,62,1,50,30,0,0,0,0,0,26,40,59,54,0,99,20,7,7,0,0,7,46,0,0
José Hugo Sousa dos Santos,26,940143600,1999/10/17,Serie A,2024,Forward,Vitória,607,327,280,Brazil,27,14,13,1,0,1,2,1,1,0,0,8,4,4,4,4,0,3,0,0.44,0.3,0.15,0,0.32,607,0.59,152,22,202,304,0.44,151,19,-1,15,0,6.69,0.07,97,23.82,6.12,19,153,4.68,117,20,18.22,19,0.00,0.00,0.36,9,0.00,1.48,2.18,0.56,14,0.00,1.04,0.00,0.00,0.00,0.28,0.64,0.00,8.00,1.25,0.16,1.48,0.00,0.16,0.05,0.00,0.36,0.00,0.00,0,0,,8,0.32,68,4,0.62,72,4,0.62,67,0,27,0,77,0.00,99,0,7,1.09,73,37,55,5.76,95,0,0.00,99,0,0.00,0,0,0.00,0,1.40,79,37,5.76,98,16,2.49,43.24,0,0.00,0,0,0,0.00,0,0,0.00,95,0.00,0,N/A,N/A,N/A,N/A,0.00,0,0.00,0,1.30,0.00,0,76.47,50.00,74,43,0.20,0.78,5,96,35,0,0,0,0.00,0.00,0,23,167.29,0.16,0.62,4,0,0.00,0.00,99,0.00,0,0,3,0.12,0.47,0,0.00,0.00,0.16,0.04,1,0,12.50,68,15,69,69,95,1.73,93,0.07,0.27,1.30,73,0.05,0.20,91,15,0.60,2.34,1.71,0.44,79,11,0.20,71,20,25,99,0,73,62,0,0.00,99,9,0.00,1.40,20.24,5.20,130,54,99,99,8.41,2.16,41.54,26,4.05,0,0,21.62,0,0.00,99,8,0.32,1.25,91,0,99,11,0,0,0,0,0,89,72,90,54,0,99,65,23,84,3,11,35,17,0,0
José Luis Rodríguez Bebanz,28,858326400,1997/03/14,Serie A,2024,Defender,Vasco da Gama,1114,583,531,Uruguay,22,12,10,1,0,1,3,1,2,0,0,3,3,0,22,10,12,1,0,0.32,0.24,0.08,0,0.17,1114,1.78,51,51,1114,371,0.08,230,36,183,17,0,6.57,0.14,94,35.95,20.23,47,445,15.64,344,24,27.79,43,0.00,0.00,0.77,17,0.00,2.95,1.62,0.91,20,0.00,0.64,0.00,0.00,0.00,0.55,0.23,0.00,15.00,1.21,0.50,0.50,0.00,0.18,0.08,0.00,1.23,0.00,0.00,0,0,,15,0.68,66,4,0.32,51,11,0.89,82,7,10,12,54,0.00,99,0,12,0.97,65,65,55,5.25,92,0,0.00,99,0,0.00,0,0,0.00,0,1.37,78,11,0.89,40,5,0.40,45.45,0,0.00,0,0,0,0.00,0,0,0.00,4,0.00,0,N/A,N/A,N/A,N/A,0.00,0,0.00,0,1.76,0.00,0,77.30,26.67,25,25,0.59,1.05,13,40,42,0,0,0,0.14,0.24,3,57,144.43,1.95,3.47,43,0,0.00,0.00,99,0.00,0,0,0,0.00,0.00,0,0.00,0.00,0.08,0.05,1,0,6.67,49,42,50,85,5,3.11,90,0.14,0.25,1.76,61,0.08,0.14,28,7,0.32,0.57,0.40,0.23,10,5,0.14,59,12,84,67,0,58,81,0,0.00,99,27,0.00,2.18,8.81,4.95,109,59,49,39,4.77,2.68,54.13,14,1.13,32,0,21.54,0,0.00,99,14,0.64,1.13,88,41,82,97,0,0,0,0,0,77,56,78,54,0,99,12,96,12,1,5,13,2,0,0
José Manuel López,24,976089600,2000/12/06,Serie A,2024,Forward,Palmeiras,2143,1180,963,Argentina,35,19,16,10,6,4,3,2,1,0,0,15,8,7,25,13,12,8,0,0.55,0.13,0.42,0.46,0.37,214,1.05,86,61,268,714,0.34,25,130,-1,3,0,6.76,0.09,76,15.05,10.06,2,332,6.06,200,1,9.06,1,0.00,0.00,0.52,17,0.00,0.39,0.63,0.42,14,0.00,0.82,0.00,0.00,0.00,0.09,0.39,0.00,5.20,2.36,0.70,0.94,0.00,0.88,0.33,0.00,2.33,0.00,0.00,0,0,,52,1.58,96,29,1.31,97,23,1.04,89,2,11,24,14,0.00,99,0,3,0.14,13,13,42,0.59,43,0,0.00,99,0,0.00,0,0,0.00,0,0.77,46,31,1.40,59,13,0.59,41.94,0,0.00,0,0,0,0.00,0,0,0.00,57,0.00,0,N/A,N/A,N/A,N/A,0.00,0,0.00,0,10.86,0.00,0,60.24,55.77,82,45,0.48,0.73,16,51,32,0,0,0,0.09,0.14,3,42,223.23,0.39,0.59,13,0,0.00,0.00,99,0.00,0,0,2,0.06,0.09,0,0.00,0.00,0.77,0.52,17,1,19.23,84,78,97,45,57,2.81,51,0.09,0.13,10.86,98,0.33,0.49,55,24,0.73,1.09,1.72,1.15,80,38,0.49,97,28,23,88,0,97,98,0,0.00,99,77,0.00,3.49,13.64,9.12,301,128,74,84,5.80,3.88,42.52,27,1.22,28,0,15.38,0,0.00,99,2,0.06,0.09,42,76,85,46,0,1,0,3,0,94,95,92,93,0,99,91,38,72,8,23,79,42,0,0
José Marcos Alves Luis,27,886320000,1998/02/01,Serie A,2024,Defender,Juventude,2042,755,1287,Brazil,26,9,17,0,0,0,0,0,0,0,0,5,4,1,32,11,21,13,2,0,0,0,0,0,0,1.41,64,79,157,0,0.57,452,329,163,34,0,6.72,0,45,46.20,40.08,74,1002,33.16,829,53,38.22,72,0.00,0.00,0.12,3,0.00,0.08,1.43,1.24,31,0.00,0.20,0.00,0.00,0.00,0.60,0.08,0.00,0.00,0.51,0.40,0.12,0.00,0.04,0.03,0.00,2.12,0.00,0.00,0,0,,11,0.44,33,1,0.05,16,10,0.46,54,1,3,23,44,0.00,99,0,15,0.69,48,2,30,0.09,18,0,0.00,99,0,0.00,0,0,0.00,0,0.14,13,3,0.14,12,2,0.09,66.67,0,0.00,0,0,0,0.00,0,0,0.00,18,0.00,0,N/A,N/A,N/A,N/A,0.00,0,0.00,0,0.64,0.00,0,82.73,9.09,15,57,0.52,0.60,13,15,83,0,0,0,0.76,0.88,19,94,167.92,4.16,4.80,104,0,0.00,0.00,99,0.00,0,0,0,0.00,0.00,0,0.00,0.00,0.00,0.00,0,0,0.00,42,74,65,40,19,2.06,27,0.08,0.09,0.64,24,0.03,0.03,57,24,0.96,1.11,0.97,0.84,34,21,0.03,24,22,93,67,0,41,87,0,0.00,99,53,0.00,2.44,8.07,7.00,175,110,58,31,5.07,4.40,62.86,5,0.23,76,0,0.00,0,0.00,99,0,0.00,0.00,30,75,41,30,0,0,0,0,0,26,40,59,54,0,99,27,15,93,10,38,97,3,0,0
José Martínez,31,776242800,1994/08/07,Serie A,2024,Midfielder,Corinthians,646,412,234,Venezuela,11,6,5,0,0,0,0,0,0,0,0,4,3,1,8,4,4,6,1,0,0,0,0,0,0,1.11,81,59,92,0,0.98,327,350,-1,23,0,6.14,0,45,41.93,27.36,64,301,22.09,243,40,33.85,59,0.00,0.00,0.36,4,0.00,0.18,2.37,1.55,17,0.00,0.55,0.00,0.00,0.00,1.09,0.18,0.00,0.00,0.14,0.09,0.18,0.00,0.00,0.00,0.00,0.64,0.00,0.00,0,0,,1,0.09,10,0,0.00,15,1,0.14,15,4,3,8,83,0.00,99,0,12,1.67,94,2,30,0.28,30,0,0.00,99,0,0.00,0,0,0.00,0,0.56,36,2,0.28,19,2,0.28,100.00,0,0.00,0,0,0,0.00,0,0,0.00,51,0.00,0,N/A,N/A,N/A,N/A,0.00,0,0.00,0,0.05,0.00,0,80.73,0.00,15,14,0.82,1.25,9,30,99,0,0,0,0.27,0.42,3,75,67.52,1.00,1.53,11,1,0.00,0.14,2,0.09,0,0,0,0.00,0.00,0,0.00,0.00,0.00,0.00,0,0,0.00,42,17,11,40,51,0.71,33,0.06,0.10,0.05,13,0.00,0.01,51,7,0.64,0.98,1.81,1.18,85,13,0.01,13,3,59,67,0,41,47,0,0.00,99,7,0.00,0.98,9.20,6.00,66,33,44,46,4.60,3.00,50.00,6,0.84,46,0,0.00,0,0.00,99,0,0.00,0.00,30,24,41,77,0,0,0,0,0,26,40,59,54,0,99,81,8,99,5,45,99,70,0,0
Jose Rodrigo Andrade Ramos,28,854956800,1997/02/03,Serie A,2024,Midfielder,Vitória,385,205,180,Brazil,6,4,2,0,0,0,0,0,0,0,0,0,0,0,9,5,4,0,0,0,0,0,0,0,0,2.1,43,64,0,0,0,480,515,-1,37,0,6.66,0,45,39.74,28.33,56,170,23.83,143,62,33.43,59,0.00,0.00,0.33,2,0.00,0.67,1.17,0.83,5,0.00,1.50,0.00,0.00,0.00,0.50,0.17,0.00,0.00,0.47,0.33,0.50,0.00,0.00,0.01,0.00,0.67,0.00,0.00,0,0,,2,0.33,30,0,0.00,15,2,0.47,55,2,2,4,33,0.00,99,0,3,0.70,48,4,96,0.94,50,0,0.00,99,0,0.00,0,0,0.00,0,0.47,32,3,0.70,34,1,0.23,33.33,0,0.00,0,0,0,0.00,0,0,0.00,1,0.00,0,N/A,N/A,N/A,N/A,0.00,0,0.00,0,0.09,0.00,0,84.12,0.00,15,69,0.33,0.47,2,26,20,0,0,0,0.67,0.94,4,95,39.97,0.67,0.94,4,0,0.00,0.00,99,0.00,0,0,0,0.00,0.00,0,0.00,0.00,0.00,0.00,0,0,0.00,42,1,3,40,1,0.40,27,0.07,0.09,0.09,19,0.01,0.02,48,4,0.67,0.94,1.40,1.00,65,6,0.02,19,17,42,67,0,41,45,0,0.00,99,4,0.00,0.94,8.65,6.17,37,14,14,36,3.27,2.33,37.84,9,2.10,7,0,50.00,0,0.00,99,2,0.33,0.47,66,6,31,46,0,0,0,0,0,26,40,59,54,0,99,2,7,7,0,0,7,32,0,0
José Sabino Chagas Monteiro,29,846226800,1996/10/25,Serie A,2024,Defender,São Paulo,972,365,607,Brazil,13,5,8,0,0,0,0,0,0,0,0,4,2,2,8,2,6,3,0,0,0,0,0,0,0,0.74,122,75,324,0,0.28,433,292,21,30,0,7.13,0,45,63.43,52.69,97,685,45.23,588,73,54.44,95,0.00,0.00,0.31,4,0.00,0.46,1.67,1.38,18,0.00,0.08,0.00,0.00,0.00,1.00,0.23,0.00,0.00,0.56,0.23,0.38,0.00,0.23,0.04,0.00,2.54,0.00,0.00,0,0,,6,0.46,38,3,0.28,48,3,0.28,31,4,2,11,57,0.00,99,0,13,1.20,78,6,30,0.56,41,0,0.00,99,0,0.00,0,0,0.00,0,0.37,27,5,0.46,26,3,0.28,60.00,0,0.00,0,0,0,0.00,0,0,0.00,88,0.00,0,N/A,N/A,N/A,N/A,0.00,0,0.00,0,0.58,0.00,0,85.84,50.00,74,77,0.31,0.37,4,30,76,0,0,0,0.62,0.74,8,89,92.65,4.08,4.91,53,0,0.00,0.00,99,0.00,0,0,0,0.00,0.00,0,0.00,0.00,0.00,0.00,0,0,0.00,42,33,18,40,88,1.58,62,0.12,0.15,0.58,35,0.04,0.05,24,5,0.38,0.46,1.02,0.85,39,11,0.05,34,85,95,67,0,41,95,0,0.00,99,33,0.00,3.06,8.98,7.46,97,59,66,41,5.46,4.54,60.82,1,0.09,86,0,0.00,0,0.00,99,0,0.00,0.00,30,37,31,77,0,0,0,0,0,26,40,59,54,0,99,68,50,59,3,23,79,35,0,0
José Vitor Silva Neves,25,957250800,2000/05/02,Serie A,2024,Midfielder,Atlético PR,212,75,137,Brazil,10,4,6,0,0,0,0,0,0,0,0,4,2,2,1,0,1,2,0,0,0,0,0,0,0,0.42,212,21,106,0,0.85,-1,-1,-1,22,0,5.94,0,45,53.04,11.00,87,99,8.89,80,40,42.86,82,0.00,0.00,0.00,0,0.00,0.33,5.36,1.11,10,0.00,0.78,0.00,0.00,0.00,0.11,0.44,0.00,0.00,1.07,0.11,1.56,0.00,0.11,0.02,0.00,0.89,0.00,0.00,0,0,,2,0.22,62,1,0.54,68,1,0.54,61,0,10,0,99,0.00,99,0,1,0.54,36,3,30,1.61,60,0,0.00,99,0,0.00,0,0,0.00,0,0.00,8,14,7.50,99,4,2.14,28.57,0,0.00,0,0,0,0.00,0,0,0.00,98,0.00,0,N/A,N/A,N/A,N/A,0.00,0,0.00,0,0.20,0.00,0,80.81,50.00,74,63,0.11,0.54,1,93,16,0,0,0,0.00,0.00,0,23,53.44,0.11,0.54,1,0,0.00,0.00,99,0.00,0,0,0,0.00,0.00,0,0.00,0.00,0.00,0.00,0,0,0.00,42,0,8,40,98,0.14,22,0.02,0.08,0.20,55,0.02,0.11,55,2,0.22,1.07,2.68,0.56,99,5,0.11,53,1,20,67,0,41,99,0,0.00,99,8,0.00,4.29,28.93,6.00,54,24,99,99,12.86,2.67,44.44,7,3.75,0,0,0.00,0,0.00,99,0,0.00,0.00,30,0,82,11,0,0,0,0,0,26,40,59,54,0,99,87,9,98,2,20,70,30,0,0
José Welinton Campos Menezes,21,1073548800,2004/01/08,Serie A,2024,Defender,Flamengo,0,0,0,Brazil,0,0,0,0,0,0,0,0,0,0,0,0,0,0,0,0,0,0,0,0,0,0,0,0,0,0,0,0,0,0,0,-1,-1,-1,-1,N/A,N/A,N/A,N/A,N/A,N/A,N/A,N/A,N/A,N/A,N/A,N/A,N/A,N/A,N/A,N/A,N/A,N/A,N/A,N/A,N/A,N/A,N/A,N/A,N/A,N/A,N/A,N/A,N/A,N/A,N/A,N/A,N/A,N/A,N/A,N/A,N/A,N/A,N/A,N/A,N/A,N/A,N/A,N/A,N/A,N/A,N/A,N/A,N/A,N/A,N/A,N/A,N/A,N/A,N/A,N/A,N/A,N/A,N/A,N/A,N/A,N/A,N/A,N/A,N/A,N/A,N/A,N/A,N/A,N/A,N/A,N/A,N/A,N/A,N/A,N/A,N/A,N/A,N/A,N/A,N/A,N/A,N/A,N/A,N/A,N/A,N/A,N/A,N/A,N/A,N/A,N/A,N/A,N/A,N/A,N/A,N/A,N/A,N/A,N/A,N/A,N/A,N/A,N/A,N/A,N/A,N/A,N/A,N/A,N/A,N/A,N/A,N/A,N/A,N/A,N/A,N/A,N/A,N/A,N/A,N/A,N/A,N/A,N/A,N/A,N/A,N/A,N/A,N/A,N/A,N/A,N/A,N/A,N/A,N/A,N/A,N/A,N/A,N/A,N/A,N/A,N/A,N/A,N/A,N/A,N/A,N/A,N/A,N/A,N/A,N/A,N/A,N/A,N/A,N/A,N/A,N/A,N/A,N/A,N/A,N/A,N/A,N/A,N/A,N/A,N/A,N/A,N/A,N/A,N/A,N/A,N/A,N/A,N/A,N/A,N/A,N/A,N/A,N/A,N/A,N/A,N/A,N/A,N/A,N/A,N/A,N/A,N/A,N/A,N/A,N/A,N/A,N/A,N/A,N/A,N/A,N/A,N/A,N/A,N/A,N/A,N/A,N/A,N/A,N/A,N/A,N/A,N/A,N/A,N/A,N/A,N/A,N/A,N/A,N/A,N/A,N/A,N/A,N/A,N/A,N/A,N/A,N/A,N/A
José Welison da Silva,30,794908800,1995/03/11,Serie A,2024,Midfielder,Fortaleza,877,242,635,Brazil,21,9,12,0,0,0,1,1,0,0,0,7,5,2,13,1,12,2,1,0.1,0.1,0,0,0,0,1.33,67,42,292,877,0.31,446,174,-1,26,0,6.65,0.05,66,40.67,18.30,60,366,15.60,312,69,34.67,62,0.00,0.00,0.35,7,0.00,0.30,3.00,1.35,27,0.00,0.55,0.00,0.00,0.00,0.60,0.15,0.00,0.00,0.11,0.05,0.35,0.00,0.00,0.00,0.00,0.50,0.00,0.00,0,0,,1,0.05,9,0,0.00,15,1,0.11,12,7,11,10,94,0.00,99,0,12,1.33,83,6,45,0.67,45,0,0.00,99,0,0.00,0,0,0.00,0,0.78,48,7,0.78,36,3,0.33,42.86,0,0.00,0,0,0,0.00,0,0,0.00,23,0.00,0,N/A,N/A,N/A,N/A,0.00,0,0.00,0,0.04,0.00,0,85.25,0.00,15,36,0.40,0.89,8,32,35,0,0,0,0.30,0.67,6,87,133.10,0.80,1.78,16,0,0.00,0.00,99,0.00,0,0,0,0.00,0.00,0,0.00,0.00,0.00,0.00,0,0,0.00,42,29,46,40,23,1.45,66,0.07,0.16,0.04,9,0.00,0.00,23,4,0.20,0.44,1.11,0.50,44,10,0.00,9,16,65,67,0,41,51,0,0.00,99,10,0.00,1.11,10.33,4.65,93,44,53,59,4.89,2.20,47.31,11,1.22,28,0,16.67,0,0.00,99,1,0.05,0.11,45,32,85,97,0,0,0,0,0,43,40,59,54,0,99,76,44,66,1,5,13,17,0,0
Josef de Souza Dias,36,603187200,1989/02/11,Serie A,2024,Midfielder,Vasco da Gama,77,53,24,Brazil,4,3,1,0,0,0,0,0,0,0,0,1,1,0,1,1,0,2,1,0,0,0,0,0,0,1.17,77,19,26,0,3.51,-1,-1,-1,22,0,4.56,0,45,70.13,15.00,99,60,12.25,49,45,57.27,98,0.00,0.00,0.00,0,0.00,0.00,3.51,0.75,3,0.00,0.00,0.00,0.00,0.00,0.25,0.25,0.00,0.00,0.00,0.00,0.25,0.00,0.00,0.00,0.00,0.50,0.00,0.00,0,0,,0,0.00,8,0,0.00,15,0,0.00,9,5,3,1,98,0.00,99,0,1,1.17,76,0,30,0.00,14,0,0.00,99,0,0.00,0,0,0.00,0,0.00,8,1,1.17,50,1,1.17,100.00,0,0.00,0,0,0,0.00,0,0,0.00,42,0.00,0,N/A,N/A,N/A,N/A,0.00,0,0.00,0,0.00,0.00,0,81.67,0.00,15,0,0.50,2.34,2,79,99,0,0,0,0.00,0.00,0,23,18.24,0.75,3.51,3,0,0.00,0.00,99,0.00,0,0,0,0.00,0.00,0,0.00,0.00,0.00,0.00,0,0,0.00,42,0,0,40,42,0.10,45,0.03,0.12,0.00,9,0.00,0.00,59,1,0.25,1.17,3.51,0.75,99,3,0.00,9,0,84,67,0,41,84,0,0.00,99,2,0.00,2.34,15.19,3.25,13,7,98,92,8.18,1.75,53.85,0,0.00,99,0,0.00,0,0.00,99,0,0.00,0.00,30,1,41,87,0,0,0,0,0,26,40,59,54,0,99,47,7,99,1,25,84,5,0,0
Juan Ignacio Dinenno De Cara,31,778057200,1994/08/28,Serie A,2024,Forward,Cruzeiro,236,116,120,Argentina,7,4,3,3,1,2,0,0,0,1,0,4,3,1,1,0,1,1,0,1.14,0,1.14,0.78,1.5,79,0.38,236,34,236,0,0.38,-1,-1,-1,5,0,7.04,0,45,16.40,6.14,4,43,4.00,28,3,10.68,2,0.00,0.00,0.00,0,0.00,0.00,1.53,0.57,4,0.00,0.43,0.00,0.00,0.00,0.00,0.00,0.00,2.67,3.05,0.29,0.29,0.00,0.86,0.38,0.00,1.43,0.00,0.00,0,0,,8,1.14,99,6,2.29,99,2,0.76,76,3,5,2,49,0.00,99,0,0,0.00,9,0,30,0.00,14,0,0.00,99,0,0.00,0,0,0.00,0,0.00,8,2,0.76,35,0,0.00,0.00,0,0.00,0,0,0,0.00,0,0,0.00,99,0.00,0,N/A,N/A,N/A,N/A,0.00,0,0.00,0,2.67,0.00,0,65.12,75.00,98,76,0.14,0.38,1,10,10,1,0,0,0.00,0.00,0,23,49.26,0.43,1.14,3,0,0.00,0.00,99,0.00,0,1,0,0.00,0.00,0,0.00,0.00,0.38,0.14,1,0,37.50,99,0,4,40,99,0.06,0,0.01,0.02,1.97,99,0.28,0.75,58,3,0.43,1.14,0.38,0.14,9,1,1.02,99,75,47,67,0,89,99,0,0.00,99,10,0.00,3.81,12.20,4.57,32,17,85,75,6.48,2.43,53.12,3,1.14,31,0,0.00,0,0.00,99,0,0.00,0.00,30,1,57,63,0,1,0,14,0,99,99,99,99,0,99,99,30,78,1,14,48,19,0,0
Juan Martín Lucero,33,691488000,1991/11/30,Serie A,2024,Forward,Fortaleza,2254,1104,1150,Argentina,32,16,16,8,5,3,3,2,1,2,1,11,9,2,27,4,23,8,0,0.44,0.12,0.32,0.41,0.23,282,1.08,83,70,282,751,0.32,49,149,-1,1,0,6.80,0.09,72,15.16,11.54,2,323,9.00,252,27,11.83,4,0.00,0.00,0.54,15,0.00,0.14,0.56,0.43,12,0.00,0.68,0.00,0.00,0.00,0.00,0.11,0.00,5.33,1.50,0.54,0.32,0.00,0.61,0.23,0.00,0.43,0.00,0.00,0,0,,32,1.14,78,17,0.80,81,15,0.70,73,3,6,26,13,0.00,99,0,0,0.00,9,4,30,0.19,26,0,0.00,99,0,0.00,0,0,0.00,0,0.70,42,9,0.42,24,3,0.14,33.33,0,0.00,0,0,0,0.00,0,0,0.00,54,0.00,0,N/A,N/A,N/A,N/A,0.00,0,0.00,0,6.49,0.00,0,78.02,53.12,78,76,0.29,0.38,8,20,20,2,1,0,0.11,0.14,3,42,190.36,0.57,0.75,16,0,0.00,0.00,99,0.00,0,3,0,0.00,0.00,0,0.00,0.00,0.33,0.25,7,0,18.75,83,81,88,50,53,2.83,51,0.10,0.13,4.39,75,0.16,0.21,48,20,0.71,0.94,1.50,1.14,71,32,0.30,85,34,32,67,0,86,28,0,0.00,99,12,0.00,0.56,7.42,5.64,158,47,8,24,2.21,1.68,29.75,19,0.89,43,0,0.00,0,0.00,99,0,0.00,0.00,30,83,63,63,0,1,0,3,0,89,91,84,91,0,99,77,41,68,8,25,84,9,0,0
Juan Pablo Vilela Tavares,23,1019718000,2002/04/25,Serie A,2024,Defender,Cuiabá,342,162,180,Brazil,4,2,2,0,0,0,0,0,0,0,0,0,0,0,10,4,6,0,0,0,0,0,0,0,0,2.63,34,86,0,0,0,338,318,194,16,0,6.17,0,45,33.95,32.25,40,129,27.50,110,69,28.95,46,0.00,0.00,0.00,0,0.00,2.50,2.89,2.75,11,0.00,0.75,0.00,0.00,0.00,0.50,0.00,0.00,0.00,0.79,0.50,1.25,0.00,0.25,0.06,0.00,0.00,0.00,0.00,0,0,,3,0.75,53,1,0.26,45,2,0.53,60,4,0,4,93,0.00,99,0,2,0.53,35,10,52,2.63,71,0,0.00,99,0,0.00,0,0,0.00,0,0.00,8,5,1.32,57,0,0.00,0.00,0,0.00,0,0,0,0.00,0,0,0.00,0,0.00,0,N/A,N/A,N/A,N/A,0.00,0,0.00,0,0.24,0.00,0,85.27,33.33,37,12,1.25,1.32,5,10,10,0,0,0,0.25,0.26,1,59,24.66,1.50,1.58,6,1,0.00,0.26,0,0.25,0,0,0,0.00,0.00,0,0.00,0.00,0.00,0.00,0,0,0.00,42,0,0,40,0,0.20,10,0.05,0.05,0.24,39,0.06,0.06,2,0,0.00,0.00,1.32,1.25,60,5,0.06,38,3,61,67,0,41,2,0,0.00,99,0,0.00,0.00,8.68,8.25,33,11,10,37,2.89,2.75,33.33,3,0.79,50,0,20.00,0,0.00,99,2,0.50,0.53,68,6,14,77,0,0,0,0,0,26,40,59,54,0,99,2,7,7,0,0,7,63,0,0
Juan Santos da Silva,23,1015401600,2002/03/06,Serie A,2024,Forward,São Paulo,258,154,104,Brazil,10,4,6,0,0,0,1,1,0,0,0,3,1,2,3,1,2,0,0,0.35,0.35,0,0,0,0,1.05,86,26,0,258,0,-1,-1,-1,26,0,6.65,0.1,98,23.02,7.33,17,66,5.44,49,14,17.09,17,0.00,0.00,0.33,3,0.00,0.00,1.05,0.33,3,0.00,0.33,0.00,0.00,0.00,0.22,0.22,0.00,0.00,1.05,0.22,0.67,0.00,0.11,0.03,0.00,0.44,0.00,0.00,0,0,,3,0.33,61,1,0.35,53,2,0.70,73,2,7,3,29,0.00,99,0,2,0.70,48,0,30,0.00,14,0,0.00,99,0,0.00,0,0,0.00,0,1.05,63,6,2.09,75,2,0.70,33.33,0,0.00,0,0,0,0.00,0,0,0.00,57,0.00,0,N/A,N/A,N/A,N/A,0.00,0,0.00,0,0.26,0.00,0,74.24,33.33,37,79,0.11,0.35,1,60,20,0,0,0,0.11,0.35,1,69,59.86,0.22,0.70,2,0,0.00,0.00,99,0.00,0,0,1,0.11,0.35,0,0.00,0.00,0.70,0.22,2,0,0.00,42,0,8,40,57,0.81,93,0.09,0.28,0.26,49,0.03,0.09,35,2,0.22,0.70,1.74,0.56,81,5,0.09,49,16,29,99,0,96,62,0,0.00,99,4,0.00,1.40,11.16,3.56,32,11,24,67,3.84,1.22,34.38,3,1.05,36,0,0.00,0,0.00,99,0,0.00,0.00,30,2,68,46,0,0,0,0,0,79,40,59,54,0,99,65,7,7,0,0,7,31,0,0
Juan Sebastián Sforza,23,1013673600,2002/02/14,Serie A,2024,Midfielder,Vasco da Gama,1238,622,616,Argentina,26,13,13,1,1,0,0,0,0,0,0,3,2,1,23,14,9,3,0,0.07,0,0.07,0.14,0,1238,1.67,54,48,413,0,0.22,240,466,-1,20,0,6.51,0,45,61.90,32.58,96,782,28.62,687,85,54.38,95,0.00,0.00,0.08,2,0.00,0.21,1.58,0.83,20,0.00,0.38,0.00,0.00,0.00,0.62,0.33,0.00,0.00,0.63,0.21,0.38,0.00,0.12,0.03,0.00,1.08,0.00,0.00,0,0,,8,0.33,43,3,0.24,42,5,0.40,47,6,14,12,52,0.00,99,0,15,1.19,77,5,30,0.40,35,0,0.00,99,0,0.00,0,0,0.00,0,0.16,15,9,0.71,34,8,0.63,88.89,0,0.00,0,0,0,0.00,0,0,0.00,6,0.00,0,N/A,N/A,N/A,N/A,0.00,0,0.00,0,0.69,0.00,0,87.85,37.50,45,8,0.79,1.50,19,54,93,0,0,0,0.29,0.55,7,82,156.33,0.83,1.58,20,0,0.00,0.00,99,0.00,0,0,0,0.00,0.00,0,0.00,0.00,0.00,0.00,0,0,0.00,42,47,65,87,7,1.51,45,0.06,0.12,0.69,35,0.03,0.05,74,20,0.83,1.58,1.27,0.67,56,16,0.05,34,10,61,67,0,41,78,0,0.00,99,26,0.00,2.06,10.37,5.46,131,73,73,60,5.78,3.04,55.73,9,0.71,55,0,0.00,0,0.00,99,0,0.00,0.00,30,41,93,93,0,0,0,0,0,36,53,59,68,0,99,8,65,44,3,12,41,20,0,0
Juliano Viana Papille,17,1204358400,2008/03/01,Serie A,2024,Midfielder,Bragantino,23,23,0,Brazil,1,1,0,0,0,0,0,0,0,0,0,0,0,0,0,0,0,0,0,0,0,0,0,0,0,0,0,23,0,0,0,-1,-1,-1,26,0,6.50,0,45,11.74,3.00,0,3,3.00,3,99,11.74,4,0.00,0.00,0.00,0,0.00,0.00,3.91,1.00,1,0.00,0.00,0.00,0.00,0.00,0.00,0.00,0.00,0.00,0.00,0.00,0.00,0.00,0.00,0.00,0.00,0.00,0.00,0.00,0,0,,0,0.00,8,0,0.00,15,0,0.00,9,0,1,0,98,0.00,99,0,0,0.00,9,0,30,0.00,14,0,0.00,99,0,0.00,0,0,0.00,0,0.00,8,0,0.00,7,0,0.00,0.00,0,0.00,0,0,0,0.00,0,0,0.00,99,0.00,0,N/A,N/A,N/A,N/A,0.00,0,0.00,0,0.00,0.00,0,100.00,0.00,15,99,0.00,0.00,0,10,10,0,0,0,0.00,0.00,0,23,6.50,0.00,0.00,0,0,0.00,0.00,99,0.00,0,0,0,0.00,0.00,0,0.00,0.00,0.00,0.00,0,0,0.00,42,0,0,40,0,0.01,6,0.01,0.04,0.00,9,0.00,0.00,99,1,1.00,3.91,0.00,0.00,5,0,0.00,9,10,1,67,0,41,2,0,0.00,99,0,0.00,0.00,19.57,5.00,5,2,97,99,7.83,2.00,40.00,0,0.00,99,0,0.00,0,0.00,99,0,0.00,0.00,30,0,22,11,0,0,0,0,0,26,40,59,54,0,99,2,7,7,0,0,7,59,0,0
Julimar Silva Oliveira Junior,24,980409600,2001/01/25,Serie A,2024,Forward,Atlético PR,1670,831,839,Brazil,31,15,16,6,2,4,2,2,0,0,0,8,5,3,20,9,11,4,0,0.43,0.11,0.32,0.22,0.43,278,1.08,84,54,418,835,0.22,51,158,-1,2,0,7.03,0.06,70,28.07,16.17,27,469,12.72,369,32,22.08,27,0.00,0.00,0.79,23,0.00,1.38,1.68,0.97,28,0.00,0.72,0.00,0.00,0.00,0.52,1.03,0.00,8.60,2.57,0.69,2.07,0.00,0.79,0.25,0.00,1.59,0.00,0.00,0,0,,43,1.48,97,23,1.38,97,20,1.20,95,4,14,17,57,0.00,99,0,15,0.90,61,40,59,2.39,68,0,0.00,99,0,0.00,0,0,0.00,0,1.38,78,60,3.59,88,30,1.80,50.00,0,0.00,0,0,0,0.00,0,0,0.00,54,0.00,0,N/A,N/A,N/A,N/A,0.00,0,0.00,0,7.14,0.00,0,78.68,53.49,78,63,0.31,0.54,9,90,57,0,0,0,0.03,0.06,1,27,203.73,0.83,1.44,24,0,0.00,0.00,99,0.00,0,0,0,0.00,0.00,0,0.00,0.00,0.18,0.10,3,0,11.63,62,64,83,49,55,2.73,66,0.09,0.16,7.14,97,0.25,0.43,35,12,0.41,0.72,1.62,0.93,75,27,0.43,95,73,57,67,0,75,92,0,0.00,99,46,0.00,2.75,13.94,8.03,233,116,90,85,6.94,4.00,49.79,21,1.26,27,0,22.50,0,0.00,99,9,0.31,0.54,68,60,93,77,0,0,0,0,0,88,91,95,78,0,99,51,66,44,4,13,44,20,0,0
Julio Cesar de Rezende Miranda,30,789033600,1995/01/02,Serie A,2024,Midfielder,Bahia,605,168,437,Brazil,18,8,10,0,0,0,0,0,0,0,0,6,6,0,7,0,7,3,0,0,0,0,0,0,0,1.04,86,34,202,0,0.45,369,333,-1,27,0,6.04,0,45,52.60,17.71,87,301,16.71,284,99,49.63,90,0.00,0.00,0.06,1,0.00,0.00,3.50,1.18,20,0.00,0.35,0.00,0.00,0.00,0.29,0.12,0.00,0.00,0.70,0.18,0.12,0.00,0.06,0.02,0.00,0.53,0.00,0.00,0,0,,4,0.24,47,1,0.17,32,3,0.52,59,0,14,4,97,0.00,99,0,5,0.87,58,0,30,0.00,14,0,0.00,99,0,0.00,0,0,0.00,0,0.17,16,2,0.35,21,2,0.35,100.00,0,0.00,0,0,0,0.00,0,0,0.00,58,0.00,0,N/A,N/A,N/A,N/A,0.00,0,0.00,0,0.29,0.00,0,94.35,25.00,24,65,0.18,0.52,3,34,99,0,0,0,0.12,0.35,2,69,102.60,0.94,2.80,16,0,0.00,0.00,99,0.00,0,0,1,0.06,0.17,0,0.00,0.00,0.00,0.00,0,0,0.00,42,15,36,40,57,0.68,45,0.04,0.12,0.29,35,0.02,0.05,84,11,0.65,1.92,1.92,0.65,88,11,0.05,34,2,79,97,0,41,66,0,0.00,99,9,0.00,1.57,12.41,4.18,71,42,94,77,7.34,2.47,59.15,6,1.05,36,0,0.00,0,0.00,99,0,0.00,0.00,30,6,93,11,0,0,0,0,0,26,40,59,54,0,99,76,23,85,3,17,60,5,0,0
Júnior Alonso,32,729244800,1993/02/09,Serie A,2024,Defender,Atlético Mineiro,1048,450,598,Paraguay,12,5,7,1,0,1,0,0,0,0,0,4,3,1,14,3,11,2,0,0.09,0,0.09,0,0.15,1048,1.2,75,87,524,0,0.17,220,363,129,14,0,7.10,0,45,65.61,63.67,99,764,56.08,673,87,57.80,98,0.00,0.00,0.42,5,0.00,0.50,1.63,1.58,19,0.00,0.17,0.00,0.00,0.00,1.17,0.25,0.00,6.00,0.52,0.33,0.50,0.00,0.17,0.09,0.00,3.00,0.00,0.00,0,0,,6,0.50,34,2,0.17,32,4,0.34,39,3,0,12,54,0.00,99,0,14,1.20,78,6,30,0.52,40,0,0.00,99,0,0.00,0,0,0.00,0,0.43,30,6,0.52,28,3,0.26,50.00,0,0.00,0,0,0,0.00,0,0,0.00,36,0.00,0,N/A,N/A,N/A,N/A,0.00,0,0.00,0,1.03,0.00,0,88.09,33.33,37,43,0.75,0.77,9,28,57,0,0,0,0.42,0.43,5,76,85.24,2.83,2.92,34,0,0.00,0.00,99,0.00,0,0,0,0.00,0.00,0,0.00,0.00,0.00,0.00,0,0,16.67,80,38,14,84,37,1.51,51,0.13,0.13,1.03,49,0.09,0.09,2,0,0.00,0.00,1.37,1.33,63,16,0.09,49,82,81,67,0,41,96,0,0.00,99,36,0.00,3.09,9.10,8.83,106,58,55,44,4.98,4.83,54.72,2,0.17,80,0,0.00,0,0.00,99,0,0.00,0.00,30,41,14,63,0,0,0,0,0,42,60,75,54,0,99,76,76,33,2,17,60,8,0,0
Kaio Jorge,23,1011859200,2002/01/24,Serie A,2024,Forward,Cruzeiro,1164,779,385,Brazil,16,10,6,2,2,0,2,2,0,0,1,5,3,2,11,8,3,3,0,0.31,0.15,0.15,0.23,0,582,0.85,106,73,388,582,0.23,152,115,-1,7,0,6.94,0.12,79,15.77,12.75,3,204,9.94,159,27,12.29,6,0.00,0.00,0.81,13,0.00,0.19,0.15,0.12,2,0.00,0.62,0.00,0.00,0.00,0.00,0.31,0.00,16.00,2.47,0.94,0.81,0.00,1.06,0.27,0.00,1.12,0.00,0.00,0,0,,32,2.00,96,17,1.31,97,15,1.16,94,7,3,13,7,0.00,99,0,0,0.00,9,3,98,0.23,28,0,0.00,99,0,0.00,0,0,0.00,0,1.01,60,13,1.01,45,5,0.39,38.46,0,0.00,0,0,0,0.00,0,0,0.00,81,0.00,0,N/A,N/A,N/A,N/A,0.00,0,0.00,0,4.24,0.00,0,77.94,53.12,78,87,0.19,0.23,3,38,25,0,1,0,0.00,0.00,0,23,110.97,0.75,0.93,12,0,0.00,0.00,99,0.00,0,1,1,0.06,0.08,0,0.00,0.00,0.15,0.12,2,0,6.25,48,44,27,68,81,1.98,62,0.12,0.15,3.54,84,0.22,0.27,71,19,1.19,1.47,1.86,1.50,86,24,0.33,88,59,41,84,0,72,61,0,0.00,99,18,0.00,1.39,10.13,8.19,131,43,14,57,3.32,2.69,32.82,10,0.77,52,0,66.67,0,0.00,99,2,0.12,0.15,47,45,41,97,0,0,0,0,0,74,72,59,79,0,99,68,60,48,3,19,66,9,0,0
Kaique Kenji Takamura Correa,19,1138608000,2006/01/30,Serie A,2024,Midfielder,Cruzeiro,44,19,25,Brazil,4,2,2,0,0,0,0,0,0,0,0,0,0,0,0,0,0,0,0,0,0,0,0,0,0,0,0,11,0,0,0,-1,-1,-1,38,0,6.41,0,45,34.77,4.25,43,17,3.50,14,50,28.64,45,0.00,0.00,0.25,1,0.00,0.50,0.00,0.00,0,0.00,0.00,0.00,0.00,0.00,0.25,0.00,0.00,0.00,0.00,0.00,0.25,0.00,0.00,0.00,0.00,0.00,0.00,0.00,0,0,,0,0.00,8,0,0.00,15,0,0.00,9,0,4,0,4,0.00,99,0,1,2.05,99,2,30,4.09,86,0,0.00,99,0,0.00,0,0,0.00,0,2.05,92,1,2.05,74,0,0.00,0.00,0,0.00,0,0,0,0.00,0,0,0.00,99,0.00,0,N/A,N/A,N/A,N/A,0.00,0,0.00,0,0.00,0.00,0,82.35,0.00,15,99,0.00,0.00,0,10,10,0,0,0,0.00,0.00,0,23,25.64,0.00,0.00,0,0,0.00,0.00,99,0.00,0,0,0,0.00,0.00,0,0.00,0.00,0.00,0.00,0,0,0.00,42,0,0,40,0,0.06,45,0.01,0.12,0.00,9,0.00,0.00,86,1,0.25,2.05,0.00,0.00,5,0,0.00,9,7,1,67,0,41,2,0,0.00,99,0,0.00,0.00,4.09,0.50,2,1,8,7,2.05,0.25,50.00,0,0.00,99,0,0.00,0,0.00,99,0,0.00,0.00,30,0,50,11,0,0,0,0,0,26,40,59,54,0,99,2,7,7,0,0,7,69,0,0
Kaique Rocha Lima,24,983347200,2001/02/28,Serie A,2024,Defender,Atlético PR,2486,1216,1270,Brazil,29,14,15,0,0,0,1,0,1,0,0,7,4,3,23,13,10,4,0,0.04,0.04,0,0,0,0,0.83,108,86,622,2486,0.14,451,270,32,28,0,7.17,0.03,50,44.66,42.46,71,1189,37.29,1044,84,39.22,76,0.00,0.00,0.54,15,0.00,0.18,1.50,1.43,40,0.00,0.07,0.00,0.00,0.00,1.29,0.43,0.00,0.00,0.41,0.25,0.50,0.00,0.14,0.03,0.00,2.32,0.00,0.00,0,0,,11,0.39,26,4,0.15,29,7,0.26,29,4,1,28,48,0.00,99,0,36,1.35,84,5,91,0.19,26,0,0.00,99,0,0.00,0,0,0.00,0,0.56,36,14,0.53,29,12,0.45,85.71,0,0.00,0,0,0,0.00,0,0,0.00,83,0.00,0,N/A,N/A,N/A,N/A,0.00,0,0.00,0,0.79,0.00,0,87.80,36.36,41,73,0.39,0.41,11,43,93,0,0,0,0.71,0.75,20,90,200.77,4.64,4.88,130,0,0.00,0.00,99,0.00,0,0,0,0.00,0.00,0,0.00,0.00,0.08,0.07,2,0,0.00,42,88,76,40,82,3.09,45,0.11,0.12,0.79,24,0.03,0.03,18,10,0.36,0.38,0.64,0.61,16,17,0.03,24,89,94,67,0,58,87,0,0.00,99,65,0.00,2.44,6.76,6.43,180,127,49,18,4.77,4.54,70.56,2,0.08,86,0,40.00,0,0.00,99,2,0.07,0.08,39,86,22,77,0,0,0,0,0,30,40,59,54,0,99,43,81,27,4,14,48,4,0,0
Kauã Elias Nogueira,19,1143532800,2006/03/28,Serie A,2024,Midfielder,Fluminense,1461,638,823,Brazil,30,13,17,6,3,3,2,0,2,0,0,13,8,5,11,3,8,5,0,0.49,0.12,0.37,0.42,0.33,244,0.68,133,49,292,731,0.31,32,150,-1,2,0,6.47,0.07,72,22.79,12.71,17,356,9.71,272,20,17.41,17,0.00,0.00,0.68,19,0.00,0.07,1.47,0.82,23,0.00,2.04,0.00,0.00,0.00,0.11,0.79,0.00,5.20,1.66,0.39,2.29,0.00,0.54,0.20,0.00,0.71,0.00,0.00,0,0,,26,0.93,82,15,0.96,89,11,0.70,73,4,14,16,47,0.00,99,0,3,0.19,17,2,96,0.13,22,0,0.00,99,0,0.00,0,0,0.00,0,1.22,70,64,4.10,91,22,1.41,34.38,0,0.00,0,0,0,0.00,0,0,0.00,92,0.00,0,N/A,N/A,N/A,N/A,0.00,0,0.00,0,5.46,0.00,0,76.40,57.69,84,81,0.18,0.32,5,84,21,0,0,0,0.00,0.00,0,23,181.16,0.18,0.32,5,0,0.00,0.00,99,0.00,0,0,0,0.00,0.00,0,0.00,0.00,0.19,0.11,3,0,19.23,84,57,80,47,92,2.39,62,0.09,0.15,5.46,92,0.20,0.35,29,9,0.32,0.58,0.83,0.46,26,13,0.35,91,8,8,67,0,77,59,0,0.00,99,20,0.00,1.28,16.77,9.36,262,74,48,98,4.74,2.64,28.24,57,3.65,0,0,50.00,0,0.00,99,1,0.04,0.06,35,56,93,77,0,0,0,0,0,91,94,90,91,0,99,91,44,66,4,13,44,19,0,0
Kauã Inácio Moroso,21,1078992000,2004/03/11,Serie A,2024,Midfielder,Criciúma,0,0,0,Brazil,0,0,0,0,0,0,0,0,0,0,0,0,0,0,0,0,0,0,0,0,0,0,0,0,0,0,0,0,0,0,0,-1,-1,-1,-1,N/A,N/A,N/A,N/A,N/A,N/A,N/A,N/A,N/A,N/A,N/A,N/A,N/A,N/A,N/A,N/A,N/A,N/A,N/A,N/A,N/A,N/A,N/A,N/A,N/A,N/A,N/A,N/A,N/A,N/A,N/A,N/A,N/A,N/A,N/A,N/A,N/A,N/A,N/A,N/A,N/A,N/A,N/A,N/A,N/A,N/A,N/A,N/A,N/A,N/A,N/A,N/A,N/A,N/A,N/A,N/A,N/A,N/A,N/A,N/A,N/A,N/A,N/A,N/A,N/A,N/A,N/A,N/A,N/A,N/A,N/A,N/A,N/A,N/A,N/A,N/A,N/A,N/A,N/A,N/A,N/A,N/A,N/A,N/A,N/A,N/A,N/A,N/A,N/A,N/A,N/A,N/A,N/A,N/A,N/A,N/A,N/A,N/A,N/A,N/A,N/A,N/A,N/A,N/A,N/A,N/A,N/A,N/A,N/A,N/A,N/A,N/A,N/A,N/A,N/A,N/A,N/A,N/A,N/A,N/A,N/A,N/A,N/A,N/A,N/A,N/A,N/A,N/A,N/A,N/A,N/A,N/A,N/A,N/A,N/A,N/A,N/A,N/A,N/A,N/A,N/A,N/A,N/A,N/A,N/A,N/A,N/A,N/A,N/A,N/A,N/A,N/A,N/A,N/A,N/A,N/A,N/A,N/A,N/A,N/A,N/A,N/A,N/A,N/A,N/A,N/A,N/A,N/A,N/A,N/A,N/A,N/A,N/A,N/A,N/A,N/A,N/A,N/A,N/A,N/A,N/A,N/A,N/A,N/A,N/A,N/A,N/A,N/A,N/A,N/A,N/A,N/A,N/A,N/A,N/A,N/A,N/A,N/A,N/A,N/A,N/A,N/A,N/A,N/A,N/A,N/A,N/A,N/A,N/A,N/A,N/A,N/A,N/A,N/A,N/A,N/A,N/A,N/A,N/A,N/A,N/A,N/A,N/A,N/A
Kauan Cristtyan Cabral do Carmo,19,1138089600,2006/01/24,Serie A,2024,Midfielder,Cuiabá,6,6,0,Brazil,1,1,0,0,0,0,0,0,0,0,0,0,0,0,0,0,0,0,0,0,0,0,0,0,0,0,0,6,0,0,0,-1,-1,-1,31,0,6.83,0,45,90.00,6.00,99,6,4.00,4,4,60.00,99,0.00,0.00,0.00,0,0.00,0.00,0.00,0.00,0,0.00,1.00,0.00,0.00,0.00,0.00,0.00,0.00,0.00,0.00,0.00,0.00,0.00,0.00,0.00,0.00,0.00,0.00,0.00,0,0,,0,0.00,8,0,0.00,15,0,0.00,9,0,1,0,4,0.00,99,0,0,0.00,9,0,30,0.00,14,0,0.00,99,0,0.00,0,0,0.00,0,0.00,8,0,0.00,7,0,0.00,0.00,0,0.00,0,0,0,0.00,0,0,0.00,99,0.00,0,N/A,N/A,N/A,N/A,0.00,0,0.00,0,0.00,0.00,0,66.67,0.00,15,99,0.00,0.00,0,10,10,0,0,0,0.00,0.00,0,23,6.83,0.00,0.00,0,0,0.00,0.00,99,0.00,0,0,0,0.00,0.00,0,0.00,0.00,0.00,0.00,0,0,0.00,42,0,0,40,0,0.01,62,0.01,0.15,0.00,9,0.00,0.00,2,0,0.00,0.00,0.00,0.00,5,0,0.00,9,41,1,67,0,41,2,0,0.00,99,0,0.00,0.00,15.00,1.00,1,0,0,92,0.00,0.00,0.00,1,15.00,0,0,0.00,0,0.00,99,0,0.00,0.00,30,0,22,11,0,0,0,0,0,26,40,59,54,0,99,2,7,7,0,0,7,49,0,0
Kauan Jesus Santos Oliveira,22,1051426800,2003/04/27,Serie A,2024,Midfielder,Internacional,0,0,0,Brazil,0,0,0,0,0,0,0,0,0,0,0,0,0,0,0,0,0,0,0,0,0,0,0,0,0,0,0,0,0,0,0,-1,-1,-1,-1,N/A,N/A,N/A,N/A,N/A,N/A,N/A,N/A,N/A,N/A,N/A,N/A,N/A,N/A,N/A,N/A,N/A,N/A,N/A,N/A,N/A,N/A,N/A,N/A,N/A,N/A,N/A,N/A,N/A,N/A,N/A,N/A,N/A,N/A,N/A,N/A,N/A,N/A,N/A,N/A,N/A,N/A,N/A,N/A,N/A,N/A,N/A,N/A,N/A,N/A,N/A,N/A,N/A,N/A,N/A,N/A,N/A,N/A,N/A,N/A,N/A,N/A,N/A,N/A,N/A,N/A,N/A,N/A,N/A,N/A,N/A,N/A,N/A,N/A,N/A,N/A,N/A,N/A,N/A,N/A,N/A,N/A,N/A,N/A,N/A,N/A,N/A,N/A,N/A,N/A,N/A,N/A,N/A,N/A,N/A,N/A,N/A,N/A,N/A,N/A,N/A,N/A,N/A,N/A,N/A,N/A,N/A,N/A,N/A,N/A,N/A,N/A,N/A,N/A,N/A,N/A,N/A,N/A,N/A,N/A,N/A,N/A,N/A,N/A,N/A,N/A,N/A,N/A,N/A,N/A,N/A,N/A,N/A,N/A,N/A,N/A,N/A,N/A,N/A,N/A,N/A,N/A,N/A,N/A,N/A,N/A,N/A,N/A,N/A,N/A,N/A,N/A,N/A,N/A,N/A,N/A,N/A,N/A,N/A,N/A,N/A,N/A,N/A,N/A,N/A,N/A,N/A,N/A,N/A,N/A,N/A,N/A,N/A,N/A,N/A,N/A,N/A,N/A,N/A,N/A,N/A,N/A,N/A,N/A,N/A,N/A,N/A,N/A,N/A,N/A,N/A,N/A,N/A,N/A,N/A,N/A,N/A,N/A,N/A,N/A,N/A,N/A,N/A,N/A,N/A,N/A,N/A,N/A,N/A,N/A,N/A,N/A,N/A,N/A,N/A,N/A,N/A,N/A,N/A,N/A,N/A,N/A,N/A,N/A
Kauan Martins Chagas,21,1070352000,2003/12/02,Serie A,2024,Midfielder,Bragantino,0,0,0,Brazil,0,0,0,0,0,0,0,0,0,0,0,0,0,0,0,0,0,0,0,0,0,0,0,0,0,0,0,0,0,0,0,-1,-1,-1,-1,N/A,N/A,N/A,N/A,N/A,N/A,N/A,N/A,N/A,N/A,N/A,N/A,N/A,N/A,N/A,N/A,N/A,N/A,N/A,N/A,N/A,N/A,N/A,N/A,N/A,N/A,N/A,N/A,N/A,N/A,N/A,N/A,N/A,N/A,N/A,N/A,N/A,N/A,N/A,N/A,N/A,N/A,N/A,N/A,N/A,N/A,N/A,N/A,N/A,N/A,N/A,N/A,N/A,N/A,N/A,N/A,N/A,N/A,N/A,N/A,N/A,N/A,N/A,N/A,N/A,N/A,N/A,N/A,N/A,N/A,N/A,N/A,N/A,N/A,N/A,N/A,N/A,N/A,N/A,N/A,N/A,N/A,N/A,N/A,N/A,N/A,N/A,N/A,N/A,N/A,N/A,N/A,N/A,N/A,N/A,N/A,N/A,N/A,N/A,N/A,N/A,N/A,N/A,N/A,N/A,N/A,N/A,N/A,N/A,N/A,N/A,N/A,N/A,N/A,N/A,N/A,N/A,N/A,N/A,N/A,N/A,N/A,N/A,N/A,N/A,N/A,N/A,N/A,N/A,N/A,N/A,N/A,N/A,N/A,N/A,N/A,N/A,N/A,N/A,N/A,N/A,N/A,N/A,N/A,N/A,N/A,N/A,N/A,N/A,N/A,N/A,N/A,N/A,N/A,N/A,N/A,N/A,N/A,N/A,N/A,N/A,N/A,N/A,N/A,N/A,N/A,N/A,N/A,N/A,N/A,N/A,N/A,N/A,N/A,N/A,N/A,N/A,N/A,N/A,N/A,N/A,N/A,N/A,N/A,N/A,N/A,N/A,N/A,N/A,N/A,N/A,N/A,N/A,N/A,N/A,N/A,N/A,N/A,N/A,N/A,N/A,N/A,N/A,N/A,N/A,N/A,N/A,N/A,N/A,N/A,N/A,N/A,N/A,N/A,N/A,N/A,N/A,N/A,N/A,N/A,N/A,N/A,N/A,N/A
Kauan Rodrigues da Silva,20,1113634800,2005/04/16,Serie A,2024,Midfielder,Fortaleza,52,0,52,Brazil,3,1,2,0,0,0,0,0,0,0,0,1,1,0,0,0,0,0,0,0,0,0,0,0,0,0,0,17,0,0,0,-1,-1,-1,18,0,6.62,0,45,60.58,17.50,95,35,16.00,32,98,55.38,96,0.00,0.00,0.50,1,0.00,0.00,1.73,0.50,1,0.00,1.00,0.00,0.00,0.00,0.50,0.00,0.00,0.00,0.00,0.00,0.50,0.00,0.00,0.00,0.00,1.00,0.00,0.00,0,0,,0,0.00,8,0,0.00,15,0,0.00,9,0,3,0,59,0.00,99,0,1,1.73,95,0,30,0.00,14,0,0.00,99,0,0.00,0,0,0.00,0,1.73,88,1,1.73,68,0,0.00,0.00,0,0.00,0,0,0,0.00,0,0,0.00,99,0.00,0,N/A,N/A,N/A,N/A,0.00,0,0.00,0,0.00,0.00,0,91.43,0.00,15,99,0.00,0.00,0,10,10,0,0,0,0.00,0.00,0,23,13.25,0.50,1.73,1,0,0.00,0.00,99,0.00,0,0,0,0.00,0.00,0,0.00,0.00,0.00,0.00,0,0,0.00,42,0,0,40,0,0.11,77,0.06,0.19,0.00,9,0.00,0.00,99,2,1.00,3.46,0.00,0.00,5,0,0.00,9,14,64,67,0,41,98,0,0.00,99,2,0.00,3.46,15.58,4.50,9,5,99,94,8.65,2.50,55.56,2,3.46,0,0,0.00,0,0.00,99,0,0.00,0.00,30,0,41,11,0,0,0,0,0,26,40,59,54,0,99,76,7,7,0,0,7,37,0,0
Kauê Rodrigues Pessanha,21,1098428400,2004/10/22,Serie A,2024,Midfielder,Botafogo,154,30,124,Brazil,6,2,4,1,0,1,0,0,0,0,0,1,1,0,3,0,3,0,0,0.58,0,0.58,0,0.73,154,1.75,51,26,0,0,0,-1,-1,-1,16,0,7.79,0,45,23.38,6.67,18,40,5.00,30,15,17.53,18,0.00,0.00,0.17,1,0.00,1.00,1.75,0.50,3,0.00,0.33,0.00,0.00,0.00,0.00,0.17,0.00,2.00,1.17,0.17,0.17,0.00,0.17,0.13,0.00,0.33,0.00,0.00,0,0,,2,0.33,64,1,0.58,70,1,0.58,64,8,4,2,60,0.00,99,0,0,0.00,9,6,30,3.51,80,0,0.00,99,0,0.00,0,0,0.00,0,0.58,37,1,0.58,31,1,0.58,100.00,0,0.00,0,0,0,0.00,0,0,0.00,5,0.00,0,N/A,N/A,N/A,N/A,0.00,0,0.00,0,0.80,0.00,0,75.00,50.00,74,3,0.50,1.75,3,50,99,0,0,0,0.00,0.00,0,23,46.74,0.50,1.75,3,0,0.00,0.00,99,0.00,0,0,0,0.00,0.00,0,0.00,0.00,0.00,0.00,0,0,50.00,99,0,3,41,5,0.10,13,0.02,0.06,0.80,97,0.13,0.47,29,1,0.17,0.58,2.92,0.83,99,5,0.47,96,99,64,67,0,41,54,0,0.00,99,2,0.00,1.17,11.10,3.17,19,7,30,67,4.09,1.17,36.84,2,1.17,30,0,0.00,0,0.00,99,0,0.00,0.00,30,1,50,99,0,0,0,0,0,95,99,99,54,0,99,20,7,7,0,0,7,25,0,0
Kayke Ayrton dos Santos Evaristo,17,1209193200,2008/04/26,Serie A,2024,Midfielder,Atlético PR,3,3,0,Brazil,1,1,0,0,0,0,0,0,0,0,0,0,0,0,0,0,0,0,0,0,0,0,0,0,0,0,0,3,0,0,0,-1,-1,-1,16,0,0.00,0,45,0.00,0.00,0,0,0.00,0,0,0.00,0,0.00,0.00,0.00,0,0.00,0.00,0.00,0.00,0,0.00,2.00,0.00,0.00,0.00,0.00,0.00,0.00,0.00,0.00,0.00,2.00,0.00,0.00,0.00,0.00,0.00,0.00,0.00,0,0,,0,0.00,8,0,0.00,15,0,0.00,9,0,1,0,4,0.00,99,0,0,0.00,9,0,30,0.00,14,0,0.00,99,0,0.00,0,0,0.00,0,0.00,8,2,60.00,99,0,0.00,0.00,0,0.00,0,0,0,0.00,0,0,0.00,99,0.00,0,N/A,N/A,N/A,N/A,0.00,0,0.00,0,0.00,0.00,0,0.00,0.00,15,99,0.00,0.00,0,10,10,0,0,0,0.00,0.00,0,23,0.00,0.00,0.00,0,0,0.00,0.00,99,0.00,0,0,0,0.00,0.00,0,0.00,0.00,0.00,0.00,0,0,0.00,42,0,0,40,0,0.00,0,0.00,0.00,0.00,9,0.00,0.00,2,0,0.00,0.00,0.00,0.00,5,0,0.00,9,0,1,67,0,41,2,0,0.00,99,0,0.00,0.00,150.00,5.00,5,0,0,99,0.00,0.00,0.00,2,60.00,0,0,0.00,0,0.00,99,0,0.00,0.00,30,0,22,11,0,0,0,0,0,26,40,59,54,0,99,2,7,7,0,0,7,21,0,0
Kayke Ferrari Guimarães,21,1083135600,2004/04/28,Serie A,2024,Midfielder,Corinthians,12,7,5,Brazil,2,1,1,0,0,0,0,0,0,0,0,0,0,0,0,0,0,0,0,0,0,0,0,0,0,0,0,6,0,0,0,-1,-1,-1,20,0,6.29,0,45,75.00,5.00,99,10,4.50,9,94,67.50,99,0.00,0.00,0.00,0,0.00,0.00,0.00,0.00,0,0.00,0.00,0.00,0.00,0.00,0.00,0.50,0.00,0.00,0.00,0.00,1.50,0.00,0.00,0.00,0.00,0.00,0.00,0.00,0,0,,0,0.00,8,0,0.00,15,0,0.00,9,0,2,0,4,0.00,99,0,0,0.00,9,0,30,0.00,14,0,0.00,99,0,0.00,0,0,0.00,0,0.00,8,3,22.50,99,1,7.50,33.33,0,0.00,0,0,0,0.00,0,0,0.00,99,0.00,0,N/A,N/A,N/A,N/A,0.00,0,0.00,0,0.00,0.00,0,90.00,0.00,15,99,0.00,0.00,0,99,20,0,0,0,0.00,0.00,0,23,12.58,0.00,0.00,0,0,0.00,0.00,99,0.00,0,0,0,0.00,0.00,0,0.00,0.00,0.00,0.00,0,0,0.00,42,0,0,40,0,0.02,62,0.01,0.15,0.00,9,0.00,0.00,2,0,0.00,0.00,0.00,0.00,5,0,0.00,9,4,1,67,0,41,2,0,0.00,99,0,0.00,0.00,22.50,1.50,3,1,96,99,7.50,0.50,33.33,0,0.00,99,0,0.00,0,0.00,99,0,0.00,0.00,30,0,31,11,0,0,0,0,0,26,40,59,54,0,99,2,7,7,0,0,7,31,0,0
Keiller,29,846576000,1996/10/29,Serie A,2024,Goalkeeper,Vasco da Gama,0,0,0,Brazil,0,0,0,0,0,0,0,0,0,0,0,0,0,0,0,0,0,0,0,0,0,0,0,0,0,0,0,0,0,0,0,-1,-1,-1,-1,N/A,N/A,N/A,N/A,N/A,N/A,N/A,N/A,N/A,N/A,N/A,N/A,N/A,N/A,N/A,N/A,N/A,N/A,N/A,N/A,N/A,N/A,N/A,N/A,N/A,N/A,N/A,N/A,N/A,N/A,N/A,N/A,N/A,N/A,N/A,N/A,N/A,N/A,N/A,N/A,N/A,N/A,N/A,N/A,N/A,N/A,N/A,N/A,N/A,N/A,N/A,N/A,N/A,N/A,N/A,N/A,N/A,N/A,N/A,N/A,N/A,N/A,N/A,N/A,N/A,N/A,N/A,N/A,N/A,N/A,N/A,N/A,N/A,N/A,N/A,N/A,N/A,N/A,N/A,N/A,N/A,N/A,N/A,N/A,N/A,N/A,N/A,N/A,N/A,N/A,N/A,N/A,N/A,N/A,N/A,N/A,N/A,N/A,N/A,N/A,N/A,N/A,N/A,N/A,N/A,N/A,N/A,N/A,N/A,N/A,N/A,N/A,N/A,N/A,N/A,N/A,N/A,N/A,N/A,N/A,N/A,N/A,N/A,N/A,N/A,N/A,N/A,N/A,N/A,N/A,N/A,N/A,N/A,N/A,N/A,N/A,N/A,N/A,N/A,N/A,N/A,N/A,N/A,N/A,N/A,N/A,N/A,N/A,N/A,N/A,N/A,N/A,N/A,N/A,N/A,N/A,N/A,N/A,N/A,N/A,N/A,N/A,N/A,N/A,N/A,N/A,N/A,N/A,N/A,N/A,N/A,N/A,N/A,N/A,N/A,N/A,N/A,N/A,N/A,N/A,N/A,N/A,N/A,N/A,N/A,N/A,N/A,N/A,N/A,N/A,N/A,N/A,N/A,N/A,N/A,N/A,N/A,N/A,N/A,N/A,N/A,N/A,N/A,N/A,N/A,N/A,N/A,N/A,N/A,N/A,N/A,N/A,N/A,N/A,N/A,N/A,N/A,N/A,N/A,N/A,N/A,N/A,N/A,N/A
Kelvi Chiesa Gomes,23,1034838000,2002/10/17,Serie A,2024,Midfielder,Juventude,0,0,0,Brazil,0,0,0,0,0,0,0,0,0,0,0,0,0,0,0,0,0,0,0,0,0,0,0,0,0,0,0,0,0,0,0,-1,-1,-1,-1,N/A,N/A,N/A,N/A,N/A,N/A,N/A,N/A,N/A,N/A,N/A,N/A,N/A,N/A,N/A,N/A,N/A,N/A,N/A,N/A,N/A,N/A,N/A,N/A,N/A,N/A,N/A,N/A,N/A,N/A,N/A,N/A,N/A,N/A,N/A,N/A,N/A,N/A,N/A,N/A,N/A,N/A,N/A,N/A,N/A,N/A,N/A,N/A,N/A,N/A,N/A,N/A,N/A,N/A,N/A,N/A,N/A,N/A,N/A,N/A,N/A,N/A,N/A,N/A,N/A,N/A,N/A,N/A,N/A,N/A,N/A,N/A,N/A,N/A,N/A,N/A,N/A,N/A,N/A,N/A,N/A,N/A,N/A,N/A,N/A,N/A,N/A,N/A,N/A,N/A,N/A,N/A,N/A,N/A,N/A,N/A,N/A,N/A,N/A,N/A,N/A,N/A,N/A,N/A,N/A,N/A,N/A,N/A,N/A,N/A,N/A,N/A,N/A,N/A,N/A,N/A,N/A,N/A,N/A,N/A,N/A,N/A,N/A,N/A,N/A,N/A,N/A,N/A,N/A,N/A,N/A,N/A,N/A,N/A,N/A,N/A,N/A,N/A,N/A,N/A,N/A,N/A,N/A,N/A,N/A,N/A,N/A,N/A,N/A,N/A,N/A,N/A,N/A,N/A,N/A,N/A,N/A,N/A,N/A,N/A,N/A,N/A,N/A,N/A,N/A,N/A,N/A,N/A,N/A,N/A,N/A,N/A,N/A,N/A,N/A,N/A,N/A,N/A,N/A,N/A,N/A,N/A,N/A,N/A,N/A,N/A,N/A,N/A,N/A,N/A,N/A,N/A,N/A,N/A,N/A,N/A,N/A,N/A,N/A,N/A,N/A,N/A,N/A,N/A,N/A,N/A,N/A,N/A,N/A,N/A,N/A,N/A,N/A,N/A,N/A,N/A,N/A,N/A,N/A,N/A,N/A,N/A,N/A,N/A
Kelvin Javier Flórez Mosquera,21,1076140800,2004/02/07,Serie A,2024,Midfielder,Bragantino,0,0,0,Colombia,0,0,0,0,0,0,0,0,0,0,0,0,0,0,0,0,0,0,0,0,0,0,0,0,0,0,0,0,0,0,0,-1,-1,-1,-1,N/A,N/A,N/A,N/A,N/A,N/A,N/A,N/A,N/A,N/A,N/A,N/A,N/A,N/A,N/A,N/A,N/A,N/A,N/A,N/A,N/A,N/A,N/A,N/A,N/A,N/A,N/A,N/A,N/A,N/A,N/A,N/A,N/A,N/A,N/A,N/A,N/A,N/A,N/A,N/A,N/A,N/A,N/A,N/A,N/A,N/A,N/A,N/A,N/A,N/A,N/A,N/A,N/A,N/A,N/A,N/A,N/A,N/A,N/A,N/A,N/A,N/A,N/A,N/A,N/A,N/A,N/A,N/A,N/A,N/A,N/A,N/A,N/A,N/A,N/A,N/A,N/A,N/A,N/A,N/A,N/A,N/A,N/A,N/A,N/A,N/A,N/A,N/A,N/A,N/A,N/A,N/A,N/A,N/A,N/A,N/A,N/A,N/A,N/A,N/A,N/A,N/A,N/A,N/A,N/A,N/A,N/A,N/A,N/A,N/A,N/A,N/A,N/A,N/A,N/A,N/A,N/A,N/A,N/A,N/A,N/A,N/A,N/A,N/A,N/A,N/A,N/A,N/A,N/A,N/A,N/A,N/A,N/A,N/A,N/A,N/A,N/A,N/A,N/A,N/A,N/A,N/A,N/A,N/A,N/A,N/A,N/A,N/A,N/A,N/A,N/A,N/A,N/A,N/A,N/A,N/A,N/A,N/A,N/A,N/A,N/A,N/A,N/A,N/A,N/A,N/A,N/A,N/A,N/A,N/A,N/A,N/A,N/A,N/A,N/A,N/A,N/A,N/A,N/A,N/A,N/A,N/A,N/A,N/A,N/A,N/A,N/A,N/A,N/A,N/A,N/A,N/A,N/A,N/A,N/A,N/A,N/A,N/A,N/A,N/A,N/A,N/A,N/A,N/A,N/A,N/A,N/A,N/A,N/A,N/A,N/A,N/A,N/A,N/A,N/A,N/A,N/A,N/A,N/A,N/A,N/A,N/A,N/A,N/A
Keno,36,621414000,1989/09/10,Serie A,2024,Forward,Fluminense,1397,805,592,Brazil,27,15,12,1,1,0,1,1,0,0,0,9,7,2,16,7,9,4,0,0.13,0.06,0.06,0.11,0,1397,1.03,87,52,349,1397,0.26,267,239,-1,9,0,6.89,0.04,54,26.87,15.12,24,378,11.84,296,29,21.04,24,0.00,0.00,0.76,19,0.00,1.76,2.06,1.16,29,0.00,0.52,0.00,0.00,0.00,0.28,1.28,0.00,27.00,1.92,0.64,2.76,0.00,0.44,0.13,0.00,0.28,0.00,0.00,0,0,,27,1.08,89,11,0.78,80,16,1.14,93,3,12,15,73,0.00,99,0,7,0.50,33,44,47,3.13,77,0,0.00,99,0,0.00,0,0,0.00,0,1.35,77,69,4.91,96,32,2.27,46.38,0,0.00,0,0,0,0.00,0,0,0.00,59,0.00,0,N/A,N/A,N/A,N/A,0.00,0,0.00,0,3.13,0.00,0,78.31,40.74,51,13,0.72,1.28,18,95,43,0,0,0,0.16,0.28,4,61,172.37,0.36,0.64,9,0,0.00,0.00,99,0.00,0,0,1,0.04,0.07,0,0.00,0.00,0.50,0.28,7,0,3.70,43,54,69,91,59,1.86,51,0.07,0.13,3.13,77,0.13,0.22,81,25,1.00,1.78,1.00,0.56,37,14,0.22,75,50,26,83,0,92,23,0,0.00,99,7,0.00,0.50,12.51,7.04,176,93,87,77,6.61,3.72,52.84,13,0.92,43,0,18.18,0,0.00,99,8,0.32,0.57,70,51,88,63,0,0,0,0,0,50,49,59,62,0,99,76,56,54,4,15,51,11,0,0
Kervin Mario Andrade Navarro,20,1113375600,2005/04/13,Serie A,2024,Forward,Fortaleza,492,252,240,Venezuela,13,6,7,1,1,0,1,0,1,0,0,4,4,0,4,1,3,2,0,0.37,0.18,0.18,0.36,0,492,0.73,123,38,246,492,0.37,129,88,-1,17,0,6.30,0.08,85,25.06,10.54,21,137,7.62,99,11,18.11,18,0.00,0.00,1.15,15,0.00,1.31,0.73,0.31,4,0.00,0.92,0.00,0.00,0.00,0.31,0.31,0.00,7.00,1.28,0.23,0.92,0.00,0.31,0.10,0.00,0.15,0.00,0.00,0,0,,7,0.54,70,4,0.73,78,3,0.55,62,6,9,4,17,0.00,99,0,4,0.73,50,17,61,3.11,77,0,0.00,99,0,0.00,0,0,0.00,0,2.74,97,12,2.20,76,4,0.73,33.33,0,0.00,0,0,0,0.00,0,0,0.00,89,0.00,0,N/A,N/A,N/A,N/A,0.00,0,0.00,0,1.28,0.00,0,72.26,57.14,84,61,0.23,0.55,3,62,20,0,0,0,0.00,0.00,0,23,81.89,0.23,0.55,3,0,0.00,0.00,99,0.00,0,0,0,0.00,0.00,0,0.00,0.00,0.00,0.00,0,0,14.29,72,9,18,63,89,1.42,92,0.11,0.26,1.28,78,0.10,0.23,77,9,0.69,1.65,1.46,0.62,69,8,0.23,76,5,20,67,0,41,17,0,0.00,99,2,0.00,0.37,10.79,4.54,59,19,17,64,3.48,1.46,32.20,12,2.20,5,0,23.53,0,0.00,99,4,0.31,0.73,76,6,78,93,0,0,0,0,0,82,77,59,89,0,99,68,32,77,2,15,51,77,0,0
Kevin Steven Serna Jaramillo,27,882345600,1997/12/17,Serie A,2024,Forward,Fluminense,875,437,438,Colombia,16,9,7,3,1,2,2,1,1,0,0,10,7,3,2,0,2,1,0,0.51,0.21,0.31,0.21,0.41,292,0.21,438,55,875,438,0.1,52,59,-1,6,0,6.87,0.12,90,23.45,14.25,18,228,10.31,165,12,16.97,17,0.00,0.00,0.75,12,0.00,2.56,2.47,1.50,24,0.00,0.94,0.00,0.00,0.00,0.44,1.56,0.00,4.33,1.34,0.38,3.62,0.00,0.44,0.18,0.00,0.50,0.00,0.00,0,0,,13,0.81,72,7,0.72,77,6,0.62,67,4,7,9,85,0.00,99,0,7,0.72,49,41,35,4.22,88,0,0.00,99,0,0.00,0,0,0.00,0,1.23,71,58,5.97,98,25,2.57,43.10,0,0.00,0,0,0,0.00,0,0,0.00,99,0.00,0,N/A,N/A,N/A,N/A,0.00,0,0.00,0,2.95,0.00,0,72.37,53.85,80,7,0.94,1.54,15,96,35,0,0,0,0.00,0.00,0,23,109.96,0.25,0.41,4,0,0.00,0.00,99,0.00,0,0,1,0.06,0.10,0,0.00,0.00,0.21,0.12,2,0,23.08,89,28,27,50,99,1.95,80,0.12,0.20,2.95,87,0.18,0.30,73,15,0.94,1.54,1.23,0.75,53,12,0.30,85,47,13,90,0,79,40,0,0.00,99,8,0.00,0.82,16.46,10.00,160,71,93,97,7.30,4.44,44.38,15,1.54,18,0,12.20,0,0.00,99,5,0.31,0.51,68,28,68,77,0,0,0,0,0,93,90,94,77,0,99,99,93,15,1,6,15,90,0,0
Lautaro Díaz,27,895734000,1998/05/21,Serie A,2024,Midfielder,Cruzeiro,972,542,430,Argentina,18,10,8,1,0,1,0,0,0,0,0,5,2,3,9,5,4,1,0,0.09,0,0.09,0,0.21,972,0.83,108,54,972,0,0.09,219,374,-1,18,0,6.60,0,45,19.01,11.71,9,199,8.29,141,9,13.47,9,0.00,0.00,0.71,12,0.00,0.53,0.76,0.47,8,0.00,0.35,0.00,0.00,0.00,0.12,0.24,0.00,16.00,1.53,0.47,1.53,0.00,0.47,0.13,0.00,1.24,0.00,0.00,0,0,,16,0.94,79,8,0.76,79,8,0.76,76,1,7,11,18,0.00,99,0,2,0.19,17,9,30,0.86,49,0,0.00,99,0,0.00,0,0,0.00,0,1.15,66,26,2.48,80,4,0.38,15.38,0,0.00,0,0,0,0.00,0,0,0.00,83,0.00,0,N/A,N/A,N/A,N/A,0.00,0,0.00,0,2.20,0.00,0,70.85,50.00,74,90,0.12,0.19,2,37,11,0,0,0,0.00,0.00,0,23,112.25,0.35,0.57,6,0,0.00,0.00,99,0.00,0,0,1,0.06,0.10,0,0.00,0.00,0.19,0.12,2,0,6.25,48,33,36,81,82,0.77,17,0.05,0.07,2.20,75,0.13,0.21,13,3,0.18,0.29,1.24,0.76,54,13,0.21,73,13,22,90,0,77,77,0,0.00,99,21,0.00,2.01,10.41,6.41,109,36,16,60,3.44,2.12,33.03,6,0.57,61,0,0.00,0,0.00,99,0,0.00,0.00,30,37,68,30,0,0,0,0,0,42,60,82,54,0,99,61,94,14,1,6,15,26,0,0
Lawan Kennyd Gabriel Santos,20,1117004400,2005/05/25,Serie A,2024,Midfielder,Vitória,102,38,64,Brazil,4,2,2,0,0,0,0,0,0,0,0,1,1,0,1,0,1,1,0,0,0,0,0,0,0,0.88,102,26,102,0,0.88,-1,-1,-1,25,0,6.60,0,45,17.65,5.00,6,20,2.25,9,0,7.94,0,0.00,0.00,0.25,1,0.00,0.00,0.00,0.00,0,0.00,0.50,0.00,0.00,0.00,0.00,0.25,0.00,0.00,2.65,0.75,0.75,0.00,0.00,0.04,0.00,1.75,0.00,0.00,0,0,,3,0.75,98,0,0.00,15,3,2.65,99,0,4,0,4,0.00,99,0,0,0.00,9,0,30,0.00,14,0,0.00,99,0,0.00,0,0,0.00,0,0.88,54,3,2.65,81,1,0.88,33.33,0,0.00,0,0,0,0.00,0,0,0.00,77,0.00,0,N/A,N/A,N/A,N/A,0.00,0,0.00,0,0.15,0.00,0,45.00,0.00,15,36,0.25,0.88,1,70,20,0,0,0,0.00,0.00,0,23,26.39,0.25,0.88,1,0,0.00,0.00,99,0.00,0,0,0,0.00,0.00,0,0.00,0.00,0.00,0.00,0,0,0.00,42,0,0,40,76,0.05,6,0.01,0.04,0.15,59,0.04,0.13,95,3,0.75,2.65,3.53,1.00,99,4,0.13,58,13,40,67,0,41,99,0,0.00,99,7,0.00,6.18,24.71,7.00,28,11,99,99,9.71,2.75,39.29,2,1.76,14,0,0.00,0,0.00,99,0,0.00,0.00,30,0,50,11,0,0,0,0,0,26,40,59,54,0,99,47,9,99,1,25,84,33,0,0
Lázaro Vinicius,23,1015920000,2002/03/12,Serie A,2024,Forward,Palmeiras,770,321,449,Brazil,18,8,10,2,0,2,0,0,0,0,0,8,3,5,7,3,4,0,0,0.23,0,0.23,0,0.4,385,0.82,110,43,0,0,0,92,473,-1,8,0,6.44,0,45,27.58,13.11,25,236,10.06,181,21,21.16,25,0.00,0.00,0.50,9,0.00,0.78,0.82,0.39,7,0.00,0.72,0.00,0.00,0.00,0.00,0.61,0.00,11.50,2.69,0.61,1.50,0.00,0.67,0.19,0.00,0.39,0.00,0.00,0,0,,23,1.28,98,12,1.40,98,11,1.29,97,4,10,8,20,0.00,99,0,0,0.00,9,14,40,1.64,60,0,0.00,99,0,0.00,0,0,0.00,0,1.05,63,27,3.16,85,11,1.29,40.74,0,0.00,0,0,0,0.00,0,0,0.00,84,0.00,0,N/A,N/A,N/A,N/A,0.00,0,0.00,0,3.41,0.00,0,76.69,52.17,75,69,0.22,0.47,4,81,29,0,0,0,0.00,0.00,0,23,115.97,0.22,0.47,4,0,0.00,0.00,99,0.00,0,0,1,0.06,0.12,0,0.00,0.00,0.23,0.11,2,0,8.70,54,23,36,58,84,0.81,27,0.05,0.09,3.41,95,0.19,0.40,68,12,0.67,1.40,0.82,0.39,26,7,0.40,93,8,16,93,0,81,40,0,0.00,99,7,0.00,0.82,10.40,4.94,89,37,36,60,4.32,2.06,41.57,13,1.52,18,0,14.29,0,0.00,99,2,0.11,0.23,54,24,82,77,0,0,0,0,0,67,83,94,54,0,99,93,7,7,0,0,7,17,0,0
Leandro Emmanuel Martínez,31,770713200,1994/06/04,Serie A,2024,Midfielder,Fortaleza,1023,510,513,Argentina,20,9,11,1,1,0,4,3,1,0,0,8,7,1,10,2,8,4,0,0.44,0.35,0.09,0.18,0,1023,0.88,102,51,256,256,0.35,208,9,-1,13,0,6.58,0.2,98,38.38,22.42,54,426,19.89,378,89,34.05,60,0.00,0.00,1.05,20,0.00,1.74,2.16,1.26,24,0.00,0.58,0.00,0.00,0.00,0.47,0.74,0.00,8.00,0.72,0.32,1.32,0.00,0.11,0.06,0.00,0.37,0.00,0.00,0,0,,8,0.42,48,2,0.18,34,6,0.54,61,8,9,11,76,0.00,99,0,9,0.81,56,33,79,2.97,75,0,0.00,99,0,0.00,0,0,0.00,0,1.80,90,25,2.25,77,14,1.26,56.00,0,0.00,0,0,0,0.00,0,0,0.00,77,0.00,0,N/A,N/A,N/A,N/A,0.00,0,0.00,0,1.12,0.00,0,88.73,25.00,24,18,0.68,1.17,13,81,68,0,0,0,0.21,0.36,4,71,124.97,0.11,0.18,2,0,0.00,0.00,99,0.00,0,0,1,0.05,0.09,0,0.00,0.00,0.09,0.05,1,0,12.50,68,36,43,82,76,3.87,97,0.20,0.35,1.12,52,0.06,0.10,73,17,0.89,1.53,1.26,0.74,55,14,0.10,51,12,4,88,0,61,31,0,0.00,99,7,0.00,0.63,10.63,6.21,118,62,68,63,5.59,3.26,52.54,11,0.99,39,0,30.30,0,0.00,99,10,0.53,0.90,83,37,78,99,0,0,0,0,0,89,60,59,74,0,99,87,35,73,4,20,70,8,0,0
Leandro Mathias Silva Bueno,21,1100419200,2004/11/14,Serie A,2024,Midfielder,São Paulo,0,0,0,Brazil,0,0,0,0,0,0,0,0,0,0,0,0,0,0,0,0,0,0,0,0,0,0,0,0,0,0,0,0,0,0,0,-1,-1,-1,-1,N/A,N/A,N/A,N/A,N/A,N/A,N/A,N/A,N/A,N/A,N/A,N/A,N/A,N/A,N/A,N/A,N/A,N/A,N/A,N/A,N/A,N/A,N/A,N/A,N/A,N/A,N/A,N/A,N/A,N/A,N/A,N/A,N/A,N/A,N/A,N/A,N/A,N/A,N/A,N/A,N/A,N/A,N/A,N/A,N/A,N/A,N/A,N/A,N/A,N/A,N/A,N/A,N/A,N/A,N/A,N/A,N/A,N/A,N/A,N/A,N/A,N/A,N/A,N/A,N/A,N/A,N/A,N/A,N/A,N/A,N/A,N/A,N/A,N/A,N/A,N/A,N/A,N/A,N/A,N/A,N/A,N/A,N/A,N/A,N/A,N/A,N/A,N/A,N/A,N/A,N/A,N/A,N/A,N/A,N/A,N/A,N/A,N/A,N/A,N/A,N/A,N/A,N/A,N/A,N/A,N/A,N/A,N/A,N/A,N/A,N/A,N/A,N/A,N/A,N/A,N/A,N/A,N/A,N/A,N/A,N/A,N/A,N/A,N/A,N/A,N/A,N/A,N/A,N/A,N/A,N/A,N/A,N/A,N/A,N/A,N/A,N/A,N/A,N/A,N/A,N/A,N/A,N/A,N/A,N/A,N/A,N/A,N/A,N/A,N/A,N/A,N/A,N/A,N/A,N/A,N/A,N/A,N/A,N/A,N/A,N/A,N/A,N/A,N/A,N/A,N/A,N/A,N/A,N/A,N/A,N/A,N/A,N/A,N/A,N/A,N/A,N/A,N/A,N/A,N/A,N/A,N/A,N/A,N/A,N/A,N/A,N/A,N/A,N/A,N/A,N/A,N/A,N/A,N/A,N/A,N/A,N/A,N/A,N/A,N/A,N/A,N/A,N/A,N/A,N/A,N/A,N/A,N/A,N/A,N/A,N/A,N/A,N/A,N/A,N/A,N/A,N/A,N/A,N/A,N/A,N/A,N/A,N/A,N/A
Leandro Viana da Silva Gama,20,1111046400,2005/03/17,Serie A,2024,Midfielder,Vasco da Gama,563,292,271,Brazil,18,10,8,1,1,0,1,1,0,0,0,5,4,1,10,3,7,1,0,0.32,0.16,0.16,0.31,0,563,1.6,56,31,563,563,0.16,140,105,-1,7,0,6.27,0.06,81,50.61,15.50,84,248,13.06,209,64,42.65,82,0.00,0.00,0.19,3,0.00,0.81,2.24,0.69,11,0.00,0.06,0.00,0.00,0.00,0.19,0.06,0.00,2.00,0.41,0.00,0.38,0.00,0.12,0.05,0.00,0.38,0.00,0.00,0,0,,2,0.12,26,2,0.41,60,0,0.00,9,4,13,5,79,0.00,99,0,3,0.61,42,13,42,2.65,71,0,0.00,99,0,0.00,0,0,0.00,0,0.61,38,6,1.22,52,1,0.20,16.67,0,0.00,0,0,0,0.00,0,0,0.00,8,0.00,0,N/A,N/A,N/A,N/A,0.00,0,0.00,0,0.84,0.00,0,84.27,100.00,99,16,0.38,1.22,6,24,11,0,0,0,0.06,0.20,1,51,100.35,0.50,1.63,8,0,0.00,0.00,99,0.00,0,0,0,0.00,0.00,0,0.00,0.00,0.00,0.00,0,0,50.00,99,13,36,67,8,1.11,86,0.07,0.23,0.84,69,0.05,0.17,69,7,0.44,1.43,2.04,0.62,91,10,0.17,66,4,62,67,0,41,56,0,0.00,99,6,0.00,1.22,11.02,3.38,54,25,58,66,5.10,1.56,46.30,1,0.20,78,0,15.38,0,0.00,99,2,0.12,0.41,62,11,91,77,0,0,0,0,0,77,73,59,85,0,99,61,78,30,1,6,15,66,0,0
Léo Jardim,30,795686400,1995/03/20,Serie A,2024,Goalkeeper,Vasco da Gama,3420,1710,1710,Brazil,38,19,19,0,0,0,0,0,0,0,0,8,6,2,53,24,29,0,0,0,0,0,0,0,0,1.39,65,90,0,0,0,439,471,157,27,0,7.16,0,45,23.14,23.14,18,833,15.50,558,5,15.50,14,0.00,0.00,0.00,0,0.00,0.00,0.00,0.00,0,0.00,0.00,0.00,0.00,3.89,0.00,0.00,5.42,0.00,0.00,0.00,0.00,0.00,0.00,0.00,0.00,0.19,0.00,0.00,0,0,,0,0.00,8,0,0.00,15,0,0.00,9,0,0,38,4,0.00,99,0,0,0.00,9,0,30,0.00,14,0,0.00,99,0,0.00,0,0,0.00,0,0.00,8,0,0.00,7,0,0.00,0.00,0,0.00,0,140,47,3.89,85,195,0.00,19,5.42,88,N/A,N/A,N/A,N/A,71.79,0,0.00,0,0.00,0.00,0,66.99,0.00,15,99,0.00,0.00,0,10,10,0,0,72,0.00,0.00,0,23,257.63,0.78,0.78,28,0,0.00,0.00,99,0.00,0,0,0,0.00,0.00,14,0.39,0.39,0.00,0.00,0,0,0.00,42,99,99,40,20,1.11,3,0.03,0.03,0.00,9,0.00,0.00,3,2,0.06,0.06,0.00,0.00,5,0,0.00,9,88,33,67,45,41,6,0,0.00,99,7,0.00,0.19,0.31,0.31,11,9,2,2,0.25,0.25,81.82,0,0.00,99,0,0.00,0,0.00,99,0,0.00,0.00,30,99,14,11,0,0,0,0,0,26,40,59,54,0,99,32,7,7,0,0,7,1,0,0
Leonardo de Aragão Carvalho,23,1019199600,2002/04/19,Serie A,2024,Goalkeeper,Cruzeiro,0,0,0,Brazil,0,0,0,0,0,0,0,0,0,0,0,0,0,0,0,0,0,0,0,0,0,0,0,0,0,0,0,0,0,0,0,-1,-1,-1,-1,N/A,N/A,N/A,N/A,N/A,N/A,N/A,N/A,N/A,N/A,N/A,N/A,N/A,N/A,N/A,N/A,N/A,N/A,N/A,N/A,N/A,N/A,N/A,N/A,N/A,N/A,N/A,N/A,N/A,N/A,N/A,N/A,N/A,N/A,N/A,N/A,N/A,N/A,N/A,N/A,N/A,N/A,N/A,N/A,N/A,N/A,N/A,N/A,N/A,N/A,N/A,N/A,N/A,N/A,N/A,N/A,N/A,N/A,N/A,N/A,N/A,N/A,N/A,N/A,N/A,N/A,N/A,N/A,N/A,N/A,N/A,N/A,N/A,N/A,N/A,N/A,N/A,N/A,N/A,N/A,N/A,N/A,N/A,N/A,N/A,N/A,N/A,N/A,N/A,N/A,N/A,N/A,N/A,N/A,N/A,N/A,N/A,N/A,N/A,N/A,N/A,N/A,N/A,N/A,N/A,N/A,N/A,N/A,N/A,N/A,N/A,N/A,N/A,N/A,N/A,N/A,N/A,N/A,N/A,N/A,N/A,N/A,N/A,N/A,N/A,N/A,N/A,N/A,N/A,N/A,N/A,N/A,N/A,N/A,N/A,N/A,N/A,N/A,N/A,N/A,N/A,N/A,N/A,N/A,N/A,N/A,N/A,N/A,N/A,N/A,N/A,N/A,N/A,N/A,N/A,N/A,N/A,N/A,N/A,N/A,N/A,N/A,N/A,N/A,N/A,N/A,N/A,N/A,N/A,N/A,N/A,N/A,N/A,N/A,N/A,N/A,N/A,N/A,N/A,N/A,N/A,N/A,N/A,N/A,N/A,N/A,N/A,N/A,N/A,N/A,N/A,N/A,N/A,N/A,N/A,N/A,N/A,N/A,N/A,N/A,N/A,N/A,N/A,N/A,N/A,N/A,N/A,N/A,N/A,N/A,N/A,N/A,N/A,N/A,N/A,N/A,N/A,N/A,N/A,N/A,N/A,N/A,N/A,N/A
Leonardo Derik Dias Gonçalves,20,1122188400,2005/07/24,Serie A,2024,Midfielder,Atlético PR,0,0,0,Brazil,0,0,0,0,0,0,0,0,0,0,0,0,0,0,0,0,0,0,0,0,0,0,0,0,0,0,0,0,0,0,0,-1,-1,-1,-1,N/A,N/A,N/A,N/A,N/A,N/A,N/A,N/A,N/A,N/A,N/A,N/A,N/A,N/A,N/A,N/A,N/A,N/A,N/A,N/A,N/A,N/A,N/A,N/A,N/A,N/A,N/A,N/A,N/A,N/A,N/A,N/A,N/A,N/A,N/A,N/A,N/A,N/A,N/A,N/A,N/A,N/A,N/A,N/A,N/A,N/A,N/A,N/A,N/A,N/A,N/A,N/A,N/A,N/A,N/A,N/A,N/A,N/A,N/A,N/A,N/A,N/A,N/A,N/A,N/A,N/A,N/A,N/A,N/A,N/A,N/A,N/A,N/A,N/A,N/A,N/A,N/A,N/A,N/A,N/A,N/A,N/A,N/A,N/A,N/A,N/A,N/A,N/A,N/A,N/A,N/A,N/A,N/A,N/A,N/A,N/A,N/A,N/A,N/A,N/A,N/A,N/A,N/A,N/A,N/A,N/A,N/A,N/A,N/A,N/A,N/A,N/A,N/A,N/A,N/A,N/A,N/A,N/A,N/A,N/A,N/A,N/A,N/A,N/A,N/A,N/A,N/A,N/A,N/A,N/A,N/A,N/A,N/A,N/A,N/A,N/A,N/A,N/A,N/A,N/A,N/A,N/A,N/A,N/A,N/A,N/A,N/A,N/A,N/A,N/A,N/A,N/A,N/A,N/A,N/A,N/A,N/A,N/A,N/A,N/A,N/A,N/A,N/A,N/A,N/A,N/A,N/A,N/A,N/A,N/A,N/A,N/A,N/A,N/A,N/A,N/A,N/A,N/A,N/A,N/A,N/A,N/A,N/A,N/A,N/A,N/A,N/A,N/A,N/A,N/A,N/A,N/A,N/A,N/A,N/A,N/A,N/A,N/A,N/A,N/A,N/A,N/A,N/A,N/A,N/A,N/A,N/A,N/A,N/A,N/A,N/A,N/A,N/A,N/A,N/A,N/A,N/A,N/A,N/A,N/A,N/A,N/A,N/A,N/A
Leonardo Gamalho de Souza,39,507456000,1986/01/30,Serie A,2024,Forward,Vitória,16,0,16,Brazil,1,0,1,0,0,0,0,0,0,0,0,0,0,0,1,0,1,0,0,0,0,0,0,0,0,5.63,16,16,0,0,0,-1,-1,-1,17,0,6.25,0,45,56.25,10.00,91,10,10.00,10,99,56.25,97,0.00,0.00,0.00,0,0.00,0.00,0.00,0.00,0,0.00,0.00,0.00,0.00,0.00,0.00,0.00,0.00,0.00,0.00,0.00,0.00,0.00,0.00,0.00,0.00,0.00,0.00,0.00,0,0,,0,0.00,8,0,0.00,15,0,0.00,9,0,1,0,4,0.00,99,0,0,0.00,9,0,30,0.00,14,0,0.00,99,0,0.00,0,0,0.00,0,0.00,8,0,0.00,7,0,0.00,0.00,0,0.00,0,0,0,0.00,0,0,0.00,0,0.00,0,N/A,N/A,N/A,N/A,0.00,0,0.00,0,0.00,0.00,0,100.00,0.00,15,99,0.00,0.00,0,10,10,0,0,0,0.00,0.00,0,23,6.25,0.00,0.00,0,0,0.00,0.00,99,0.00,0,0,0,0.00,0.00,0,0.00,0.00,0.00,0.00,0,0,0.00,42,0,0,40,0,0.02,39,0.02,0.11,0.00,9,0.00,0.00,2,0,0.00,0.00,0.00,0.00,5,0,0.00,9,4,1,67,0,41,2,0,0.00,99,0,0.00,0.00,11.25,2.00,2,0,0,67,0.00,0.00,0.00,0,0.00,99,0,0.00,0,0.00,99,0,0.00,0.00,30,0,22,11,0,0,0,0,0,26,40,59,54,0,99,2,7,7,0,0,7,99,0,0
Leonardo Godoy,30,799052400,1995/04/28,Serie A,2024,Defender,Atlético PR,1646,877,769,Argentina,26,13,13,1,1,0,2,2,0,0,0,7,5,2,16,10,6,5,0,0.16,0.11,0.05,0.1,0,1646,0.87,103,63,329,823,0.27,277,157,40,12,0,6.78,0.08,70,28.44,20.79,28,499,16.29,391,30,22.29,28,0.00,0.00,0.38,9,0.00,1.92,1.08,0.79,19,0.00,0.21,0.00,0.00,0.00,0.38,0.08,0.00,5.00,0.28,0.12,0.58,0.00,0.08,0.04,0.00,0.58,0.00,0.00,0,0,,5,0.21,18,2,0.11,23,3,0.17,18,6,5,21,30,0.00,99,0,9,0.51,34,46,46,2.62,71,0,0.00,99,0,0.00,0,0,0.00,0,0.51,34,14,0.80,37,2,0.11,14.29,0,0.00,0,0,0,0.00,0,0,0.00,78,0.00,0,N/A,N/A,N/A,N/A,0.00,0,0.00,0,0.99,0.00,0,78.36,40.00,51,59,0.42,0.57,10,16,11,0,0,0,0.25,0.34,6,67,162.76,1.25,1.71,30,1,0.00,0.06,9,0.04,0,0,0,0.00,0.00,0,0.00,0.00,0.06,0.04,1,0,20.00,87,64,65,93,78,2.31,51,0.10,0.13,0.99,39,0.04,0.06,50,17,0.71,0.97,1.77,1.29,83,31,0.06,38,31,63,67,0,51,38,0,0.00,99,14,0.00,0.80,7.18,5.25,126,52,11,22,2.96,2.17,41.27,5,0.28,75,0,17.39,0,0.00,99,8,0.33,0.46,65,70,57,93,0,0,0,0,0,55,47,59,61,0,99,55,51,57,5,19,66,29,0,0
Leonardo Gonçalves dos Santos,23,1019545200,2002/04/23,Serie A,2024,Midfielder,Criciúma,0,0,0,Brazil,0,0,0,0,0,0,0,0,0,0,0,0,0,0,0,0,0,0,0,0,0,0,0,0,0,0,0,0,0,0,0,-1,-1,-1,-1,N/A,N/A,N/A,N/A,N/A,N/A,N/A,N/A,N/A,N/A,N/A,N/A,N/A,N/A,N/A,N/A,N/A,N/A,N/A,N/A,N/A,N/A,N/A,N/A,N/A,N/A,N/A,N/A,N/A,N/A,N/A,N/A,N/A,N/A,N/A,N/A,N/A,N/A,N/A,N/A,N/A,N/A,N/A,N/A,N/A,N/A,N/A,N/A,N/A,N/A,N/A,N/A,N/A,N/A,N/A,N/A,N/A,N/A,N/A,N/A,N/A,N/A,N/A,N/A,N/A,N/A,N/A,N/A,N/A,N/A,N/A,N/A,N/A,N/A,N/A,N/A,N/A,N/A,N/A,N/A,N/A,N/A,N/A,N/A,N/A,N/A,N/A,N/A,N/A,N/A,N/A,N/A,N/A,N/A,N/A,N/A,N/A,N/A,N/A,N/A,N/A,N/A,N/A,N/A,N/A,N/A,N/A,N/A,N/A,N/A,N/A,N/A,N/A,N/A,N/A,N/A,N/A,N/A,N/A,N/A,N/A,N/A,N/A,N/A,N/A,N/A,N/A,N/A,N/A,N/A,N/A,N/A,N/A,N/A,N/A,N/A,N/A,N/A,N/A,N/A,N/A,N/A,N/A,N/A,N/A,N/A,N/A,N/A,N/A,N/A,N/A,N/A,N/A,N/A,N/A,N/A,N/A,N/A,N/A,N/A,N/A,N/A,N/A,N/A,N/A,N/A,N/A,N/A,N/A,N/A,N/A,N/A,N/A,N/A,N/A,N/A,N/A,N/A,N/A,N/A,N/A,N/A,N/A,N/A,N/A,N/A,N/A,N/A,N/A,N/A,N/A,N/A,N/A,N/A,N/A,N/A,N/A,N/A,N/A,N/A,N/A,N/A,N/A,N/A,N/A,N/A,N/A,N/A,N/A,N/A,N/A,N/A,N/A,N/A,N/A,N/A,N/A,N/A,N/A,N/A,N/A,N/A,N/A,N/A
Leonardo Javier Realpe Montaño,24,983174400,2001/02/26,Serie A,2024,Midfielder,Bragantino,90,0,90,Ecuador,1,0,1,0,0,0,0,0,0,0,0,0,0,0,2,0,2,0,0,0,0,0,0,0,0,2,45,90,0,0,0,-1,-1,-1,33,0,7.65,0,45,35.00,35.00,43,35,30.00,30,72,30.00,49,0.00,0.00,0.00,0,0.00,0.00,2.00,2.00,2,0.00,0.00,0.00,0.00,0.00,4.00,0.00,0.00,0.00,1.00,1.00,0.00,0.00,0.00,0.06,0.00,4.00,0.00,0.00,0,0,,1,1.00,60,0,0.00,15,1,1.00,88,0,0,1,70,0.00,99,0,4,4.00,99,0,30,0.00,14,0,0.00,99,0,0.00,0,0,0.00,0,0.00,8,0,0.00,7,0,0.00,0.00,0,0.00,0,0,0,0.00,0,0,0.00,2,0.00,0,N/A,N/A,N/A,N/A,0.00,0,0.00,0,0.06,0.00,0,85.71,0.00,15,2,2.00,2.00,2,10,10,0,0,0,2.00,2.00,2,99,7.65,8.00,8.00,8,0,0.00,0.00,99,0.00,0,0,1,1.00,1.00,0,0.00,0.00,0.00,0.00,0,0,0.00,42,0,0,40,2,0.07,17,0.07,0.07,0.06,39,0.06,0.06,51,1,1.00,1.00,1.00,1.00,37,1,0.06,38,99,99,99,0,41,99,0,0.00,99,4,0.00,4.00,13.00,13.00,13,7,91,80,7.00,7.00,53.85,0,0.00,99,0,0.00,0,0.00,99,0,0.00,0.00,30,1,14,11,0,0,0,0,0,26,40,59,54,0,99,2,7,7,0,0,7,2,0,0
Leonardo Matias Baiersdorf Linck,24,983606400,2001/03/03,Serie A,2024,Goalkeeper,Atlético PR,1226,596,630,Brazil,14,7,7,0,0,0,0,0,0,0,0,1,0,1,15,10,5,3,2,0,0,0,0,0,0,1.1,82,88,245,0,0.37,490,439,101,26,0,6.95,0,45,22.50,21.85,16,284,15.31,199,8,15.77,14,0.00,0.00,0.15,2,0.00,0.00,0.00,0.00,0,0.00,0.00,0.00,0.00,3.23,0.00,0.00,4.62,0.00,0.00,0.00,0.00,0.00,0.00,0.00,0.00,0.15,0.00,0.00,0,0,,0,0.00,8,0,0.00,15,0,0.00,9,1,0,14,4,0.00,99,0,0,0.00,9,0,30,0.00,14,0,0.00,99,0,0.00,0,0,0.00,0,0.16,15,0,0.00,7,0,0.00,0.00,0,0.00,0,42,35,3.33,53,60,0.00,52,4.75,56,N/A,N/A,N/A,N/A,70.00,0,0.00,0,0.00,0.00,0,70.07,0.00,15,91,0.15,0.16,2,10,10,0,0,20,0.00,0.00,0,23,90.39,1.23,1.27,16,0,0.00,0.00,99,0.00,0,0,0,0.00,0.00,9,0.69,0.71,0.00,0.00,0,0,0.00,42,47,20,40,53,0.50,6,0.04,0.04,0.00,9,0.00,0.00,3,1,0.08,0.08,0.00,0.00,5,0,0.00,9,61,53,67,88,41,4,0,0.00,99,2,0.00,0.16,0.40,0.38,5,3,1,3,0.24,0.23,60.00,0,0.00,99,0,0.00,0,0.00,99,0,0.00,0.00,30,48,14,30,0,0,0,0,0,26,40,59,54,0,99,4,32,77,1,7,17,24,0,0
Leonardo Naldi de Matos,24,998118000,2001/08/18,Serie A,2024,Midfielder,Vitória,1102,574,528,Brazil,21,9,12,0,0,0,0,0,0,0,0,4,0,4,14,7,7,6,0,0,0,0,0,0,0,1.14,79,52,184,0,0.49,484,522,-1,34,0,6.67,0,45,33.05,18.42,37,350,15.16,288,50,27.20,41,0.00,0.00,0.37,7,0.00,0.42,2.83,1.58,30,0.00,0.47,0.00,0.00,0.00,0.63,0.16,0.00,0.00,0.76,0.26,0.68,0.00,0.16,0.04,0.00,0.84,0.00,0.00,0,0,,8,0.42,50,3,0.28,48,5,0.47,55,1,10,11,91,0.00,99,0,12,1.13,74,8,37,0.76,47,0,0.00,99,0,0.00,0,0,0.00,0,0.66,41,13,1.23,53,3,0.28,23.08,0,0.00,0,0,0,0.00,0,0,0.00,46,0.00,0,N/A,N/A,N/A,N/A,0.00,0,0.00,0,0.72,0.00,0,82.29,37.50,45,26,0.58,1.04,11,30,13,0,0,0,0.16,0.28,3,61,126.64,0.95,1.70,18,0,0.00,0.00,99,0.00,0,0,0,0.00,0.00,0,0.00,0.00,0.00,0.00,0,0,0.00,42,41,46,40,46,0.75,17,0.04,0.07,0.72,42,0.04,0.07,57,12,0.63,1.13,1.61,0.89,75,17,0.07,41,18,63,67,0,41,65,0,0.00,99,16,0.00,1.51,11.52,6.42,122,61,72,70,5.76,3.21,50.00,9,0.85,46,0,12.50,0,0.00,99,1,0.05,0.09,42,37,82,30,0,0,0,0,0,26,40,59,54,0,99,27,20,88,6,29,89,5,0,0
Leonardo Pereira,29,823075200,1996/01/31,Serie A,2024,Defender,Flamengo,2018,1025,993,Brazil,28,14,14,0,0,0,0,0,0,0,0,7,2,5,20,12,8,8,0,0,0,0,0,0,0,0.89,101,72,252,0,0.36,513,426,47,32,0,6.98,0,45,59.76,49.41,94,1334,41.85,1130,66,50.62,91,0.00,0.00,0.33,9,0.00,1.00,1.21,1.00,27,0.00,0.11,0.00,0.00,0.00,0.52,0.22,0.00,0.00,0.27,0.22,0.30,0.00,0.00,0.01,0.00,1.44,0.00,0.00,0,0,,6,0.22,17,0,0.00,15,6,0.27,30,3,7,21,36,0.00,99,0,14,0.63,44,27,40,1.21,55,0,0.00,99,0,0.00,0,0,0.00,0,0.40,29,8,0.36,21,6,0.27,75.00,0,0.00,0,0,0,0.00,0,0,0.00,75,0.00,0,N/A,N/A,N/A,N/A,0.00,0,0.00,0,0.34,0.00,0,84.71,0.00,15,63,0.44,0.54,12,28,90,0,0,0,0.56,0.67,15,87,188.53,2.70,3.27,73,2,0.00,0.09,5,0.07,0,0,0,0.00,0.00,0,0.00,0.00,0.04,0.04,1,0,0.00,42,73,74,40,74,2.96,51,0.11,0.13,0.34,19,0.01,0.02,29,13,0.48,0.58,0.81,0.67,25,18,0.02,19,65,83,67,0,46,73,0,0.00,99,39,0.00,1.75,6.50,5.37,145,85,24,15,3.81,3.15,58.62,3,0.13,83,0,14.81,0,0.00,99,4,0.15,0.18,50,70,68,63,0,0,0,0,0,26,40,59,54,0,99,47,34,75,6,21,73,4,0,0
Leonardo Pinheiro da Conceição,29,826099200,1996/03/06,Serie A,2024,Defender,Vasco da Gama,2700,1260,1440,Brazil,30,14,16,0,0,0,1,1,0,0,0,7,6,1,42,18,24,3,0,0.03,0.03,0,0,0,0,1.4,64,90,900,2700,0.1,438,281,160,37,0,6.84,0.03,46,42.39,42.39,65,1187,37.00,1036,82,37.00,68,0.00,0.00,0.25,7,0.00,0.18,1.46,1.46,41,0.00,0.11,0.00,0.00,0.00,0.89,0.07,0.00,0.00,0.21,0.14,0.11,0.00,0.07,0.02,0.00,0.93,0.00,0.00,0,0,,6,0.21,14,2,0.07,17,4,0.14,15,0,0,30,46,0.00,99,0,25,0.89,60,5,52,0.18,25,0,0.00,99,0,0.00,0,0,0.00,0,0.25,21,3,0.11,12,2,0.07,66.67,0,0.00,0,0,0,0.00,0,0,0.00,19,0.00,0,N/A,N/A,N/A,N/A,0.00,0,0.00,0,0.52,0.00,0,87.28,33.33,37,87,0.25,0.25,7,14,83,0,0,0,0.64,0.64,18,86,191.47,4.39,4.39,123,0,0.00,0.00,99,0.00,0,0,0,0.00,0.00,0,0.00,0.00,0.04,0.04,1,0,0.00,42,93,80,40,19,3.26,45,0.12,0.12,0.52,19,0.02,0.02,25,14,0.50,0.50,1.00,1.00,37,28,0.02,19,42,90,67,0,46,45,0,0.00,99,26,0.00,0.93,5.14,5.14,144,83,11,9,2.96,2.96,57.64,3,0.11,84,0,20.00,0,0.00,99,1,0.04,0.04,33,90,14,11,0,0,0,0,0,27,40,59,54,0,99,39,93,15,3,10,29,3,0,0
Leonardo Rech Ortiz,29,820656000,1996/01/03,Serie A,2024,Defender,Flamengo,1883,932,951,Brazil,25,14,11,1,1,0,2,0,2,0,0,6,3,3,22,12,10,2,0,0.14,0.1,0.05,0.1,0,1883,1.05,86,75,942,942,0.1,272,180,89,16,0,6.76,0.08,66,49.83,42.96,82,1031,37.67,904,84,43.69,84,0.00,0.00,0.67,16,0.00,0.17,1.64,1.42,34,0.00,0.21,0.00,0.00,0.00,0.50,0.17,0.00,9.00,0.44,0.25,0.38,0.00,0.12,0.05,0.00,1.50,0.00,0.00,0,0,,9,0.38,28,3,0.15,29,6,0.29,32,1,4,21,55,0.00,99,0,12,0.58,41,4,66,0.19,26,0,0.00,99,0,0.00,0,0,0.00,0,0.77,46,9,0.44,25,4,0.19,44.44,0,0.00,0,0,0,0.00,0,0,0.00,57,0.00,0,N/A,N/A,N/A,N/A,0.00,0,0.00,0,1.27,0.00,0,87.68,33.33,37,80,0.29,0.34,7,23,39,0,0,0,0.33,0.39,8,73,162.22,2.21,2.56,53,0,0.00,0.00,99,0.00,0,0,1,0.04,0.05,0,0.00,0.00,0.00,0.00,0,0,11.11,61,69,62,94,57,3.62,69,0.15,0.17,1.27,39,0.05,0.06,13,6,0.25,0.29,0.53,0.46,13,11,0.06,38,28,77,74,0,41,73,0,0.00,99,36,0.00,1.74,5.99,5.17,124,80,25,12,3.87,3.33,64.52,5,0.24,76,0,25.00,0,0.00,99,1,0.04,0.05,34,70,50,30,0,0,0,0,0,52,47,59,61,0,99,43,94,15,2,8,21,3,0,0
Lincoln,27,910425600,1998/11/07,Serie A,2024,Midfielder,Bragantino,1559,683,876,Brazil,28,12,16,3,3,0,2,0,2,1,0,4,3,1,20,7,13,4,0,0.29,0.12,0.17,0.4,0,520,1.15,78,56,390,780,0.23,131,147,-1,3,0,7.08,0.07,72,37.24,21.78,51,588,18.00,486,52,30.78,51,0.00,0.00,1.11,30,0.00,3.11,1.90,1.11,30,0.00,0.44,0.00,0.00,0.00,0.22,0.22,0.00,6.33,1.20,0.41,0.63,0.00,0.30,0.12,0.00,0.30,0.00,0.00,0,0,,19,0.70,66,8,0.51,65,11,0.70,73,1,9,19,66,0.00,99,0,6,0.38,27,84,62,5.32,93,0,0.00,99,0,0.00,0,0,0.00,0,1.90,90,17,1.08,47,6,0.38,35.29,0,0.00,0,0,0,0.00,0,0,0.00,44,0.00,0,N/A,N/A,N/A,N/A,0.00,0,0.00,0,3.30,0.00,0,82.65,42.11,53,28,0.59,1.01,16,37,22,1,0,0,0.33,0.57,9,83,191.29,0.48,0.82,13,0,0.00,0.00,99,0.00,0,1,0,0.00,0.00,0,0.00,0.00,0.06,0.04,1,0,15.79,76,60,74,65,44,3.37,82,0.12,0.21,2.60,66,0.10,0.16,88,34,1.26,2.15,1.14,0.67,46,18,0.21,73,79,37,67,0,51,24,0,0.00,99,8,0.00,0.51,9.25,5.41,146,77,53,47,4.88,2.85,52.74,12,0.76,53,0,23.81,0,0.00,99,20,0.74,1.27,92,64,78,30,0,1,0,4,0,73,75,59,90,0,99,12,61,48,4,14,48,10,0,0
Lorran Lucas Pereira de Sousa,19,1151996400,2006/07/04,Serie A,2024,Midfielder,Flamengo,707,384,323,Brazil,19,9,10,1,1,0,1,1,0,0,0,4,2,2,6,2,4,0,0,0.25,0.13,0.13,0.23,0,707,0.76,118,37,0,707,0,170,128,-1,13,0,6.86,0.05,76,36.16,14.78,48,266,12.11,218,47,29.64,47,0.00,0.00,0.67,12,0.00,1.56,2.18,0.89,16,0.00,0.72,0.00,0.00,0.00,0.11,1.22,0.00,14.00,1.90,0.28,2.11,0.00,0.50,0.11,0.00,0.22,0.00,0.00,0,0,,14,0.78,89,9,1.22,95,5,0.68,71,1,11,8,77,0.00,99,0,2,0.27,22,28,55,3.81,84,0,0.00,99,0,0.00,0,0,0.00,0,1.63,86,38,5.17,97,22,2.99,57.89,0,0.00,0,0,0,0.00,0,0,0.00,86,0.00,0,N/A,N/A,N/A,N/A,0.00,0,0.00,0,2.01,0.00,0,81.95,64.29,92,31,0.39,0.95,7,98,71,0,0,0,0.00,0.00,0,23,123.42,0.06,0.14,1,0,0.00,0.00,99,0.00,0,0,0,0.00,0.00,0,0.00,0.00,0.27,0.11,2,0,7.14,51,20,40,73,86,1.51,82,0.08,0.21,2.01,84,0.11,0.27,49,7,0.39,0.95,1.63,0.67,76,12,0.27,82,46,2,67,0,83,25,0,0.00,99,4,0.00,0.54,14.41,5.89,106,49,87,89,6.66,2.72,46.23,13,1.77,14,0,21.43,0,0.00,99,6,0.33,0.82,80,24,85,30,0,0,0,0,0,69,68,59,79,0,99,32,7,7,0,0,7,19,0,0
Luan,32,737017200,1993/05/10,Serie A,2024,Defender,Palmeiras,238,148,90,Brazil,3,2,1,0,0,0,0,0,0,0,0,2,1,1,1,1,0,0,0,0,0,0,0,0,0,0.38,238,79,0,0,0,-1,-1,-1,29,0,6.74,0,45,32.52,28.67,36,86,24.67,74,74,27.98,43,0.00,0.00,0.00,0,0.00,0.00,0.76,0.67,2,0.00,0.00,0.00,0.00,0.00,0.67,0.33,0.00,0.00,0.00,0.00,0.67,0.00,0.00,0.00,0.00,1.33,0.00,0.00,0,0,,0,0.00,8,0,0.00,15,0,0.00,9,2,0,3,18,0.00,99,0,2,0.76,53,0,30,0.00,14,0,0.00,99,0,0.00,0,0,0.00,0,0.00,8,2,0.76,35,1,0.38,50.00,0,0.00,0,0,0,0.00,0,0,0.00,99,0.00,0,N/A,N/A,N/A,N/A,0.00,0,0.00,0,0.00,0.00,0,86.05,0.00,15,76,0.33,0.38,1,37,57,0,0,0,0.67,0.76,2,90,20.21,1.33,1.51,4,0,0.00,0.00,99,0.00,0,0,0,0.00,0.00,0,0.00,0.00,0.00,0.00,0,0,0.00,42,0,0,40,99,0.14,10,0.05,0.05,0.00,9,0.00,0.00,57,3,1.00,1.13,1.13,1.00,45,3,0.00,9,24,59,67,0,41,65,0,0.00,99,4,0.00,1.51,5.29,4.67,14,10,23,9,3.78,3.33,71.43,0,0.00,99,0,0.00,0,0.00,99,0,0.00,0.00,30,2,14,46,0,0,0,0,0,26,40,59,54,0,99,99,7,7,0,0,7,13,0,0
Luan Candido de Almeida,24,981100800,2001/02/02,Serie A,2024,Defender,Bragantino,1943,1002,941,Brazil,26,13,13,1,0,1,0,0,0,1,0,3,2,1,28,13,15,5,0,0.05,0,0.05,0,0.1,1943,1.3,69,75,389,0,0.23,275,309,149,17,0,6.87,0,45,37.45,29.56,51,739,24.28,607,49,30.76,51,0.00,0.00,0.16,4,0.00,0.24,2.03,1.60,40,0.00,0.16,0.00,0.00,0.00,1.00,0.08,0.00,14.00,0.71,0.40,0.36,0.00,0.16,0.07,0.00,2.48,0.00,0.00,0,0,,14,0.56,47,4,0.20,38,10,0.51,58,3,4,22,71,0.00,99,0,25,1.27,81,6,30,0.30,31,0,0.00,99,0,0.00,0,0,0.00,0,0.20,18,9,0.46,26,2,0.10,22.22,0,0.00,0,0,0,0.00,0,0,0.00,26,0.00,0,N/A,N/A,N/A,N/A,0.00,0,0.00,0,1.70,0.00,0,82.14,28.57,27,55,0.48,0.61,12,16,12,1,0,0,0.64,0.81,16,92,171.66,3.52,4.46,88,0,0.00,0.00,99,0.00,0,1,0,0.00,0.00,0,0.00,0.00,0.10,0.08,2,0,7.14,51,71,65,94,26,1.22,13,0.05,0.06,1.00,35,0.04,0.05,15,7,0.28,0.35,1.88,1.48,87,37,0.09,49,47,92,67,0,63,96,0,0.00,99,62,0.00,3.14,10.03,7.92,198,111,68,55,5.62,4.44,56.06,4,0.20,78,0,0.00,0,0.00,99,0,0.00,0.00,30,72,50,63,0,0,0,0,0,32,47,67,54,0,99,8,61,48,5,19,66,36,0,0
Luan Vinicius da Silva Santos,26,926665200,1999/05/14,Serie A,2024,Midfielder,Vitória,1603,852,751,Brazil,25,12,13,0,0,0,0,0,0,0,0,6,3,3,21,8,13,5,0,0,0,0,0,0,0,1.18,76,64,321,0,0.28,482,510,-1,30,0,6.35,0,45,37.51,25.78,52,593,22.74,523,87,33.08,58,0.00,0.00,0.17,4,0.00,0.13,1.08,0.74,17,0.00,0.39,0.00,0.00,0.00,1.09,0.30,0.00,0.00,0.57,0.26,0.39,0.00,0.13,0.03,0.00,0.87,0.00,0.00,0,0,,9,0.39,40,3,0.19,36,6,0.38,43,2,3,22,30,0.00,99,0,25,1.58,92,3,30,0.19,26,0,0.00,99,0,0.00,0,0,0.00,0,0.25,21,9,0.57,31,7,0.44,77.78,0,0.00,0,0,0,0.00,0,0,0.00,40,0.00,0,N/A,N/A,N/A,N/A,0.00,0,0.00,0,0.62,0.00,0,88.20,33.33,37,76,0.26,0.38,6,42,90,0,0,0,0.00,0.00,0,23,146.04,1.09,1.58,25,0,0.00,0.00,99,0.00,0,0,1,0.04,0.06,0,0.00,0.00,0.00,0.00,0,0,0.00,42,62,62,40,40,1.23,22,0.05,0.08,0.62,30,0.03,0.04,40,13,0.57,0.82,1.64,1.13,76,26,0.04,29,6,61,78,0,41,58,0,0.00,99,20,0.00,1.26,6.70,4.61,106,55,17,17,3.48,2.39,51.89,9,0.57,61,0,0.00,0,0.00,99,0,0.00,0.00,30,72,41,46,0,0,0,0,0,26,40,59,54,0,99,43,50,59,5,20,70,8,0,0
Lucas Agustín Besozzi,22,1043222400,2003/01/22,Serie A,2024,Forward,Grêmio,0,0,0,Argentina,0,0,0,0,0,0,0,0,0,0,0,0,0,0,0,0,0,0,0,0,0,0,0,0,0,0,0,0,0,0,0,-1,-1,-1,-1,N/A,N/A,N/A,N/A,N/A,N/A,N/A,N/A,N/A,N/A,N/A,N/A,N/A,N/A,N/A,N/A,N/A,N/A,N/A,N/A,N/A,N/A,N/A,N/A,N/A,N/A,N/A,N/A,N/A,N/A,N/A,N/A,N/A,N/A,N/A,N/A,N/A,N/A,N/A,N/A,N/A,N/A,N/A,N/A,N/A,N/A,N/A,N/A,N/A,N/A,N/A,N/A,N/A,N/A,N/A,N/A,N/A,N/A,N/A,N/A,N/A,N/A,N/A,N/A,N/A,N/A,N/A,N/A,N/A,N/A,N/A,N/A,N/A,N/A,N/A,N/A,N/A,N/A,N/A,N/A,N/A,N/A,N/A,N/A,N/A,N/A,N/A,N/A,N/A,N/A,N/A,N/A,N/A,N/A,N/A,N/A,N/A,N/A,N/A,N/A,N/A,N/A,N/A,N/A,N/A,N/A,N/A,N/A,N/A,N/A,N/A,N/A,N/A,N/A,N/A,N/A,N/A,N/A,N/A,N/A,N/A,N/A,N/A,N/A,N/A,N/A,N/A,N/A,N/A,N/A,N/A,N/A,N/A,N/A,N/A,N/A,N/A,N/A,N/A,N/A,N/A,N/A,N/A,N/A,N/A,N/A,N/A,N/A,N/A,N/A,N/A,N/A,N/A,N/A,N/A,N/A,N/A,N/A,N/A,N/A,N/A,N/A,N/A,N/A,N/A,N/A,N/A,N/A,N/A,N/A,N/A,N/A,N/A,N/A,N/A,N/A,N/A,N/A,N/A,N/A,N/A,N/A,N/A,N/A,N/A,N/A,N/A,N/A,N/A,N/A,N/A,N/A,N/A,N/A,N/A,N/A,N/A,N/A,N/A,N/A,N/A,N/A,N/A,N/A,N/A,N/A,N/A,N/A,N/A,N/A,N/A,N/A,N/A,N/A,N/A,N/A,N/A,N/A,N/A,N/A,N/A,N/A,N/A,N/A
Lucas Alario,33,718527600,1992/10/08,Serie A,2024,Forward,Internacional,631,312,319,Argentina,15,9,6,0,0,0,0,0,0,0,0,2,1,1,6,2,4,4,0,0,0,0,0,0,0,0.86,105,42,158,0,0.57,345,343,-1,31,0,6.57,0,45,16.54,7.69,4,100,5.69,74,14,12.24,6,0.00,0.00,0.23,3,0.00,0.15,0.83,0.38,5,0.00,0.62,0.00,0.00,0.00,0.08,0.46,0.00,0.00,1.32,0.46,0.62,0.00,0.15,0.05,0.00,1.08,0.00,0.00,0,0,,8,0.62,71,2,0.33,52,6,0.99,88,1,9,6,20,0.00,99,0,1,0.17,15,2,30,0.33,32,0,0.00,99,0,0.00,0,0,0.00,0,0.50,33,8,1.32,57,6,0.99,75.00,0,0.00,0,0,0,0.00,0,0,0.00,79,0.00,0,N/A,N/A,N/A,N/A,0.00,0,0.00,0,0.64,0.00,0,74.00,25.00,24,67,0.23,0.50,3,74,90,0,0,0,0.00,0.00,0,23,85.38,0.85,1.82,11,1,0.00,0.17,1,0.08,0,0,0,0.00,0.00,0,0.00,0.00,1.49,0.69,9,0,0.00,42,16,23,40,79,0.31,10,0.02,0.05,0.64,55,0.05,0.11,51,6,0.46,0.99,3.14,1.46,99,19,0.11,53,12,65,67,0,99,84,0,0.00,99,14,0.00,2.32,15.88,7.38,96,31,59,95,5.13,2.38,32.29,8,1.32,24,0,0.00,0,0.00,99,0,0.00,0.00,30,14,78,30,0,0,0,0,0,26,40,59,54,0,99,10,15,93,4,27,86,31,0,0
Lucas Alexandre Galdino de Azevedo,24,983174400,2001/02/26,Serie A,2024,Goalkeeper,Bragantino,629,225,404,Brazil,8,3,5,0,0,0,0,0,0,0,0,1,1,0,8,2,6,1,0,0,0,0,0,0,0,1.14,79,79,629,0,0.14,421,320,112,27,0,6.94,0,45,24.47,21.38,19,171,13.25,106,2,15.17,12,0.00,0.00,0.12,1,0.00,0.00,0.00,0.00,0,0.00,0.00,0.00,0.00,2.88,0.00,0.00,3.88,0.00,0.00,0.00,0.00,0.00,0.00,0.00,0.00,0.00,0.00,0.00,0,0,,0,0.00,8,0,0.00,15,0,0.00,9,0,2,6,4,0.00,99,0,0,0.00,9,0,30,0.00,14,0,0.00,99,0,0.00,0,0,0.00,0,0.14,13,0,0.00,7,0,0.00,0.00,0,0.00,0,23,59,3.29,44,31,0.00,46,4.44,38,N/A,N/A,N/A,N/A,74.19,0,0.00,0,0.00,0.00,0,61.99,0.00,15,99,0.00,0.00,0,10,10,0,0,15,0.00,0.00,0,23,55.50,1.25,1.43,10,0,0.00,0.00,99,0.00,0,0,0,0.00,0.00,6,0.75,0.86,0.00,0.00,0,0,0.00,42,15,5,40,46,0.23,3,0.03,0.03,0.00,9,0.00,0.00,2,0,0.00,0.00,0.00,0.00,5,0,0.00,9,59,57,67,97,41,2,0,0.00,99,0,0.00,0.00,0.00,0.00,0,0,0,0,0.00,0.00,0.00,0,0.00,99,0,0.00,0,0.00,99,0,0.00,0.00,30,14,31,11,0,0,0,0,0,26,40,59,54,0,99,10,82,27,1,12,41,40,0,0
Lucas Ángel Esquivel,24,1003042800,2001/10/14,Serie A,2024,Defender,Atlético PR,2726,1494,1232,Argentina,33,17,16,0,0,0,4,2,2,0,0,9,6,3,28,14,14,6,1,0.13,0.13,0,0,0,0,0.92,97,83,454,682,0.2,416,135,52,27,0,7.15,0.12,76,47.85,45.06,78,1442,36.50,1168,41,38.76,73,0.00,0.00,1.16,37,0.00,4.09,2.32,2.19,70,0.00,0.53,0.00,0.00,0.00,1.25,0.88,0.00,0.00,0.37,0.19,1.47,0.00,0.16,0.03,0.00,1.19,0.00,0.00,0,0,,11,0.34,23,5,0.17,32,6,0.20,20,3,2,31,81,0.00,99,0,40,1.33,83,131,70,4.35,88,0,0.00,99,0,0.00,0,0,0.00,0,1.23,71,47,1.56,64,28,0.93,59.57,0,0.00,0,0,0,0.00,0,0,0.00,71,0.00,0,N/A,N/A,N/A,N/A,0.00,0,0.00,0,1.10,0.00,0,81.00,45.45,59,24,1.00,1.06,32,72,73,0,0,0,0.22,0.23,7,55,228.72,2.56,2.72,82,0,0.00,0.00,99,0.00,0,0,0,0.00,0.00,0,0.00,0.00,0.03,0.03,1,0,0.00,42,94,91,40,70,5.98,80,0.19,0.20,1.10,30,0.03,0.04,39,24,0.75,0.80,1.03,0.97,39,31,0.04,29,86,79,67,0,42,58,0,0.00,99,38,0.00,1.26,9.09,8.56,274,159,62,43,5.28,4.97,58.03,17,0.56,61,0,26.72,0,0.00,99,35,1.09,1.16,89,92,31,63,0,0,0,0,0,50,40,59,54,0,99,55,70,39,4,12,41,37,0,0
Lucas Belezi Barbosa,22,1052377200,2003/05/08,Serie A,2024,Midfielder,Atlético PR,794,360,434,Brazil,9,4,5,1,1,0,0,0,0,0,0,2,2,0,12,3,9,2,0,0.11,0,0.11,0.25,0,794,1.36,66,88,397,0,0.23,185,302,-1,11,0,7.09,0,45,28.68,28.11,28,253,21.44,193,18,21.88,27,0.00,0.00,0.11,1,0.00,0.11,1.47,1.44,13,0.00,0.00,0.00,0.00,0.00,1.67,0.00,0.00,4.00,0.45,0.22,0.00,0.00,0.22,0.10,0.00,2.44,0.00,0.00,0,0,,4,0.44,28,2,0.23,41,2,0.23,24,6,0,9,47,0.00,99,0,15,1.70,94,1,30,0.11,20,0,0.00,99,0,0.00,0,0,0.00,0,0.11,11,0,0.00,7,0,0.00,0.00,0,0.00,0,0,0,0.00,0,0,0.00,21,0.00,0,N/A,N/A,N/A,N/A,0.00,0,0.00,0,0.94,0.00,0,76.28,50.00,74,80,0.33,0.34,3,10,10,0,0,0,1.22,1.25,11,98,63.80,6.78,6.91,61,0,0.00,0.00,99,0.00,0,0,0,0.00,0.00,0,0.00,0.00,0.00,0.00,0,0,25.00,93,24,6,76,21,0.49,13,0.05,0.06,0.94,55,0.10,0.11,3,1,0.11,0.11,0.68,0.67,18,6,0.11,53,81,99,67,0,41,87,0,0.00,99,22,0.00,2.49,6.23,6.11,55,36,30,13,4.08,4.00,65.45,0,0.00,99,0,0.00,0,0.00,99,0,0.00,0.00,30,28,14,93,0,0,0,0,0,45,64,59,81,0,99,36,63,48,2,22,75,45,0,0
Lucas Calegari,23,1014796800,2002/02/27,Serie A,2024,Midfielder,Fluminense,79,19,60,Brazil,2,1,1,0,0,0,0,0,0,0,0,0,0,0,2,1,1,0,0,0,0,0,0,0,0,2.28,40,40,0,0,0,-1,-1,-1,19,0,6.32,0,45,52.41,23.00,86,46,19.00,38,52,43.29,83,0.00,0.00,0.00,0,0.00,1.00,4.56,2.00,4,0.00,0.00,0.00,0.00,0.00,0.50,0.00,0.00,0.00,0.00,0.00,0.00,0.00,0.00,0.00,0.00,1.00,0.00,0.00,0,0,,0,0.00,8,0,0.00,15,0,0.00,9,0,2,0,99,0.00,99,0,1,1.14,75,2,30,2.28,66,0,0.00,99,0,0.00,0,0,0.00,0,0.00,8,0,0.00,7,0,0.00,0.00,0,0.00,0,0,0,0.00,0,0,0.00,0,0.00,0,N/A,N/A,N/A,N/A,0.00,0,0.00,0,0.00,0.00,0,82.61,0.00,15,99,0.00,0.00,0,10,10,0,0,0,0.50,1.14,1,97,12.65,0.00,0.00,0,1,0.00,1.14,0,0.50,0,0,0,0.00,0.00,0,0.00,0.00,0.00,0.00,0,0,0.00,42,0,0,40,0,0.08,27,0.04,0.09,0.00,9,0.00,0.00,99,3,1.50,3.42,3.42,1.50,99,3,0.00,9,5,1,67,0,41,83,0,0.00,99,2,0.00,2.28,12.53,5.50,11,8,99,78,9.11,4.00,72.73,0,0.00,99,0,0.00,0,0.00,99,0,0.00,0.00,30,0,31,11,0,0,0,0,0,26,40,59,54,0,99,2,7,7,0,0,7,31,0,0
Lucas da Silva Izidoro,29,825148800,1996/02/24,Serie A,2024,Midfielder,Cuiabá,2339,1081,1258,Brazil,33,15,18,0,0,0,0,0,0,0,0,10,6,4,35,12,23,7,0,0,0,0,0,0,0,1.35,67,71,334,0,0.27,495,436,-1,28,0,6.55,0,45,36.62,27.66,49,885,23.69,758,71,31.37,52,0.00,0.00,0.22,7,0.00,0.03,2.36,1.78,57,0.00,0.56,0.00,0.00,0.00,0.34,0.28,0.00,0.00,0.21,0.12,0.41,0.00,0.03,0.01,0.00,1.12,0.00,0.00,0,0,,5,0.16,14,1,0.04,16,4,0.17,18,4,7,26,82,0.00,99,0,11,0.46,31,1,30,0.04,15,0,0.00,99,0,0.00,0,0,0.00,0,0.29,23,13,0.54,29,9,0.37,69.23,0,0.00,0,0,0,0.00,0,0,0.00,22,0.00,0,N/A,N/A,N/A,N/A,0.00,0,0.00,0,0.38,0.00,0,85.65,20.00,18,53,0.47,0.62,15,36,85,0,0,0,0.44,0.58,14,84,209.52,1.50,1.99,48,0,0.00,0.00,99,0.00,0,0,0,0.00,0.00,0,0.00,0.00,0.00,0.00,0,0,0.00,42,84,91,40,23,1.82,22,0.06,0.08,0.38,19,0.01,0.02,43,21,0.66,0.87,2.40,1.81,96,58,0.02,19,10,70,67,0,41,64,0,0.00,99,36,0.00,1.49,10.06,7.59,243,123,58,55,5.09,3.84,50.62,18,0.74,53,0,0.00,0,0.00,99,0,0.00,0.00,30,83,68,77,0,0,0,0,0,26,40,59,54,0,99,65,52,57,7,21,73,30,0,0
Lucas da Sliva Justen,22,1057215600,2003/07/03,Serie A,2024,Midfielder,Fluminense,0,0,0,Brazil,0,0,0,0,0,0,0,0,0,0,0,0,0,0,0,0,0,0,0,0,0,0,0,0,0,0,0,0,0,0,0,-1,-1,-1,-1,N/A,N/A,N/A,N/A,N/A,N/A,N/A,N/A,N/A,N/A,N/A,N/A,N/A,N/A,N/A,N/A,N/A,N/A,N/A,N/A,N/A,N/A,N/A,N/A,N/A,N/A,N/A,N/A,N/A,N/A,N/A,N/A,N/A,N/A,N/A,N/A,N/A,N/A,N/A,N/A,N/A,N/A,N/A,N/A,N/A,N/A,N/A,N/A,N/A,N/A,N/A,N/A,N/A,N/A,N/A,N/A,N/A,N/A,N/A,N/A,N/A,N/A,N/A,N/A,N/A,N/A,N/A,N/A,N/A,N/A,N/A,N/A,N/A,N/A,N/A,N/A,N/A,N/A,N/A,N/A,N/A,N/A,N/A,N/A,N/A,N/A,N/A,N/A,N/A,N/A,N/A,N/A,N/A,N/A,N/A,N/A,N/A,N/A,N/A,N/A,N/A,N/A,N/A,N/A,N/A,N/A,N/A,N/A,N/A,N/A,N/A,N/A,N/A,N/A,N/A,N/A,N/A,N/A,N/A,N/A,N/A,N/A,N/A,N/A,N/A,N/A,N/A,N/A,N/A,N/A,N/A,N/A,N/A,N/A,N/A,N/A,N/A,N/A,N/A,N/A,N/A,N/A,N/A,N/A,N/A,N/A,N/A,N/A,N/A,N/A,N/A,N/A,N/A,N/A,N/A,N/A,N/A,N/A,N/A,N/A,N/A,N/A,N/A,N/A,N/A,N/A,N/A,N/A,N/A,N/A,N/A,N/A,N/A,N/A,N/A,N/A,N/A,N/A,N/A,N/A,N/A,N/A,N/A,N/A,N/A,N/A,N/A,N/A,N/A,N/A,N/A,N/A,N/A,N/A,N/A,N/A,N/A,N/A,N/A,N/A,N/A,N/A,N/A,N/A,N/A,N/A,N/A,N/A,N/A,N/A,N/A,N/A,N/A,N/A,N/A,N/A,N/A,N/A,N/A,N/A,N/A,N/A,N/A,N/A
Lucas Daniel Romero,31,766652400,1994/04/18,Serie A,2024,Midfielder,Cruzeiro,2553,1330,1223,Argentina,33,16,17,0,0,0,2,1,1,0,0,9,4,5,28,13,15,8,1,0.07,0.07,0,0,0,0,0.99,91,77,319,1277,0.28,468,236,-1,35,0,6.96,0.06,58,61.48,52.55,96,1524,46.48,1348,88,54.38,95,0.00,0.00,0.76,22,0.00,0.24,2.18,1.86,54,0.00,0.66,0.00,0.00,0.00,0.48,0.34,0.00,0.00,0.52,0.31,0.72,0.00,0.14,0.03,0.00,0.90,0.00,0.00,0,0,,13,0.45,34,4,0.16,30,9,0.36,41,3,2,31,77,0.00,99,0,14,0.56,38,7,40,0.28,30,0,0.00,99,0,0.00,0,0,0.00,0,0.89,54,21,0.85,39,10,0.40,47.62,0,0.00,0,0,0,0.00,0,0,0.00,63,0.00,0,N/A,N/A,N/A,N/A,0.00,0,0.00,0,0.91,0.00,0,88.45,30.77,30,29,0.83,0.97,24,40,46,0,0,0,0.21,0.24,6,57,201.83,0.66,0.77,19,0,0.00,0.00,99,0.00,0,0,0,0.00,0.00,0,0.00,0.00,0.00,0.00,0,0,0.00,42,90,91,40,63,3.99,66,0.14,0.16,0.91,30,0.03,0.04,45,22,0.76,0.89,1.53,1.31,72,38,0.04,29,62,33,67,0,41,49,0,0.00,99,26,0.00,1.05,8.59,7.34,213,111,41,36,4.48,3.83,52.11,19,0.77,52,0,14.29,0,0.00,99,1,0.03,0.04,33,92,31,63,0,0,0,0,0,36,40,59,54,0,99,55,49,59,7,21,73,29,0,0
Lucas de Freitas Molarinho Chagas,24,979977600,2001/01/20,Serie A,2024,Defender,Juventude,1171,763,408,Brazil,15,9,6,0,0,0,0,0,0,0,0,1,1,0,18,10,8,3,1,0,0,0,0,0,0,1.38,65,78,390,0,0.23,415,291,156,26,0,6.76,0,45,45.88,39.80,73,597,34.27,514,75,39.50,76,0.00,0.00,0.33,5,0.00,0.20,0.69,0.60,9,0.00,0.33,0.00,0.00,0.00,0.93,0.13,0.00,0.00,0.31,0.27,0.13,0.00,0.00,0.01,0.00,1.07,0.00,0.00,0,0,,4,0.27,20,0,0.00,15,4,0.31,36,3,1,14,16,0.00,99,0,14,1.08,71,3,30,0.23,28,0,0.00,99,0,0.00,0,0,0.00,0,0.38,28,2,0.15,13,2,0.15,100.00,0,0.00,0,0,0,0.00,0,0,0.00,20,0.00,0,N/A,N/A,N/A,N/A,0.00,0,0.00,0,0.20,0.00,0,86.10,0.00,15,63,0.47,0.54,7,20,99,0,0,0,1.07,1.23,16,98,101.41,2.27,2.61,34,2,0.00,0.15,1,0.13,0,0,1,0.07,0.08,0,0.00,0.00,0.08,0.07,1,0,0.00,42,44,23,40,20,1.13,27,0.08,0.09,0.20,19,0.01,0.02,14,4,0.27,0.31,0.85,0.73,27,11,0.02,19,28,78,84,0,58,57,0,0.00,99,16,0.00,1.23,5.23,4.53,68,30,9,9,2.31,2.00,44.12,5,0.38,69,0,0.00,0,0.00,99,0,0.00,0.00,30,48,22,63,0,0,0,0,0,26,40,59,54,0,99,4,61,48,2,13,44,43,0,0
Lucas de Souza Cunha,28,854006400,1997/01/23,Serie A,2024,Defender,Bragantino,779,464,315,Brazil,11,6,5,0,0,0,0,0,0,0,0,1,1,0,12,6,6,3,1,0,0,0,0,0,0,1.39,65,71,195,0,0.46,422,290,158,32,0,6.81,0,45,35.12,27.64,44,304,22.36,246,41,28.42,45,0.00,0.00,0.09,1,0.00,0.00,1.04,0.82,9,0.00,0.00,0.00,0.00,0.00,0.45,0.00,0.00,0.00,0.23,0.09,0.00,0.00,0.09,0.01,0.00,1.73,0.00,0.00,0,0,,2,0.18,14,1,0.12,25,1,0.12,14,0,3,8,29,0.00,99,0,5,0.58,41,0,30,0.00,14,0,0.00,99,0,0.00,0,0,0.00,0,0.12,11,0,0.00,7,0,0.00,0.00,0,0.00,0,0,0,0.00,0,0,0.00,19,0.00,0,N/A,N/A,N/A,N/A,0.00,0,0.00,0,0.15,0.00,0,80.92,50.00,74,79,0.27,0.35,3,10,10,0,0,0,0.64,0.81,7,92,74.89,4.73,6.01,52,0,0.00,0.00,99,0.00,0,0,0,0.00,0.00,0,0.00,0.00,0.00,0.00,0,0,0.00,42,23,11,40,20,0.47,10,0.04,0.05,0.15,19,0.01,0.02,24,4,0.36,0.46,0.58,0.45,14,5,0.02,19,36,99,67,0,41,82,0,0.00,99,19,0.00,2.20,5.78,4.55,50,32,21,11,3.70,2.91,64.00,0,0.00,99,0,0.00,0,0.00,99,0,0.00,0.00,30,24,41,11,0,0,0,0,0,26,40,59,54,0,99,5,22,86,1,9,26,4,0,0
Lucas Di Yorio,34,672822000,1991/04/28,Serie A,2024,Forward,Atlético PR,789,365,424,Argentina,20,10,10,3,1,2,0,0,0,0,1,3,1,2,10,7,3,1,0,0.34,0,0.34,0.25,0.42,263,1.14,79,39,789,0,0.11,43,322,-1,8,0,5.94,0,45,19.47,8.22,10,148,5.61,101,5,13.29,8,0.00,0.00,0.28,5,0.00,0.39,0.53,0.22,4,0.00,0.61,0.00,0.00,0.00,0.17,0.39,0.00,12.00,1.58,0.50,0.78,0.00,0.17,0.08,0.00,1.28,0.00,0.00,0,0,,12,0.67,80,3,0.39,58,9,1.18,95,4,12,8,12,0.00,99,0,3,0.39,28,7,30,0.92,50,0,0.00,99,0,0.00,0,0,0.00,0,0.66,41,14,1.84,71,7,0.92,50.00,0,0.00,0,0,0,0.00,0,0,0.00,46,0.00,0,N/A,N/A,N/A,N/A,0.00,0,0.00,0,1.47,0.00,0,68.24,25.00,24,42,0.33,0.79,6,71,57,0,1,0,0.06,0.13,1,41,106.95,0.56,1.32,10,0,0.00,0.00,99,0.00,0,1,1,0.06,0.13,0,0.00,0.00,0.26,0.11,2,1,8.33,53,24,43,48,46,0.40,10,0.02,0.05,0.77,52,0.04,0.10,70,11,0.61,1.45,1.45,0.61,68,11,0.19,70,1,54,94,0,82,95,0,0.00,99,23,0.00,3.03,15.53,6.56,118,44,73,93,5.79,2.44,37.29,11,1.45,21,0,0.00,0,0.00,99,0,0.00,0.00,30,24,88,77,0,0,0,0,0,79,92,95,81,0,99,14,90,17,1,5,13,7,0,0
Lucas dos Santos Ferreira,19,1146207600,2006/04/28,Serie A,2024,Midfielder,São Paulo,0,0,0,Brazil,0,0,0,0,0,0,0,0,0,0,0,0,0,0,0,0,0,0,0,0,0,0,0,0,0,0,0,0,0,0,0,-1,-1,-1,-1,N/A,N/A,N/A,N/A,N/A,N/A,N/A,N/A,N/A,N/A,N/A,N/A,N/A,N/A,N/A,N/A,N/A,N/A,N/A,N/A,N/A,N/A,N/A,N/A,N/A,N/A,N/A,N/A,N/A,N/A,N/A,N/A,N/A,N/A,N/A,N/A,N/A,N/A,N/A,N/A,N/A,N/A,N/A,N/A,N/A,N/A,N/A,N/A,N/A,N/A,N/A,N/A,N/A,N/A,N/A,N/A,N/A,N/A,N/A,N/A,N/A,N/A,N/A,N/A,N/A,N/A,N/A,N/A,N/A,N/A,N/A,N/A,N/A,N/A,N/A,N/A,N/A,N/A,N/A,N/A,N/A,N/A,N/A,N/A,N/A,N/A,N/A,N/A,N/A,N/A,N/A,N/A,N/A,N/A,N/A,N/A,N/A,N/A,N/A,N/A,N/A,N/A,N/A,N/A,N/A,N/A,N/A,N/A,N/A,N/A,N/A,N/A,N/A,N/A,N/A,N/A,N/A,N/A,N/A,N/A,N/A,N/A,N/A,N/A,N/A,N/A,N/A,N/A,N/A,N/A,N/A,N/A,N/A,N/A,N/A,N/A,N/A,N/A,N/A,N/A,N/A,N/A,N/A,N/A,N/A,N/A,N/A,N/A,N/A,N/A,N/A,N/A,N/A,N/A,N/A,N/A,N/A,N/A,N/A,N/A,N/A,N/A,N/A,N/A,N/A,N/A,N/A,N/A,N/A,N/A,N/A,N/A,N/A,N/A,N/A,N/A,N/A,N/A,N/A,N/A,N/A,N/A,N/A,N/A,N/A,N/A,N/A,N/A,N/A,N/A,N/A,N/A,N/A,N/A,N/A,N/A,N/A,N/A,N/A,N/A,N/A,N/A,N/A,N/A,N/A,N/A,N/A,N/A,N/A,N/A,N/A,N/A,N/A,N/A,N/A,N/A,N/A,N/A,N/A,N/A,N/A,N/A,N/A,N/A
Lucas Eduardo de Souza Oliveira,21,1073980800,2004/01/13,Serie A,2024,Midfielder,Vasco da Gama,0,0,0,Brazil,0,0,0,0,0,0,0,0,0,0,0,0,0,0,0,0,0,0,0,0,0,0,0,0,0,0,0,0,0,0,0,-1,-1,-1,-1,N/A,N/A,N/A,N/A,N/A,N/A,N/A,N/A,N/A,N/A,N/A,N/A,N/A,N/A,N/A,N/A,N/A,N/A,N/A,N/A,N/A,N/A,N/A,N/A,N/A,N/A,N/A,N/A,N/A,N/A,N/A,N/A,N/A,N/A,N/A,N/A,N/A,N/A,N/A,N/A,N/A,N/A,N/A,N/A,N/A,N/A,N/A,N/A,N/A,N/A,N/A,N/A,N/A,N/A,N/A,N/A,N/A,N/A,N/A,N/A,N/A,N/A,N/A,N/A,N/A,N/A,N/A,N/A,N/A,N/A,N/A,N/A,N/A,N/A,N/A,N/A,N/A,N/A,N/A,N/A,N/A,N/A,N/A,N/A,N/A,N/A,N/A,N/A,N/A,N/A,N/A,N/A,N/A,N/A,N/A,N/A,N/A,N/A,N/A,N/A,N/A,N/A,N/A,N/A,N/A,N/A,N/A,N/A,N/A,N/A,N/A,N/A,N/A,N/A,N/A,N/A,N/A,N/A,N/A,N/A,N/A,N/A,N/A,N/A,N/A,N/A,N/A,N/A,N/A,N/A,N/A,N/A,N/A,N/A,N/A,N/A,N/A,N/A,N/A,N/A,N/A,N/A,N/A,N/A,N/A,N/A,N/A,N/A,N/A,N/A,N/A,N/A,N/A,N/A,N/A,N/A,N/A,N/A,N/A,N/A,N/A,N/A,N/A,N/A,N/A,N/A,N/A,N/A,N/A,N/A,N/A,N/A,N/A,N/A,N/A,N/A,N/A,N/A,N/A,N/A,N/A,N/A,N/A,N/A,N/A,N/A,N/A,N/A,N/A,N/A,N/A,N/A,N/A,N/A,N/A,N/A,N/A,N/A,N/A,N/A,N/A,N/A,N/A,N/A,N/A,N/A,N/A,N/A,N/A,N/A,N/A,N/A,N/A,N/A,N/A,N/A,N/A,N/A,N/A,N/A,N/A,N/A,N/A,N/A
Lucas Eduardo Muller,22,1043740800,2003/01/28,Serie A,2024,Midfielder,Grêmio,0,0,0,Brazil,0,0,0,0,0,0,0,0,0,0,0,0,0,0,0,0,0,0,0,0,0,0,0,0,0,0,0,0,0,0,0,-1,-1,-1,-1,N/A,N/A,N/A,N/A,N/A,N/A,N/A,N/A,N/A,N/A,N/A,N/A,N/A,N/A,N/A,N/A,N/A,N/A,N/A,N/A,N/A,N/A,N/A,N/A,N/A,N/A,N/A,N/A,N/A,N/A,N/A,N/A,N/A,N/A,N/A,N/A,N/A,N/A,N/A,N/A,N/A,N/A,N/A,N/A,N/A,N/A,N/A,N/A,N/A,N/A,N/A,N/A,N/A,N/A,N/A,N/A,N/A,N/A,N/A,N/A,N/A,N/A,N/A,N/A,N/A,N/A,N/A,N/A,N/A,N/A,N/A,N/A,N/A,N/A,N/A,N/A,N/A,N/A,N/A,N/A,N/A,N/A,N/A,N/A,N/A,N/A,N/A,N/A,N/A,N/A,N/A,N/A,N/A,N/A,N/A,N/A,N/A,N/A,N/A,N/A,N/A,N/A,N/A,N/A,N/A,N/A,N/A,N/A,N/A,N/A,N/A,N/A,N/A,N/A,N/A,N/A,N/A,N/A,N/A,N/A,N/A,N/A,N/A,N/A,N/A,N/A,N/A,N/A,N/A,N/A,N/A,N/A,N/A,N/A,N/A,N/A,N/A,N/A,N/A,N/A,N/A,N/A,N/A,N/A,N/A,N/A,N/A,N/A,N/A,N/A,N/A,N/A,N/A,N/A,N/A,N/A,N/A,N/A,N/A,N/A,N/A,N/A,N/A,N/A,N/A,N/A,N/A,N/A,N/A,N/A,N/A,N/A,N/A,N/A,N/A,N/A,N/A,N/A,N/A,N/A,N/A,N/A,N/A,N/A,N/A,N/A,N/A,N/A,N/A,N/A,N/A,N/A,N/A,N/A,N/A,N/A,N/A,N/A,N/A,N/A,N/A,N/A,N/A,N/A,N/A,N/A,N/A,N/A,N/A,N/A,N/A,N/A,N/A,N/A,N/A,N/A,N/A,N/A,N/A,N/A,N/A,N/A,N/A,N/A
Lucas Eduardo Ribeiro de Souza,25,961138800,2000/06/16,Serie A,2024,Defender,Vitória,742,373,369,Brazil,12,6,6,0,0,0,0,0,0,0,0,3,2,1,10,6,4,2,0,0,0,0,0,0,0,1.21,74,62,371,0,0.24,370,332,134,21,0,6.82,0,45,33.11,22.75,38,273,18.67,224,48,27.17,41,0.00,0.00,0.00,0,0.00,0.00,1.82,1.25,15,0.00,0.08,0.00,0.00,0.00,0.42,0.17,0.00,0.00,0.24,0.08,0.17,0.00,0.08,0.01,0.00,1.42,0.00,0.00,0,0,,2,0.17,15,1,0.12,25,1,0.12,14,2,5,7,64,0.00,99,0,5,0.61,42,0,30,0.00,14,0,0.00,99,0,0.00,0,0,0.00,0,0.00,8,2,0.24,17,2,0.24,100.00,0,0.00,0,0,0,0.00,0,0,0.00,35,0.00,0,N/A,N/A,N/A,N/A,0.00,0,0.00,0,0.17,0.00,0,82.05,50.00,74,78,0.25,0.36,3,27,99,0,0,0,0.58,0.85,7,93,81.83,4.83,7.04,58,0,0.00,0.00,99,0.00,0,0,0,0.00,0.00,0,0.00,0.00,0.00,0.00,0,0,0.00,42,21,14,40,35,0.51,13,0.04,0.06,0.17,19,0.01,0.02,24,4,0.33,0.49,0.61,0.42,15,5,0.02,19,39,99,67,0,41,78,0,0.00,99,17,0.00,2.06,7.04,4.83,58,38,45,20,4.61,3.17,65.52,1,0.12,84,0,0.00,0,0.00,99,0,0.00,0.00,30,18,57,46,0,0,0,0,0,26,40,59,54,0,99,47,59,49,2,17,60,43,0,0
Lucas Esteves Souza,25,961830000,2000/06/24,Serie A,2024,Defender,Vitória,2934,1423,1511,Brazil,34,17,17,1,1,0,4,1,3,0,0,7,3,4,41,18,23,10,0,0.15,0.12,0.03,0.06,0,2934,1.26,72,86,293,734,0.31,302,152,141,9,0,7.03,0.12,72,34.74,33.22,43,1063,27.00,864,42,28.24,44,0.00,0.00,1.06,34,0.00,3.66,1.70,1.62,52,0.00,0.50,0.00,0.00,0.00,1.16,0.59,0.00,0.00,0.82,0.62,1.19,0.00,0.16,0.05,0.00,1.66,0.00,0.00,0,0,,25,0.78,54,5,0.16,30,20,0.65,69,2,2,32,58,0.00,99,0,37,1.21,78,117,72,3.82,84,0,0.00,99,0,0.00,0,0,0.00,0,1.11,65,38,1.24,54,19,0.62,50.00,0,0.00,0,0,0,0.00,0,0,0.00,30,0.00,0,N/A,N/A,N/A,N/A,0.00,0,0.00,0,1.51,0.00,0,81.28,20.00,18,72,0.41,0.42,13,54,57,0,0,0,0.22,0.23,7,55,224.84,2.28,2.39,73,0,0.00,0.00,99,0.00,0,0,2,0.06,0.07,0,0.00,0.00,0.33,0.31,10,1,0.00,42,96,94,99,31,5.31,69,0.17,0.17,1.51,35,0.05,0.05,36,23,0.72,0.75,1.11,1.06,44,34,0.05,34,73,75,83,0,86,73,0,0.00,99,53,0.00,1.73,8.63,8.25,264,147,50,36,4.80,4.59,55.68,16,0.52,64,0,27.35,0,0.00,99,32,1.00,1.05,86,94,31,46,0,0,0,0,0,54,41,59,55,0,99,32,44,66,10,29,89,16,0,0
Lucas Evangelista Santana de Oliveira,30,792057600,1995/02/06,Serie A,2024,Midfielder,Bragantino,2542,1304,1238,Brazil,32,17,15,2,1,1,3,3,0,0,0,5,3,2,36,16,20,4,0,0.18,0.11,0.07,0.07,0.07,1271,1.27,71,79,636,847,0.14,245,170,-1,9,0,7.04,0.09,70,34.00,29.00,40,899,24.71,766,68,28.97,46,0.00,0.00,0.94,29,0.00,1.13,1.66,1.42,44,0.00,0.97,0.00,0.00,0.00,0.68,0.52,0.00,13.00,0.98,0.58,0.90,0.00,0.26,0.10,0.00,1.19,0.00,0.00,0,0,,26,0.84,59,8,0.30,50,18,0.68,71,3,2,30,56,0.00,99,0,21,0.79,55,35,52,1.32,57,0,0.00,99,0,0.00,0,0,0.00,0,1.10,64,28,1.06,46,16,0.61,57.14,0,0.00,0,0,0,0.00,0,0,0.00,29,0.00,0,N/A,N/A,N/A,N/A,0.00,0,0.00,0,3.08,0.00,0,85.21,30.77,30,55,0.52,0.61,16,52,70,0,0,0,0.35,0.42,11,75,218.32,1.10,1.29,34,0,0.00,0.00,99,0.00,0,0,2,0.06,0.08,0,0.00,0.00,0.11,0.10,3,0,7.69,52,90,88,88,30,4.53,69,0.15,0.17,3.08,58,0.10,0.12,90,60,1.94,2.27,1.13,0.97,45,30,0.12,56,75,53,84,0,65,62,0,0.00,99,37,0.00,1.40,11.31,9.65,299,154,74,68,5.82,4.97,51.51,30,1.13,32,0,20.00,0,0.00,99,7,0.23,0.26,56,90,31,63,0,0,0,0,0,59,53,63,57,0,99,16,82,27,4,12,41,8,0,0
Lucas Fernandes da Silva,28,874738800,1997/09/20,Serie A,2024,Midfielder,Cuiabá,1032,558,474,Brazil,21,11,10,1,1,0,1,1,0,0,0,6,4,2,17,7,10,2,0,0.17,0.09,0.09,0.16,0,1032,1.48,61,49,516,1032,0.17,207,183,-1,6,0,6.87,0.05,65,39.94,21.81,58,458,18.95,398,80,34.71,62,0.00,0.00,0.81,17,0.00,1.10,1.74,0.95,20,0.00,0.62,0.00,0.00,0.00,0.43,0.62,0.00,16.00,1.40,0.33,0.86,0.00,0.43,0.11,0.00,0.33,0.00,0.00,0,0,,16,0.76,75,9,0.78,80,7,0.61,66,4,10,11,60,0.00,99,0,9,0.78,54,23,91,2.01,64,0,0.00,99,0,0.00,0,0,0.00,0,1.48,82,18,1.57,65,13,1.13,72.22,0,0.00,0,0,0,0.00,0,0,0.00,13,0.00,0,N/A,N/A,N/A,N/A,0.00,0,0.00,0,2.28,0.00,0,86.90,56.25,83,55,0.33,0.61,7,79,87,0,0,0,0.00,0.00,0,23,144.21,0.05,0.09,1,0,0.00,0.00,99,0.00,0,0,0,0.00,0.00,0,0.00,0.00,0.00,0.00,0,0,6.25,48,36,46,82,14,2.26,80,0.11,0.20,2.28,73,0.11,0.20,68,16,0.76,1.40,1.05,0.57,39,12,0.20,71,47,2,67,0,41,31,0,0.00,99,7,0.00,0.61,8.81,4.81,101,56,53,39,4.88,2.67,55.45,13,1.13,32,0,39.13,0,0.00,99,9,0.43,0.78,78,37,82,77,0,0,0,0,0,57,60,59,71,0,99,61,75,33,2,10,29,18,0,0
Lucas Fonseca Gomes Barreto,23,1014019200,2002/02/18,Serie A,2024,Midfielder,Botafogo,0,0,0,Brazil,0,0,0,0,0,0,0,0,0,0,0,0,0,0,0,0,0,0,0,0,0,0,0,0,0,0,0,0,0,0,0,-1,-1,-1,-1,N/A,N/A,N/A,N/A,N/A,N/A,N/A,N/A,N/A,N/A,N/A,N/A,N/A,N/A,N/A,N/A,N/A,N/A,N/A,N/A,N/A,N/A,N/A,N/A,N/A,N/A,N/A,N/A,N/A,N/A,N/A,N/A,N/A,N/A,N/A,N/A,N/A,N/A,N/A,N/A,N/A,N/A,N/A,N/A,N/A,N/A,N/A,N/A,N/A,N/A,N/A,N/A,N/A,N/A,N/A,N/A,N/A,N/A,N/A,N/A,N/A,N/A,N/A,N/A,N/A,N/A,N/A,N/A,N/A,N/A,N/A,N/A,N/A,N/A,N/A,N/A,N/A,N/A,N/A,N/A,N/A,N/A,N/A,N/A,N/A,N/A,N/A,N/A,N/A,N/A,N/A,N/A,N/A,N/A,N/A,N/A,N/A,N/A,N/A,N/A,N/A,N/A,N/A,N/A,N/A,N/A,N/A,N/A,N/A,N/A,N/A,N/A,N/A,N/A,N/A,N/A,N/A,N/A,N/A,N/A,N/A,N/A,N/A,N/A,N/A,N/A,N/A,N/A,N/A,N/A,N/A,N/A,N/A,N/A,N/A,N/A,N/A,N/A,N/A,N/A,N/A,N/A,N/A,N/A,N/A,N/A,N/A,N/A,N/A,N/A,N/A,N/A,N/A,N/A,N/A,N/A,N/A,N/A,N/A,N/A,N/A,N/A,N/A,N/A,N/A,N/A,N/A,N/A,N/A,N/A,N/A,N/A,N/A,N/A,N/A,N/A,N/A,N/A,N/A,N/A,N/A,N/A,N/A,N/A,N/A,N/A,N/A,N/A,N/A,N/A,N/A,N/A,N/A,N/A,N/A,N/A,N/A,N/A,N/A,N/A,N/A,N/A,N/A,N/A,N/A,N/A,N/A,N/A,N/A,N/A,N/A,N/A,N/A,N/A,N/A,N/A,N/A,N/A,N/A,N/A,N/A,N/A,N/A,N/A
Lucas Furtado dos Santos,20,1110355200,2005/03/09,Serie A,2024,Midfielder,Flamengo,0,0,0,Brazil,0,0,0,0,0,0,0,0,0,0,0,0,0,0,0,0,0,0,0,0,0,0,0,0,0,0,0,0,0,0,0,-1,-1,-1,-1,N/A,N/A,N/A,N/A,N/A,N/A,N/A,N/A,N/A,N/A,N/A,N/A,N/A,N/A,N/A,N/A,N/A,N/A,N/A,N/A,N/A,N/A,N/A,N/A,N/A,N/A,N/A,N/A,N/A,N/A,N/A,N/A,N/A,N/A,N/A,N/A,N/A,N/A,N/A,N/A,N/A,N/A,N/A,N/A,N/A,N/A,N/A,N/A,N/A,N/A,N/A,N/A,N/A,N/A,N/A,N/A,N/A,N/A,N/A,N/A,N/A,N/A,N/A,N/A,N/A,N/A,N/A,N/A,N/A,N/A,N/A,N/A,N/A,N/A,N/A,N/A,N/A,N/A,N/A,N/A,N/A,N/A,N/A,N/A,N/A,N/A,N/A,N/A,N/A,N/A,N/A,N/A,N/A,N/A,N/A,N/A,N/A,N/A,N/A,N/A,N/A,N/A,N/A,N/A,N/A,N/A,N/A,N/A,N/A,N/A,N/A,N/A,N/A,N/A,N/A,N/A,N/A,N/A,N/A,N/A,N/A,N/A,N/A,N/A,N/A,N/A,N/A,N/A,N/A,N/A,N/A,N/A,N/A,N/A,N/A,N/A,N/A,N/A,N/A,N/A,N/A,N/A,N/A,N/A,N/A,N/A,N/A,N/A,N/A,N/A,N/A,N/A,N/A,N/A,N/A,N/A,N/A,N/A,N/A,N/A,N/A,N/A,N/A,N/A,N/A,N/A,N/A,N/A,N/A,N/A,N/A,N/A,N/A,N/A,N/A,N/A,N/A,N/A,N/A,N/A,N/A,N/A,N/A,N/A,N/A,N/A,N/A,N/A,N/A,N/A,N/A,N/A,N/A,N/A,N/A,N/A,N/A,N/A,N/A,N/A,N/A,N/A,N/A,N/A,N/A,N/A,N/A,N/A,N/A,N/A,N/A,N/A,N/A,N/A,N/A,N/A,N/A,N/A,N/A,N/A,N/A,N/A,N/A,N/A
Lucas Halter,25,957250800,2000/05/02,Serie A,2024,Defender,Botafogo,1354,518,836,Brazil,17,7,10,1,0,1,0,0,0,0,0,6,2,4,16,7,9,4,0,0.07,0,0.07,0,0.11,1354,1.06,85,80,339,0,0.27,238,460,92,20,0,6.81,0,45,55.68,48.88,91,782,44.56,713,97,50.77,92,0.00,0.00,0.25,4,0.00,0.00,0.78,0.69,11,0.00,0.00,0.00,0.00,0.00,0.69,0.00,0.00,8.00,0.57,0.31,0.00,0.00,0.19,0.08,0.00,0.88,0.00,0.00,0,0,,8,0.50,40,3,0.21,39,5,0.36,41,1,2,15,19,0.00,99,0,11,0.78,54,0,30,0.00,14,0,0.00,99,0,0.00,0,0,0.00,0,0.28,22,0,0.00,7,0,0.00,0.00,0,0.00,0,0,0,0.00,0,0,0.00,55,0.00,0,N/A,N/A,N/A,N/A,0.00,0,0.00,0,1.23,0.00,0,91.18,37.50,45,52,0.56,0.64,9,10,10,0,0,0,0.50,0.57,8,83,108.97,3.88,4.41,62,1,0.00,0.07,8,0.06,0,0,0,0.00,0.00,0,0.00,0.00,0.00,0.00,0,0,12.50,68,52,32,90,56,1.56,39,0.10,0.11,1.23,49,0.08,0.09,22,6,0.38,0.43,1.28,1.12,57,18,0.09,49,36,91,67,0,41,47,0,0.00,99,14,0.00,1.00,5.55,4.88,78,31,8,10,2.21,1.94,39.74,0,0.00,99,0,0.00,0,0.00,99,0,0.00,0.00,30,51,31,30,0,0,0,0,0,36,53,69,54,0,99,79,53,57,4,24,82,3,0,0
Lucas Henrique Barbosa,24,982828800,2001/02/22,Serie A,2024,Midfielder,Juventude,2478,1345,1133,Brazil,33,17,16,7,5,2,2,2,0,0,0,6,5,1,38,17,21,13,0,0.33,0.07,0.25,0.33,0.16,354,1.38,65,75,191,1239,0.47,84,234,-1,1,0,6.97,0.06,58,27.59,23.09,25,739,16.69,534,11,19.93,23,0.00,0.00,0.84,27,0.00,1.72,2.31,1.94,62,0.00,1.03,0.00,0.00,0.00,0.53,0.59,0.00,7.43,1.94,0.84,1.53,0.00,0.78,0.27,0.00,1.81,0.00,0.00,0,0,,52,1.62,89,25,0.93,86,27,1.01,88,3,1,32,81,0.00,99,0,17,0.63,44,55,43,2.05,64,0,0.00,99,0,0.00,0,0,0.00,0,1.01,60,49,1.83,71,19,0.71,38.78,0,0.00,0,0,0,0.00,0,0,0.00,20,0.00,0,N/A,N/A,N/A,N/A,0.00,0,0.00,0,8.77,0.00,0,72.26,48.08,62,11,1.16,1.38,37,61,26,0,0,0,0.09,0.11,3,38,222.89,0.56,0.67,18,0,0.00,0.00,99,0.00,0,0,1,0.03,0.04,0,0.00,0.00,0.19,0.16,5,0,13.46,70,88,91,55,20,3.52,51,0.11,0.13,8.77,90,0.27,0.33,61,32,1.00,1.19,2.09,1.75,92,56,0.33,88,64,27,72,0,77,81,0,0.00,99,58,0.00,2.17,14.56,12.19,390,171,83,89,6.38,5.34,43.85,33,1.23,27,0,16.36,0,0.00,99,9,0.28,0.34,59,94,22,63,0,0,0,0,0,78,85,77,87,0,99,23,20,87,12,36,96,21,0,0
Lucas Kal Schenfeld Prigioli,29,826963200,1996/03/16,Serie A,2024,Defender,Atlético GO,1156,559,597,Brazil,17,8,9,0,0,0,1,0,1,0,0,2,0,2,18,9,9,1,0,0.08,0.08,0,0,0,0,1.4,64,68,1156,1156,0.08,518,197,159,36,0,6.37,0.06,62,46.01,33.27,73,499,27.60,414,55,38.18,71,0.00,0.00,0.07,1,0.00,0.47,1.20,0.87,13,0.00,0.13,0.00,0.00,0.00,0.87,0.13,0.00,0.00,0.37,0.20,0.33,0.00,0.07,0.02,0.00,0.73,0.00,0.00,0,0,,4,0.27,23,1,0.09,20,3,0.28,31,3,4,13,36,0.00,99,0,13,1.20,78,7,40,0.65,45,0,0.00,99,0,0.00,0,0,0.00,0,0.09,10,5,0.46,26,2,0.18,40.00,0,0.00,0,0,0,0.00,0,0,0.00,19,0.00,0,N/A,N/A,N/A,N/A,0.00,0,0.00,0,0.25,0.00,0,82.97,25.00,24,70,0.33,0.46,5,23,28,0,0,0,0.13,0.18,2,47,95.58,1.27,1.75,19,0,0.00,0.00,99,0.00,0,0,0,0.00,0.00,0,0.00,0.00,0.00,0.00,0,0,0.00,42,43,32,40,19,1.58,62,0.11,0.15,0.25,19,0.02,0.02,24,5,0.33,0.46,1.01,0.73,38,11,0.02,19,6,64,67,0,41,48,0,0.00,99,11,0.00,1.01,5.62,4.07,61,31,10,10,2.86,2.07,50.82,2,0.18,79,0,14.29,0,0.00,99,1,0.07,0.09,42,45,50,63,0,0,0,0,0,39,40,59,54,0,99,8,97,12,1,6,15,15,0,0
Lucas Leandro Wingert,26,925801200,1999/05/04,Serie A,2024,Goalkeeper,Juventude,0,0,0,Brazil,0,0,0,0,0,0,0,0,0,0,0,0,0,0,0,0,0,0,0,0,0,0,0,0,0,0,0,0,0,0,0,-1,-1,-1,-1,N/A,N/A,N/A,N/A,N/A,N/A,N/A,N/A,N/A,N/A,N/A,N/A,N/A,N/A,N/A,N/A,N/A,N/A,N/A,N/A,N/A,N/A,N/A,N/A,N/A,N/A,N/A,N/A,N/A,N/A,N/A,N/A,N/A,N/A,N/A,N/A,N/A,N/A,N/A,N/A,N/A,N/A,N/A,N/A,N/A,N/A,N/A,N/A,N/A,N/A,N/A,N/A,N/A,N/A,N/A,N/A,N/A,N/A,N/A,N/A,N/A,N/A,N/A,N/A,N/A,N/A,N/A,N/A,N/A,N/A,N/A,N/A,N/A,N/A,N/A,N/A,N/A,N/A,N/A,N/A,N/A,N/A,N/A,N/A,N/A,N/A,N/A,N/A,N/A,N/A,N/A,N/A,N/A,N/A,N/A,N/A,N/A,N/A,N/A,N/A,N/A,N/A,N/A,N/A,N/A,N/A,N/A,N/A,N/A,N/A,N/A,N/A,N/A,N/A,N/A,N/A,N/A,N/A,N/A,N/A,N/A,N/A,N/A,N/A,N/A,N/A,N/A,N/A,N/A,N/A,N/A,N/A,N/A,N/A,N/A,N/A,N/A,N/A,N/A,N/A,N/A,N/A,N/A,N/A,N/A,N/A,N/A,N/A,N/A,N/A,N/A,N/A,N/A,N/A,N/A,N/A,N/A,N/A,N/A,N/A,N/A,N/A,N/A,N/A,N/A,N/A,N/A,N/A,N/A,N/A,N/A,N/A,N/A,N/A,N/A,N/A,N/A,N/A,N/A,N/A,N/A,N/A,N/A,N/A,N/A,N/A,N/A,N/A,N/A,N/A,N/A,N/A,N/A,N/A,N/A,N/A,N/A,N/A,N/A,N/A,N/A,N/A,N/A,N/A,N/A,N/A,N/A,N/A,N/A,N/A,N/A,N/A,N/A,N/A,N/A,N/A,N/A,N/A,N/A,N/A,N/A,N/A,N/A,N/A
Lucas Moura,33,713689200,1992/08/13,Serie A,2024,Forward,São Paulo,2256,1187,1069,Brazil,28,15,13,10,6,4,6,6,0,2,0,8,5,3,29,14,15,5,0,0.64,0.24,0.4,0.45,0.34,226,1.16,78,81,451,376,0.2,29,37,-1,2,0,7.36,0.21,94,39.78,34.26,57,925,28.07,758,47,32.59,57,0.00,0.00,1.37,37,0.00,1.59,1.08,0.93,25,0.00,1.59,0.00,0.00,0.00,0.63,1.56,0.00,3.11,1.20,0.33,2.85,0.00,0.70,0.30,0.00,1.15,0.00,0.00,0,0,,28,1.04,66,19,0.82,81,9,0.39,46,5,2,26,30,0.00,99,0,17,0.73,50,43,67,1.85,62,0,0.00,99,0,0.00,0,0,0.00,0,1.59,85,77,3.31,87,42,1.81,54.55,0,0.00,0,0,0,0.00,0,0,0.00,43,0.00,0,N/A,N/A,N/A,N/A,0.00,0,0.00,0,8.01,0.00,0,81.95,67.86,95,57,0.52,0.60,14,90,64,2,0,0,0.04,0.04,1,25,198.64,0.85,0.99,23,0,0.00,0.00,99,0.00,0,2,0,0.00,0.00,0,0.00,0.00,0.00,0.00,0,0,32.14,97,82,74,46,44,6.46,93,0.24,0.28,6.61,85,0.24,0.28,95,62,2.30,2.67,1.16,1.00,48,27,0.34,89,97,44,67,0,41,60,0,0.00,99,31,0.00,1.33,13.07,11.26,304,160,90,81,6.88,5.93,52.63,43,1.85,11,0,25.58,0,0.00,99,11,0.41,0.47,66,83,31,87,0,1,0,4,0,97,94,91,92,0,99,61,70,39,5,18,63,7,0,0
Lucas Pacheco Affini,35,636278400,1990/03/01,Serie A,2024,Midfielder,Fortaleza,1215,649,566,Brazil,21,11,10,0,0,0,0,0,0,0,0,6,6,0,13,3,10,2,0,0,0,0,0,0,0,0.96,93,58,608,0,0.15,441,472,-1,19,0,6.99,0,45,31.81,21.06,35,358,17.94,305,68,27.10,40,0.00,0.00,0.65,11,0.00,0.06,4.62,3.06,52,0.00,0.29,0.00,0.00,0.00,1.24,0.35,0.00,0.00,0.36,0.06,0.47,0.00,0.18,0.02,0.00,0.35,0.00,0.00,0,0,,4,0.24,22,3,0.27,46,1,0.09,11,7,9,12,99,0.00,99,0,21,1.87,98,1,99,0.09,18,0,0.00,99,0,0.00,0,0,0.00,0,0.98,59,8,0.71,34,6,0.53,75.00,0,0.00,0,0,0,0.00,0,0,0.00,66,0.00,0,N/A,N/A,N/A,N/A,0.00,0,0.00,0,0.41,0.00,0,85.20,75.00,98,2,1.24,1.87,21,48,90,0,0,0,0.47,0.71,8,88,118.84,1.29,1.95,22,0,0.00,0.00,99,0.00,0,0,0,0.00,0.00,0,0.00,0.00,0.00,0.00,0,0,0.00,42,46,46,40,66,1.22,39,0.07,0.11,0.41,30,0.02,0.04,75,18,1.06,1.60,3.02,2.00,99,34,0.04,29,67,69,67,0,41,24,0,0.00,99,6,0.00,0.53,13.33,8.82,150,81,92,82,7.20,4.76,54.00,5,0.44,66,0,100.00,0,0.00,99,1,0.06,0.09,42,41,78,97,0,0,0,0,0,26,40,59,54,0,99,61,80,29,2,10,29,88,0,0
Lucas Piton Crivellaro,25,971074800,2000/10/09,Serie A,2024,Defender,Vasco da Gama,2709,1336,1373,Brazil,32,16,16,1,1,0,5,3,2,0,0,6,4,2,46,21,25,6,0,0.2,0.17,0.03,0.07,0,2709,1.53,59,85,452,542,0.2,304,101,173,21,0,6.96,0.16,83,39.48,37.06,55,1149,31.16,966,62,33.20,58,0.00,0.00,1.39,43,0.00,5.58,2.13,2.00,62,0.00,0.61,0.00,0.00,0.00,1.29,0.77,0.00,0.00,0.24,0.19,1.29,0.00,0.03,0.02,0.00,0.90,0.00,0.00,0,0,,7,0.23,15,1,0.03,15,6,0.21,23,5,1,31,76,0.00,99,0,40,1.37,85,173,79,5.95,96,0,0.00,99,0,0.00,0,0,0.00,0,1.48,82,40,1.37,59,24,0.82,60.00,0,0.00,0,0,0,0.00,0,0,0.00,11,0.00,0,N/A,N/A,N/A,N/A,0.00,0,0.00,0,0.49,0.00,0,84.07,14.29,16,33,0.87,0.93,27,67,76,0,0,0,0.19,0.21,6,53,215.74,2.16,2.30,67,0,0.00,0.00,99,0.00,0,0,0,0.00,0.00,0,0.00,0.00,0.00,0.00,0,0,0.00,42,93,88,99,11,6.49,84,0.21,0.22,0.49,19,0.02,0.02,14,9,0.29,0.31,1.10,1.03,43,32,0.02,19,62,74,67,0,41,46,0,0.00,99,28,0.00,0.96,8.42,7.90,245,123,34,34,4.23,3.97,50.20,19,0.65,58,0,30.06,0,0.00,99,52,1.68,1.79,97,92,22,87,0,0,0,0,0,63,41,59,57,0,99,27,70,39,6,19,66,6,0,0
Lucas Silva Borges,32,729849600,1993/02/16,Serie A,2024,Midfielder,Cruzeiro,1987,900,1087,Brazil,31,14,17,2,2,0,1,0,1,0,0,9,4,5,25,6,19,5,0,0.14,0.05,0.09,0.2,0,994,1.13,79,64,397,1987,0.23,217,250,-1,6,0,6.76,0.03,52,48.37,33.82,80,947,30.04,841,90,42.96,82,0.00,0.00,0.79,22,0.00,0.57,0.82,0.57,16,0.00,0.57,0.00,0.00,0.00,0.18,0.54,0.00,14.00,0.72,0.32,0.86,0.00,0.18,0.06,0.00,0.57,0.00,0.00,0,0,,14,0.50,48,5,0.26,45,9,0.46,54,4,6,25,20,0.00,99,0,5,0.26,22,16,37,0.82,48,0,0.00,99,0,0.00,0,0,0.00,0,1.12,65,24,1.23,53,15,0.77,62.50,0,0.00,0,0,0,0.00,0,0,0.00,48,0.00,0,N/A,N/A,N/A,N/A,0.00,0,0.00,0,1.80,0.00,0,88.81,35.71,40,61,0.39,0.56,11,65,79,0,0,0,0.07,0.10,2,36,189.30,0.75,1.07,21,1,0.00,0.05,12,0.04,0,0,0,0.00,0.00,0,0.00,0.00,0.05,0.04,1,0,7.14,51,72,83,81,46,3.56,73,0.13,0.18,1.80,49,0.06,0.09,43,17,0.61,0.87,1.17,0.82,48,23,0.09,49,28,46,67,0,48,40,0,0.00,99,16,0.00,0.82,7.25,5.07,142,63,13,23,3.22,2.25,44.37,16,0.82,48,0,12.50,0,0.00,99,2,0.07,0.10,44,80,63,77,0,0,0,0,0,52,60,59,76,0,99,61,63,48,5,16,54,16,0,0
Lucas Villalba,31,777279600,1994/08/19,Serie A,2024,Defender,Cruzeiro,1336,753,583,Argentina,23,14,9,0,0,0,0,0,0,0,0,9,6,3,11,5,6,2,0,0,0,0,0,0,0,0.74,121,58,668,0,0.13,466,421,23,33,0,6.49,0,45,59.54,41.25,93,825,36.50,730,88,52.69,93,0.00,0.00,0.20,4,0.00,0.55,0.87,0.60,12,0.00,0.10,0.00,0.00,0.00,0.85,0.10,0.00,0.00,0.22,0.05,0.15,0.00,0.10,0.01,0.00,1.65,0.00,0.00,0,0,,3,0.15,14,2,0.14,28,1,0.07,10,1,9,14,22,0.00,99,0,17,1.23,79,11,33,0.79,48,0,0.00,99,0,0.00,0,0,0.00,0,0.29,23,3,0.22,16,2,0.14,66.67,0,0.00,0,0,0,0.00,0,0,0.00,88,0.00,0,N/A,N/A,N/A,N/A,0.00,0,0.00,0,0.27,0.00,0,88.48,66.67,95,88,0.15,0.22,3,20,83,0,0,0,0.35,0.51,7,80,129.90,2.60,3.75,52,0,0.00,0.00,99,0.00,0,0,0,0.00,0.00,0,0.00,0.00,0.07,0.05,1,0,0.00,42,51,55,40,88,1.79,51,0.09,0.13,0.27,19,0.01,0.02,22,6,0.30,0.43,1.15,0.80,46,16,0.02,19,10,85,67,0,54,85,0,0.00,99,33,0.00,2.38,7.15,4.95,99,53,24,21,3.83,2.65,53.54,2,0.14,82,0,9.09,0,0.00,99,1,0.05,0.07,38,48,78,30,0,0,0,0,0,26,40,59,54,0,99,86,84,23,2,9,26,25,0,0
Lucas Willians Assis Arcanjo,27,902559600,1998/08/08,Serie A,2024,Goalkeeper,Vitória,3330,1620,1710,Brazil,37,18,19,1,1,0,0,0,0,0,0,8,3,5,47,22,25,4,0,0.03,0,0.03,0.06,0,3330,1.27,71,90,833,0,0.11,297,511,143,13,0,6.94,0,45,26.20,26.20,23,917,17.49,612,5,17.49,18,0.00,0.00,0.03,1,0.00,0.00,0.09,0.09,3,0.00,0.00,0.00,0.00,3.11,0.00,0.00,4.54,0.00,0.00,0.00,0.00,0.00,0.00,0.00,0.00,0.37,0.00,0.00,0,0,,0,0.00,8,0,0.00,15,0,0.00,9,0,0,37,7,0.00,99,0,0,0.00,9,0,30,0.00,14,0,0.00,99,0,0.00,0,0,0.00,0,0.03,8,0,0.00,7,0,0.00,0.00,0,0.00,0,109,26,3.11,29,159,0.00,29,4.54,47,N/A,N/A,N/A,N/A,68.55,0,0.00,0,0.00,0.00,0,66.74,0.00,15,92,0.11,0.11,4,10,10,0,0,61,0.00,0.00,0,23,242.83,0.77,0.77,27,0,0.00,0.00,99,0.00,0,0,0,0.00,0.00,18,0.51,0.51,0.00,0.00,0,0,0.00,42,99,99,99,30,1.50,6,0.04,0.04,0.00,9,0.00,0.00,7,6,0.17,0.17,0.00,0.00,5,0,0.00,9,59,33,67,67,41,17,0,0.00,99,13,0.00,0.37,0.66,0.66,23,19,6,6,0.54,0.54,82.61,0,0.00,99,0,0.00,0,0.00,99,0,0.00,0.00,30,99,14,11,0,0,0,0,0,27,41,59,55,0,99,36,92,17,4,11,35,1,0,0
Lucca Holanda Sampaio Tavares,22,1049270400,2003/04/02,Serie A,2024,Forward,Internacional,296,222,74,Brazil,9,4,5,0,0,0,0,0,0,0,0,3,1,2,2,2,0,0,0,0,0,0,0,0,0,0.61,148,33,0,0,0,368,351,-1,35,0,5.73,0,45,11.37,4.50,0,36,3.12,25,7,7.89,0,0.00,0.00,0.12,1,0.00,0.25,0.63,0.25,2,0.00,0.25,0.00,0.00,0.00,0.00,0.00,0.00,0.00,0.95,0.25,0.75,0.00,0.12,0.03,0.00,0.88,0.00,0.00,0,0,,3,0.38,58,1,0.32,51,2,0.63,68,2,6,3,14,0.00,99,0,0,0.00,9,2,30,0.63,44,0,0.00,99,0,0.00,0,0,0.00,0,0.32,24,6,1.89,72,0,0.00,0.00,0,0.00,0,0,0,0.00,0,0,0.00,95,0.00,0,N/A,N/A,N/A,N/A,0.00,0,0.00,0,0.26,0.00,0,69.44,33.33,37,31,0.38,0.95,3,10,10,0,0,0,0.00,0.00,0,23,45.85,0.12,0.32,1,0,0.00,0.00,99,0.00,0,0,0,0.00,0.00,0,0.00,0.00,0.32,0.12,1,0,0.00,42,0,6,40,94,0.11,3,0.01,0.03,0.26,44,0.03,0.08,89,7,0.88,2.21,2.21,0.88,93,7,0.08,43,0,8,67,0,85,82,0,0.00,99,7,0.00,2.21,14.21,5.62,45,16,57,87,5.05,2.00,35.56,2,0.63,59,0,0.00,0,0.00,99,0,0.00,0.00,30,2,63,46,0,0,0,0,0,26,40,59,54,0,99,76,7,7,0,0,7,45,0,0
Lucca Pelosi Drummond,21,1073894400,2004/01/12,Serie A,2024,Midfielder,Internacional,145,59,86,Brazil,4,2,2,0,0,0,1,0,1,0,0,1,1,0,0,0,0,0,0,0.62,0.62,0,0,0,0,0,0,36,0,145,0,-1,-1,-1,24,0,8.69,0.25,99,23.64,8.67,19,26,6.33,19,13,17.27,17,0.00,0.00,0.33,1,0.00,0.00,0.91,0.33,1,0.00,0.67,0.00,0.00,0.00,0.00,0.00,0.00,0.00,0.00,0.00,0.00,0.00,0.00,0.00,0.00,0.33,0.00,0.00,0,0,,0,0.00,8,0,0.00,15,0,0.00,9,4,2,2,23,0.00,99,0,0,0.00,9,0,30,0.00,14,0,0.00,99,0,0.00,0,0,0.00,0,0.91,56,0,0.00,7,0,0.00,0.00,0,0.00,0,0,0,0.00,0,0,0.00,99,0.00,0,N/A,N/A,N/A,N/A,0.00,0,0.00,0,0.00,0.00,0,73.08,0.00,15,99,0.00,0.00,0,10,10,0,0,0,0.00,0.00,0,23,26.08,0.00,0.00,0,0,0.00,0.00,99,0.00,0,0,0,0.00,0.00,0,0.00,0.00,0.00,0.00,0,0,0.00,42,0,0,40,0,0.63,99,0.21,0.57,0.00,9,0.00,0.00,2,0,0.00,0.00,3.64,1.33,99,4,0.00,9,99,1,67,0,41,44,0,0.00,99,1,0.00,0.91,12.73,4.67,14,2,8,78,1.82,0.67,14.29,2,1.82,12,0,0.00,0,0.00,99,0,0.00,0.00,30,1,31,77,0,0,0,0,0,96,40,59,54,0,99,47,7,7,0,0,7,48,0,0
Luciano Batista da Silva Junior,26,935910000,1999/08/29,Serie A,2024,Defender,Bahia,3115,1598,1517,Brazil,37,19,18,3,1,2,1,1,0,0,0,10,9,1,41,11,30,2,0,0.12,0.03,0.09,0.06,0.12,1038,1.18,76,84,1558,3115,0.06,211,279,120,7,0,7.09,0.03,46,54.35,51.97,89,1767,44.88,1526,77,46.94,88,0.00,0.00,1.35,46,0.00,3.38,1.38,1.32,45,0.00,0.24,0.00,0.00,0.00,1.38,0.26,0.00,6.50,0.40,0.24,0.53,0.00,0.15,0.07,0.00,0.82,0.00,0.00,0,0,,13,0.38,24,5,0.15,29,8,0.25,28,1,2,35,42,0.00,99,0,47,1.45,88,115,66,3.54,80,0,0.00,99,0,0.00,0,0,0.00,0,1.41,79,18,0.55,30,9,0.28,50.00,0,0.00,0,0,0,0.00,0,0,0.00,40,0.00,0,N/A,N/A,N/A,N/A,0.00,0,0.00,0,2.21,0.00,0,86.36,38.46,46,42,0.76,0.80,26,30,57,0,0,0,0.21,0.22,7,54,241.10,2.09,2.18,71,0,0.00,0.00,99,0.00,0,0,0,0.00,0.00,0,0.00,0.00,0.06,0.06,2,0,15.38,75,98,99,83,40,4.92,62,0.14,0.15,2.21,42,0.07,0.07,20,13,0.38,0.40,0.22,0.21,7,7,0.07,41,81,72,67,0,51,42,0,0.00,99,28,0.00,0.86,5.26,5.03,171,94,10,9,2.89,2.76,54.97,8,0.25,75,0,25.22,0,0.00,99,29,0.85,0.89,83,98,31,30,0,0,0,0,0,46,60,70,55,0,99,55,98,10,2,5,13,46,0,0
Luciano da Rocha Neves,32,737708400,1993/05/18,Serie A,2024,Forward,São Paulo,2319,1224,1095,Brazil,31,16,15,11,7,4,2,2,0,1,1,9,5,4,26,13,13,14,1,0.5,0.08,0.43,0.51,0.33,211,1.01,89,75,166,1160,0.54,23,213,-1,1,0,7.14,0.06,62,33.83,27.27,40,818,23.57,707,77,29.24,46,0.00,0.00,0.70,21,0.00,0.30,0.99,0.80,24,0.00,0.87,0.00,0.00,0.00,0.20,0.37,0.00,5.00,2.07,0.87,0.90,0.00,0.80,0.34,0.00,0.57,0.00,0.00,0,0,,50,1.67,92,24,0.99,90,26,1.08,90,5,4,27,27,0.00,99,0,6,0.25,21,9,58,0.37,33,0,0.00,99,0,0.00,0,0,0.00,0,0.87,53,27,1.12,48,11,0.45,40.74,0,0.00,0,0,0,0.00,0,0,0.00,61,0.00,0,N/A,N/A,N/A,N/A,0.00,0,0.00,0,10.20,0.00,0,86.43,48.00,62,63,0.43,0.54,13,43,29,1,0,0,0.10,0.12,3,39,214.22,0.30,0.37,9,0,0.00,0.00,99,0.00,0,1,3,0.10,0.12,0,0.00,0.00,0.21,0.17,5,1,20.00,87,84,83,45,61,3.33,57,0.11,0.14,9.50,94,0.32,0.39,82,44,1.47,1.82,1.24,1.00,54,30,0.42,94,86,11,93,0,79,34,0,0.00,99,17,0.00,0.70,8.31,6.70,201,96,27,33,3.97,3.20,47.76,26,1.08,35,0,22.22,0,0.00,99,2,0.07,0.08,39,85,50,87,0,1,0,3,0,92,96,90,95,0,99,61,17,91,12,39,98,10,0,0
Luciano Giménez Alanda,25,950860800,2000/02/18,Serie A,2024,Forward,Cuiabá,64,49,15,Argentina,6,3,3,0,0,0,0,0,0,0,0,0,0,0,2,2,0,1,1,0,0,0,0,0,0,2.81,32,11,32,0,2.81,-1,-1,-1,22,0,5.40,0,45,14.06,1.67,1,10,1.50,9,94,12.66,6,0.00,0.00,0.00,0,0.00,0.00,1.41,0.17,1,0.00,0.33,0.00,0.00,0.00,0.00,0.17,0.00,0.00,2.81,0.33,0.17,0.00,0.00,0.02,0.00,0.50,0.00,0.00,0,0,,2,0.33,99,0,0.00,15,2,2.81,99,0,6,0,43,0.00,99,0,0,0.00,9,0,30,0.00,14,0,0.00,99,0,0.00,0,0,0.00,0,0.00,8,1,1.41,59,1,1.41,100.00,0,0.00,0,0,0,0.00,0,0,0.00,0,0.00,0,N/A,N/A,N/A,N/A,0.00,0,0.00,0,0.10,0.00,0,90.00,0.00,15,10,0.17,1.41,1,84,99,0,0,0,0.00,0.00,0,23,32.38,0.00,0.00,0,0,0.00,0.00,99,0.00,0,0,0,0.00,0.00,0,0.00,0.00,1.41,0.17,1,0,0.00,42,0,3,40,0,0.02,3,0.00,0.03,0.10,61,0.02,0.14,2,0,0.00,0.00,4.22,0.50,99,3,0.14,59,0,1,67,0,99,99,0,0.00,99,3,0.00,4.22,21.09,2.50,15,5,91,99,7.03,0.83,33.33,2,2.81,1,0,0.00,0,0.00,99,0,0.00,0.00,30,0,63,11,0,0,0,0,0,26,40,59,54,0,99,2,7,99,0,0,7,19,0,0
Luciano Rodríguez,22,1058338800,2003/07/16,Serie A,2024,Forward,Bahia,892,477,415,Uruguay,19,10,9,6,3,3,1,0,1,1,0,6,5,1,13,5,8,2,0,0.71,0.1,0.61,0.57,0.65,149,1.31,69,47,446,892,0.2,3,175,-1,3,0,6.78,0.05,66,16.55,8.63,4,164,6.11,116,9,11.70,4,0.00,0.00,0.53,10,0.00,0.58,0.91,0.47,9,0.00,0.95,0.00,0.00,0.00,0.16,0.68,0.00,5.00,3.03,0.68,1.95,0.00,0.89,0.33,0.00,0.37,0.00,0.00,0,0,,30,1.58,99,17,1.72,99,13,1.31,97,3,11,8,23,0.00,99,0,3,0.30,24,11,33,1.11,53,0,0.00,99,0,0.00,0,0,0.00,0,1.01,60,37,3.73,89,13,1.31,35.14,0,0.00,0,0,0,0.00,0,0,0.00,25,0.00,0,N/A,N/A,N/A,N/A,0.00,0,0.00,0,6.31,0.00,0,70.73,56.67,83,55,0.32,0.61,6,82,21,1,0,0,0.05,0.10,1,36,128.88,0.16,0.30,3,0,0.00,0.00,99,0.00,0,1,0,0.00,0.00,0,0.00,0.00,0.30,0.16,3,1,20.00,87,29,40,41,26,1.23,45,0.06,0.12,5.61,99,0.30,0.57,97,30,1.58,3.03,0.50,0.26,13,5,0.64,99,31,8,67,0,85,35,0,0.00,99,7,0.00,0.71,13.92,7.26,138,59,76,85,5.95,3.11,42.75,18,1.82,12,0,9.09,0,0.00,99,1,0.05,0.10,44,24,85,63,0,0,0,0,0,98,99,99,97,0,99,72,69,39,2,11,35,17,0,0
Luighi Hanri Sousa Santos,19,1146380400,2006/04/30,Serie A,2024,Midfielder,Palmeiras,1,1,0,Brazil,1,1,0,1,0,1,0,0,0,0,0,1,1,0,0,0,0,0,0,90,0,90,0,0,1,0,0,1,0,0,0,-1,-1,-1,16,0,7.61,0,45,38.57,6.00,54,6,3.00,3,0,19.29,21,0.00,0.00,0.00,0,0.00,0.00,0.00,0.00,0,0.00,0.00,0.00,0.00,0.00,0.00,0.00,0.00,1.00,6.43,0.00,0.00,0.00,1.00,0.70,0.00,1.00,0.00,0.00,0,0,,1,1.00,99,1,6.43,99,0,0.00,9,0,1,0,4,0.00,99,0,0,0.00,9,0,30,0.00,14,0,0.00,99,0,0.00,0,0,0.00,0,0.00,8,0,0.00,7,0,0.00,0.00,0,0.00,0,0,0,0.00,0,0,0.00,99,0.00,0,N/A,N/A,N/A,N/A,0.00,0,0.00,0,0.70,0.00,0,50.00,100.00,99,99,0.00,0.00,0,10,10,0,0,0,0.00,0.00,0,23,7.61,0.00,0.00,0,0,0.00,0.00,99,0.00,0,0,0,0.00,0.00,0,0.00,0.00,0.00,0.00,0,0,100.00,99,0,0,40,0,0.01,13,0.01,0.06,0.70,99,0.70,4.50,99,1,1.00,6.43,6.43,1.00,99,1,4.50,99,99,1,67,0,41,99,0,0.00,99,1,0.00,6.43,32.14,5.00,5,2,99,99,12.86,2.00,40.00,0,0.00,99,0,0.00,0,0.00,99,0,0.00,0.00,30,0,22,11,0,0,0,0,0,99,99,59,54,0,99,99,7,7,0,0,7,57,0,0
Luis Antonio da Rocha Junior,28,868172400,1997/07/06,Serie A,2024,Defender,Bragantino,1892,999,893,Brazil,24,12,12,2,1,1,0,0,0,0,0,5,3,2,23,7,16,4,0,0.1,0,0.1,0.09,0.1,946,1.09,82,79,473,0,0.19,203,307,99,6,0,7.04,0,45,43.51,36.26,68,834,28.35,652,28,34.02,60,0.00,0.00,0.61,14,0.00,1.74,2.92,2.43,56,0.00,0.61,0.00,0.00,0.00,1.39,0.48,0.00,6.50,0.68,0.35,1.13,0.00,0.22,0.10,0.00,1.96,0.00,0.00,0,0,,13,0.57,46,5,0.26,45,8,0.42,50,3,1,23,93,0.00,99,0,32,1.67,94,40,34,2.09,65,0,0.00,99,0,0.00,0,0,0.00,0,0.73,45,26,1.36,58,11,0.57,42.31,0,0.00,0,0,0,0.00,0,0,0.00,53,0.00,0,N/A,N/A,N/A,N/A,0.00,0,0.00,0,2.24,0.00,0,78.18,38.46,46,20,0.96,1.15,22,49,33,0,0,0,0.30,0.37,7,71,161.94,2.70,3.23,62,1,0.00,0.05,12,0.04,0,0,1,0.04,0.05,0,0.00,0.00,0.00,0.00,0,0,15.38,75,70,58,80,53,1.94,33,0.08,0.10,2.24,58,0.10,0.12,71,28,1.22,1.46,1.98,1.65,89,38,0.12,56,75,83,74,0,41,84,0,0.00,99,45,0.00,2.35,13.98,11.65,268,140,93,86,7.30,6.09,52.24,14,0.73,54,0,10.00,0,0.00,99,4,0.17,0.21,53,75,22,63,0,0,0,0,0,43,61,67,59,0,99,32,72,37,4,17,60,29,0,0
Luis Eduardo Soares da Silva,22,1045382400,2003/02/16,Serie A,2024,Defender,Botafogo,1636,735,901,Brazil,25,13,12,4,1,3,3,1,2,0,0,10,7,3,16,4,12,6,0,0.39,0.17,0.22,0.12,0.3,409,0.88,102,65,273,545,0.33,100,93,46,5,0,6.82,0.12,83,31.90,22.83,35,548,17.67,424,24,24.68,32,0.00,0.00,0.42,10,0.00,4.58,2.74,1.96,47,0.00,0.58,0.00,0.00,0.00,1.04,0.33,0.00,7.33,1.28,0.42,0.79,0.00,0.50,0.16,0.00,1.17,0.00,0.00,0,0,,22,0.92,70,12,0.70,77,10,0.58,64,5,7,18,89,0.00,99,0,25,1.46,88,110,49,6.40,97,0,0.00,99,0,0.00,0,0,0.00,0,0.58,37,19,1.11,48,8,0.47,42.11,0,0.00,0,0,0,0.00,0,0,0.00,77,0.00,0,N/A,N/A,N/A,N/A,0.00,0,0.00,0,3.82,0.00,0,77.37,54.55,81,47,0.50,0.70,12,44,33,0,0,0,0.21,0.29,5,63,163.70,1.75,2.45,42,1,0.00,0.06,9,0.04,0,0,1,0.04,0.06,0,0.00,0.00,0.00,0.00,0,0,13.64,70,63,62,60,76,3.01,73,0.13,0.18,3.82,77,0.16,0.22,76,28,1.17,1.63,1.69,1.21,78,29,0.22,75,39,76,78,0,41,68,0,0.00,99,28,0.00,1.63,11.58,8.29,199,111,84,71,6.46,4.62,55.78,14,0.82,48,0,19.09,0,0.00,99,21,0.88,1.22,90,62,68,87,0,0,0,0,0,84,82,88,65,0,99,87,39,70,5,20,70,54,0,0
Luis Felipe Oyama,28,854611200,1997/01/30,Serie A,2024,Midfielder,Juventude,677,190,487,Brazil,17,7,10,2,2,0,1,0,1,0,0,1,1,0,13,2,11,2,0,0.4,0.13,0.27,0.95,0,339,1.73,52,40,339,677,0.27,66,129,-1,11,0,6.88,0.06,76,40.81,18.06,60,307,15.29,260,65,34.56,62,0.00,0.00,0.24,4,0.00,0.24,2.13,0.94,16,0.00,0.24,0.00,0.00,0.00,0.88,0.18,0.00,3.00,0.80,0.12,0.53,0.00,0.24,0.10,0.00,0.24,0.00,0.00,0,0,,6,0.35,54,4,0.53,67,2,0.27,30,2,11,6,76,0.00,99,0,15,1.99,99,4,30,0.53,40,0,0.00,99,0,0.00,0,0,0.00,0,0.53,34,9,1.20,51,3,0.40,33.33,0,0.00,0,0,0,0.00,0,0,0.00,5,0.00,0,N/A,N/A,N/A,N/A,0.00,0,0.00,0,1.77,0.00,0,84.69,66.67,95,12,0.59,1.33,10,40,20,0,0,0,0.00,0.00,0,23,116.88,0.53,1.20,9,0,0.00,0.00,99,0.00,0,0,0,0.00,0.00,0,0.00,0.00,0.00,0.00,0,0,33.33,99,19,32,54,5,1.32,73,0.08,0.18,1.77,80,0.10,0.24,54,8,0.47,1.06,1.06,0.47,40,8,0.24,78,49,50,67,0,41,24,0,0.00,99,4,0.00,0.53,9.31,4.12,70,31,31,47,4.12,1.82,44.29,4,0.53,64,0,0.00,0,0.00,99,0,0.00,0.00,30,14,85,46,0,0,0,0,0,85,88,59,99,0,99,3,53,57,2,12,41,5,0,0
Luis Geovanny Segovia Vega,28,877849200,1997/10/26,Serie A,2024,Midfielder,Botafogo,0,0,0,Ecuador,0,0,0,0,0,0,0,0,0,0,0,0,0,0,0,0,0,0,0,0,0,0,0,0,0,0,0,0,0,0,0,-1,-1,-1,-1,N/A,N/A,N/A,N/A,N/A,N/A,N/A,N/A,N/A,N/A,N/A,N/A,N/A,N/A,N/A,N/A,N/A,N/A,N/A,N/A,N/A,N/A,N/A,N/A,N/A,N/A,N/A,N/A,N/A,N/A,N/A,N/A,N/A,N/A,N/A,N/A,N/A,N/A,N/A,N/A,N/A,N/A,N/A,N/A,N/A,N/A,N/A,N/A,N/A,N/A,N/A,N/A,N/A,N/A,N/A,N/A,N/A,N/A,N/A,N/A,N/A,N/A,N/A,N/A,N/A,N/A,N/A,N/A,N/A,N/A,N/A,N/A,N/A,N/A,N/A,N/A,N/A,N/A,N/A,N/A,N/A,N/A,N/A,N/A,N/A,N/A,N/A,N/A,N/A,N/A,N/A,N/A,N/A,N/A,N/A,N/A,N/A,N/A,N/A,N/A,N/A,N/A,N/A,N/A,N/A,N/A,N/A,N/A,N/A,N/A,N/A,N/A,N/A,N/A,N/A,N/A,N/A,N/A,N/A,N/A,N/A,N/A,N/A,N/A,N/A,N/A,N/A,N/A,N/A,N/A,N/A,N/A,N/A,N/A,N/A,N/A,N/A,N/A,N/A,N/A,N/A,N/A,N/A,N/A,N/A,N/A,N/A,N/A,N/A,N/A,N/A,N/A,N/A,N/A,N/A,N/A,N/A,N/A,N/A,N/A,N/A,N/A,N/A,N/A,N/A,N/A,N/A,N/A,N/A,N/A,N/A,N/A,N/A,N/A,N/A,N/A,N/A,N/A,N/A,N/A,N/A,N/A,N/A,N/A,N/A,N/A,N/A,N/A,N/A,N/A,N/A,N/A,N/A,N/A,N/A,N/A,N/A,N/A,N/A,N/A,N/A,N/A,N/A,N/A,N/A,N/A,N/A,N/A,N/A,N/A,N/A,N/A,N/A,N/A,N/A,N/A,N/A,N/A,N/A,N/A,N/A,N/A,N/A,N/A
Luis Guilherme de Oliveira Aucélio,19,1147935600,2006/05/18,Serie A,2024,Midfielder,Flamengo,0,0,0,Brazil,0,0,0,0,0,0,0,0,0,0,0,0,0,0,0,0,0,0,0,0,0,0,0,0,0,0,0,0,0,0,0,-1,-1,-1,-1,N/A,N/A,N/A,N/A,N/A,N/A,N/A,N/A,N/A,N/A,N/A,N/A,N/A,N/A,N/A,N/A,N/A,N/A,N/A,N/A,N/A,N/A,N/A,N/A,N/A,N/A,N/A,N/A,N/A,N/A,N/A,N/A,N/A,N/A,N/A,N/A,N/A,N/A,N/A,N/A,N/A,N/A,N/A,N/A,N/A,N/A,N/A,N/A,N/A,N/A,N/A,N/A,N/A,N/A,N/A,N/A,N/A,N/A,N/A,N/A,N/A,N/A,N/A,N/A,N/A,N/A,N/A,N/A,N/A,N/A,N/A,N/A,N/A,N/A,N/A,N/A,N/A,N/A,N/A,N/A,N/A,N/A,N/A,N/A,N/A,N/A,N/A,N/A,N/A,N/A,N/A,N/A,N/A,N/A,N/A,N/A,N/A,N/A,N/A,N/A,N/A,N/A,N/A,N/A,N/A,N/A,N/A,N/A,N/A,N/A,N/A,N/A,N/A,N/A,N/A,N/A,N/A,N/A,N/A,N/A,N/A,N/A,N/A,N/A,N/A,N/A,N/A,N/A,N/A,N/A,N/A,N/A,N/A,N/A,N/A,N/A,N/A,N/A,N/A,N/A,N/A,N/A,N/A,N/A,N/A,N/A,N/A,N/A,N/A,N/A,N/A,N/A,N/A,N/A,N/A,N/A,N/A,N/A,N/A,N/A,N/A,N/A,N/A,N/A,N/A,N/A,N/A,N/A,N/A,N/A,N/A,N/A,N/A,N/A,N/A,N/A,N/A,N/A,N/A,N/A,N/A,N/A,N/A,N/A,N/A,N/A,N/A,N/A,N/A,N/A,N/A,N/A,N/A,N/A,N/A,N/A,N/A,N/A,N/A,N/A,N/A,N/A,N/A,N/A,N/A,N/A,N/A,N/A,N/A,N/A,N/A,N/A,N/A,N/A,N/A,N/A,N/A,N/A,N/A,N/A,N/A,N/A,N/A,N/A
Luis Guilherme Lira dos Santos,19,1139472000,2006/02/09,Serie A,2024,Midfielder,Palmeiras,181,26,155,Brazil,5,1,4,0,0,0,1,0,1,0,0,3,0,3,1,0,1,0,0,0.5,0.5,0,0,0,0,0.5,181,36,0,181,0,-1,-1,-1,20,0,7.26,0.2,99,36.80,14.80,49,74,12.40,62,59,30.83,51,0.00,0.00,2.40,12,0.00,2.80,0.99,0.40,2,0.00,0.20,0.00,0.00,0.00,0.00,1.60,0.00,0.00,1.49,0.60,2.00,0.00,0.00,0.03,0.00,0.60,0.00,0.00,0,0,,3,0.60,77,0,0.00,15,3,1.49,98,2,4,1,27,0.00,99,0,0,0.00,9,14,97,6.96,98,0,0.00,99,0,0.00,0,0,0.00,0,5.97,99,10,4.97,96,8,3.98,80.00,0,0.00,0,0,0,0.00,0,0,0.00,98,0.00,0,N/A,N/A,N/A,N/A,0.00,0,0.00,0,0.15,0.00,0,83.78,0.00,15,99,0.00,0.00,0,99,91,0,0,0,0.00,0.00,0,23,36.32,0.00,0.00,0,0,0.00,0.00,99,0.00,0,0,0,0.00,0.00,0,0.00,0.00,0.00,0.00,0,0,0.00,42,0,1,40,98,1.18,99,0.24,0.59,0.15,42,0.03,0.07,71,3,0.60,1.49,0.00,0.00,5,0,0.07,41,93,1,67,0,41,64,0,0.00,99,3,0.00,1.49,11.44,4.60,23,16,98,69,7.96,3.20,69.57,1,0.50,65,0,57.14,0,0.00,99,8,1.60,3.98,99,1,50,46,0,0,0,0,0,92,40,59,54,0,99,99,7,7,0,0,7,31,0,0
Luis Gustavo de Almeida Pinto,32,731750400,1993/03/10,Serie A,2024,Goalkeeper,Criciúma,2998,1593,1405,Brazil,34,18,16,0,0,0,0,0,0,0,0,6,4,2,49,21,28,4,1,0,0,0,0,0,0,1.47,61,88,750,0,0.12,367,321,170,17,0,7.03,0,45,23.39,22.87,18,709,15.00,465,4,15.34,13,0.00,0.00,0.00,0,0.00,0.00,0.00,0.00,0,0.00,0.00,0.00,0.00,3.52,0.00,0.00,5.16,0.00,0.03,0.00,0.00,0.00,0.03,0.00,0.00,0.29,0.00,0.00,0,0,,1,0.03,8,1,0.03,15,0,0.00,9,1,0,34,4,0.00,99,0,0,0.00,9,0,30,0.00,14,0,0.00,99,0,0.00,0,0,0.00,0,0.00,8,0,0.00,7,0,0.00,0.00,0,0.00,0,109,21,3.60,65,160,0.00,14,5.28,82,N/A,N/A,N/A,N/A,68.12,0,0.00,0,0.14,0.00,0,65.59,100.00,99,99,0.00,0.00,0,10,10,0,0,57,0.00,0.00,0,23,218.02,0.58,0.59,18,0,0.00,0.00,99,0.00,2,0,0,0.00,0.00,12,0.39,0.40,0.00,0.00,0,0,0.00,42,97,94,40,14,0.82,3,0.03,0.03,0.14,9,0.00,0.00,5,4,0.13,0.13,0.03,0.03,6,1,0.00,9,73,23,67,48,41,13,0,0.00,99,9,0.00,0.30,0.49,0.48,15,13,4,4,0.43,0.42,86.67,0,0.00,99,0,0.00,0,0.00,99,0,0.00,0.00,30,97,14,30,0,0,0,0,0,26,40,59,54,0,99,23,89,20,3,9,26,1,0,0
Luis Gustavo Roncholeta Benedetti,19,1149663600,2006/06/07,Serie A,2024,Midfielder,Palmeiras,0,0,0,Brazil,0,0,0,0,0,0,0,0,0,0,0,0,0,0,0,0,0,0,0,0,0,0,0,0,0,0,0,0,0,0,0,-1,-1,-1,-1,N/A,N/A,N/A,N/A,N/A,N/A,N/A,N/A,N/A,N/A,N/A,N/A,N/A,N/A,N/A,N/A,N/A,N/A,N/A,N/A,N/A,N/A,N/A,N/A,N/A,N/A,N/A,N/A,N/A,N/A,N/A,N/A,N/A,N/A,N/A,N/A,N/A,N/A,N/A,N/A,N/A,N/A,N/A,N/A,N/A,N/A,N/A,N/A,N/A,N/A,N/A,N/A,N/A,N/A,N/A,N/A,N/A,N/A,N/A,N/A,N/A,N/A,N/A,N/A,N/A,N/A,N/A,N/A,N/A,N/A,N/A,N/A,N/A,N/A,N/A,N/A,N/A,N/A,N/A,N/A,N/A,N/A,N/A,N/A,N/A,N/A,N/A,N/A,N/A,N/A,N/A,N/A,N/A,N/A,N/A,N/A,N/A,N/A,N/A,N/A,N/A,N/A,N/A,N/A,N/A,N/A,N/A,N/A,N/A,N/A,N/A,N/A,N/A,N/A,N/A,N/A,N/A,N/A,N/A,N/A,N/A,N/A,N/A,N/A,N/A,N/A,N/A,N/A,N/A,N/A,N/A,N/A,N/A,N/A,N/A,N/A,N/A,N/A,N/A,N/A,N/A,N/A,N/A,N/A,N/A,N/A,N/A,N/A,N/A,N/A,N/A,N/A,N/A,N/A,N/A,N/A,N/A,N/A,N/A,N/A,N/A,N/A,N/A,N/A,N/A,N/A,N/A,N/A,N/A,N/A,N/A,N/A,N/A,N/A,N/A,N/A,N/A,N/A,N/A,N/A,N/A,N/A,N/A,N/A,N/A,N/A,N/A,N/A,N/A,N/A,N/A,N/A,N/A,N/A,N/A,N/A,N/A,N/A,N/A,N/A,N/A,N/A,N/A,N/A,N/A,N/A,N/A,N/A,N/A,N/A,N/A,N/A,N/A,N/A,N/A,N/A,N/A,N/A,N/A,N/A,N/A,N/A,N/A,N/A
Luis Henrique Fonseca Soares,20,1121583600,2005/07/17,Serie A,2024,Midfielder,Cuiabá,0,0,0,Brazil,0,0,0,0,0,0,0,0,0,0,0,0,0,0,0,0,0,0,0,0,0,0,0,0,0,0,0,0,0,0,0,-1,-1,-1,-1,N/A,N/A,N/A,N/A,N/A,N/A,N/A,N/A,N/A,N/A,N/A,N/A,N/A,N/A,N/A,N/A,N/A,N/A,N/A,N/A,N/A,N/A,N/A,N/A,N/A,N/A,N/A,N/A,N/A,N/A,N/A,N/A,N/A,N/A,N/A,N/A,N/A,N/A,N/A,N/A,N/A,N/A,N/A,N/A,N/A,N/A,N/A,N/A,N/A,N/A,N/A,N/A,N/A,N/A,N/A,N/A,N/A,N/A,N/A,N/A,N/A,N/A,N/A,N/A,N/A,N/A,N/A,N/A,N/A,N/A,N/A,N/A,N/A,N/A,N/A,N/A,N/A,N/A,N/A,N/A,N/A,N/A,N/A,N/A,N/A,N/A,N/A,N/A,N/A,N/A,N/A,N/A,N/A,N/A,N/A,N/A,N/A,N/A,N/A,N/A,N/A,N/A,N/A,N/A,N/A,N/A,N/A,N/A,N/A,N/A,N/A,N/A,N/A,N/A,N/A,N/A,N/A,N/A,N/A,N/A,N/A,N/A,N/A,N/A,N/A,N/A,N/A,N/A,N/A,N/A,N/A,N/A,N/A,N/A,N/A,N/A,N/A,N/A,N/A,N/A,N/A,N/A,N/A,N/A,N/A,N/A,N/A,N/A,N/A,N/A,N/A,N/A,N/A,N/A,N/A,N/A,N/A,N/A,N/A,N/A,N/A,N/A,N/A,N/A,N/A,N/A,N/A,N/A,N/A,N/A,N/A,N/A,N/A,N/A,N/A,N/A,N/A,N/A,N/A,N/A,N/A,N/A,N/A,N/A,N/A,N/A,N/A,N/A,N/A,N/A,N/A,N/A,N/A,N/A,N/A,N/A,N/A,N/A,N/A,N/A,N/A,N/A,N/A,N/A,N/A,N/A,N/A,N/A,N/A,N/A,N/A,N/A,N/A,N/A,N/A,N/A,N/A,N/A,N/A,N/A,N/A,N/A,N/A,N/A
Luis Miguel Borges de Paula,20,1107504000,2005/02/04,Serie A,2024,Midfielder,Vitória,14,0,14,Brazil,1,0,1,0,0,0,0,0,0,0,0,0,0,0,0,0,0,0,0,0,0,0,0,0,0,0,0,14,0,0,0,-1,-1,-1,20,0,6.42,0,45,32.14,5.00,36,5,4.00,4,37,25.71,35,0.00,0.00,1.00,1,0.00,0.00,0.00,0.00,0,0.00,1.00,0.00,0.00,0.00,0.00,0.00,0.00,0.00,0.00,0.00,0.00,0.00,0.00,0.00,0.00,0.00,0.00,0.00,0,0,,0,0.00,8,0,0.00,15,0,0.00,9,0,1,0,4,0.00,99,0,0,0.00,9,0,30,0.00,14,0,0.00,99,0,0.00,0,0,0.00,0,6.43,99,0,0.00,7,0,0.00,0.00,0,0.00,0,0,0,0.00,0,0,0.00,99,0.00,0,N/A,N/A,N/A,N/A,0.00,0,0.00,0,0.00,0.00,0,80.00,0.00,15,99,0.00,0.00,0,10,10,0,0,0,0.00,0.00,0,23,6.42,0.00,0.00,0,0,0.00,0.00,99,0.00,0,0,0,0.00,0.00,0,0.00,0.00,0.00,0.00,0,0,0.00,42,0,0,40,0,0.05,97,0.05,0.32,0.00,9,0.00,0.00,2,0,0.00,0.00,0.00,0.00,5,0,0.00,9,7,1,67,0,41,2,0,0.00,99,0,0.00,0.00,6.43,1.00,1,0,0,14,0.00,0.00,0.00,1,6.43,0,0,0.00,0,0.00,99,0,0.00,0.00,30,0,22,11,0,0,0,0,0,26,40,59,54,0,99,2,7,7,0,0,7,19,0,0
Luis Otávio Costa de Aquino,18,1176361200,2007/04/12,Serie A,2024,Midfielder,Internacional,51,17,34,Brazil,6,4,2,0,0,0,0,0,0,0,0,4,3,1,0,0,0,0,0,0,0,0,0,0,0,0,0,9,0,0,0,-1,-1,-1,23,0,5.32,0,45,77.40,7.17,99,43,6.00,36,59,64.80,99,0.00,0.00,0.00,0,0.00,0.00,3.60,0.33,2,0.00,0.00,0.00,0.00,0.00,0.00,0.00,0.00,0.00,0.00,0.00,0.00,0.00,0.00,0.00,0.00,0.00,0.00,0.00,0,0,,0,0.00,8,0,0.00,15,0,0.00,9,0,6,0,98,0.00,99,0,0,0.00,9,0,30,0.00,14,0,0.00,99,0,0.00,0,0,0.00,0,0.00,8,0,0.00,7,0,0.00,0.00,0,0.00,0,0,0,0.00,0,0,0.00,99,0.00,0,N/A,N/A,N/A,N/A,0.00,0,0.00,0,0.00,0.00,0,83.72,0.00,15,0,0.33,3.60,2,10,10,0,0,0,0.00,0.00,0,23,31.90,0.33,3.60,2,0,0.00,0.00,99,0.00,0,0,0,0.00,0.00,0,0.00,0.00,0.00,0.00,0,0,0.00,42,0,3,40,0,0.09,66,0.01,0.16,0.00,9,0.00,0.00,81,1,0.17,1.80,1.80,0.17,84,1,0.00,9,0,84,67,0,41,2,0,0.00,99,0,0.00,0.00,14.40,1.33,8,3,65,88,5.40,0.50,37.50,0,0.00,99,0,0.00,0,0.00,99,0,0.00,0.00,30,0,63,11,0,0,0,0,0,26,40,59,54,0,99,99,7,7,0,0,7,39,0,0
Luiz Adriano,38,545209200,1987/04/12,Serie A,2024,Forward,Vitória,199,80,119,Brazil,8,4,4,0,0,0,1,0,1,0,0,1,0,1,3,2,1,1,0,0.45,0.45,0,0,0,0,1.36,66,25,199,199,0.45,-1,-1,-1,29,0,6.37,0.12,99,21.26,5.88,13,47,4.12,33,8,14.92,12,0.00,0.00,0.25,2,0.00,0.00,0.00,0.00,0,0.00,0.38,0.00,0.00,0.00,0.00,0.00,0.00,0.00,0.00,0.00,0.25,0.00,0.00,0.00,0.00,1.25,0.00,0.00,0,0,,0,0.00,8,0,0.00,15,0,0.00,9,2,7,1,4,0.00,99,0,0,0.00,9,0,30,0.00,14,0,0.00,99,0,0.00,0,0,0.00,0,0.90,55,2,0.90,41,0,0.00,0.00,0,0.00,0,0,0,0.00,0,0,0.00,21,0.00,0,N/A,N/A,N/A,N/A,0.00,0,0.00,0,0.00,0.00,0,70.21,0.00,15,99,0.00,0.00,0,10,10,0,0,0,0.12,0.45,1,77,50.92,0.00,0.00,0,0,0.00,0.00,99,0.00,0,0,0,0.00,0.00,0,0.00,0.00,0.90,0.25,2,0,0.00,42,0,5,40,21,0.76,97,0.10,0.34,0.00,9,0.00,0.00,90,5,0.62,2.26,1.81,0.50,85,4,0.00,9,6,1,67,0,99,99,0,0.00,99,10,0.00,4.52,15.83,4.38,35,15,88,95,6.78,1.88,42.86,3,1.36,23,0,0.00,0,0.00,99,0,0.00,0.00,30,1,68,46,0,0,0,0,0,90,40,59,54,0,99,10,23,85,1,12,41,12,0,0
Luiz Araújo,29,833698800,1996/06/02,Serie A,2024,Forward,Flamengo,1565,848,717,Brazil,25,14,11,4,3,1,5,2,3,0,0,5,2,3,17,10,7,3,0,0.52,0.29,0.23,0.32,0.13,391,0.98,92,63,522,313,0.17,96,20,-1,6,0,6.98,0.2,96,29.15,19.04,30,457,15.50,372,43,23.73,30,0.00,0.00,1.25,30,0.00,2.67,1.98,1.29,31,0.00,0.79,0.00,0.00,0.00,0.58,1.29,0.00,6.75,1.72,0.54,2.21,0.00,0.58,0.20,0.00,0.21,0.00,0.00,0,0,,27,1.12,83,14,0.89,84,13,0.83,80,2,10,15,69,0.00,99,0,14,0.89,60,64,66,4.08,86,0,0.00,99,0,0.00,0,0,0.00,0,1.91,91,53,3.38,87,31,1.98,58.49,0,0.00,0,0,0,0.00,0,0,0.00,64,0.00,0,N/A,N/A,N/A,N/A,0.00,0,0.00,0,4.92,0.00,0,81.40,51.85,75,52,0.42,0.64,10,92,73,0,0,0,0.12,0.19,3,49,167.52,0.42,0.64,10,0,0.00,0.00,99,0.00,0,0,1,0.04,0.06,0,0.00,0.00,0.13,0.08,2,0,14.81,72,60,62,58,64,4.83,97,0.20,0.31,4.92,88,0.20,0.31,73,24,1.00,1.53,1.34,0.88,60,21,0.31,85,65,26,78,0,69,15,0,0.00,99,5,0.00,0.32,11.16,7.29,175,91,74,67,5.80,3.79,52.00,19,1.21,29,0,25.00,0,0.00,99,16,0.67,1.02,85,51,82,46,0,1,0,4,0,94,83,72,86,0,99,29,76,33,3,12,41,7,0,0
Luiz Felipe da Rosa Machado,29,822124800,1996/01/20,Serie A,2024,Midfielder,Vitória,986,461,525,Brazil,24,12,12,0,0,0,0,0,0,0,0,11,7,4,12,3,9,4,0,0,0,0,0,0,0,1.1,82,41,247,0,0.37,465,423,-1,40,0,6.56,0,45,38.44,18.50,54,407,15.36,338,55,31.92,53,0.00,0.00,0.55,12,0.00,2.23,1.89,0.91,20,0.00,0.45,0.00,0.00,0.00,0.64,0.55,0.00,0.00,0.85,0.23,0.73,0.00,0.18,0.03,0.00,0.32,0.00,0.00,0,0,,9,0.41,55,4,0.38,56,5,0.47,55,2,13,11,65,0.00,99,0,14,1.32,83,49,89,4.63,89,0,0.00,99,0,0.00,0,0,0.00,0,1.13,66,16,1.51,63,12,1.13,75.00,0,0.00,0,0,0,0.00,0,0,0.00,52,0.00,0,N/A,N/A,N/A,N/A,0.00,0,0.00,0,0.65,0.00,0,83.05,44.44,58,26,0.50,1.04,11,79,90,0,0,0,0.09,0.19,2,49,144.25,0.55,1.13,12,0,0.00,0.00,99,0.00,0,0,1,0.05,0.09,0,0.00,0.00,0.09,0.05,1,0,0.00,42,34,58,40,53,1.29,45,0.06,0.12,0.65,39,0.03,0.06,48,10,0.45,0.94,1.23,0.59,53,13,0.06,38,11,47,88,0,61,33,0,0.00,99,7,0.00,0.66,8.88,4.27,94,48,43,40,4.53,2.18,51.06,10,0.94,42,0,36.73,0,0.00,99,18,0.82,1.70,96,37,91,46,0,0,0,0,0,26,40,59,54,0,99,95,33,77,4,17,60,23,0,0
Luiz Felipe Do Nascimento dos Santos,32,747558000,1993/09/09,Serie A,2024,Defender,Atlético GO,1086,619,467,Brazil,16,8,8,1,1,0,0,0,0,0,0,4,3,1,16,6,10,6,1,0.08,0,0.08,0.15,0,1086,1.33,68,68,155,0,0.58,229,457,152,14,0,6.73,0,45,36.89,29.13,50,437,24.13,362,54,30.56,50,0.00,0.00,0.00,0,0.00,0.07,1.60,1.27,19,0.00,0.00,0.00,0.00,0.00,1.00,0.00,0.00,6.00,0.51,0.27,0.07,0.00,0.13,0.07,0.00,1.80,0.00,0.00,0,0,,6,0.40,33,2,0.17,32,4,0.34,39,3,6,10,53,0.00,99,0,15,1.27,81,1,30,0.08,17,0,0.00,99,0,0.00,0,0,0.00,0,0.00,8,1,0.08,11,0,0.00,0.00,0,0.00,0,0,0,0.00,0,0,0.00,23,0.00,0,N/A,N/A,N/A,N/A,0.00,0,0.00,0,1.04,0.00,0,82.84,33.33,37,58,0.47,0.59,7,10,10,0,0,0,0.73,0.93,11,95,100.91,3.73,4.73,56,1,0.00,0.08,6,0.07,0,0,0,0.00,0.00,0,0.00,0.00,0.00,0.00,0,1,16.67,80,40,27,85,24,0.66,13,0.04,0.06,1.04,49,0.07,0.09,15,4,0.27,0.34,1.77,1.40,83,21,0.09,49,23,93,67,0,41,83,0,0.00,99,27,0.00,2.28,7.60,6.00,90,49,32,26,4.14,3.27,54.44,0,0.00,99,0,0.00,0,0.00,99,0,0.00,0.00,30,32,63,63,0,0,0,0,0,39,56,59,70,0,99,47,15,93,5,31,92,13,0,0
Luiz Fernando dos Santos de Nardi,18,1184310000,2007/07/13,Serie A,2024,Midfielder,Corinthians,0,0,0,Brazil,0,0,0,0,0,0,0,0,0,0,0,0,0,0,0,0,0,0,0,0,0,0,0,0,0,0,0,0,0,0,0,-1,-1,-1,-1,N/A,N/A,N/A,N/A,N/A,N/A,N/A,N/A,N/A,N/A,N/A,N/A,N/A,N/A,N/A,N/A,N/A,N/A,N/A,N/A,N/A,N/A,N/A,N/A,N/A,N/A,N/A,N/A,N/A,N/A,N/A,N/A,N/A,N/A,N/A,N/A,N/A,N/A,N/A,N/A,N/A,N/A,N/A,N/A,N/A,N/A,N/A,N/A,N/A,N/A,N/A,N/A,N/A,N/A,N/A,N/A,N/A,N/A,N/A,N/A,N/A,N/A,N/A,N/A,N/A,N/A,N/A,N/A,N/A,N/A,N/A,N/A,N/A,N/A,N/A,N/A,N/A,N/A,N/A,N/A,N/A,N/A,N/A,N/A,N/A,N/A,N/A,N/A,N/A,N/A,N/A,N/A,N/A,N/A,N/A,N/A,N/A,N/A,N/A,N/A,N/A,N/A,N/A,N/A,N/A,N/A,N/A,N/A,N/A,N/A,N/A,N/A,N/A,N/A,N/A,N/A,N/A,N/A,N/A,N/A,N/A,N/A,N/A,N/A,N/A,N/A,N/A,N/A,N/A,N/A,N/A,N/A,N/A,N/A,N/A,N/A,N/A,N/A,N/A,N/A,N/A,N/A,N/A,N/A,N/A,N/A,N/A,N/A,N/A,N/A,N/A,N/A,N/A,N/A,N/A,N/A,N/A,N/A,N/A,N/A,N/A,N/A,N/A,N/A,N/A,N/A,N/A,N/A,N/A,N/A,N/A,N/A,N/A,N/A,N/A,N/A,N/A,N/A,N/A,N/A,N/A,N/A,N/A,N/A,N/A,N/A,N/A,N/A,N/A,N/A,N/A,N/A,N/A,N/A,N/A,N/A,N/A,N/A,N/A,N/A,N/A,N/A,N/A,N/A,N/A,N/A,N/A,N/A,N/A,N/A,N/A,N/A,N/A,N/A,N/A,N/A,N/A,N/A,N/A,N/A,N/A,N/A,N/A,N/A
Luiz Fernando Moraes dos Santos,29,845449200,1996/10/16,Serie A,2024,Midfielder,Atlético GO,2600,1416,1184,Brazil,31,16,15,8,3,5,0,0,0,0,0,4,3,1,40,19,21,10,1,0.28,0,0.28,0.19,0.38,325,1.38,65,84,260,0,0.35,63,453,-1,1,0,7.09,0,45,25.49,23.73,21,712,18.13,544,20,19.47,22,0.00,0.00,0.90,27,0.00,0.90,0.97,0.90,27,0.00,1.03,0.00,0.00,0.00,0.53,0.80,0.00,6.71,1.68,0.83,2.07,0.00,0.73,0.28,0.00,0.80,0.00,0.00,0,0,,47,1.57,82,22,0.79,80,25,0.89,82,5,1,30,26,0.00,99,0,16,0.57,39,27,58,0.97,51,0,0.00,99,0,0.00,0,0,0.00,0,0.97,58,62,2.22,76,24,0.86,38.71,0,0.00,0,0,0,0.00,0,0,0.00,20,0.00,0,N/A,N/A,N/A,N/A,0.00,0,0.00,0,8.32,0.00,0,76.40,46.81,61,59,0.53,0.57,16,69,25,0,0,0,0.17,0.18,5,47,212.60,0.80,0.86,24,0,0.00,0.00,99,0.00,0,0,0,0.00,0.00,0,0.00,0.00,0.39,0.37,11,0,14.89,73,91,83,52,20,2.41,27,0.08,0.09,8.32,87,0.28,0.30,80,49,1.63,1.75,0.93,0.87,31,26,0.30,85,81,39,67,0,89,42,0,0.00,99,24,0.00,0.86,10.17,9.47,284,122,37,57,4.37,4.07,42.96,31,1.11,33,0,22.22,0,0.00,99,6,0.20,0.21,53,90,22,87,0,1,0,3,0,72,89,93,74,0,99,10,36,73,9,29,89,11,0,0
Luiz Gustavo da Silva Alves,22,1054278000,2003/05/30,Serie A,2024,Midfielder,Atlético GO,76,46,30,Brazil,2,1,1,0,0,0,0,0,0,0,0,0,0,0,0,0,0,0,0,0,0,0,0,0,0,0,0,38,0,0,0,-1,-1,-1,26,0,6.62,0,45,50.92,21.50,84,43,16.00,32,14,37.89,71,0.00,0.00,0.00,0,0.00,0.50,1.18,0.50,1,0.00,0.50,0.00,0.00,0.00,0.50,0.00,0.00,0.00,0.00,0.00,0.50,0.00,0.00,0.00,0.00,1.50,0.00,0.00,0,0,,0,0.00,8,0,0.00,15,0,0.00,9,3,1,1,34,0.00,99,0,1,1.18,76,1,30,1.18,54,0,0.00,99,0,0.00,0,0,0.00,0,0.00,8,1,1.18,51,0,0.00,0.00,0,0.00,0,0,0,0.00,0,0,0.00,99,0.00,0,N/A,N/A,N/A,N/A,0.00,0,0.00,0,0.00,0.00,0,74.42,0.00,15,18,0.50,1.18,1,10,10,0,0,0,0.00,0.00,0,23,13.25,1.00,2.37,2,0,0.00,0.00,99,0.00,0,0,0,0.00,0.00,0,0.00,0.00,0.00,0.00,0,0,0.00,42,0,0,40,0,0.06,17,0.03,0.07,0.00,9,0.00,0.00,60,1,0.50,1.18,3.55,1.50,99,3,0.00,9,14,74,67,0,41,98,0,0.00,99,3,0.00,3.55,14.21,6.00,12,5,76,87,5.92,2.50,41.67,1,1.18,30,0,0.00,0,0.00,99,0,0.00,0.00,30,1,22,63,0,0,0,0,0,26,40,59,54,0,99,2,7,7,0,0,7,3,0,0
Luiz Gustavo da Silva Machado Duarte,24,1002006000,2001/10/02,Serie A,2024,Forward,Juventude,1088,389,699,Brazil,30,15,15,4,2,2,2,0,2,0,0,4,4,0,24,8,16,5,0,0.5,0.17,0.33,0.46,0.26,272,1.99,45,36,218,544,0.41,44,102,-1,3,0,6.76,0.07,83,25.79,10.62,22,308,8.00,232,15,19.42,22,0.00,0.00,0.66,19,0.00,0.34,1.67,0.69,20,0.00,0.79,0.00,0.00,0.00,0.14,0.41,0.00,7.00,2.34,0.48,1.21,0.00,0.48,0.17,0.00,0.83,0.00,0.00,0,0,,28,0.97,95,14,1.17,94,14,1.17,94,3,20,10,57,0.00,99,0,4,0.33,25,10,78,0.84,49,0,0.00,99,0,0.00,0,0,0.00,0,1.59,85,35,2.93,83,12,1.00,34.29,0,0.00,0,0,0,0.00,0,0,0.00,2,0.00,0,N/A,N/A,N/A,N/A,0.00,0,0.00,0,4.90,0.00,0,75.32,50.00,74,50,0.28,0.67,8,74,21,0,0,0,0.14,0.33,4,67,196.10,0.38,0.92,11,1,0.00,0.08,6,0.03,0,0,1,0.03,0.08,0,0.00,0.00,0.00,0.00,0,0,14.29,72,40,80,49,2,2.37,80,0.08,0.20,4.90,95,0.17,0.41,78,20,0.69,1.67,1.67,0.69,78,20,0.41,93,28,41,84,0,41,77,0,0.00,99,24,0.00,2.01,14.15,5.83,169,74,80,87,6.20,2.55,43.79,23,1.93,9,0,30.00,0,0.00,99,3,0.10,0.25,55,32,99,63,0,0,0,0,0,92,91,86,93,0,99,10,26,81,5,17,60,44,0,0
Luiz Gustavo Dias,38,554022000,1987/07/23,Serie A,2024,Midfielder,São Paulo,2143,970,1173,Brazil,28,13,15,2,0,2,1,0,1,0,0,8,4,4,26,10,16,2,0,0.13,0.04,0.08,0,0.15,1072,1.09,82,77,1072,2143,0.08,232,258,-1,7,0,7.06,0.04,50,65.54,53.30,99,1439,48.85,1319,98,60.08,99,0.00,0.00,0.52,14,0.00,0.37,1.55,1.26,34,0.00,0.44,0.00,0.00,0.00,0.96,0.33,0.00,11.50,1.05,0.41,0.70,0.00,0.44,0.13,0.00,0.33,0.00,0.00,0,0,,23,0.85,61,12,0.55,68,11,0.50,58,5,4,24,50,0.00,99,0,26,1.18,76,10,52,0.46,36,0,0.00,99,0,0.00,0,0,0.00,0,0.64,39,19,0.87,40,9,0.41,47.37,0,0.00,0,0,0,0.00,0,0,0.00,53,0.00,0,N/A,N/A,N/A,N/A,0.00,0,0.00,0,3.47,0.00,0,91.66,52.17,75,52,0.52,0.64,14,40,46,0,0,0,0.30,0.36,8,71,190.69,0.56,0.68,15,0,0.00,0.00,99,0.00,0,0,2,0.07,0.09,0,0.00,0.00,0.00,0.00,0,0,8.70,54,78,74,84,53,3.41,66,0.13,0.16,3.47,66,0.13,0.16,60,26,0.96,1.18,1.32,1.07,60,29,0.16,64,77,28,88,0,41,19,0,0.00,99,9,0.00,0.41,7.01,5.70,154,78,19,20,3.55,2.89,50.65,12,0.55,62,0,20.00,0,0.00,99,2,0.07,0.09,42,76,50,87,0,0,0,0,0,50,56,75,54,0,99,61,95,12,2,7,17,16,0,0
Luiz Gustavo Marinho Ribeiro dos Santos,19,1144825200,2006/04/12,Serie A,2024,Midfielder,Vasco da Gama,0,0,0,Brazil,0,0,0,0,0,0,0,0,0,0,0,0,0,0,0,0,0,0,0,0,0,0,0,0,0,0,0,0,0,0,0,-1,-1,-1,-1,N/A,N/A,N/A,N/A,N/A,N/A,N/A,N/A,N/A,N/A,N/A,N/A,N/A,N/A,N/A,N/A,N/A,N/A,N/A,N/A,N/A,N/A,N/A,N/A,N/A,N/A,N/A,N/A,N/A,N/A,N/A,N/A,N/A,N/A,N/A,N/A,N/A,N/A,N/A,N/A,N/A,N/A,N/A,N/A,N/A,N/A,N/A,N/A,N/A,N/A,N/A,N/A,N/A,N/A,N/A,N/A,N/A,N/A,N/A,N/A,N/A,N/A,N/A,N/A,N/A,N/A,N/A,N/A,N/A,N/A,N/A,N/A,N/A,N/A,N/A,N/A,N/A,N/A,N/A,N/A,N/A,N/A,N/A,N/A,N/A,N/A,N/A,N/A,N/A,N/A,N/A,N/A,N/A,N/A,N/A,N/A,N/A,N/A,N/A,N/A,N/A,N/A,N/A,N/A,N/A,N/A,N/A,N/A,N/A,N/A,N/A,N/A,N/A,N/A,N/A,N/A,N/A,N/A,N/A,N/A,N/A,N/A,N/A,N/A,N/A,N/A,N/A,N/A,N/A,N/A,N/A,N/A,N/A,N/A,N/A,N/A,N/A,N/A,N/A,N/A,N/A,N/A,N/A,N/A,N/A,N/A,N/A,N/A,N/A,N/A,N/A,N/A,N/A,N/A,N/A,N/A,N/A,N/A,N/A,N/A,N/A,N/A,N/A,N/A,N/A,N/A,N/A,N/A,N/A,N/A,N/A,N/A,N/A,N/A,N/A,N/A,N/A,N/A,N/A,N/A,N/A,N/A,N/A,N/A,N/A,N/A,N/A,N/A,N/A,N/A,N/A,N/A,N/A,N/A,N/A,N/A,N/A,N/A,N/A,N/A,N/A,N/A,N/A,N/A,N/A,N/A,N/A,N/A,N/A,N/A,N/A,N/A,N/A,N/A,N/A,N/A,N/A,N/A,N/A,N/A,N/A,N/A,N/A,N/A
Luiz Gustavo Marinho Ribeiro dos Santos,19,1144825200,2006/04/12,Serie A,2024,Midfielder,Vasco da Gama,0,0,0,Brazil,0,0,0,0,0,0,0,0,0,0,0,0,0,0,0,0,0,0,0,0,0,0,0,0,0,0,0,0,0,0,0,-1,-1,-1,-1,N/A,N/A,N/A,N/A,N/A,N/A,N/A,N/A,N/A,N/A,N/A,N/A,N/A,N/A,N/A,N/A,N/A,N/A,N/A,N/A,N/A,N/A,N/A,N/A,N/A,N/A,N/A,N/A,N/A,N/A,N/A,N/A,N/A,N/A,N/A,N/A,N/A,N/A,N/A,N/A,N/A,N/A,N/A,N/A,N/A,N/A,N/A,N/A,N/A,N/A,N/A,N/A,N/A,N/A,N/A,N/A,N/A,N/A,N/A,N/A,N/A,N/A,N/A,N/A,N/A,N/A,N/A,N/A,N/A,N/A,N/A,N/A,N/A,N/A,N/A,N/A,N/A,N/A,N/A,N/A,N/A,N/A,N/A,N/A,N/A,N/A,N/A,N/A,N/A,N/A,N/A,N/A,N/A,N/A,N/A,N/A,N/A,N/A,N/A,N/A,N/A,N/A,N/A,N/A,N/A,N/A,N/A,N/A,N/A,N/A,N/A,N/A,N/A,N/A,N/A,N/A,N/A,N/A,N/A,N/A,N/A,N/A,N/A,N/A,N/A,N/A,N/A,N/A,N/A,N/A,N/A,N/A,N/A,N/A,N/A,N/A,N/A,N/A,N/A,N/A,N/A,N/A,N/A,N/A,N/A,N/A,N/A,N/A,N/A,N/A,N/A,N/A,N/A,N/A,N/A,N/A,N/A,N/A,N/A,N/A,N/A,N/A,N/A,N/A,N/A,N/A,N/A,N/A,N/A,N/A,N/A,N/A,N/A,N/A,N/A,N/A,N/A,N/A,N/A,N/A,N/A,N/A,N/A,N/A,N/A,N/A,N/A,N/A,N/A,N/A,N/A,N/A,N/A,N/A,N/A,N/A,N/A,N/A,N/A,N/A,N/A,N/A,N/A,N/A,N/A,N/A,N/A,N/A,N/A,N/A,N/A,N/A,N/A,N/A,N/A,N/A,N/A,N/A,N/A,N/A,N/A,N/A,N/A,N/A
Luiz Henrique,24,978422400,2001/01/02,Serie A,2024,Forward,Botafogo,2561,1335,1226,Brazil,35,17,18,7,4,3,3,2,1,1,0,18,9,9,15,6,9,5,1,0.35,0.11,0.25,0.27,0.22,366,0.53,171,73,427,854,0.21,82,154,-1,2,0,7.55,0.09,70,26.93,23.85,24,477,19.55,391,48,22.08,27,0.00,0.00,1.15,23,0.00,1.95,1.81,1.60,32,0.00,1.85,0.00,0.00,0.00,0.40,3.90,0.00,7.60,2.15,0.95,6.20,0.00,0.95,0.31,0.00,0.65,0.00,0.00,0,0,,38,1.90,93,19,1.07,92,19,1.07,90,1,2,33,63,0.00,99,0,8,0.45,30,39,37,2.20,66,0,0.00,99,0,0.00,0,0,0.00,0,1.30,74,124,7.00,99,78,4.40,62.90,0,0.00,0,0,0,0.00,0,0,0.00,97,0.00,0,N/A,N/A,N/A,N/A,0.00,0,0.00,0,6.15,0.00,0,81.97,50.00,74,49,0.60,0.68,12,99,79,1,0,0,0.05,0.06,1,27,150.97,0.75,0.85,15,0,0.00,0.00,99,0.00,0,1,1,0.05,0.06,0,0.00,0.00,0.28,0.25,5,3,13.16,69,91,97,56,97,2.49,57,0.12,0.14,5.45,88,0.27,0.31,95,47,2.35,2.65,1.36,1.20,62,24,0.35,91,99,39,78,0,84,35,0,0.00,99,13,0.00,0.73,17.28,15.30,306,170,99,99,9.60,8.50,55.56,37,2.09,7,0,12.82,0,0.00,99,5,0.25,0.28,57,95,31,30,0,0,0,0,0,79,85,83,82,0,99,97,67,42,4,11,35,7,0,0
Lyanco,28,854784000,1997/02/01,Serie A,2024,Defender,Atlético Mineiro,921,561,360,Brazil,13,9,4,0,0,0,0,0,0,0,0,5,4,1,11,6,5,8,1,0,0,0,0,0,0,1.07,84,71,115,0,0.78,349,388,97,21,0,6.88,0,45,53.94,42.46,88,552,37.15,483,83,47.20,88,0.00,0.00,0.23,3,0.00,0.85,1.47,1.15,15,0.00,0.15,0.00,0.00,0.00,1.38,0.38,0.00,0.00,0.29,0.23,0.62,0.00,0.00,0.01,0.00,1.15,0.00,0.00,0,0,,3,0.23,18,0,0.00,15,3,0.29,32,1,3,10,47,0.00,99,0,18,1.76,96,11,33,1.07,53,0,0.00,99,0,0.00,0,0,0.00,0,0.29,23,8,0.78,36,5,0.49,62.50,0,0.00,0,0,0,0.00,0,0,0.00,55,0.00,0,N/A,N/A,N/A,N/A,0.00,0,0.00,0,0.16,0.00,0,87.50,0.00,15,83,0.23,0.29,3,46,79,0,0,0,0.62,0.78,8,91,89.43,3.38,4.30,44,1,0.00,0.10,4,0.08,0,0,0,0.00,0.00,0,0.00,0.00,0.10,0.08,1,0,0.00,42,30,18,40,55,1.17,39,0.09,0.11,0.16,19,0.01,0.02,29,6,0.46,0.59,2.15,1.69,93,22,0.02,19,49,89,67,0,63,63,0,0.00,99,15,0.00,1.47,8.60,6.77,88,42,31,36,4.10,3.23,47.73,2,0.20,78,0,9.09,0,0.00,99,1,0.08,0.10,44,32,41,30,0,0,0,0,0,26,40,59,54,0,99,85,10,98,7,54,99,2,0,0
Lyncon Correa Gonçalves,20,1115449200,2005/05/07,Serie A,2024,Midfielder,Vasco da Gama,44,0,44,Brazil,1,0,1,1,0,1,0,0,0,0,0,0,0,0,1,0,1,0,0,2.05,0,2.05,0,2.05,44,2.05,44,44,0,0,0,-1,-1,-1,10,0,0.00,0,45,0.00,0.00,0,0,0.00,0,0,0.00,0,0.00,0.00,0.00,0,0.00,0.00,0.00,0.00,0,0.00,0.00,0.00,0.00,0.00,0.00,0.00,0.00,0.00,0.00,0.00,0.00,0.00,0.00,0.00,0.00,0.00,0.00,0.00,0,0,,0,0.00,8,0,0.00,15,0,0.00,9,0,1,0,4,0.00,99,0,0,0.00,9,0,30,0.00,14,0,0.00,99,0,0.00,0,0,0.00,0,0.00,8,0,0.00,7,0,0.00,0.00,0,0.00,0,0,0,0.00,0,0,0.00,1,0.00,0,N/A,N/A,N/A,N/A,0.00,0,0.00,0,0.00,0.00,0,0.00,0.00,15,99,0.00,0.00,0,10,10,0,0,0,0.00,0.00,0,23,0.00,0.00,0.00,0,0,0.00,0.00,99,0.00,0,0,0,0.00,0.00,0,0.00,0.00,0.00,0.00,0,0,0.00,42,0,0,40,1,0.00,0,0.00,0.00,0.00,9,0.00,0.00,2,0,0.00,0.00,0.00,0.00,5,0,0.00,9,0,1,67,0,41,2,0,0.00,99,0,0.00,0.00,0.00,0.00,0,0,0,0,0.00,0.00,0.00,0,0.00,99,0,0.00,0,0.00,99,0,0.00,0.00,30,0,22,11,0,0,0,0,0,99,99,99,54,0,99,2,7,7,0,0,7,33,0,0
Madson,33,695289600,1992/01/13,Serie A,2024,Defender,Atlético PR,970,462,508,Brazil,19,10,9,0,0,0,1,1,0,0,0,5,3,2,6,2,4,3,0,0.09,0.09,0,0,0,0,0.56,162,51,323,970,0.28,505,193,6,25,0,6.86,0.05,65,30.99,18.31,34,293,15.06,241,50,25.49,34,0.00,0.00,1.00,16,0.00,1.44,0.74,0.44,7,0.00,0.12,0.00,0.00,0.00,0.62,0.00,0.00,0.00,0.21,0.12,0.12,0.00,0.00,0.01,0.00,1.81,0.00,0.00,0,0,,2,0.12,14,0,0.00,15,2,0.21,23,5,10,9,18,0.00,99,0,10,1.06,70,23,80,2.43,69,0,0.00,99,0,0.00,0,0,0.00,0,1.69,87,2,0.21,16,0,0.00,0.00,0,0.00,0,0,0,0.00,0,0,0.00,97,0.00,0,N/A,N/A,N/A,N/A,0.00,0,0.00,0,0.10,0.00,0,82.25,0.00,15,64,0.31,0.53,5,10,10,0,0,0,0.31,0.53,5,80,109.72,1.44,2.43,23,0,0.00,0.00,99,0.00,0,0,0,0.00,0.00,0,0.00,0.00,0.00,0.00,0,0,0.00,42,33,40,40,97,1.69,73,0.11,0.18,0.10,13,0.01,0.01,54,10,0.62,1.06,0.74,0.44,21,7,0.01,13,46,76,67,0,41,95,0,0.00,99,29,0.00,3.07,9.10,5.38,86,45,49,44,4.76,2.81,52.33,2,0.21,77,0,30.43,0,0.00,99,7,0.44,0.74,77,28,82,87,0,0,0,0,0,42,40,59,54,0,99,51,50,59,3,16,54,22,0,0
Magno José da Silva,32,726307200,1993/01/06,Serie A,2024,Defender,Atlético GO,1566,696,870,Brazil,24,12,12,0,0,0,1,1,0,0,0,4,2,2,24,11,13,5,1,0.06,0.06,0,0,0,0,1.38,65,65,261,1566,0.34,522,238,155,30,0,6.47,0.04,54,36.96,26.48,50,609,20.52,472,25,28.64,45,0.00,0.00,0.87,20,0.00,2.61,1.70,1.22,28,0.00,0.39,0.00,0.00,0.00,0.65,0.39,0.00,0.00,0.79,0.39,0.87,0.00,0.17,0.04,0.00,1.22,0.00,0.00,0,0,,13,0.57,53,4,0.24,42,9,0.55,62,6,5,19,58,0.00,99,0,15,0.91,62,60,60,3.64,81,0,0.00,99,0,0.00,0,0,0.00,0,1.21,69,20,1.21,52,9,0.55,45.00,0,0.00,0,0,0,0.00,0,0,0.00,20,0.00,0,N/A,N/A,N/A,N/A,0.00,0,0.00,0,0.82,0.00,0,77.50,30.77,30,67,0.35,0.49,8,48,40,0,0,0,0.26,0.36,6,71,148.74,1.35,1.88,31,2,0.00,0.12,3,0.09,0,0,0,0.00,0.00,0,0.00,0.00,0.12,0.09,2,1,0.00,42,61,58,40,20,2.47,62,0.11,0.15,0.82,35,0.04,0.05,47,15,0.65,0.91,1.76,1.26,82,29,0.05,34,8,68,67,0,66,72,0,0.00,99,28,0.00,1.70,9.83,7.04,162,80,52,53,4.86,3.48,49.38,9,0.55,62,0,23.33,0,0.00,99,14,0.61,0.85,82,64,57,93,0,0,0,0,0,33,40,59,54,0,99,20,36,72,4,17,60,2,0,0
Maicon Pereira Roque,37,590223600,1988/09/14,Serie A,2024,Defender,Vasco da Gama,2350,1140,1210,Brazil,30,14,16,1,1,0,0,0,0,0,0,6,4,2,38,19,19,5,0,0.04,0,0.04,0.08,0,2350,1.46,62,78,470,0,0.19,288,463,168,15,0,7.04,0,45,46.23,40.03,74,1161,32.31,937,40,37.31,69,0.00,0.00,0.14,4,0.00,0.38,1.63,1.41,41,0.00,0.03,0.00,0.00,0.00,0.90,0.10,0.00,8.00,0.32,0.17,0.17,0.00,0.10,0.04,0.00,2.59,0.00,0.00,0,0,,8,0.28,20,3,0.12,25,5,0.20,20,3,5,25,54,0.00,99,0,26,1.04,69,11,30,0.44,36,0,0.00,99,0,0.00,0,0,0.00,0,0.16,15,5,0.20,16,3,0.12,60.00,0,0.00,0,0,0,0.00,0,0,0.00,15,0.00,0,N/A,N/A,N/A,N/A,0.00,0,0.00,0,1.22,0.00,0,80.71,37.50,45,71,0.38,0.44,11,18,76,0,0,0,1.00,1.15,29,97,204.11,5.28,6.09,153,0,0.00,0.00,99,0.00,0,0,0,0.00,0.00,0,0.00,0.00,0.04,0.03,1,0,12.50,68,85,80,97,16,2.28,27,0.08,0.09,1.22,35,0.04,0.05,14,8,0.28,0.32,0.44,0.38,11,11,0.05,34,75,99,67,0,46,94,0,0.00,99,75,0.00,2.99,7.25,6.28,182,126,56,23,5.02,4.34,69.23,1,0.04,88,0,0.00,0,0.00,99,0,0.00,0.00,30,80,57,63,0,0,0,0,0,30,45,59,58,0,99,29,71,37,5,17,60,4,0,0
Manoel,35,636019200,1990/02/26,Serie A,2024,Defender,Fluminense,1047,481,566,Brazil,14,6,8,0,0,0,0,0,0,0,0,4,2,2,13,4,9,2,0,0,0,0,0,0,0,1.12,81,75,524,0,0.17,453,475,107,24,0,6.71,0,45,46.93,39.00,76,546,34.57,484,89,41.60,79,0.00,0.00,0.07,1,0.00,0.00,1.12,0.93,13,0.00,0.00,0.00,0.00,0.00,0.43,0.21,0.00,0.00,0.26,0.14,0.21,0.00,0.07,0.01,0.00,0.71,0.00,0.00,0,0,,3,0.21,17,1,0.09,20,2,0.17,18,1,2,12,31,0.00,99,0,6,0.52,35,0,30,0.00,14,0,0.00,99,0,0.00,0,0,0.00,0,0.09,10,3,0.26,18,3,0.26,100.00,0,0.00,0,0,0,0.00,0,0,0.00,49,0.00,0,N/A,N/A,N/A,N/A,0.00,0,0.00,0,0.20,0.00,0,88.64,33.33,37,57,0.50,0.60,7,28,99,0,0,0,0.64,0.77,9,90,94.00,3.00,3.61,42,0,0.00,0.00,99,0.00,0,0,0,0.00,0.00,0,0.00,0.00,0.00,0.00,0,0,0.00,42,38,20,40,51,0.96,22,0.07,0.08,0.20,19,0.01,0.02,22,5,0.36,0.43,0.86,0.71,28,10,0.02,19,21,85,67,0,41,42,0,0.00,99,10,0.00,0.86,5.85,4.86,68,31,10,11,2.66,2.21,45.59,0,0.00,99,0,0.00,0,0.00,99,0,0.00,0.00,30,41,31,30,0,0,0,0,0,26,40,59,54,0,99,61,76,33,2,14,48,26,0,0
Marcelo,37,579423600,1988/05/12,Serie A,2024,Defender,Fluminense,1045,758,287,Brazil,17,11,6,1,1,0,1,1,0,1,0,4,4,0,10,6,4,3,0,0.17,0.09,0.09,0.12,0,1045,0.86,105,61,348,1045,0.26,222,187,39,7,0,6.88,0.06,65,52.02,35.53,86,604,29.12,495,47,42.63,82,0.00,0.00,0.82,14,0.00,3.18,2.24,1.53,26,0.00,0.59,0.00,0.00,0.00,0.41,0.53,0.00,13.00,1.12,0.53,0.82,0.00,0.24,0.09,0.00,0.06,0.00,0.00,0,0,,13,0.76,64,4,0.34,53,9,0.78,77,1,4,13,79,0.00,99,0,7,0.60,42,54,45,4.65,89,0,0.00,99,0,0.00,0,0,0.00,0,1.21,69,14,1.21,52,9,0.78,64.29,0,0.00,0,0,0,0.00,0,0,0.00,79,0.00,0,N/A,N/A,N/A,N/A,0.00,0,0.00,0,1.49,0.00,0,81.95,30.77,30,4,1.18,1.72,20,66,80,1,0,0,0.12,0.17,2,45,116.99,0.94,1.38,16,0,0.00,0.00,99,0.00,0,1,2,0.12,0.17,0,0.00,0.00,0.00,0.00,0,0,7.69,52,38,32,83,79,2.36,80,0.14,0.20,0.79,42,0.05,0.07,67,16,0.94,1.38,1.03,0.71,39,12,0.13,58,49,56,97,0,41,3,0,0.00,99,1,0.00,0.09,9.22,6.29,107,51,38,46,4.39,3.00,47.66,10,0.86,45,0,16.67,0,0.00,99,9,0.53,0.78,78,45,50,30,0,0,0,0,0,57,60,59,65,0,99,43,56,54,3,18,63,12,0,0
Marcelo Henrique Laborão dos Santos,20,1109664000,2005/03/01,Serie A,2024,Midfielder,Cuiabá,0,0,0,Brazil,0,0,0,0,0,0,0,0,0,0,0,0,0,0,0,0,0,0,0,0,0,0,0,0,0,0,0,0,0,0,0,-1,-1,-1,-1,N/A,N/A,N/A,N/A,N/A,N/A,N/A,N/A,N/A,N/A,N/A,N/A,N/A,N/A,N/A,N/A,N/A,N/A,N/A,N/A,N/A,N/A,N/A,N/A,N/A,N/A,N/A,N/A,N/A,N/A,N/A,N/A,N/A,N/A,N/A,N/A,N/A,N/A,N/A,N/A,N/A,N/A,N/A,N/A,N/A,N/A,N/A,N/A,N/A,N/A,N/A,N/A,N/A,N/A,N/A,N/A,N/A,N/A,N/A,N/A,N/A,N/A,N/A,N/A,N/A,N/A,N/A,N/A,N/A,N/A,N/A,N/A,N/A,N/A,N/A,N/A,N/A,N/A,N/A,N/A,N/A,N/A,N/A,N/A,N/A,N/A,N/A,N/A,N/A,N/A,N/A,N/A,N/A,N/A,N/A,N/A,N/A,N/A,N/A,N/A,N/A,N/A,N/A,N/A,N/A,N/A,N/A,N/A,N/A,N/A,N/A,N/A,N/A,N/A,N/A,N/A,N/A,N/A,N/A,N/A,N/A,N/A,N/A,N/A,N/A,N/A,N/A,N/A,N/A,N/A,N/A,N/A,N/A,N/A,N/A,N/A,N/A,N/A,N/A,N/A,N/A,N/A,N/A,N/A,N/A,N/A,N/A,N/A,N/A,N/A,N/A,N/A,N/A,N/A,N/A,N/A,N/A,N/A,N/A,N/A,N/A,N/A,N/A,N/A,N/A,N/A,N/A,N/A,N/A,N/A,N/A,N/A,N/A,N/A,N/A,N/A,N/A,N/A,N/A,N/A,N/A,N/A,N/A,N/A,N/A,N/A,N/A,N/A,N/A,N/A,N/A,N/A,N/A,N/A,N/A,N/A,N/A,N/A,N/A,N/A,N/A,N/A,N/A,N/A,N/A,N/A,N/A,N/A,N/A,N/A,N/A,N/A,N/A,N/A,N/A,N/A,N/A,N/A,N/A,N/A,N/A,N/A,N/A,N/A
Marcelo Hermes,30,791625600,1995/02/01,Serie A,2024,Defender,Criciúma,3208,1596,1612,Brazil,36,18,18,2,2,0,6,4,2,0,0,6,4,2,52,21,31,4,0,0.22,0.17,0.06,0.11,0,1604,1.46,62,89,802,535,0.11,265,96,167,7,0,7.02,0.17,83,31.30,30.97,34,1053,22.41,762,11,22.65,29,0.00,0.00,1.59,54,0.00,6.09,1.58,1.56,53,0.00,0.38,0.00,0.00,0.00,1.21,0.41,0.00,9.00,0.54,0.29,0.88,0.00,0.24,0.08,0.00,0.94,0.00,0.00,0,0,,18,0.53,37,8,0.24,42,10,0.30,34,4,0,36,52,0.00,99,0,41,1.22,79,207,70,6.15,96,0,0.00,99,0,0.00,0,0,0.00,0,1.61,85,30,0.89,40,14,0.42,46.67,0,0.00,0,0,0,0.00,0,0,0.00,15,0.00,0,N/A,N/A,N/A,N/A,0.00,0,0.00,0,2.59,0.00,0,72.36,44.44,58,39,0.82,0.83,28,40,45,0,0,0,0.24,0.24,8,57,238.73,2.82,2.85,96,0,0.00,0.00,99,0.00,0,0,0,0.00,0.00,0,0.00,0.00,0.06,0.06,2,0,11.11,61,99,98,93,16,7.13,82,0.21,0.21,2.59,44,0.08,0.08,29,20,0.59,0.59,0.95,0.94,33,32,0.08,43,72,80,67,0,51,46,0,0.00,99,32,0.00,0.95,7.31,7.24,246,119,18,23,3.54,3.50,48.37,13,0.39,68,0,26.57,0,0.00,99,55,1.62,1.63,95,99,14,77,0,0,0,0,0,66,49,59,62,0,99,20,91,17,4,11,35,22,0,0
Marcelo Jose de Lima Filho,22,1039593600,2002/12/11,Serie A,2024,Forward,Juventude,992,476,516,Brazil,25,12,13,2,2,0,3,1,2,0,0,4,3,1,15,5,10,4,2,0.45,0.27,0.18,0.38,0,496,1.36,66,40,198,331,0.45,126,28,-1,12,0,6.75,0.12,95,20.78,9.16,13,229,6.60,165,10,14.97,12,0.00,0.00,0.52,13,0.00,1.24,1.36,0.60,15,0.00,0.60,0.00,0.00,0.00,0.36,0.48,0.00,10.50,1.91,0.40,1.08,0.00,0.44,0.12,0.00,0.36,0.00,0.00,0,0,,21,0.84,89,11,1.00,90,10,0.91,83,2,16,9,41,0.00,99,0,9,0.82,57,31,76,2.81,73,0,0.00,99,0,0.00,0,0,0.00,0,1.18,68,27,2.45,79,12,1.09,44.44,0,0.00,0,0,0,0.00,0,0,0.00,21,0.00,0,N/A,N/A,N/A,N/A,0.00,0,0.00,0,2.97,0.00,0,72.05,52.38,76,18,0.52,1.18,13,77,39,0,0,0,0.00,0.00,0,23,168.66,0.28,0.64,7,0,0.00,0.00,99,0.00,0,0,0,0.00,0.00,0,0.00,0.00,0.45,0.20,5,0,9.52,55,34,62,64,21,2.52,86,0.10,0.23,2.97,84,0.12,0.27,97,32,1.28,2.90,0.91,0.40,30,10,0.27,82,25,26,67,0,91,40,0,0.00,99,9,0.00,0.82,12.34,5.44,136,68,80,76,6.17,2.72,50.00,15,1.36,23,0,29.03,0,0.00,99,9,0.36,0.82,80,28,97,46,0,0,0,0,0,90,77,59,89,0,99,16,23,85,2,8,21,11,0,0
Marcelo Lomba do Nascimento,38,535276800,1986/12/18,Serie A,2024,Goalkeeper,Palmeiras,90,90,0,Brazil,1,1,0,0,0,0,0,0,0,0,0,0,0,0,2,2,0,0,0,0,0,0,0,0,0,2,45,90,0,0,0,-1,-1,-1,21,0,6.13,0,45,21.00,21.00,13,21,18.00,18,72,18.00,18,0.00,0.00,0.00,0,0.00,0.00,0.00,0.00,0,0.00,0.00,0.00,0.00,1.00,0.00,0.00,3.00,0.00,0.00,0.00,0.00,0.00,0.00,0.00,0.00,1.00,0.00,0.00,0,0,,0,0.00,8,0,0.00,15,0,0.00,9,0,0,1,4,0.00,99,0,0,0.00,9,0,30,0.00,14,0,0.00,99,0,0.00,0,0,0.00,0,0.00,8,0,0.00,7,0,0.00,0.00,0,0.00,0,1,0,1.00,0,3,0.00,2,3.00,0,N/A,N/A,N/A,N/A,33.33,0,0.00,0,0.00,0.00,0,85.71,0.00,15,99,0.00,0.00,0,10,10,0,0,1,0.00,0.00,0,23,6.13,0.00,0.00,0,0,0.00,0.00,99,0.00,0,0,0,0.00,0.00,0,0.00,0.00,0.00,0.00,0,0,0.00,42,0,0,40,2,0.04,6,0.04,0.04,0.00,9,0.00,0.00,2,0,0.00,0.00,0.00,0.00,5,0,0.00,9,3,1,67,0,41,47,0,0.00,99,1,0.00,1.00,1.00,1.00,1,1,7,7,1.00,1.00,100.00,0,0.00,99,0,0.00,0,0.00,99,0,0.00,0.00,30,1,14,11,0,0,0,0,0,26,40,59,54,0,99,2,7,7,0,0,7,14,0,0
Marcos André Paulino Maia,19,1151046000,2006/06/23,Serie A,2024,Midfielder,Atlético PR,0,0,0,Brazil,0,0,0,0,0,0,0,0,0,0,0,0,0,0,0,0,0,0,0,0,0,0,0,0,0,0,0,0,0,0,0,-1,-1,-1,-1,N/A,N/A,N/A,N/A,N/A,N/A,N/A,N/A,N/A,N/A,N/A,N/A,N/A,N/A,N/A,N/A,N/A,N/A,N/A,N/A,N/A,N/A,N/A,N/A,N/A,N/A,N/A,N/A,N/A,N/A,N/A,N/A,N/A,N/A,N/A,N/A,N/A,N/A,N/A,N/A,N/A,N/A,N/A,N/A,N/A,N/A,N/A,N/A,N/A,N/A,N/A,N/A,N/A,N/A,N/A,N/A,N/A,N/A,N/A,N/A,N/A,N/A,N/A,N/A,N/A,N/A,N/A,N/A,N/A,N/A,N/A,N/A,N/A,N/A,N/A,N/A,N/A,N/A,N/A,N/A,N/A,N/A,N/A,N/A,N/A,N/A,N/A,N/A,N/A,N/A,N/A,N/A,N/A,N/A,N/A,N/A,N/A,N/A,N/A,N/A,N/A,N/A,N/A,N/A,N/A,N/A,N/A,N/A,N/A,N/A,N/A,N/A,N/A,N/A,N/A,N/A,N/A,N/A,N/A,N/A,N/A,N/A,N/A,N/A,N/A,N/A,N/A,N/A,N/A,N/A,N/A,N/A,N/A,N/A,N/A,N/A,N/A,N/A,N/A,N/A,N/A,N/A,N/A,N/A,N/A,N/A,N/A,N/A,N/A,N/A,N/A,N/A,N/A,N/A,N/A,N/A,N/A,N/A,N/A,N/A,N/A,N/A,N/A,N/A,N/A,N/A,N/A,N/A,N/A,N/A,N/A,N/A,N/A,N/A,N/A,N/A,N/A,N/A,N/A,N/A,N/A,N/A,N/A,N/A,N/A,N/A,N/A,N/A,N/A,N/A,N/A,N/A,N/A,N/A,N/A,N/A,N/A,N/A,N/A,N/A,N/A,N/A,N/A,N/A,N/A,N/A,N/A,N/A,N/A,N/A,N/A,N/A,N/A,N/A,N/A,N/A,N/A,N/A,N/A,N/A,N/A,N/A,N/A,N/A
Marcos Antonio,25,960879600,2000/06/13,Serie A,2024,Midfielder,São Paulo,849,437,412,Brazil,13,7,6,0,0,0,0,0,0,0,0,4,2,2,8,5,3,1,0,0,0,0,0,0,0,0.85,106,65,849,0,0.11,365,337,-1,20,0,6.89,0,45,60.21,43.69,95,568,41.23,536,99,56.82,97,0.00,0.00,0.69,9,0.00,0.15,1.06,0.77,10,0.00,0.23,0.00,0.00,0.00,0.38,0.08,0.00,0.00,0.11,0.08,0.46,0.00,0.00,0.00,0.00,0.54,0.00,0.00,0,0,,1,0.08,9,0,0.00,15,1,0.11,12,1,3,10,29,0.00,99,0,5,0.53,35,2,30,0.21,27,0,0.00,99,0,0.00,0,0,0.00,0,0.95,58,6,0.64,32,1,0.11,16.67,0,0.00,0,0,0,0.00,0,0,0.00,81,0.00,0,N/A,N/A,N/A,N/A,0.00,0,0.00,0,0.05,0.00,0,94.37,0.00,15,37,0.62,0.85,8,16,11,0,0,0,0.15,0.21,2,53,89.57,1.00,1.38,13,0,0.00,0.00,99,0.00,0,0,0,0.00,0.00,0,0.00,0.00,0.00,0.00,0,0,0.00,42,27,18,40,81,1.60,69,0.12,0.17,0.05,13,0.00,0.01,54,10,0.77,1.06,1.27,0.92,56,12,0.01,13,50,56,67,0,41,36,0,0.00,99,7,0.00,0.74,6.68,4.85,63,28,11,17,2.97,2.15,44.44,3,0.32,73,0,0.00,0,0.00,99,0,0.00,0.00,30,32,41,30,0,0,0,0,0,26,40,59,54,0,99,68,92,17,1,8,21,20,0,0
Marcos Felipe de Freitas Monteiro,29,829378800,1996/04/13,Serie A,2024,Goalkeeper,Bahia,2998,1440,1558,Brazil,34,16,18,0,0,0,0,0,0,0,0,9,8,1,39,10,29,2,0,0,0,0,0,0,0,1.17,77,88,1499,0,0.06,364,339,118,20,0,7.22,0,45,32.07,31.35,35,972,25.52,791,43,26.10,37,0.00,0.00,0.00,0,0.00,0.00,0.07,0.06,2,0.00,0.03,0.00,0.00,3.10,0.00,0.00,4.32,0.00,0.00,0.00,0.00,0.00,0.00,0.00,0.00,0.13,0.00,0.00,0,0,,0,0.00,8,0,0.00,15,0,0.00,9,1,0,34,7,0.00,99,0,0,0.00,9,0,30,0.00,14,0,0.00,99,0,0.00,0,0,0.00,0,0.00,8,0,0.00,7,0,0.00,0.00,0,0.00,0,96,44,3.17,32,134,0.00,42,4.42,35,N/A,N/A,N/A,N/A,71.64,0,0.00,0,0.00,0.00,0,81.38,0.00,15,94,0.06,0.07,2,10,10,0,0,58,0.00,0.00,0,23,223.90,0.94,0.96,29,0,0.00,0.00,99,0.00,1,0,0,0.00,0.00,9,0.29,0.30,0.00,0.00,0,0,0.00,42,97,94,40,42,1.88,13,0.06,0.06,0.00,9,0.00,0.00,8,6,0.19,0.20,0.03,0.03,6,1,0.00,9,91,43,67,21,41,4,0,0.00,99,4,0.00,0.13,0.59,0.58,18,13,4,6,0.43,0.42,72.22,1,0.03,88,0,0.00,0,0.00,99,0,0.00,0.00,30,97,14,30,0,0,0,0,0,26,40,59,54,0,99,51,98,10,2,6,15,22,0,0
Marcos Gabriel do Nascimento,35,648543600,1990/07/21,Serie A,2024,Midfielder,Criciúma,998,441,557,Brazil,25,12,13,0,0,0,0,0,0,0,0,3,1,2,16,10,6,4,0,0,0,0,0,0,0,1.44,62,40,250,0,0.36,508,385,-1,31,0,6.69,0,45,37.50,17.27,52,380,14.32,315,54,31.09,52,0.00,0.00,0.82,18,0.00,0.91,1.28,0.59,13,0.00,1.27,0.00,0.00,0.00,0.18,0.77,0.00,0.00,0.79,0.18,1.55,0.00,0.18,0.03,0.00,0.23,0.00,0.00,0,0,,8,0.36,53,4,0.39,58,4,0.39,46,1,14,11,39,0.00,99,0,4,0.39,28,20,78,1.97,64,0,0.00,99,0,0.00,0,0,0.00,0,1.78,89,34,3.36,87,17,1.68,50.00,0,0.00,0,0,0,0.00,0,0,0.00,16,0.00,0,N/A,N/A,N/A,N/A,0.00,0,0.00,0,0.70,0.00,0,82.89,50.00,74,75,0.18,0.39,4,88,57,0,0,0,0.05,0.10,1,36,147.09,0.36,0.79,8,0,0.00,0.00,99,0.00,0,0,0,0.00,0.00,0,0.00,0.00,0.39,0.18,4,0,0.00,42,35,62,40,16,1.13,39,0.05,0.11,0.70,42,0.03,0.07,60,12,0.55,1.18,0.69,0.32,18,7,0.07,41,20,34,67,0,89,23,0,0.00,99,5,0.00,0.49,11.05,5.09,112,47,46,67,4.64,2.14,41.96,28,2.76,1,0,30.00,0,0.00,99,6,0.27,0.59,70,37,93,30,0,0,0,0,0,26,40,59,54,0,99,8,34,75,4,16,54,10,0,0
Marcos Paulo Lima Batista Silva,22,1042876800,2003/01/18,Serie A,2024,Defender,Bragantino,0,0,0,Brazil,0,0,0,0,0,0,0,0,0,0,0,0,0,0,0,0,0,0,0,0,0,0,0,0,0,0,0,0,0,0,0,-1,-1,-1,-1,N/A,N/A,N/A,N/A,N/A,N/A,N/A,N/A,N/A,N/A,N/A,N/A,N/A,N/A,N/A,N/A,N/A,N/A,N/A,N/A,N/A,N/A,N/A,N/A,N/A,N/A,N/A,N/A,N/A,N/A,N/A,N/A,N/A,N/A,N/A,N/A,N/A,N/A,N/A,N/A,N/A,N/A,N/A,N/A,N/A,N/A,N/A,N/A,N/A,N/A,N/A,N/A,N/A,N/A,N/A,N/A,N/A,N/A,N/A,N/A,N/A,N/A,N/A,N/A,N/A,N/A,N/A,N/A,N/A,N/A,N/A,N/A,N/A,N/A,N/A,N/A,N/A,N/A,N/A,N/A,N/A,N/A,N/A,N/A,N/A,N/A,N/A,N/A,N/A,N/A,N/A,N/A,N/A,N/A,N/A,N/A,N/A,N/A,N/A,N/A,N/A,N/A,N/A,N/A,N/A,N/A,N/A,N/A,N/A,N/A,N/A,N/A,N/A,N/A,N/A,N/A,N/A,N/A,N/A,N/A,N/A,N/A,N/A,N/A,N/A,N/A,N/A,N/A,N/A,N/A,N/A,N/A,N/A,N/A,N/A,N/A,N/A,N/A,N/A,N/A,N/A,N/A,N/A,N/A,N/A,N/A,N/A,N/A,N/A,N/A,N/A,N/A,N/A,N/A,N/A,N/A,N/A,N/A,N/A,N/A,N/A,N/A,N/A,N/A,N/A,N/A,N/A,N/A,N/A,N/A,N/A,N/A,N/A,N/A,N/A,N/A,N/A,N/A,N/A,N/A,N/A,N/A,N/A,N/A,N/A,N/A,N/A,N/A,N/A,N/A,N/A,N/A,N/A,N/A,N/A,N/A,N/A,N/A,N/A,N/A,N/A,N/A,N/A,N/A,N/A,N/A,N/A,N/A,N/A,N/A,N/A,N/A,N/A,N/A,N/A,N/A,N/A,N/A,N/A,N/A,N/A,N/A,N/A,N/A
Marcos Rocha,36,597830400,1988/12/11,Serie A,2024,Defender,Palmeiras,1933,803,1130,Brazil,28,13,15,0,0,0,2,1,1,0,0,14,8,6,14,3,11,7,1,0.09,0.09,0,0,0,0,0.65,138,69,242,967,0.37,473,194,12,22,0,7.12,0.07,65,55.38,43.67,90,1179,34.26,925,30,43.45,83,0.00,0.00,1.19,32,0.00,2.04,2.63,2.07,56,0.00,0.30,0.00,0.00,0.00,1.19,0.30,0.00,0.00,0.14,0.04,0.56,0.00,0.07,0.01,0.00,0.67,0.00,0.00,0,0,,3,0.11,10,2,0.09,20,1,0.05,10,5,8,20,88,0.00,99,0,32,1.50,90,55,71,2.58,70,0,0.00,99,0,0.00,0,0,0.00,0,1.50,83,15,0.70,34,8,0.38,53.33,0,0.00,0,0,0,0.00,0,0,0.00,93,0.00,0,N/A,N/A,N/A,N/A,0.00,0,0.00,0,0.32,0.00,0,78.46,66.67,95,26,0.81,1.03,22,37,61,0,0,0,0.26,0.33,7,67,192.31,2.04,2.58,55,0,0.00,0.00,99,0.00,0,0,0,0.00,0.00,0,0.00,0.00,0.09,0.07,2,0,0.00,42,71,74,40,93,4.49,82,0.17,0.21,0.32,19,0.01,0.02,32,14,0.52,0.66,1.36,1.07,62,29,0.02,19,83,77,67,0,61,41,0,0.00,99,18,0.00,0.85,8.22,6.48,175,96,42,32,4.51,3.56,54.86,8,0.38,69,0,27.27,0,0.00,99,15,0.56,0.70,76,67,73,87,0,0,0,0,0,42,40,59,54,0,99,96,31,77,6,21,73,2,0,0
Marcos Victor Ferreira da Silva,23,1009353600,2001/12/26,Serie A,2024,Defender,Atlético PR,3,0,3,Brazil,1,0,1,0,0,0,0,0,0,0,0,0,0,0,1,0,1,1,0,0,0,0,0,0,0,30,3,3,3,0,30,-1,-1,-1,17,0,6.61,0,45,60.00,2.00,94,2,1.00,1,0,30.00,49,0.00,0.00,0.00,0,0.00,0.00,0.00,0.00,0,0.00,0.00,0.00,0.00,0.00,0.00,0.00,0.00,0.00,0.00,0.00,0.00,0.00,0.00,0.00,0.00,0.00,0.00,0.00,0,0,,0,0.00,8,0,0.00,15,0,0.00,9,0,1,0,4,0.00,99,0,0,0.00,9,0,30,0.00,14,0,0.00,99,0,0.00,0,0,0.00,0,0.00,8,0,0.00,7,0,0.00,0.00,0,0.00,0,0,0,0.00,0,0,0.00,0,0.00,0,N/A,N/A,N/A,N/A,0.00,0,0.00,0,0.00,0.00,0,50.00,0.00,15,99,0.00,0.00,0,10,10,0,0,0,0.00,0.00,0,23,6.61,0.00,0.00,0,0,0.00,0.00,99,0.00,0,0,0,0.00,0.00,0,0.00,0.00,0.00,0.00,0,0,0.00,42,0,0,40,0,0.00,0,0.00,0.00,0.00,9,0.00,0.00,2,0,0.00,0.00,0.00,0.00,5,0,0.00,9,14,1,67,0,41,2,0,0.00,99,0,0.00,0.00,0.00,0.00,0,0,0,0,0.00,0.00,0.00,0,0.00,99,0,0.00,0,0.00,99,0,0.00,0.00,30,0,22,11,0,0,0,0,0,26,40,59,54,0,99,2,7,99,0,0,7,43,0,0
Marcos Vinicius da Silva Carvalho,21,1074153600,2004/01/15,Serie A,2024,Midfielder,Bragantino,0,0,0,Brazil,0,0,0,0,0,0,0,0,0,0,0,0,0,0,0,0,0,0,0,0,0,0,0,0,0,0,0,0,0,0,0,-1,-1,-1,-1,N/A,N/A,N/A,N/A,N/A,N/A,N/A,N/A,N/A,N/A,N/A,N/A,N/A,N/A,N/A,N/A,N/A,N/A,N/A,N/A,N/A,N/A,N/A,N/A,N/A,N/A,N/A,N/A,N/A,N/A,N/A,N/A,N/A,N/A,N/A,N/A,N/A,N/A,N/A,N/A,N/A,N/A,N/A,N/A,N/A,N/A,N/A,N/A,N/A,N/A,N/A,N/A,N/A,N/A,N/A,N/A,N/A,N/A,N/A,N/A,N/A,N/A,N/A,N/A,N/A,N/A,N/A,N/A,N/A,N/A,N/A,N/A,N/A,N/A,N/A,N/A,N/A,N/A,N/A,N/A,N/A,N/A,N/A,N/A,N/A,N/A,N/A,N/A,N/A,N/A,N/A,N/A,N/A,N/A,N/A,N/A,N/A,N/A,N/A,N/A,N/A,N/A,N/A,N/A,N/A,N/A,N/A,N/A,N/A,N/A,N/A,N/A,N/A,N/A,N/A,N/A,N/A,N/A,N/A,N/A,N/A,N/A,N/A,N/A,N/A,N/A,N/A,N/A,N/A,N/A,N/A,N/A,N/A,N/A,N/A,N/A,N/A,N/A,N/A,N/A,N/A,N/A,N/A,N/A,N/A,N/A,N/A,N/A,N/A,N/A,N/A,N/A,N/A,N/A,N/A,N/A,N/A,N/A,N/A,N/A,N/A,N/A,N/A,N/A,N/A,N/A,N/A,N/A,N/A,N/A,N/A,N/A,N/A,N/A,N/A,N/A,N/A,N/A,N/A,N/A,N/A,N/A,N/A,N/A,N/A,N/A,N/A,N/A,N/A,N/A,N/A,N/A,N/A,N/A,N/A,N/A,N/A,N/A,N/A,N/A,N/A,N/A,N/A,N/A,N/A,N/A,N/A,N/A,N/A,N/A,N/A,N/A,N/A,N/A,N/A,N/A,N/A,N/A,N/A,N/A,N/A,N/A,N/A,N/A
Mariano,39,519894000,1986/06/23,Serie A,2024,Defender,Atlético Mineiro,633,360,273,Brazil,11,7,4,0,0,0,0,0,0,0,0,2,2,0,7,3,4,5,1,0,0,0,0,0,0,1,90,58,106,0,0.85,403,444,74,27,0,6.83,0,45,55.45,35.45,91,390,29.27,322,52,45.78,87,0.00,0.00,0.82,9,0.00,1.27,1.85,1.18,13,0.00,0.27,0.00,0.00,0.00,0.55,0.18,0.00,0.00,0.00,0.00,0.36,0.00,0.00,0.00,0.00,0.73,0.00,0.00,0,0,,0,0.00,8,0,0.00,15,0,0.00,9,4,4,7,64,0.00,99,0,6,0.85,58,14,55,1.99,64,0,0.00,99,0,0.00,0,0,0.00,0,1.28,73,4,0.57,31,2,0.28,50.00,0,0.00,0,0,0,0.00,0,0,0.00,63,0.00,0,N/A,N/A,N/A,N/A,0.00,0,0.00,0,0.00,0.00,0,82.56,0.00,15,21,0.73,1.14,8,30,57,0,0,0,0.09,0.14,1,42,75.14,1.55,2.42,17,1,0.00,0.14,2,0.09,0,0,0,0.00,0.00,0,0.00,0.00,0.00,0.00,0,0,0.00,42,16,11,40,63,1.01,57,0.09,0.14,0.00,9,0.00,0.00,42,6,0.55,0.85,1.00,0.64,37,7,0.00,9,41,75,67,0,41,53,0,0.00,99,8,0.00,1.14,7.54,4.82,53,30,35,25,4.27,2.73,56.60,3,0.43,67,0,21.43,0,0.00,99,3,0.27,0.43,64,18,50,77,0,0,0,0,0,26,40,59,54,0,99,23,9,98,2,18,63,25,0,0
Mário Sérgio Santos Costa,35,643964400,1990/05/29,Serie A,2024,Forward,Fortaleza,1353,777,576,Brazil,23,13,10,4,3,1,3,0,3,0,0,9,7,2,12,5,7,4,1,0.47,0.2,0.27,0.35,0.16,338,0.8,113,59,271,451,0.33,65,64,-1,6,0,7.09,0.13,89,23.44,16.29,18,342,12.76,268,30,18.37,20,0.00,0.00,0.76,16,0.00,2.19,1.65,1.14,24,0.00,1.00,0.00,0.00,0.00,0.43,1.14,0.00,7.75,2.12,0.81,2.43,0.00,0.67,0.24,0.00,0.38,0.00,0.00,0,0,,31,1.48,92,14,0.96,89,17,1.17,94,3,7,16,55,0.00,99,0,9,0.62,43,46,68,3.15,78,0,0.00,99,0,0.00,0,0,0.00,0,1.10,64,51,3.50,88,24,1.65,47.06,0,0.00,0,0,0,0.00,0,0,0.00,84,0.00,0,N/A,N/A,N/A,N/A,0.00,0,0.00,0,5.08,0.00,0,78.36,45.16,59,36,0.62,0.89,13,88,45,0,0,0,0.10,0.14,2,42,148.91,0.43,0.62,9,0,0.00,0.00,99,0.00,0,0,0,0.00,0.00,0,0.00,0.00,0.69,0.48,10,0,12.90,68,52,55,53,84,2.89,80,0.14,0.20,5.08,92,0.24,0.35,99,62,2.95,4.25,2.06,1.43,91,30,0.35,91,81,25,67,0,96,27,0,0.00,99,8,0.00,0.55,15.08,10.48,220,118,98,92,8.09,5.62,53.64,21,1.44,21,0,26.09,0,0.00,99,12,0.57,0.82,80,56,68,63,0,1,0,4,0,90,88,77,88,0,99,86,38,70,3,13,44,11,0,0
Mário Vinnicius Souza Rodrigues Silva,20,1118646000,2005/06/13,Serie A,2024,Midfielder,Juventude,0,0,0,Brazil,0,0,0,0,0,0,0,0,0,0,0,0,0,0,0,0,0,0,0,0,0,0,0,0,0,0,0,0,0,0,0,-1,-1,-1,-1,N/A,N/A,N/A,N/A,N/A,N/A,N/A,N/A,N/A,N/A,N/A,N/A,N/A,N/A,N/A,N/A,N/A,N/A,N/A,N/A,N/A,N/A,N/A,N/A,N/A,N/A,N/A,N/A,N/A,N/A,N/A,N/A,N/A,N/A,N/A,N/A,N/A,N/A,N/A,N/A,N/A,N/A,N/A,N/A,N/A,N/A,N/A,N/A,N/A,N/A,N/A,N/A,N/A,N/A,N/A,N/A,N/A,N/A,N/A,N/A,N/A,N/A,N/A,N/A,N/A,N/A,N/A,N/A,N/A,N/A,N/A,N/A,N/A,N/A,N/A,N/A,N/A,N/A,N/A,N/A,N/A,N/A,N/A,N/A,N/A,N/A,N/A,N/A,N/A,N/A,N/A,N/A,N/A,N/A,N/A,N/A,N/A,N/A,N/A,N/A,N/A,N/A,N/A,N/A,N/A,N/A,N/A,N/A,N/A,N/A,N/A,N/A,N/A,N/A,N/A,N/A,N/A,N/A,N/A,N/A,N/A,N/A,N/A,N/A,N/A,N/A,N/A,N/A,N/A,N/A,N/A,N/A,N/A,N/A,N/A,N/A,N/A,N/A,N/A,N/A,N/A,N/A,N/A,N/A,N/A,N/A,N/A,N/A,N/A,N/A,N/A,N/A,N/A,N/A,N/A,N/A,N/A,N/A,N/A,N/A,N/A,N/A,N/A,N/A,N/A,N/A,N/A,N/A,N/A,N/A,N/A,N/A,N/A,N/A,N/A,N/A,N/A,N/A,N/A,N/A,N/A,N/A,N/A,N/A,N/A,N/A,N/A,N/A,N/A,N/A,N/A,N/A,N/A,N/A,N/A,N/A,N/A,N/A,N/A,N/A,N/A,N/A,N/A,N/A,N/A,N/A,N/A,N/A,N/A,N/A,N/A,N/A,N/A,N/A,N/A,N/A,N/A,N/A,N/A,N/A,N/A,N/A,N/A,N/A
Marllon Gonçalves Jerônimo Borges,33,703407600,1992/04/16,Serie A,2024,Defender,Cuiabá,2882,1440,1442,Brazil,33,16,17,1,0,1,0,0,0,0,0,8,4,4,39,19,20,4,0,0.03,0,0.03,0,0.06,2882,1.22,74,87,721,0,0.12,298,433,137,10,0,6.78,0,45,39.14,36.94,55,1182,31.50,1008,69,33.38,58,0.00,0.00,0.09,3,0.00,0.03,1.56,1.47,47,0.00,0.09,0.00,0.00,0.00,1.00,0.06,0.00,14.00,0.46,0.28,0.06,0.00,0.16,0.05,0.00,2.19,0.00,0.00,0,0,,14,0.44,30,5,0.17,32,9,0.30,34,4,0,33,50,0.00,99,0,32,1.06,70,1,30,0.03,14,0,0.00,99,0,0.00,0,0,0.00,0,0.10,11,2,0.07,10,2,0.07,100.00,0,0.00,0,0,0,0.00,0,0,0.00,34,0.00,0,N/A,N/A,N/A,N/A,0.00,0,0.00,0,1.74,0.00,0,85.28,35.71,40,78,0.34,0.36,11,14,99,0,0,0,0.94,0.99,30,96,216.99,4.28,4.54,137,2,0.00,0.07,8,0.06,0,0,1,0.03,0.03,0,0.00,0.00,0.03,0.03,1,1,7.14,51,96,91,99,35,2.55,22,0.08,0.08,1.74,39,0.05,0.06,22,13,0.41,0.43,0.86,0.81,28,26,0.06,38,31,92,68,0,42,84,0,0.00,99,70,0.00,2.32,6.49,6.12,196,130,35,14,4.30,4.06,66.33,3,0.10,85,0,0.00,0,0.00,99,0,0.00,0.00,30,95,14,77,0,0,0,0,0,27,41,60,54,0,99,43,88,20,4,12,41,4,0,0
Marlon Rodrigues Freitas,30,796291200,1995/03/27,Serie A,2024,Midfielder,Botafogo,2432,1195,1237,Brazil,32,15,17,0,0,0,5,4,1,0,0,15,7,8,14,8,6,7,0,0.19,0.19,0,0,0,0,0.52,174,76,347,486,0.26,454,79,-1,35,0,7.31,0.16,87,64.41,54.37,98,1631,47.97,1439,88,56.83,97,0.00,0.00,1.37,41,0.00,0.63,1.50,1.27,38,0.00,0.30,0.00,0.00,0.00,0.57,0.13,0.00,0.00,0.75,0.47,0.27,0.00,0.17,0.05,0.00,0.47,0.00,0.00,0,0,,19,0.63,50,5,0.20,38,14,0.55,62,9,4,28,48,0.00,99,0,17,0.67,47,19,53,0.75,46,0,0.00,99,0,0.00,0,0,0.00,0,1.62,86,8,0.32,20,4,0.16,50.00,0,0.00,0,0,0,0.00,0,0,0.00,98,0.00,0,N/A,N/A,N/A,N/A,0.00,0,0.00,0,1.54,0.00,0,88.23,26.32,24,69,0.40,0.47,12,21,57,0,0,0,0.47,0.55,14,82,219.27,1.13,1.34,34,0,0.00,0.00,99,0.00,0,0,2,0.07,0.08,0,0.00,0.00,0.04,0.03,1,0,0.00,42,87,88,40,98,7.50,95,0.25,0.30,1.54,39,0.05,0.06,12,7,0.23,0.28,0.95,0.80,33,24,0.06,38,96,54,84,0,46,27,0,0.00,99,14,0.00,0.55,5.09,4.30,129,62,9,8,2.45,2.07,48.06,9,0.36,71,0,21.05,0,0.00,99,4,0.13,0.16,48,86,50,99,0,0,0,0,0,61,40,59,54,0,99,96,55,54,6,19,66,17,0,0
Marlon Rodrigues Xavier,28,864111600,1997/05/20,Serie A,2024,Defender,Cruzeiro,2179,1263,916,Brazil,28,15,13,0,0,0,1,1,0,0,0,8,4,4,25,13,12,5,2,0.04,0.04,0,0,0,0,1.03,87,78,311,2179,0.29,471,256,85,36,0,6.88,0.04,50,45.11,38.54,72,1002,30.54,794,33,35.75,66,0.00,0.00,1.08,28,0.00,2.81,1.80,1.54,40,0.00,0.12,0.00,0.00,0.00,0.92,0.58,0.00,0.00,0.36,0.23,1.00,0.00,0.08,0.02,0.00,0.69,0.00,0.00,0,0,,8,0.31,22,2,0.09,20,6,0.27,30,6,3,25,62,0.00,99,0,24,1.08,71,73,57,3.29,79,0,0.00,99,0,0.00,0,0,0.00,0,1.26,72,26,1.17,50,15,0.68,57.69,0,0.00,0,0,0,0.00,0,0,0.00,59,0.00,0,N/A,N/A,N/A,N/A,0.00,0,0.00,0,0.48,0.00,0,79.24,25.00,24,58,0.50,0.59,13,59,70,0,0,0,0.27,0.32,7,65,178.90,1.35,1.58,35,0,0.00,0.00,99,0.00,0,0,0,0.00,0.00,0,0.00,0.00,0.05,0.04,1,0,0.00,42,79,74,40,59,3.48,66,0.13,0.16,0.48,19,0.02,0.02,25,11,0.42,0.50,1.31,1.12,59,29,0.02,19,49,61,67,0,48,39,0,0.00,99,18,0.00,0.81,7.16,6.12,159,83,22,21,3.74,3.19,52.20,3,0.14,82,0,21.92,0,0.00,99,16,0.62,0.72,76,80,41,93,0,0,0,0,0,30,40,59,54,0,99,61,48,61,3,11,35,3,0,0
Marlon Santos,30,810457200,1995/09/07,Serie A,2024,Defender,Fluminense,353,180,173,Brazil,4,2,2,0,0,0,0,0,0,0,0,0,0,0,4,2,2,1,0,0,0,0,0,0,0,1.02,88,88,353,0,0.25,372,326,81,12,0,7.03,0,45,68.58,67.25,99,269,60.25,241,93,61.44,99,0.00,0.00,0.50,2,0.00,0.00,1.27,1.25,5,0.00,0.25,0.00,0.00,0.00,0.50,0.25,0.00,0.00,0.25,0.25,0.25,0.00,0.00,0.01,0.00,3.75,0.00,0.00,0,0,,1,0.25,16,0,0.00,15,1,0.25,28,2,0,4,38,0.00,99,0,2,0.51,34,0,30,0.00,14,0,0.00,99,0,0.00,0,0,0.00,0,0.51,34,1,0.25,18,1,0.25,100.00,0,0.00,0,0,0,0.00,0,0,0.00,60,0.00,0,N/A,N/A,N/A,N/A,0.00,0,0.00,0,0.05,0.00,0,89.59,0.00,15,87,0.25,0.25,1,27,99,0,0,0,1.25,1.27,5,98,28.10,4.50,4.59,18,0,0.00,0.00,99,0.00,0,0,0,0.00,0.00,0,0.00,0.00,0.00,0.00,0,0,0.00,42,0,0,40,60,0.64,66,0.16,0.16,0.05,13,0.01,0.01,25,2,0.50,0.51,1.27,1.25,56,5,0.01,13,73,92,67,0,41,99,0,0.00,99,15,0.00,3.82,9.43,9.25,37,23,75,48,5.86,5.75,62.16,1,0.25,75,0,0.00,0,0.00,99,0,0.00,0.00,30,6,14,46,0,0,0,0,0,26,40,59,54,0,99,2,57,51,1,25,84,4,0,0
Marquinhos,22,1049698800,2003/04/07,Serie A,2024,Forward,Fluminense,1270,507,763,Brazil,20,8,12,0,0,0,1,1,0,0,0,5,2,3,19,7,12,2,0,0.07,0.07,0,0,0,0,1.35,67,64,635,1270,0.14,427,231,-1,35,0,6.85,0.05,58,37.77,25.56,52,460,21.00,378,49,31.04,51,0.00,0.00,0.94,17,0.00,2.78,1.81,1.22,22,0.00,1.44,0.00,0.00,0.00,0.56,1.06,0.00,0.00,1.31,0.56,2.94,0.00,0.33,0.06,0.00,0.61,0.00,0.00,0,0,,16,0.89,71,6,0.49,65,10,0.82,79,4,5,15,63,0.00,99,0,10,0.82,57,50,57,4.11,86,0,0.00,99,0,0.00,0,0,0.00,0,1.40,79,53,4.35,92,19,1.56,35.85,0,0.00,0,0,0,0.00,0,0,0.00,22,0.00,0,N/A,N/A,N/A,N/A,0.00,0,0.00,0,1.16,0.00,0,82.17,37.50,45,44,0.50,0.74,9,86,23,0,0,0,0.00,0.00,0,23,123.23,0.78,1.15,14,0,0.00,0.00,99,0.00,0,0,4,0.22,0.33,0,0.00,0.00,0.08,0.06,1,1,0.00,42,49,43,40,23,1.88,62,0.10,0.15,1.16,52,0.06,0.10,97,36,2.00,2.96,1.64,1.11,76,20,0.10,51,44,48,99,0,58,43,0,0.00,99,11,0.00,0.90,16.09,10.89,196,88,93,96,7.23,4.89,44.90,26,2.14,6,0,22.00,0,0.00,99,11,0.61,0.90,83,51,57,77,0,0,0,0,0,36,40,59,54,0,99,47,82,27,2,10,29,77,0,0
Martin Braithwaite,34,676105200,1991/06/05,Serie A,2024,Forward,Grêmio,1474,661,813,Denmark,18,8,10,9,4,5,2,1,1,0,0,2,0,2,21,10,11,2,0,0.67,0.12,0.55,0.54,0.55,164,1.28,70,82,737,737,0.12,9,143,-1,1,0,7.22,0.11,72,18.56,16.89,8,304,12.89,232,18,14.17,10,0.00,0.00,0.67,12,0.00,0.28,0.55,0.50,9,0.00,1.11,0.00,0.00,0.00,0.06,0.56,0.00,3.88,1.89,0.78,1.33,0.00,0.94,0.42,0.00,2.17,0.00,0.00,0,0,,31,1.72,88,17,1.04,91,14,0.85,81,2,0,18,12,0.00,99,0,1,0.06,10,5,30,0.31,31,0,0.00,99,0,0.00,0,0,0.00,0,0.73,45,24,1.47,61,10,0.61,41.67,0,0.00,0,0,0,0.00,0,0,0.00,28,0.00,0,N/A,N/A,N/A,N/A,0.00,0,0.00,0,7.54,0.00,0,76.32,54.84,81,90,0.17,0.18,3,52,31,0,0,0,0.00,0.00,0,23,129.93,0.89,0.98,16,0,0.00,0.00,99,0.00,0,0,2,0.11,0.12,0,0.00,0.00,0.43,0.39,7,0,25.81,93,57,36,42,28,2.10,51,0.12,0.13,7.54,97,0.42,0.46,68,23,1.28,1.40,1.53,1.39,72,25,0.46,96,91,44,93,0,90,85,0,0.00,99,39,0.00,2.38,10.32,9.39,169,82,56,59,5.01,4.56,48.52,20,1.22,28,0,0.00,0,0.00,99,0,0.00,0.00,30,62,14,46,1,1,1,6,6,97,99,98,96,0,99,6,89,20,2,11,35,22,0,0
Maswel Ananias Silva,23,1014883200,2002/02/28,Serie A,2024,Midfielder,Atlético GO,251,127,124,Brazil,14,6,8,0,0,0,0,0,0,0,0,1,0,1,3,3,0,2,0,0,0,0,0,0,0,1.08,84,18,126,0,0.72,-1,-1,-1,31,0,6.26,0,45,28.62,5.85,28,76,4.77,62,44,23.35,30,0.00,0.00,0.23,3,0.00,0.92,3.77,0.77,10,0.00,0.23,0.00,0.00,0.00,0.00,0.46,0.00,0.00,1.51,0.00,1.08,0.00,0.31,0.03,0.00,0.23,0.00,0.00,0,0,,4,0.31,78,4,1.51,98,0,0.00,9,0,14,0,98,0.00,99,0,0,0.00,9,12,86,4.52,89,0,0.00,99,0,0.00,0,0,0.00,0,1.13,66,14,5.27,97,6,2.26,42.86,0,0.00,0,0,0,0.00,0,0,0.00,54,0.00,0,N/A,N/A,N/A,N/A,0.00,0,0.00,0,0.45,0.00,0,81.58,100.00,99,76,0.08,0.38,1,94,35,0,0,0,0.00,0.00,0,23,81.37,0.08,0.38,1,0,0.00,0.00,99,0.00,0,0,0,0.00,0.00,0,0.00,0.00,0.38,0.08,1,1,0.00,42,0,20,40,55,0.28,39,0.02,0.11,0.45,69,0.03,0.17,97,8,0.62,3.01,2.26,0.46,94,6,0.17,66,4,11,67,0,89,52,0,0.00,99,3,0.00,1.13,18.08,3.69,48,27,99,99,10.17,2.08,56.25,3,1.13,32,0,33.33,0,0.00,99,4,0.31,1.51,94,0,93,11,0,0,0,0,0,26,40,59,54,0,99,4,12,96,2,14,48,22,0,0
Mateo Baltasar Barcia Fernández,24,982569600,2001/02/19,Serie A,2024,Midfielder,Criciúma,21,0,21,Uruguay,4,0,4,0,0,0,0,0,0,0,0,0,0,0,0,0,0,0,0,0,0,0,0,0,0,0,0,5,0,0,0,-1,-1,-1,29,0,6.64,0,45,8.57,0.50,0,2,0.50,2,99,8.57,0,0.00,0.00,0.00,0,0.00,0.25,12.86,0.75,3,0.00,0.25,0.00,0.00,0.00,0.00,0.00,0.00,0.00,0.00,0.00,0.00,0.00,0.00,0.00,0.00,0.50,0.00,0.00,0,0,,0,0.00,8,0,0.00,15,0,0.00,9,0,4,0,99,0.00,99,0,0,0.00,9,1,30,4.29,88,0,0.00,99,0,0.00,0,0,0.00,0,0.00,8,0,0.00,7,0,0.00,0.00,0,0.00,0,0,0,0.00,0,0,0.00,99,0.00,0,N/A,N/A,N/A,N/A,0.00,0,0.00,0,0.00,0.00,0,100.00,0.00,15,0,0.25,4.29,1,10,10,0,0,0,0.00,0.00,0,23,26.57,0.25,4.29,1,0,0.00,0.00,99,0.00,0,0,0,0.00,0.00,0,0.00,0.00,0.00,0.00,0,0,0.00,42,0,0,40,0,0.00,0,0.00,0.00,0.00,9,0.00,0.00,2,0,0.00,0.00,12.86,0.75,99,3,0.00,9,15,89,67,0,41,99,0,0.00,99,2,0.00,8.57,51.43,3.00,12,5,99,99,21.43,1.25,41.67,1,4.29,0,0,0.00,0,0.00,99,0,0.00,0.00,30,0,50,11,0,0,0,0,0,26,40,59,54,0,99,2,7,7,0,0,7,30,0,0
Mateo Gamarra,25,972025200,2000/10/20,Serie A,2024,Midfielder,Atlético PR,1481,618,863,Paraguay,19,8,11,0,0,0,0,0,0,0,0,4,2,2,22,11,11,7,0,0,0,0,0,0,0,1.34,67,78,212,0,0.43,491,431,-1,15,0,6.92,0,45,48.22,41.00,79,697,33.06,562,39,38.88,74,0.00,0.00,0.12,2,0.00,0.18,1.66,1.41,24,0.00,0.24,0.00,0.00,0.00,1.18,0.12,0.00,0.00,1.25,0.71,0.24,0.00,0.35,0.09,0.00,2.59,0.00,0.00,0,0,,18,1.06,68,6,0.42,61,12,0.83,80,5,3,16,56,0.00,99,0,20,1.38,86,3,30,0.21,27,0,0.00,99,0,0.00,0,0,0.00,0,0.14,13,4,0.28,19,2,0.14,50.00,0,0.00,0,0,0,0.00,0,0,0.00,22,0.00,0,N/A,N/A,N/A,N/A,0.00,0,0.00,0,1.56,0.00,0,80.63,33.33,37,48,0.59,0.69,10,20,57,0,0,0,0.94,1.11,16,97,117.57,3.76,4.43,64,0,0.00,0.00,99,0.00,0,0,1,0.06,0.07,0,0.00,0.00,0.00,0.00,0,0,0.00,42,58,40,40,23,1.17,22,0.07,0.08,1.56,55,0.09,0.11,24,7,0.41,0.48,0.62,0.53,16,9,0.11,53,55,91,83,0,41,95,0,0.00,99,44,0.00,3.04,8.85,7.53,128,77,64,39,5.33,4.53,60.16,4,0.28,75,0,0.00,0,0.00,99,0,0.00,0.00,30,56,41,87,0,0,0,0,0,26,40,59,54,0,99,32,25,83,7,37,96,15,0,0
Mateo Ponte Costa,22,1053759600,2003/05/24,Serie A,2024,Defender,Botafogo,1134,401,733,Uruguay,17,7,10,3,2,1,0,0,0,0,0,6,2,4,11,2,9,4,0,0.24,0,0.24,0.45,0.12,378,0.87,103,67,284,0,0.32,90,428,41,7,0,7.03,0,45,33.11,24.19,38,387,20.25,324,59,27.72,43,0.00,0.00,0.94,15,0.00,2.44,2.91,2.12,34,0.00,0.75,0.00,0.00,0.00,1.19,0.56,0.00,3.00,0.77,0.31,1.25,0.00,0.25,0.16,0.00,1.00,0.00,0.00,0,0,,9,0.56,51,4,0.34,53,5,0.43,51,5,4,13,93,0.00,99,0,19,1.63,93,39,60,3.34,79,0,0.00,99,0,0.00,0,0,0.00,0,1.28,73,20,1.71,68,9,0.77,45.00,0,0.00,0,0,0,0.00,0,0,0.00,78,0.00,0,N/A,N/A,N/A,N/A,0.00,0,0.00,0,2.52,0.00,0,83.72,44.44,58,43,0.56,0.77,9,65,40,0,0,0,0.19,0.26,3,59,112.48,1.38,1.88,22,0,0.00,0.00,99,0.00,0,0,0,0.00,0.00,0,0.00,0.00,0.26,0.19,3,0,33.33,99,42,32,57,78,1.46,45,0.09,0.12,2.52,77,0.16,0.22,34,8,0.50,0.68,1.45,1.06,68,17,0.22,75,73,68,67,0,82,60,0,0.00,99,16,0.00,1.37,10.69,7.81,125,67,71,63,5.73,4.19,53.60,12,1.03,37,0,23.08,0,0.00,99,9,0.56,0.77,77,45,50,87,0,0,0,0,0,68,84,70,92,0,99,79,41,68,4,24,82,4,0,0
Mateo Zuleta García,23,1023433200,2002/06/07,Serie A,2024,Midfielder,Atlético GO,44,7,37,Colombia,4,1,3,1,0,1,0,0,0,0,0,0,0,0,0,0,0,1,0,2.05,0,2.05,0,2.43,44,0,0,11,44,0,2.05,-1,-1,-1,9,0,6.89,0,45,59.32,7.25,93,29,6.25,25,76,51.14,92,0.00,0.00,0.25,1,0.00,0.75,4.09,0.50,2,0.00,0.75,0.00,0.00,0.00,0.25,0.25,0.00,1.00,2.05,0.00,0.25,0.00,0.25,0.17,0.00,0.75,0.00,0.00,0,0,,1,0.25,91,1,2.05,99,0,0.00,9,0,4,0,99,0.00,99,0,1,2.05,99,3,30,6.14,96,0,0.00,99,0,0.00,0,0,0.00,0,2.05,92,1,2.05,74,1,2.05,100.00,0,0.00,0,0,0,0.00,0,0,0.00,99,0.00,0,N/A,N/A,N/A,N/A,0.00,0,0.00,0,0.70,0.00,0,86.21,100.00,99,0,0.50,4.09,2,92,99,0,0,0,0.00,0.00,0,23,27.56,0.00,0.00,0,0,0.00,0.00,99,0.00,0,0,0,0.00,0.00,0,0.00,0.00,0.00,0.00,0,0,100.00,99,0,0,40,0,0.08,66,0.02,0.16,0.70,99,0.17,1.43,99,2,0.50,4.09,4.09,0.50,99,2,1.43,99,50,1,67,0,41,99,0,0.00,99,3,0.00,6.14,30.68,3.75,15,8,99,99,16.36,2.00,53.33,3,6.14,0,0,0.00,0,0.00,99,0,0.00,0.00,30,0,50,11,0,0,0,0,0,99,99,99,54,0,99,2,7,99,1,25,84,21,0,0
Mateus Da Silva Vital Assumpção,27,887270400,1998/02/12,Serie A,2024,Midfielder,Cruzeiro,514,140,374,Brazil,19,9,10,1,0,1,1,0,1,0,0,3,1,2,8,3,5,0,0,0.35,0.18,0.18,0,0.24,514,1.4,64,27,0,514,0,125,85,-1,17,0,5.91,0.05,85,42.01,13.62,64,218,12.06,193,89,37.19,69,0.00,0.00,0.38,6,0.00,0.44,1.54,0.50,8,0.00,0.50,0.00,0.00,0.00,0.12,0.50,0.00,7.00,1.35,0.31,0.81,0.00,0.12,0.07,0.00,0.12,0.00,0.00,0,0,,7,0.44,73,2,0.39,58,5,0.96,87,4,14,5,50,0.00,99,0,2,0.39,28,7,75,1.35,57,0,0.00,99,0,0.00,0,0,0.00,0,1.16,67,13,2.51,80,8,1.54,61.54,0,0.00,0,0,0,0.00,0,0,0.00,19,0.00,0,N/A,N/A,N/A,N/A,0.00,0,0.00,0,1.10,0.00,0,88.53,28.57,27,20,0.38,1.16,6,86,77,0,0,0,0.00,0.00,0,23,94.60,0.06,0.19,1,0,0.00,0.00,99,0.00,0,0,0,0.00,0.00,0,0.00,0.00,0.00,0.00,0,0,14.29,72,11,40,65,19,1.23,89,0.08,0.24,1.10,75,0.07,0.21,88,11,0.69,2.12,0.96,0.31,34,5,0.21,73,1,5,67,0,41,18,0,0.00,99,2,0.00,0.39,11.37,3.69,59,29,68,69,5.59,1.81,49.15,8,1.54,18,0,28.57,0,0.00,99,2,0.12,0.39,61,11,93,77,0,0,0,0,0,79,77,85,54,0,99,16,7,7,0,0,7,7,0,0
Mateus Eduardo Claus,31,775897200,1994/08/03,Serie A,2024,Goalkeeper,Juventude,405,360,45,Brazil,5,4,1,0,0,0,0,0,0,0,0,0,0,0,9,8,1,3,0,0,0,0,0,0,0,2,45,81,135,0,0.67,390,299,189,30,0,6.88,0,45,28.89,26.00,29,130,16.20,81,3,18.00,18,0.00,0.00,0.00,0,0.00,0.00,0.00,0.00,0,0.00,0.00,0.00,0.00,4.20,0.00,0.00,6.00,0.00,0.00,0.00,0.00,0.00,0.00,0.00,0.00,0.20,0.00,0.00,0,0,,0,0.00,8,0,0.00,15,0,0.00,9,0,1,4,4,0.00,99,0,0,0.00,9,0,30,0.00,14,0,0.00,99,0,0.00,0,0,0.00,0,0.00,8,0,0.00,7,0,0.00,0.00,0,0.00,0,21,35,4.67,97,30,0.00,2,6.67,99,N/A,N/A,N/A,N/A,70.00,0,0.00,0,0.00,0.00,0,62.31,0.00,15,99,0.00,0.00,0,10,10,0,0,15,0.00,0.00,0,23,34.39,1.00,1.11,5,0,0.00,0.00,99,0.00,0,0,0,0.00,0.00,4,0.80,0.89,0.00,0.00,0,0,0.00,42,2,1,40,2,0.16,6,0.03,0.04,0.00,9,0.00,0.00,10,1,0.20,0.22,0.00,0.00,5,0,0.00,9,49,47,67,99,41,8,0,0.00,99,1,0.00,0.22,0.44,0.40,2,2,5,3,0.44,0.40,100.00,0,0.00,99,0,0.00,0,0.00,99,0,0.00,0.00,30,6,22,11,0,0,0,0,0,26,40,59,54,0,99,2,13,95,3,60,99,77,0,0
Mateus Gabriel Schaffer,18,1176534000,2007/04/14,Serie A,2024,Midfielder,Juventude,0,0,0,Brazil,0,0,0,0,0,0,0,0,0,0,0,0,0,0,0,0,0,0,0,0,0,0,0,0,0,0,0,0,0,0,0,-1,-1,-1,-1,N/A,N/A,N/A,N/A,N/A,N/A,N/A,N/A,N/A,N/A,N/A,N/A,N/A,N/A,N/A,N/A,N/A,N/A,N/A,N/A,N/A,N/A,N/A,N/A,N/A,N/A,N/A,N/A,N/A,N/A,N/A,N/A,N/A,N/A,N/A,N/A,N/A,N/A,N/A,N/A,N/A,N/A,N/A,N/A,N/A,N/A,N/A,N/A,N/A,N/A,N/A,N/A,N/A,N/A,N/A,N/A,N/A,N/A,N/A,N/A,N/A,N/A,N/A,N/A,N/A,N/A,N/A,N/A,N/A,N/A,N/A,N/A,N/A,N/A,N/A,N/A,N/A,N/A,N/A,N/A,N/A,N/A,N/A,N/A,N/A,N/A,N/A,N/A,N/A,N/A,N/A,N/A,N/A,N/A,N/A,N/A,N/A,N/A,N/A,N/A,N/A,N/A,N/A,N/A,N/A,N/A,N/A,N/A,N/A,N/A,N/A,N/A,N/A,N/A,N/A,N/A,N/A,N/A,N/A,N/A,N/A,N/A,N/A,N/A,N/A,N/A,N/A,N/A,N/A,N/A,N/A,N/A,N/A,N/A,N/A,N/A,N/A,N/A,N/A,N/A,N/A,N/A,N/A,N/A,N/A,N/A,N/A,N/A,N/A,N/A,N/A,N/A,N/A,N/A,N/A,N/A,N/A,N/A,N/A,N/A,N/A,N/A,N/A,N/A,N/A,N/A,N/A,N/A,N/A,N/A,N/A,N/A,N/A,N/A,N/A,N/A,N/A,N/A,N/A,N/A,N/A,N/A,N/A,N/A,N/A,N/A,N/A,N/A,N/A,N/A,N/A,N/A,N/A,N/A,N/A,N/A,N/A,N/A,N/A,N/A,N/A,N/A,N/A,N/A,N/A,N/A,N/A,N/A,N/A,N/A,N/A,N/A,N/A,N/A,N/A,N/A,N/A,N/A,N/A,N/A,N/A,N/A,N/A,N/A
Mateus Pasinato,33,709714800,1992/06/28,Serie A,2024,Goalkeeper,Cuiabá,180,180,0,Brazil,2,2,0,0,0,0,0,0,0,0,0,1,1,0,2,2,0,0,0,0,0,0,0,0,0,1,90,90,0,0,0,-1,-1,-1,21,0,7.13,0,45,19.00,19.00,9,38,13.50,27,9,13.50,9,0.00,0.00,0.00,0,0.00,0.00,0.00,0.00,0,0.00,0.00,0.00,0.00,2.50,0.00,0.00,3.50,0.00,0.00,0.00,0.00,0.00,0.00,0.00,0.00,0.00,0.00,0.00,0,0,,0,0.00,8,0,0.00,15,0,0.00,9,0,0,2,4,0.00,99,0,0,0.00,9,0,30,0.00,14,0,0.00,99,0,0.00,0,0,0.00,0,0.00,8,0,0.00,7,0,0.00,0.00,0,0.00,0,5,41,2.50,3,7,0.00,63,3.50,9,N/A,N/A,N/A,N/A,71.43,0,0.00,0,0.00,0.00,0,71.05,0.00,15,99,0.00,0.00,0,10,10,0,0,4,0.00,0.00,0,23,14.26,1.50,1.50,3,0,0.00,0.00,99,0.00,0,0,0,0.00,0.00,2,1.00,1.00,0.00,0.00,0,0,0.00,42,0,0,40,63,0.07,6,0.04,0.04,0.00,9,0.00,0.00,2,0,0.00,0.00,0.00,0.00,5,0,0.00,9,85,59,67,99,41,2,0,0.00,99,0,0.00,0.00,0.00,0.00,0,0,0,0,0.00,0.00,0.00,0,0.00,99,0,0.00,0,0.00,99,0,0.00,0.00,30,1,14,11,0,0,0,0,0,26,40,59,54,0,99,96,7,7,0,0,7,14,0,0
Mateusão,23,1020322800,2002/05/02,Serie A,2024,Goalkeeper,Palmeiras,0,0,0,Brazil,0,0,0,0,0,0,0,0,0,0,0,0,0,0,0,0,0,0,0,0,0,0,0,0,0,0,0,0,0,0,0,-1,-1,-1,-1,N/A,N/A,N/A,N/A,N/A,N/A,N/A,N/A,N/A,N/A,N/A,N/A,N/A,N/A,N/A,N/A,N/A,N/A,N/A,N/A,N/A,N/A,N/A,N/A,N/A,N/A,N/A,N/A,N/A,N/A,N/A,N/A,N/A,N/A,N/A,N/A,N/A,N/A,N/A,N/A,N/A,N/A,N/A,N/A,N/A,N/A,N/A,N/A,N/A,N/A,N/A,N/A,N/A,N/A,N/A,N/A,N/A,N/A,N/A,N/A,N/A,N/A,N/A,N/A,N/A,N/A,N/A,N/A,N/A,N/A,N/A,N/A,N/A,N/A,N/A,N/A,N/A,N/A,N/A,N/A,N/A,N/A,N/A,N/A,N/A,N/A,N/A,N/A,N/A,N/A,N/A,N/A,N/A,N/A,N/A,N/A,N/A,N/A,N/A,N/A,N/A,N/A,N/A,N/A,N/A,N/A,N/A,N/A,N/A,N/A,N/A,N/A,N/A,N/A,N/A,N/A,N/A,N/A,N/A,N/A,N/A,N/A,N/A,N/A,N/A,N/A,N/A,N/A,N/A,N/A,N/A,N/A,N/A,N/A,N/A,N/A,N/A,N/A,N/A,N/A,N/A,N/A,N/A,N/A,N/A,N/A,N/A,N/A,N/A,N/A,N/A,N/A,N/A,N/A,N/A,N/A,N/A,N/A,N/A,N/A,N/A,N/A,N/A,N/A,N/A,N/A,N/A,N/A,N/A,N/A,N/A,N/A,N/A,N/A,N/A,N/A,N/A,N/A,N/A,N/A,N/A,N/A,N/A,N/A,N/A,N/A,N/A,N/A,N/A,N/A,N/A,N/A,N/A,N/A,N/A,N/A,N/A,N/A,N/A,N/A,N/A,N/A,N/A,N/A,N/A,N/A,N/A,N/A,N/A,N/A,N/A,N/A,N/A,N/A,N/A,N/A,N/A,N/A,N/A,N/A,N/A,N/A,N/A,N/A
Matheus Alexandre Anastácio de Souza,26,923468400,1999/04/07,Serie A,2024,Midfielder,Cuiabá,2474,1396,1078,Brazil,31,18,13,1,0,1,0,0,0,0,0,9,6,3,27,17,10,7,0,0.04,0,0.04,0,0.08,2474,0.98,92,80,353,0,0.25,281,445,-1,11,0,6.80,0,45,34.81,30.87,43,957,24.87,771,39,28.05,43,0.00,0.00,0.42,13,0.00,1.48,2.26,2.00,62,0.00,0.68,0.00,0.00,0.00,1.19,0.39,0.00,6.00,0.22,0.13,0.77,0.00,0.06,0.03,0.00,1.68,0.00,0.00,0,0,,6,0.19,14,2,0.07,17,4,0.15,16,1,2,29,79,0.00,99,0,37,1.35,84,46,62,1.67,61,0,0.00,99,0,0.00,0,0,0.00,0,0.47,32,24,0.87,40,12,0.44,50.00,0,0.00,0,0,0,0.00,0,0,0.00,64,0.00,0,N/A,N/A,N/A,N/A,0.00,0,0.00,0,1.04,0.00,0,80.56,33.33,37,25,0.94,1.05,29,42,57,0,0,0,0.13,0.15,4,43,210.85,1.81,2.04,56,1,0.00,0.04,15,0.03,0,0,0,0.00,0.00,0,0.00,0.00,0.00,0.00,0,0,16.67,80,87,83,98,64,2.00,17,0.06,0.07,1.04,30,0.03,0.04,16,10,0.32,0.36,0.95,0.84,33,26,0.04,29,34,70,67,0,41,75,0,0.00,99,52,0.00,1.89,9.06,8.03,249,135,53,42,4.91,4.35,54.22,21,0.76,53,0,23.91,0,0.00,99,11,0.35,0.40,61,88,31,30,0,0,0,0,0,30,45,64,54,0,99,61,57,51,7,23,79,2,0,0
Matheus Araújo,23,1022050800,2002/05/22,Serie A,2024,Midfielder,Corinthians,36,19,17,Brazil,4,2,2,0,0,0,0,0,0,0,0,0,0,0,1,1,0,0,0,0,0,0,0,0,0,2.5,36,9,0,0,0,-1,-1,-1,21,0,4.27,0,45,25.20,2.33,21,7,1.67,5,9,18.00,18,0.00,0.00,0.00,0,0.00,0.00,3.60,0.33,1,0.00,0.33,0.00,0.00,0.00,0.00,0.00,0.00,0.00,0.00,0.00,0.00,0.00,0.00,0.00,0.00,0.33,0.00,0.00,0,0,,0,0.00,8,0,0.00,15,0,0.00,9,0,4,0,98,0.00,99,0,0,0.00,9,0,30,0.00,14,0,0.00,99,0,0.00,0,0,0.00,0,0.00,8,0,0.00,7,0,0.00,0.00,0,0.00,0,0,0,0.00,0,0,0.00,0,0.00,0,N/A,N/A,N/A,N/A,0.00,0,0.00,0,0.00,0.00,0,71.43,0.00,15,99,0.00,0.00,0,10,10,0,0,0,0.00,0.00,0,23,12.82,0.00,0.00,0,0,0.00,0.00,99,0.00,0,0,0,0.00,0.00,0,0.00,0.00,0.00,0.00,0,0,0.00,42,0,0,40,0,0.01,6,0.00,0.04,0.00,9,0.00,0.00,2,0,0.00,0.00,0.00,0.00,5,0,0.00,9,0,1,67,0,41,98,0,0.00,99,1,0.00,3.60,10.80,1.00,3,2,92,64,7.20,0.67,66.67,1,3.60,0,0,0.00,0,0.00,99,0,0.00,0.00,30,0,50,11,0,0,0,0,0,26,40,59,54,0,99,2,7,7,0,0,7,30,0,0
Matheus Bidu,26,925801200,1999/05/04,Serie A,2024,Defender,Corinthians,1496,664,832,Brazil,23,10,13,2,1,1,1,0,1,0,0,8,4,4,14,6,8,3,0,0.18,0.06,0.12,0.14,0.11,748,0.84,107,65,499,1496,0.18,182,242,36,7,0,7.16,0.04,54,46.24,33.62,74,706,29.14,612,79,40.09,77,0.00,0.00,0.81,17,0.00,1.76,1.77,1.29,27,0.00,0.62,0.00,0.00,0.00,1.33,0.48,0.00,6.50,0.85,0.24,0.95,0.00,0.38,0.11,0.00,0.29,0.00,0.00,0,0,,13,0.62,55,8,0.52,66,5,0.33,38,7,7,16,61,0.00,99,0,28,1.83,97,37,84,2.42,68,0,0.00,99,0,0.00,0,0,0.00,0,1.11,65,20,1.31,56,10,0.66,50.00,0,0.00,0,0,0,0.00,0,0,0.00,82,0.00,0,N/A,N/A,N/A,N/A,0.00,0,0.00,0,2.40,0.00,0,86.69,61.54,89,46,0.52,0.72,11,56,57,0,0,0,0.24,0.33,5,67,150.44,1.33,1.83,28,0,0.00,0.00,99,0.00,0,0,0,0.00,0.00,0,0.00,0.00,0.13,0.10,2,0,15.38,75,58,55,75,81,2.45,66,0.12,0.16,2.40,66,0.11,0.16,60,18,0.86,1.18,0.59,0.43,14,9,0.16,64,88,66,67,0,69,18,0,0.00,99,6,0.00,0.39,7.27,5.29,111,61,28,23,4.00,2.90,54.95,13,0.85,46,0,32.43,0,0.00,99,12,0.57,0.79,79,56,68,97,0,0,0,0,0,59,66,69,68,0,99,79,74,34,3,13,44,21,0,0
Matheus dos Reis Francisco,18,1175497200,2007/04/02,Serie A,2024,Midfielder,Fluminense,0,0,0,Brazil,0,0,0,0,0,0,0,0,0,0,0,0,0,0,0,0,0,0,0,0,0,0,0,0,0,0,0,0,0,0,0,-1,-1,-1,-1,N/A,N/A,N/A,N/A,N/A,N/A,N/A,N/A,N/A,N/A,N/A,N/A,N/A,N/A,N/A,N/A,N/A,N/A,N/A,N/A,N/A,N/A,N/A,N/A,N/A,N/A,N/A,N/A,N/A,N/A,N/A,N/A,N/A,N/A,N/A,N/A,N/A,N/A,N/A,N/A,N/A,N/A,N/A,N/A,N/A,N/A,N/A,N/A,N/A,N/A,N/A,N/A,N/A,N/A,N/A,N/A,N/A,N/A,N/A,N/A,N/A,N/A,N/A,N/A,N/A,N/A,N/A,N/A,N/A,N/A,N/A,N/A,N/A,N/A,N/A,N/A,N/A,N/A,N/A,N/A,N/A,N/A,N/A,N/A,N/A,N/A,N/A,N/A,N/A,N/A,N/A,N/A,N/A,N/A,N/A,N/A,N/A,N/A,N/A,N/A,N/A,N/A,N/A,N/A,N/A,N/A,N/A,N/A,N/A,N/A,N/A,N/A,N/A,N/A,N/A,N/A,N/A,N/A,N/A,N/A,N/A,N/A,N/A,N/A,N/A,N/A,N/A,N/A,N/A,N/A,N/A,N/A,N/A,N/A,N/A,N/A,N/A,N/A,N/A,N/A,N/A,N/A,N/A,N/A,N/A,N/A,N/A,N/A,N/A,N/A,N/A,N/A,N/A,N/A,N/A,N/A,N/A,N/A,N/A,N/A,N/A,N/A,N/A,N/A,N/A,N/A,N/A,N/A,N/A,N/A,N/A,N/A,N/A,N/A,N/A,N/A,N/A,N/A,N/A,N/A,N/A,N/A,N/A,N/A,N/A,N/A,N/A,N/A,N/A,N/A,N/A,N/A,N/A,N/A,N/A,N/A,N/A,N/A,N/A,N/A,N/A,N/A,N/A,N/A,N/A,N/A,N/A,N/A,N/A,N/A,N/A,N/A,N/A,N/A,N/A,N/A,N/A,N/A,N/A,N/A,N/A,N/A,N/A,N/A
Matheus Fellipe Costa Pereira,29,831279600,1996/05/05,Serie A,2024,Forward,Cruzeiro,2831,1573,1258,Brazil,34,18,16,8,6,2,7,5,2,0,0,11,6,5,27,12,15,11,1,0.48,0.22,0.25,0.34,0.14,354,0.86,105,83,257,404,0.35,80,51,-1,1,0,7.55,0.21,92,46.77,43.10,75,1293,36.00,1080,58,39.07,74,0.00,0.00,2.27,68,0.00,5.20,0.72,0.67,20,0.00,0.73,0.00,0.00,0.00,0.23,1.03,0.00,6.43,1.63,0.87,1.93,0.00,0.63,0.27,0.00,0.27,0.00,0.00,0,0,,45,1.50,81,19,0.69,76,26,0.94,85,3,3,31,17,0.00,99,0,7,0.25,21,156,56,5.64,95,0,0.00,99,0,0.00,0,0,0.00,0,2.46,96,58,2.10,75,31,1.12,53.45,0,0.00,0,0,0,0.00,0,0,0.00,79,0.00,0,N/A,N/A,N/A,N/A,0.00,0,0.00,0,7.98,0.00,0,83.53,42.22,53,63,0.50,0.54,15,78,61,0,0,0,0.13,0.14,4,42,226.36,0.07,0.07,2,0,0.00,0.00,99,0.00,0,0,2,0.07,0.07,0,0.00,0.00,0.18,0.17,5,0,15.56,75,95,94,55,79,9.16,97,0.31,0.33,7.98,86,0.27,0.29,98,87,2.90,3.15,0.98,0.90,35,27,0.29,84,99,2,83,0,75,12,0,0.00,99,8,0.00,0.29,9.12,8.40,252,146,62,45,5.28,4.87,57.94,22,0.80,49,0,21.79,0,0.00,99,34,1.13,1.23,91,92,41,63,0,0,0,0,0,91,85,74,88,0,99,72,35,73,10,29,89,10,0,0
Matheus Fernandes Siqueira,27,899190000,1998/06/30,Serie A,2024,Midfielder,Bragantino,853,435,418,Brazil,16,8,8,1,0,1,1,0,1,0,0,3,2,1,13,5,8,5,0,0.21,0.11,0.11,0,0.22,853,1.37,66,53,171,853,0.53,190,168,-1,18,0,7.12,0.06,70,37.25,22.73,51,341,18.07,271,34,29.60,47,0.00,0.00,0.27,4,0.00,0.13,3.93,2.40,36,0.00,0.47,0.00,0.00,0.00,1.53,0.60,0.00,9.00,0.98,0.40,0.73,0.00,0.20,0.08,0.00,0.80,0.00,0.00,0,0,,9,0.60,59,3,0.33,52,6,0.66,70,4,4,12,99,0.00,99,0,23,2.51,99,2,30,0.22,27,0,0.00,99,0,0.00,0,0,0.00,0,0.44,30,11,1.20,51,9,0.98,81.82,0,0.00,0,0,0,0.00,0,0,0.00,21,0.00,0,N/A,N/A,N/A,N/A,0.00,0,0.00,0,1.26,0.00,0,79.47,33.33,37,61,0.33,0.55,5,74,92,0,0,0,0.20,0.33,3,67,106.78,1.40,2.29,21,0,0.00,0.00,99,0.00,0,0,0,0.00,0.00,0,0.00,0.00,0.00,0.00,0,0,11.11,61,28,27,78,21,1.30,57,0.09,0.14,1.26,61,0.08,0.14,62,11,0.73,1.20,2.29,1.40,95,21,0.14,59,83,73,67,0,41,59,0,0.00,99,12,0.00,1.31,11.58,7.07,106,68,95,71,7.43,4.53,64.15,7,0.76,53,0,0.00,0,0.00,99,0,0.00,0.00,30,41,50,77,0,0,0,0,0,65,64,83,54,0,99,27,18,90,5,31,92,35,0,0
Matheus França Silva,25,968396400,2000/09/08,Serie A,2024,Defender,Corinthians,2239,1127,1112,Brazil,31,16,15,1,1,0,1,1,0,0,0,9,5,4,24,12,12,4,0,0.08,0.04,0.04,0.08,0,2239,0.96,93,72,560,2239,0.16,295,260,66,14,0,7.06,0.03,50,41.53,32.76,62,950,28.07,814,72,35.58,65,0.00,0.00,0.90,26,0.00,2.17,2.27,1.79,52,0.00,0.24,0.00,0.00,0.00,0.90,0.21,0.00,13.00,0.57,0.24,0.41,0.00,0.21,0.06,0.00,0.28,0.00,0.00,0,0,,13,0.45,40,6,0.26,45,7,0.31,36,1,8,23,80,0.00,99,0,26,1.14,75,63,75,2.75,72,0,0.00,99,0,0.00,0,0,0.00,0,1.14,66,12,0.52,28,6,0.26,50.00,0,0.00,0,0,0,0.00,0,0,0.00,66,0.00,0,N/A,N/A,N/A,N/A,0.00,0,0.00,0,1.82,0.00,0,85.68,46.15,60,28,0.79,1.01,23,28,57,0,0,0,0.28,0.35,8,69,204.70,1.90,2.40,55,0,0.00,0.00,99,0.00,0,0,0,0.00,0.00,0,0.00,0.00,0.13,0.10,3,1,7.69,52,80,83,96,66,3.19,57,0.11,0.14,1.82,44,0.06,0.08,36,17,0.59,0.74,0.70,0.55,19,16,0.08,43,77,75,67,0,69,16,0,0.00,99,8,0.00,0.35,6.56,5.17,150,83,21,15,3.63,2.86,55.33,7,0.31,73,0,28.57,0,0.00,99,18,0.62,0.79,79,75,73,30,0,0,0,0,0,39,45,59,58,0,99,61,78,30,4,13,44,2,0,0
Matheus Gonçalves Martins,31,780735600,1994/09/28,Serie A,2024,Forward,Vitória,208,146,62,Brazil,4,3,1,0,0,0,0,0,0,0,0,0,0,0,6,4,2,0,0,0,0,0,0,0,0,2.6,35,52,0,0,0,-1,-1,-1,27,0,6.66,0,45,22.07,12.75,15,51,10.25,41,38,17.74,18,0.00,0.00,1.75,7,0.00,1.50,0.87,0.50,2,0.00,1.75,0.00,0.00,0.00,0.00,0.75,0.00,0.00,1.30,0.50,1.25,0.00,0.25,0.06,0.00,0.25,0.00,0.00,0,0,,3,0.75,71,1,0.43,61,2,0.87,81,1,3,1,22,0.00,99,0,0,0.00,9,6,96,2.60,70,0,0.00,99,0,0.00,0,0,0.00,0,3.03,99,5,2.16,75,3,1.30,60.00,0,0.00,0,0,0,0.00,0,0,0.00,0,0.00,0,N/A,N/A,N/A,N/A,0.00,0,0.00,0,0.25,0.00,0,80.39,33.33,37,72,0.25,0.43,1,81,76,0,0,0,0.00,0.00,0,23,26.62,0.50,0.87,2,0,0.00,0.00,99,0.00,0,0,0,0.00,0.00,0,0.00,0.00,0.00,0.00,0,0,0.00,42,0,0,40,0,0.37,66,0.09,0.16,0.25,55,0.06,0.11,64,3,0.75,1.30,0.43,0.25,11,1,0.11,53,17,39,67,0,41,20,0,0.00,99,1,0.00,0.43,9.95,5.75,23,9,26,54,3.89,2.25,39.13,7,3.03,1,0,50.00,0,0.00,99,3,0.75,1.30,93,1,41,30,0,0,0,0,0,26,40,59,54,0,99,2,7,7,0,0,7,23,0,0
Matheus Gonçalves Martins,20,1124348400,2005/08/18,Serie A,2024,Midfielder,Flamengo,684,339,345,Brazil,14,6,8,2,0,2,0,0,0,0,0,5,3,2,10,4,6,2,0,0.26,0,0.26,0,0.52,342,1.32,68,49,342,0,0.26,76,301,-1,10,0,6.92,0,45,48.40,28.45,80,313,22.91,252,38,38.97,74,0.00,0.00,1.36,15,0.00,2.45,1.55,0.91,10,0.00,1.27,0.00,0.00,0.00,1.09,1.27,0.00,4.50,1.39,0.27,2.73,0.00,0.55,0.19,0.00,0.18,0.00,0.00,0,0,,9,0.82,74,6,0.93,86,3,0.46,54,3,6,8,50,0.00,99,0,12,1.86,98,27,40,4.18,87,0,0.00,99,0,0.00,0,0,0.00,0,2.32,95,30,4.64,94,14,2.16,46.67,0,0.00,0,0,0,0.00,0,0,0.00,24,0.00,0,N/A,N/A,N/A,N/A,0.00,0,0.00,0,2.10,0.00,0,80.51,66.67,95,7,0.91,1.55,10,94,45,0,0,0,0.00,0.00,0,23,76.14,0.09,0.15,1,0,0.00,0.00,99,0.00,0,0,1,0.09,0.15,0,0.00,0.00,0.00,0.00,0,0,22.22,88,19,20,54,24,1.05,66,0.10,0.16,2.10,89,0.19,0.32,62,8,0.73,1.24,1.55,0.91,73,10,0.32,87,55,3,96,0,41,14,0,0.00,99,2,0.00,0.31,13.76,8.09,89,34,62,85,5.26,3.09,38.20,14,2.16,6,0,14.81,0,0.00,99,4,0.36,0.62,72,24,63,63,0,0,0,0,0,70,86,98,54,0,99,81,54,54,1,7,17,20,0,0
Matheus Henrique,27,882518400,1997/12/19,Serie A,2024,Midfielder,Cruzeiro,1239,808,431,Brazil,17,10,7,2,2,0,0,0,0,0,0,4,3,1,12,7,5,4,0,0.15,0,0.15,0.22,0,620,0.87,103,73,310,0,0.29,149,375,-1,11,0,7.04,0,45,40.20,33.50,59,536,28.69,459,71,34.42,61,0.00,0.00,0.81,13,0.00,1.25,1.72,1.44,23,0.00,1.19,0.00,0.00,0.00,0.44,0.69,0.00,10.00,1.50,0.88,1.38,0.00,0.38,0.16,0.00,0.56,0.00,0.00,0,0,,20,1.25,78,6,0.45,62,14,1.05,90,1,4,13,59,0.00,99,0,7,0.53,35,20,41,1.50,59,0,0.00,99,0,0.00,0,0,0.00,0,0.98,59,22,1.65,67,11,0.82,50.00,0,0.00,0,0,0,0.00,0,0,0.00,78,0.00,0,N/A,N/A,N/A,N/A,0.00,0,0.00,0,2.58,0.00,0,85.63,30.00,28,76,0.31,0.38,5,67,57,0,0,0,0.31,0.38,5,72,112.67,0.69,0.82,11,0,0.00,0.00,99,0.00,0,0,1,0.06,0.08,0,0.00,0.00,0.08,0.06,1,0,10.00,57,48,32,70,78,1.56,45,0.10,0.12,2.58,72,0.16,0.19,77,22,1.38,1.65,1.35,1.12,61,18,0.19,70,75,37,84,0,58,33,0,0.00,99,9,0.00,0.67,9.53,7.94,127,65,53,49,4.88,4.06,51.18,19,1.43,22,0,15.00,0,0.00,99,3,0.19,0.23,54,45,50,30,0,0,0,0,0,54,72,59,78,0,99,43,48,61,4,24,82,97,0,0
Matheus Henrique Teixeira,26,920880000,1999/03/08,Serie A,2024,Goalkeeper,Criciúma,0,0,0,Brazil,0,0,0,0,0,0,0,0,0,0,0,0,0,0,0,0,0,0,0,0,0,0,0,0,0,0,0,0,0,0,0,-1,-1,-1,-1,N/A,N/A,N/A,N/A,N/A,N/A,N/A,N/A,N/A,N/A,N/A,N/A,N/A,N/A,N/A,N/A,N/A,N/A,N/A,N/A,N/A,N/A,N/A,N/A,N/A,N/A,N/A,N/A,N/A,N/A,N/A,N/A,N/A,N/A,N/A,N/A,N/A,N/A,N/A,N/A,N/A,N/A,N/A,N/A,N/A,N/A,N/A,N/A,N/A,N/A,N/A,N/A,N/A,N/A,N/A,N/A,N/A,N/A,N/A,N/A,N/A,N/A,N/A,N/A,N/A,N/A,N/A,N/A,N/A,N/A,N/A,N/A,N/A,N/A,N/A,N/A,N/A,N/A,N/A,N/A,N/A,N/A,N/A,N/A,N/A,N/A,N/A,N/A,N/A,N/A,N/A,N/A,N/A,N/A,N/A,N/A,N/A,N/A,N/A,N/A,N/A,N/A,N/A,N/A,N/A,N/A,N/A,N/A,N/A,N/A,N/A,N/A,N/A,N/A,N/A,N/A,N/A,N/A,N/A,N/A,N/A,N/A,N/A,N/A,N/A,N/A,N/A,N/A,N/A,N/A,N/A,N/A,N/A,N/A,N/A,N/A,N/A,N/A,N/A,N/A,N/A,N/A,N/A,N/A,N/A,N/A,N/A,N/A,N/A,N/A,N/A,N/A,N/A,N/A,N/A,N/A,N/A,N/A,N/A,N/A,N/A,N/A,N/A,N/A,N/A,N/A,N/A,N/A,N/A,N/A,N/A,N/A,N/A,N/A,N/A,N/A,N/A,N/A,N/A,N/A,N/A,N/A,N/A,N/A,N/A,N/A,N/A,N/A,N/A,N/A,N/A,N/A,N/A,N/A,N/A,N/A,N/A,N/A,N/A,N/A,N/A,N/A,N/A,N/A,N/A,N/A,N/A,N/A,N/A,N/A,N/A,N/A,N/A,N/A,N/A,N/A,N/A,N/A,N/A,N/A,N/A,N/A,N/A,N/A
Matheus Leonardo Sales Cardoso,27,887184000,1998/02/11,Serie A,2024,Forward,Criciúma,1592,1037,555,Brazil,28,17,11,5,3,2,3,2,1,0,0,4,4,0,28,12,16,3,0,0.45,0.17,0.28,0.26,0.32,318,1.58,57,57,531,531,0.17,62,92,-1,3,0,6.83,0.11,83,33.77,21.12,39,528,16.04,401,17,25.65,35,0.00,0.00,1.12,28,0.00,1.52,1.22,0.76,19,0.00,1.16,0.00,0.00,0.00,0.24,1.32,0.00,6.33,1.22,0.48,2.96,0.00,0.28,0.13,0.00,0.20,0.00,0.00,0,0,,19,0.76,66,7,0.45,62,12,0.77,77,2,9,19,36,0.00,99,0,6,0.38,27,38,96,2.43,69,0,0.00,99,0,0.00,0,0,0.00,0,1.79,89,74,4.73,95,33,2.11,44.59,0,0.00,0,0,0,0.00,0,0,0.00,9,0.00,0,N/A,N/A,N/A,N/A,0.00,0,0.00,0,3.24,0.00,0,75.95,36.84,41,52,0.40,0.64,10,93,39,0,0,0,0.00,0.00,0,23,170.77,0.28,0.45,7,0,0.00,0.00,99,0.00,0,0,1,0.04,0.06,0,0.00,0.00,0.00,0.00,0,0,15.79,76,61,74,51,9,3.72,89,0.15,0.24,3.24,75,0.13,0.21,85,31,1.24,1.98,1.02,0.64,39,16,0.21,73,41,15,78,0,41,15,0,0.00,99,5,0.00,0.32,12.73,7.96,199,88,69,78,5.63,3.52,44.22,29,1.86,11,0,52.63,0,0.00,99,20,0.80,1.28,92,64,78,46,0,0,0,0,0,90,89,90,82,0,99,12,77,33,3,11,35,17,0,0
Matheus Martinelli,24,989478000,2001/05/10,Serie A,2024,Midfielder,Fluminense,2660,1275,1385,Brazil,34,16,18,1,1,0,1,0,1,0,0,11,6,5,27,11,16,9,0,0.07,0.03,0.03,0.07,0,2660,0.91,99,78,296,2660,0.3,300,274,-1,10,0,6.84,0.03,46,55.34,48.34,90,1547,43.16,1381,92,49.40,90,0.00,0.00,0.50,16,0.00,0.28,1.43,1.25,40,0.00,1.34,0.00,0.00,0.00,0.69,0.66,0.00,7.00,0.25,0.12,1.31,0.00,0.09,0.04,0.00,0.75,0.00,0.00,0,0,,7,0.22,16,3,0.11,23,4,0.14,15,4,0,34,44,0.00,99,0,22,0.79,55,9,58,0.32,32,0,0.00,99,0,0.00,0,0,0.00,0,0.57,36,42,1.50,62,21,0.75,50.00,0,0.00,0,0,0,0.00,0,0,0.00,72,0.00,0,N/A,N/A,N/A,N/A,0.00,0,0.00,0,1.15,0.00,0,89.27,42.86,55,49,0.59,0.68,19,64,57,0,0,0,0.34,0.39,11,73,218.76,1.38,1.57,44,0,0.00,0.00,99,0.00,0,0,1,0.03,0.04,0,0.00,0.00,0.00,0.00,0,1,14.29,72,92,94,99,72,4.08,62,0.13,0.15,1.15,30,0.04,0.04,43,24,0.75,0.86,1.65,1.44,76,46,0.04,29,42,60,72,0,41,42,0,0.00,99,24,0.00,0.86,9.59,8.38,268,109,26,50,3.90,3.41,40.67,43,1.54,18,0,22.22,0,0.00,99,2,0.06,0.07,38,97,14,77,0,0,0,0,0,36,41,59,57,0,99,72,45,63,9,26,85,8,0,0
Matheus Martins Fogaça de Paula,28,877158000,1997/10/18,Serie A,2024,Midfielder,Vitória,2483,1324,1159,Brazil,33,17,16,5,2,3,6,3,3,0,0,9,4,5,31,16,15,5,0,0.4,0.22,0.18,0.14,0.23,497,1.12,80,75,497,414,0.18,123,53,-1,3,0,7.02,0.18,92,29.10,24.06,29,746,20.42,633,67,24.69,33,0.00,0.00,1.13,35,0.00,2.81,1.64,1.35,42,0.00,1.39,0.00,0.00,0.00,0.77,1.00,0.00,7.60,1.48,0.55,1.84,0.00,0.68,0.21,0.00,0.42,0.00,0.00,0,0,,38,1.23,76,21,0.82,81,17,0.66,70,3,1,32,55,0.00,99,0,24,0.94,63,87,75,3.39,79,0,0.00,99,0,0.00,0,0,0.00,0,1.37,78,57,2.22,76,31,1.21,54.39,0,0.00,0,0,0,0.00,0,0,0.00,49,0.00,0,N/A,N/A,N/A,N/A,0.00,0,0.00,0,6.65,0.00,0,84.85,55.26,81,37,0.71,0.86,22,80,63,0,0,0,0.13,0.16,4,44,217.74,0.16,0.20,5,0,0.00,0.00,99,0.00,0,0,1,0.03,0.04,0,0.00,0.00,0.16,0.13,4,1,13.16,69,88,91,64,48,6.15,89,0.20,0.24,6.65,82,0.21,0.26,96,72,2.32,2.81,0.86,0.71,28,22,0.26,81,72,5,72,0,73,24,0,0.00,99,13,0.00,0.51,11.59,9.58,297,156,78,71,6.09,5.03,52.53,43,1.68,15,0,28.74,0,0.00,99,25,0.81,0.98,85,94,22,63,0,0,0,0,0,85,77,84,68,0,99,55,74,34,5,15,51,30,0,0
Matheus Mendes,26,921052800,1999/03/10,Serie A,2024,Goalkeeper,Atlético Mineiro,1088,728,360,Brazil,13,9,4,0,0,0,0,0,0,0,0,1,1,0,19,13,6,1,0,0,0,0,0,0,0,1.57,57,84,1088,0,0.08,398,402,176,29,0,7.25,0,45,22.30,20.45,15,225,16.64,183,43,18.14,19,0.00,0.00,0.00,0,0.00,0.00,0.00,0.00,0,0.00,0.00,0.00,0.00,3.45,0.00,0.00,5.09,0.00,0.00,0.00,0.00,0.00,0.00,0.00,0.00,0.27,0.00,0.00,0,0,,0,0.00,8,0,0.00,15,0,0.00,9,0,1,12,4,0.00,99,0,0,0.00,9,0,30,0.00,14,0,0.00,99,0,0.00,0,0,0.00,0,0.00,8,0,0.00,7,0,0.00,0.00,0,0.00,0,38,15,3.77,74,56,0.00,9,5.55,91,N/A,N/A,N/A,N/A,67.86,0,0.00,0,0.00,0.00,0,81.33,0.00,15,99,0.00,0.00,0,10,10,0,0,28,0.00,0.00,0,23,79.78,1.09,1.19,12,0,0.00,0.00,99,0.00,1,0,0,0.00,0.00,3,0.27,0.30,0.00,0.00,0,0,0.00,42,40,18,40,9,0.40,6,0.04,0.04,0.00,9,0.00,0.00,8,2,0.18,0.20,0.00,0.00,5,0,0.00,9,92,50,67,21,41,13,0,0.00,99,3,0.00,0.30,0.40,0.36,4,4,4,3,0.40,0.36,100.00,0,0.00,99,0,0.00,0,0.00,99,0,0.00,0.00,30,41,22,11,0,0,0,0,0,26,40,59,54,0,99,4,96,12,0,0,7,31,0,0
Matheus Nascimento de Paula,21,1078300800,2004/03/03,Serie A,2024,Forward,Botafogo,25,25,0,Brazil,1,1,0,0,0,0,0,0,0,0,0,1,1,0,0,0,0,0,0,0,0,0,0,0,0,0,0,25,0,0,0,-1,-1,-1,28,0,7.02,0,45,7.20,2.00,0,2,2.00,2,99,7.20,0,0.00,0.00,0.00,0,0.00,0.00,3.60,1.00,1,0.00,0.00,0.00,0.00,0.00,0.00,0.00,0.00,0.00,0.00,0.00,0.00,0.00,0.00,0.00,0.00,0.00,0.00,0.00,0,0,,0,0.00,8,0,0.00,15,0,0.00,9,2,0,1,98,0.00,99,0,0,0.00,9,0,30,0.00,14,0,0.00,99,0,0.00,0,0,0.00,0,0.00,8,0,0.00,7,0,0.00,0.00,0,0.00,0,0,0,0.00,0,0,0.00,99,0.00,0,N/A,N/A,N/A,N/A,0.00,0,0.00,0,0.00,0.00,0,100.00,0.00,15,99,0.00,0.00,0,10,10,0,0,0,0.00,0.00,0,23,7.02,0.00,0.00,0,0,0.00,0.00,99,0.00,0,0,0,0.00,0.00,0,0.00,0.00,0.00,0.00,0,0,0.00,42,0,0,40,0,0.00,0,0.00,0.00,0.00,9,0.00,0.00,99,1,1.00,3.60,0.00,0.00,5,0,0.00,9,72,1,67,0,41,2,0,0.00,99,0,0.00,0.00,7.20,2.00,2,2,92,22,7.20,2.00,100.00,0,0.00,99,0,0.00,0,0.00,99,0,0.00,0.00,30,1,14,46,0,0,0,0,0,26,40,59,54,0,99,99,7,7,0,0,7,90,0,0
Matheus Planelles Donelli,23,1021618800,2002/05/17,Serie A,2024,Goalkeeper,Corinthians,630,180,450,Brazil,7,2,5,0,0,0,0,0,0,0,0,0,0,0,11,3,8,0,0,0,0,0,0,0,0,1.57,57,90,0,0,0,333,296,175,22,0,7.43,0,45,23.60,23.60,19,118,16.40,82,7,16.40,15,0.00,0.00,0.00,0,0.00,0.00,0.00,0.00,0,0.00,0.00,0.00,0.00,5.20,0.00,0.00,6.60,0.00,0.00,0.00,0.00,0.00,0.00,0.00,0.00,0.00,0.00,0.00,0,0,,0,0.00,8,0,0.00,15,0,0.00,9,0,0,7,4,0.00,99,0,0,0.00,9,0,30,0.00,14,0,0.00,99,0,0.00,0,0,0.00,0,0.00,8,0,0.00,7,0,0.00,0.00,0,0.00,0,26,85,5.20,99,33,0.00,9,6.60,97,N/A,N/A,N/A,N/A,78.79,0,0.00,0,0.00,0.00,0,69.49,0.00,15,99,0.00,0.00,0,10,10,0,0,11,0.00,0.00,0,23,37.13,0.20,0.20,1,0,0.00,0.00,99,0.00,1,0,0,0.00,0.00,0,0.00,0.00,0.00,0.00,0,0,0.00,42,16,4,40,9,0.20,6,0.04,0.04,0.00,9,0.00,0.00,2,0,0.00,0.00,0.00,0.00,5,0,0.00,9,98,5,67,0,41,2,0,0.00,99,0,0.00,0.00,0.00,0.00,0,0,0,0,0.00,0.00,0.00,0,0.00,99,0,0.00,0,0.00,99,0,0.00,0.00,30,18,14,11,0,0,0,0,0,26,40,59,54,0,99,2,7,7,0,0,7,32,0,0
Matheus Rossetto,29,833785200,1996/06/03,Serie A,2024,Midfielder,Fortaleza,1567,1002,565,Brazil,22,13,9,0,0,0,0,0,0,0,0,8,7,1,15,4,11,3,0,0,0,0,0,0,0,0.86,104,71,522,0,0.17,354,317,-1,23,0,6.90,0,45,61.07,48.05,95,1009,44.81,941,99,56.95,98,0.00,0.00,0.24,5,0.00,0.10,1.39,1.10,23,0.00,0.48,0.00,0.00,0.00,0.71,0.67,0.00,0.00,0.00,0.00,1.14,0.00,0.00,0.00,0.00,0.43,0.00,0.00,0,0,,0,0.00,8,0,0.00,15,0,0.00,9,7,3,19,42,0.00,99,0,15,0.91,62,2,30,0.12,21,0,0.00,99,0,0.00,0,0,0.00,0,0.30,23,24,1.45,61,14,0.85,58.33,0,0.00,0,0,0,0.00,0,0,0.00,79,0.00,0,N/A,N/A,N/A,N/A,0.00,0,0.00,0,0.00,0.00,0,93.26,0.00,15,55,0.48,0.61,10,68,72,0,0,0,0.00,0.00,0,23,144.91,0.67,0.85,14,0,0.00,0.00,99,0.00,0,0,0,0.00,0.00,0,0.00,0.00,0.00,0.00,0,0,0.00,42,61,50,40,79,2.49,62,0.12,0.15,0.00,9,0.00,0.00,36,12,0.57,0.73,0.73,0.57,21,12,0.00,9,52,39,67,0,41,25,0,0.00,99,9,0.00,0.54,6.66,5.24,110,58,18,16,3.51,2.76,52.73,10,0.61,60,0,0.00,0,0.00,99,0,0.00,0.00,30,64,41,97,0,0,0,0,0,26,40,59,54,0,99,81,76,33,3,14,48,16,0,0
Matheus Soares Rocha,20,1105344000,2005/01/10,Serie A,2024,Midfielder,Atlético PR,0,0,0,Brazil,0,0,0,0,0,0,0,0,0,0,0,0,0,0,0,0,0,0,0,0,0,0,0,0,0,0,0,0,0,0,0,-1,-1,-1,-1,N/A,N/A,N/A,N/A,N/A,N/A,N/A,N/A,N/A,N/A,N/A,N/A,N/A,N/A,N/A,N/A,N/A,N/A,N/A,N/A,N/A,N/A,N/A,N/A,N/A,N/A,N/A,N/A,N/A,N/A,N/A,N/A,N/A,N/A,N/A,N/A,N/A,N/A,N/A,N/A,N/A,N/A,N/A,N/A,N/A,N/A,N/A,N/A,N/A,N/A,N/A,N/A,N/A,N/A,N/A,N/A,N/A,N/A,N/A,N/A,N/A,N/A,N/A,N/A,N/A,N/A,N/A,N/A,N/A,N/A,N/A,N/A,N/A,N/A,N/A,N/A,N/A,N/A,N/A,N/A,N/A,N/A,N/A,N/A,N/A,N/A,N/A,N/A,N/A,N/A,N/A,N/A,N/A,N/A,N/A,N/A,N/A,N/A,N/A,N/A,N/A,N/A,N/A,N/A,N/A,N/A,N/A,N/A,N/A,N/A,N/A,N/A,N/A,N/A,N/A,N/A,N/A,N/A,N/A,N/A,N/A,N/A,N/A,N/A,N/A,N/A,N/A,N/A,N/A,N/A,N/A,N/A,N/A,N/A,N/A,N/A,N/A,N/A,N/A,N/A,N/A,N/A,N/A,N/A,N/A,N/A,N/A,N/A,N/A,N/A,N/A,N/A,N/A,N/A,N/A,N/A,N/A,N/A,N/A,N/A,N/A,N/A,N/A,N/A,N/A,N/A,N/A,N/A,N/A,N/A,N/A,N/A,N/A,N/A,N/A,N/A,N/A,N/A,N/A,N/A,N/A,N/A,N/A,N/A,N/A,N/A,N/A,N/A,N/A,N/A,N/A,N/A,N/A,N/A,N/A,N/A,N/A,N/A,N/A,N/A,N/A,N/A,N/A,N/A,N/A,N/A,N/A,N/A,N/A,N/A,N/A,N/A,N/A,N/A,N/A,N/A,N/A,N/A,N/A,N/A,N/A,N/A,N/A,N/A
Matheus Souza,22,1047542400,2003/03/13,Serie A,2024,Midfielder,São Paulo,0,0,0,Brazil,0,0,0,0,0,0,0,0,0,0,0,0,0,0,0,0,0,0,0,0,0,0,0,0,0,0,0,0,0,0,0,-1,-1,-1,-1,N/A,N/A,N/A,N/A,N/A,N/A,N/A,N/A,N/A,N/A,N/A,N/A,N/A,N/A,N/A,N/A,N/A,N/A,N/A,N/A,N/A,N/A,N/A,N/A,N/A,N/A,N/A,N/A,N/A,N/A,N/A,N/A,N/A,N/A,N/A,N/A,N/A,N/A,N/A,N/A,N/A,N/A,N/A,N/A,N/A,N/A,N/A,N/A,N/A,N/A,N/A,N/A,N/A,N/A,N/A,N/A,N/A,N/A,N/A,N/A,N/A,N/A,N/A,N/A,N/A,N/A,N/A,N/A,N/A,N/A,N/A,N/A,N/A,N/A,N/A,N/A,N/A,N/A,N/A,N/A,N/A,N/A,N/A,N/A,N/A,N/A,N/A,N/A,N/A,N/A,N/A,N/A,N/A,N/A,N/A,N/A,N/A,N/A,N/A,N/A,N/A,N/A,N/A,N/A,N/A,N/A,N/A,N/A,N/A,N/A,N/A,N/A,N/A,N/A,N/A,N/A,N/A,N/A,N/A,N/A,N/A,N/A,N/A,N/A,N/A,N/A,N/A,N/A,N/A,N/A,N/A,N/A,N/A,N/A,N/A,N/A,N/A,N/A,N/A,N/A,N/A,N/A,N/A,N/A,N/A,N/A,N/A,N/A,N/A,N/A,N/A,N/A,N/A,N/A,N/A,N/A,N/A,N/A,N/A,N/A,N/A,N/A,N/A,N/A,N/A,N/A,N/A,N/A,N/A,N/A,N/A,N/A,N/A,N/A,N/A,N/A,N/A,N/A,N/A,N/A,N/A,N/A,N/A,N/A,N/A,N/A,N/A,N/A,N/A,N/A,N/A,N/A,N/A,N/A,N/A,N/A,N/A,N/A,N/A,N/A,N/A,N/A,N/A,N/A,N/A,N/A,N/A,N/A,N/A,N/A,N/A,N/A,N/A,N/A,N/A,N/A,N/A,N/A,N/A,N/A,N/A,N/A,N/A,N/A
Mathías Adalberto Villasanti Rolón,28,854092800,1997/01/24,Serie A,2024,Midfielder,Grêmio,2340,1080,1260,Paraguay,26,12,14,3,2,1,1,1,0,0,0,6,4,2,30,12,18,4,0,0.15,0.04,0.12,0.17,0.07,780,1.15,78,90,585,2340,0.15,175,253,-1,7,0,7.11,0.04,50,48.04,48.04,79,1153,42.04,1009,84,42.04,80,0.00,0.00,0.67,16,0.00,0.46,2.88,2.88,69,0.00,1.12,0.00,0.00,0.00,1.83,0.67,0.00,4.33,0.54,0.25,1.54,0.00,0.29,0.12,0.00,0.62,0.00,0.00,0,0,,13,0.54,37,7,0.29,49,6,0.25,28,5,0,26,92,0.00,99,0,44,1.83,97,11,33,0.46,36,0,0.00,99,0,0.00,0,0,0.00,0,0.67,41,37,1.54,64,16,0.67,43.24,0,0.00,0,0,0,0.00,0,0,0.00,44,0.00,0,N/A,N/A,N/A,N/A,0.00,0,0.00,0,2.94,0.00,0,87.51,53.85,80,12,1.33,1.33,32,57,35,0,0,0,0.58,0.58,14,84,170.59,1.42,1.42,34,0,0.00,0.00,99,0.00,0,0,0,0.00,0.00,0,0.00,0.00,0.00,0.00,0,0,23.08,89,85,65,76,44,3.15,51,0.13,0.13,2.94,58,0.12,0.12,59,28,1.17,1.17,1.71,1.71,79,41,0.12,56,83,57,67,0,41,31,0,0.00,99,15,0.00,0.62,10.79,10.79,259,126,61,64,5.25,5.25,48.65,27,1.12,33,0,9.09,0,0.00,99,1,0.04,0.04,33,83,14,87,0,0,0,0,0,54,66,63,72,0,99,39,79,29,4,15,51,20,0,0
Matías Lacava,23,1035442800,2002/10/24,Serie A,2024,Midfielder,Atlético GO,474,264,210,Venezuela,12,6,6,0,0,0,0,0,0,0,0,4,4,0,6,0,6,2,0,0,0,0,0,0,0,1.14,79,40,237,0,0.38,328,349,-1,22,0,6.80,0,45,26.01,11.42,22,137,9.42,113,51,21.46,26,0.00,0.00,0.92,11,0.00,2.17,2.47,1.08,13,0.00,1.00,0.00,0.00,0.00,0.25,0.83,0.00,0.00,1.71,0.50,2.17,0.00,0.25,0.05,0.00,0.00,0.00,0.00,0,0,,9,0.75,83,3,0.57,69,6,1.14,93,4,7,5,85,0.00,99,0,3,0.57,39,26,32,4.94,91,0,0.00,99,0,0.00,0,0,0.00,0,2.09,92,26,4.94,96,10,1.90,38.46,0,0.00,0,0,0,0.00,0,0,0.00,46,0.00,0,N/A,N/A,N/A,N/A,0.00,0,0.00,0,0.62,0.00,0,82.48,33.33,37,31,0.42,0.95,5,91,25,0,0,0,0.08,0.19,1,49,81.65,0.00,0.00,0,0,0.00,0.00,99,0.00,0,0,0,0.00,0.00,0,0.00,0.00,0.19,0.08,1,0,0.00,42,7,14,40,46,0.68,51,0.06,0.13,0.62,58,0.05,0.12,72,8,0.67,1.52,2.09,0.92,92,11,0.12,56,34,1,67,0,77,2,0,0.00,99,0,0.00,0.00,15.38,6.75,81,31,76,93,5.89,2.58,38.27,12,2.28,3,0,7.69,0,0.00,99,2,0.17,0.38,60,11,68,77,0,0,0,0,0,26,40,59,54,0,99,76,30,78,2,17,60,20,0,0
Matías Viña,28,879062400,1997/11/09,Serie A,2024,Defender,Flamengo,419,79,340,Uruguay,9,4,5,0,0,0,0,0,0,0,0,1,1,0,5,1,4,1,0,0,0,0,0,0,0,1.07,84,47,419,0,0.21,512,400,96,36,0,6.64,0,45,35.66,18.44,46,166,14.78,133,37,28.57,45,0.00,0.00,0.33,3,0.00,1.78,1.93,1.00,9,0.00,0.56,0.00,0.00,0.00,0.56,0.56,0.00,0.00,0.43,0.11,1.67,0.00,0.11,0.02,0.00,0.78,0.00,0.00,0,0,,2,0.22,27,1,0.21,39,1,0.21,23,2,5,4,67,0.00,99,0,5,1.07,71,16,82,3.44,80,0,0.00,99,0,0.00,0,0,0.00,0,0.64,39,15,3.22,86,5,1.07,33.33,0,0.00,0,0,0,0.00,0,0,0.00,55,0.00,0,N/A,N/A,N/A,N/A,0.00,0,0.00,0,0.17,0.00,0,80.12,50.00,74,24,0.56,1.07,5,77,20,0,0,0,0.11,0.21,1,53,59.78,0.78,1.50,7,0,0.00,0.00,99,0.00,0,0,0,0.00,0.00,0,0.00,0.00,0.00,0.00,0,0,0.00,42,3,6,40,55,0.43,27,0.05,0.09,0.17,30,0.02,0.04,22,2,0.22,0.43,0.86,0.44,28,4,0.04,29,15,59,67,0,41,64,0,0.00,99,7,0.00,1.50,11.81,6.11,55,23,54,73,4.94,2.56,41.82,5,1.07,36,0,31.25,0,0.00,99,5,0.56,1.07,87,6,57,46,0,0,0,0,0,26,40,59,54,0,99,6,66,42,1,11,35,17,0,0
Matías Zaracho,27,889516800,1998/03/10,Serie A,2024,Midfielder,Atlético Mineiro,881,389,492,Argentina,16,6,10,2,1,1,0,0,0,0,0,5,2,3,15,6,9,3,0,0.2,0,0.2,0.23,0.18,441,1.53,59,55,294,0,0.31,118,403,-1,8,0,6.82,0,45,36.57,22.38,48,358,19.56,313,83,31.98,53,0.00,0.00,0.56,9,0.00,0.38,2.04,1.25,20,0.00,0.44,0.00,0.00,0.00,0.69,0.25,0.00,5.00,1.02,0.38,0.94,0.00,0.25,0.12,0.00,0.56,0.00,0.00,0,0,,10,0.62,60,4,0.41,60,6,0.61,66,9,5,11,71,0.00,99,0,11,1.12,74,6,30,0.61,44,0,0.00,99,0,0.00,0,0,0.00,0,0.92,57,15,1.53,63,4,0.41,26.67,0,0.00,0,0,0,0.00,0,0,0.00,11,0.00,0,N/A,N/A,N/A,N/A,0.00,0,0.00,0,1.98,0.00,0,87.43,40.00,51,6,1.00,1.63,16,40,15,0,0,0,0.06,0.10,1,36,109.11,0.12,0.20,2,0,0.00,0.00,99,0.00,0,0,0,0.00,0.00,0,0.00,0.00,0.10,0.06,1,0,20.00,87,29,27,62,11,0.90,27,0.06,0.09,1.98,73,0.12,0.20,69,14,0.88,1.43,1.02,0.62,39,10,0.20,71,39,5,67,0,63,44,0,0.00,99,9,0.00,0.92,10.32,6.31,101,47,50,59,4.80,2.94,46.53,7,0.72,54,0,0.00,0,0.00,99,0,0.00,0.00,30,37,57,99,0,0,0,0,0,63,78,80,79,0,99,68,44,66,2,12,41,15,0,0
Mauricio,24,993193200,2001/06/22,Serie A,2024,Midfielder,Palmeiras,1518,721,797,Brazil,25,12,13,3,1,2,0,0,0,0,0,9,4,5,13,8,5,2,0,0.18,0,0.18,0.12,0.23,506,0.77,117,61,759,0,0.12,128,356,-1,6,0,6.98,0,45,30.65,20.64,33,516,17.08,427,53,25.37,34,0.00,0.00,0.96,24,0.00,1.68,1.01,0.68,17,0.00,0.56,0.00,0.00,0.00,0.24,0.12,0.00,8.00,1.43,0.40,0.48,0.00,0.56,0.16,0.00,0.60,0.00,0.00,0,0,,24,0.96,75,14,0.83,82,10,0.59,64,4,8,17,28,0.00,99,0,6,0.36,26,42,69,2.50,69,0,0.00,99,0,0.00,0,0,0.00,0,1.43,80,12,0.71,34,3,0.18,25.00,0,0.00,0,0,0,0.00,0,0,0.00,86,0.00,0,N/A,N/A,N/A,N/A,0.00,0,0.00,0,3.96,0.00,0,82.75,58.33,85,64,0.36,0.53,9,23,15,0,0,0,0.04,0.06,1,27,174.46,0.36,0.53,9,0,0.00,0.00,99,0.00,0,0,1,0.04,0.06,0,0.00,0.00,0.06,0.04,1,2,12.50,68,59,62,64,86,2.07,45,0.08,0.12,3.96,80,0.16,0.24,81,30,1.20,1.78,0.65,0.44,16,11,0.24,78,65,19,78,0,51,43,0,0.00,99,15,0.00,0.89,7.84,5.28,132,65,25,28,3.86,2.60,49.24,14,0.83,47,0,26.19,0,0.00,99,11,0.44,0.65,73,60,73,77,0,0,0,0,0,59,77,84,65,0,99,81,89,20,2,8,21,27,0,0
Mauricio Kozlinski,34,677228400,1991/06/18,Serie A,2024,Goalkeeper,Fortaleza,0,0,0,Brazil,0,0,0,0,0,0,0,0,0,0,0,0,0,0,0,0,0,0,0,0,0,0,0,0,0,0,0,0,0,0,0,-1,-1,-1,-1,N/A,N/A,N/A,N/A,N/A,N/A,N/A,N/A,N/A,N/A,N/A,N/A,N/A,N/A,N/A,N/A,N/A,N/A,N/A,N/A,N/A,N/A,N/A,N/A,N/A,N/A,N/A,N/A,N/A,N/A,N/A,N/A,N/A,N/A,N/A,N/A,N/A,N/A,N/A,N/A,N/A,N/A,N/A,N/A,N/A,N/A,N/A,N/A,N/A,N/A,N/A,N/A,N/A,N/A,N/A,N/A,N/A,N/A,N/A,N/A,N/A,N/A,N/A,N/A,N/A,N/A,N/A,N/A,N/A,N/A,N/A,N/A,N/A,N/A,N/A,N/A,N/A,N/A,N/A,N/A,N/A,N/A,N/A,N/A,N/A,N/A,N/A,N/A,N/A,N/A,N/A,N/A,N/A,N/A,N/A,N/A,N/A,N/A,N/A,N/A,N/A,N/A,N/A,N/A,N/A,N/A,N/A,N/A,N/A,N/A,N/A,N/A,N/A,N/A,N/A,N/A,N/A,N/A,N/A,N/A,N/A,N/A,N/A,N/A,N/A,N/A,N/A,N/A,N/A,N/A,N/A,N/A,N/A,N/A,N/A,N/A,N/A,N/A,N/A,N/A,N/A,N/A,N/A,N/A,N/A,N/A,N/A,N/A,N/A,N/A,N/A,N/A,N/A,N/A,N/A,N/A,N/A,N/A,N/A,N/A,N/A,N/A,N/A,N/A,N/A,N/A,N/A,N/A,N/A,N/A,N/A,N/A,N/A,N/A,N/A,N/A,N/A,N/A,N/A,N/A,N/A,N/A,N/A,N/A,N/A,N/A,N/A,N/A,N/A,N/A,N/A,N/A,N/A,N/A,N/A,N/A,N/A,N/A,N/A,N/A,N/A,N/A,N/A,N/A,N/A,N/A,N/A,N/A,N/A,N/A,N/A,N/A,N/A,N/A,N/A,N/A,N/A,N/A,N/A,N/A,N/A,N/A,N/A,N/A
Mauricio Lemos,29,820137600,1995/12/28,Serie A,2024,Defender,Atlético Mineiro,383,227,156,Uruguay,8,5,3,0,0,0,0,0,0,0,0,3,1,2,4,4,0,3,0,0,0,0,0,0,0,0.94,96,48,128,0,0.7,409,407,58,32,0,6.85,0,45,60.66,34.86,95,244,30.29,212,80,52.71,93,0.00,0.00,0.14,1,0.00,0.29,0.99,0.57,4,0.00,0.14,0.00,0.00,0.00,0.57,0.00,0.00,0.00,0.25,0.14,0.14,0.00,0.00,0.01,0.00,1.29,0.00,0.00,0,0,,1,0.14,16,0,0.00,15,1,0.25,28,4,3,5,27,0.00,99,0,4,0.99,66,2,30,0.50,38,0,0.00,99,0,0.00,0,0,0.00,0,0.25,21,1,0.25,18,0,0.00,0.00,0,0.00,0,0,0,0.00,0,0,0.00,69,0.00,0,N/A,N/A,N/A,N/A,0.00,0,0.00,0,0.05,0.00,0,86.89,0.00,15,44,0.43,0.75,3,10,10,0,0,0,0.43,0.75,3,90,47.97,1.57,2.73,11,0,0.00,0.00,99,0.00,0,0,0,0.00,0.00,0,0.00,0.00,0.25,0.14,1,0,0.00,42,1,5,40,69,0.54,51,0.08,0.13,0.05,13,0.01,0.01,25,2,0.29,0.50,1.74,1.00,81,7,0.01,13,44,79,67,0,82,82,0,0.00,99,9,0.00,2.24,8.70,5.00,35,15,22,37,3.73,2.14,42.86,1,0.25,75,0,0.00,0,0.00,99,0,0.00,0.00,30,11,41,77,0,0,0,0,0,26,40,59,54,0,99,85,12,96,3,38,97,4,0,0
Maxime Dominguez,29,823161600,1996/02/01,Serie A,2024,Midfielder,Vasco da Gama,235,191,44,Switzerland,8,7,1,1,1,0,0,0,0,0,0,2,2,0,2,2,0,2,0,0.38,0,0.38,0.47,0,235,0.77,118,29,118,0,0.77,-1,-1,-1,19,0,6.70,0,45,40.77,13.25,60,106,11.62,93,84,35.77,66,0.00,0.00,0.38,3,0.00,0.12,4.23,1.38,11,0.00,0.62,0.00,0.00,0.00,0.38,0.12,0.00,1.00,0.38,0.00,0.38,0.00,0.12,0.09,0.00,0.00,0.00,0.00,0,0,,1,0.12,23,1,0.38,56,0,0.00,9,3,6,2,99,0.00,99,0,3,1.15,76,1,99,0.38,34,0,0.00,99,0,0.00,0,0,0.00,0,1.15,66,3,1.15,49,1,0.38,33.33,0,0.00,0,0,0,0.00,0,0,0.00,86,0.00,0,N/A,N/A,N/A,N/A,0.00,0,0.00,0,0.72,0.00,0,87.74,100.00,99,0,0.88,2.69,7,37,20,0,0,0,0.00,0.00,0,23,53.61,0.12,0.38,1,0,0.00,0.00,99,0.00,0,0,0,0.00,0.00,0,0.00,0.00,0.38,0.12,1,0,100.00,99,0,5,46,86,0.29,39,0.04,0.11,0.72,85,0.09,0.28,91,6,0.75,2.31,3.46,1.12,99,9,0.28,83,21,11,67,0,89,2,0,0.00,99,0,0.00,0.00,16.54,5.38,43,18,90,97,6.92,2.25,41.86,5,1.92,9,0,100.00,0,0.00,99,1,0.12,0.38,60,1,63,63,0,0,0,0,0,82,94,59,94,0,99,47,11,97,2,25,84,26,0,0
Maxsuel Alexandre Alves Soares,21,1073635200,2004/01/09,Serie A,2024,Midfielder,Vasco da Gama,72,46,26,Brazil,2,1,1,0,0,0,0,0,0,0,0,0,0,0,2,1,1,0,0,0,0,0,0,0,0,2.5,36,36,0,0,0,-1,-1,-1,26,0,6.45,0,45,26.25,10.50,23,21,8.50,17,41,21.25,25,0.00,0.00,1.00,2,0.00,0.50,0.00,0.00,0,0.00,1.50,0.00,0.00,0.00,0.00,0.00,0.00,0.00,1.25,0.50,1.00,0.00,0.00,0.03,0.00,1.50,0.00,0.00,0,0,,1,0.50,68,0,0.00,15,1,1.25,96,1,1,1,4,0.00,99,0,0,0.00,9,1,30,1.25,55,0,0.00,99,0,0.00,0,0,0.00,0,2.50,96,2,2.50,80,0,0.00,0.00,0,0.00,0,0,0,0.00,0,0,0.00,0,0.00,0,N/A,N/A,N/A,N/A,0.00,0,0.00,0,0.05,0.00,0,80.95,0.00,15,99,0.00,0.00,0,10,10,0,0,0,0.00,0.00,0,23,12.89,0.00,0.00,0,0,0.00,0.00,99,0.00,0,0,0,0.00,0.00,0,0.00,0.00,0.00,0.00,0,0,0.00,42,0,0,40,0,0.10,45,0.05,0.12,0.05,39,0.03,0.06,62,1,0.50,1.25,0.00,0.00,5,0,0.06,38,8,1,67,0,41,99,0,0.00,99,3,0.00,3.75,13.75,5.50,11,4,56,84,5.00,2.00,36.36,3,3.75,0,0,0.00,0,0.00,99,0,0.00,0.00,30,1,22,30,0,0,0,0,0,26,40,59,54,0,99,2,7,7,0,0,7,16,0,0
Maycon,28,868950000,1997/07/15,Serie A,2024,Midfielder,Corinthians,46,18,28,Brazil,2,1,1,0,0,0,0,0,0,0,0,1,1,0,2,0,2,1,0,0,0,0,0,0,0,3.91,23,23,46,0,1.96,-1,-1,-1,34,0,6.44,0,45,62.61,16.00,97,32,12.50,25,28,48.91,90,0.00,0.00,0.50,1,0.00,0.00,3.91,1.00,2,0.00,0.50,0.00,0.00,0.00,0.00,0.00,0.00,0.00,0.00,0.00,0.00,0.00,0.00,0.00,0.00,1.50,0.00,0.00,0,0,,0,0.00,8,0,0.00,15,0,0.00,9,1,2,0,98,0.00,99,0,0,0.00,9,0,30,0.00,14,0,0.00,99,0,0.00,0,0,0.00,0,1.96,91,0,0.00,7,0,0.00,0.00,0,0.00,0,0,0,0.00,0,0,0.00,0,0.00,0,N/A,N/A,N/A,N/A,0.00,0,0.00,0,0.00,0.00,0,78.12,0.00,15,2,0.50,1.96,1,10,10,0,0,0,0.00,0.00,0,23,12.88,0.00,0.00,0,0,0.00,0.00,99,0.00,0,0,0,0.00,0.00,0,0.00,0.00,0.00,0.00,0,0,0.00,42,0,0,40,0,0.09,73,0.04,0.18,0.00,9,0.00,0.00,85,1,0.50,1.96,1.96,0.50,89,1,0.00,9,8,1,67,0,41,99,0,0.00,99,3,0.00,5.87,21.52,5.50,11,6,99,99,11.74,3.00,54.55,1,1.96,8,0,0.00,0,0.00,99,0,0.00,0.00,30,0,31,30,0,0,0,0,0,26,40,59,54,0,99,96,7,99,1,50,99,7,0,0
Maycon Vinicius Ferreira da Cruz,33,712393200,1992/07/29,Serie A,2024,Midfielder,Atlético PR,1636,914,722,Brazil,26,14,12,6,3,3,2,0,2,0,0,5,4,1,17,8,9,2,0,0.44,0.11,0.33,0.3,0.37,273,0.94,96,63,818,818,0.11,48,167,-1,1,0,7.42,0.08,70,36.69,25.65,49,667,21.50,559,60,30.75,51,0.00,0.00,1.92,50,0.00,3.15,1.60,1.12,29,0.00,0.81,0.00,0.00,0.00,0.35,0.50,0.00,6.33,2.09,0.81,0.92,0.00,0.65,0.26,0.00,1.00,0.00,0.00,0,0,,38,1.46,92,17,0.94,87,21,1.16,94,5,7,19,53,0.00,99,0,9,0.50,33,82,88,4.51,89,0,0.00,99,0,0.00,0,0,0.00,0,2.75,97,24,1.32,57,13,0.72,54.17,0,0.00,0,0,0,0.00,0,0,0.00,69,0.00,0,N/A,N/A,N/A,N/A,0.00,0,0.00,0,6.64,0.00,0,83.81,44.74,59,71,0.31,0.44,8,62,63,0,0,0,0.04,0.06,1,27,193.01,0.23,0.33,6,0,0.00,0.00,99,0.00,0,0,1,0.04,0.06,0,0.00,0.00,0.17,0.12,3,0,15.79,76,63,65,49,69,4.44,89,0.17,0.24,6.64,92,0.26,0.37,86,37,1.42,2.04,0.77,0.54,22,14,0.37,91,98,8,78,0,73,63,0,0.00,99,26,0.00,1.43,10.12,7.08,184,104,71,56,5.72,4.00,56.52,21,1.16,30,0,35.37,0,0.00,99,29,1.12,1.60,95,64,68,87,0,0,0,0,0,89,91,92,85,0,99,27,91,17,2,8,21,11,0,0
Mayke,33,721382400,1992/11/10,Serie A,2024,Defender,Palmeiras,1047,727,320,Brazil,22,14,8,1,1,0,0,0,0,0,0,10,7,3,13,8,5,7,0,0.09,0,0.09,0.12,0,1047,1.12,81,48,150,0,0.6,212,477,108,14,0,6.92,0,45,45.74,21.60,73,432,18.35,367,67,38.86,74,0.00,0.00,0.60,12,0.00,1.35,3.18,1.50,30,0.00,0.15,0.00,0.00,0.00,0.80,0.30,0.00,4.00,0.42,0.15,0.45,0.00,0.05,0.04,0.00,0.80,0.00,0.00,0,0,,4,0.20,27,1,0.11,23,3,0.32,36,5,11,11,96,0.00,99,0,16,1.69,94,27,77,2.86,73,0,0.00,99,0,0.00,0,0,0.00,0,1.27,73,9,0.95,43,6,0.64,66.67,0,0.00,0,0,0,0.00,0,0,0.00,49,0.00,0,N/A,N/A,N/A,N/A,0.00,0,0.00,0,0.87,0.00,0,84.95,25.00,24,31,0.45,0.95,9,54,83,0,0,0,0.15,0.32,3,65,138.44,1.10,2.33,22,0,0.00,0.00,99,0.00,0,0,0,0.00,0.00,0,0.00,0.00,0.21,0.10,2,0,25.00,93,38,50,84,51,1.23,51,0.06,0.13,0.87,49,0.04,0.09,42,8,0.40,0.85,1.27,0.60,56,12,0.09,49,55,74,67,0,79,70,0,0.00,99,16,0.00,1.69,10.38,4.90,98,59,81,60,6.25,2.95,60.20,3,0.32,73,0,29.63,0,0.00,99,8,0.40,0.85,82,37,85,87,0,0,0,0,0,42,60,59,65,0,99,94,14,94,7,32,93,12,0,0
Mayksilvan da Silva Ferreira,26,936082800,1999/08/31,Serie A,2024,Defender,Grêmio,352,178,174,Brazil,6,3,3,0,0,0,0,0,0,0,0,1,0,1,5,4,1,1,0,0,0,0,0,0,0,1.28,70,59,352,0,0.26,373,324,147,17,0,6.93,0,45,35.95,23.50,47,141,17.00,102,11,26.01,36,0.00,0.00,0.17,1,0.00,0.50,1.78,1.17,7,0.00,0.17,0.00,0.00,0.00,0.33,0.83,0.00,0.00,0.00,0.00,1.00,0.00,0.00,0.00,0.00,1.50,0.00,0.00,0,0,,0,0.00,8,0,0.00,15,0,0.00,9,1,2,4,61,0.00,99,0,2,0.51,34,3,30,0.76,47,0,0.00,99,0,0.00,0,0,0.00,0,0.25,21,6,1.53,63,5,1.27,83.33,0,0.00,0,0,0,0.00,0,0,0.00,28,0.00,0,N/A,N/A,N/A,N/A,0.00,0,0.00,0,0.00,0.00,0,72.34,0.00,15,44,0.50,0.76,3,81,92,0,0,0,0.33,0.51,2,80,41.56,2.33,3.57,14,0,0.00,0.00,99,0.00,0,0,0,0.00,0.00,0,0.00,0.00,0.00,0.00,0,0,0.00,42,0,3,40,28,0.28,17,0.05,0.07,0.00,9,0.00,0.00,2,0,0.00,0.00,0.25,0.17,8,1,0.00,9,57,84,67,0,41,83,0,0.00,99,9,0.00,2.29,7.90,5.17,31,21,64,29,5.35,3.50,67.74,1,0.25,75,0,0.00,0,0.00,99,0,0.00,0.00,30,6,31,30,0,0,0,0,0,26,40,59,54,0,99,20,56,54,1,17,60,26,0,0
Memphis Depay,31,761126400,1994/02/13,Serie A,2024,Forward,Corinthians,796,426,370,Netherlands,11,6,5,7,4,3,1,1,0,1,0,5,3,2,8,4,4,3,0,0.9,0.11,0.79,0.85,0.73,114,0.9,100,72,265,796,0.34,2,162,-1,3,0,7.27,0.09,70,29.51,23.73,30,261,19.64,216,53,24.42,32,0.00,0.00,1.18,13,0.00,0.73,0.79,0.64,7,0.00,2.09,0.00,0.00,0.00,0.18,1.00,0.00,3.71,2.94,1.00,2.09,0.00,1.36,0.59,0.00,0.27,0.00,0.00,0,0,,26,2.36,99,15,1.70,99,11,1.24,96,5,2,9,19,0.00,99,0,2,0.23,20,8,37,0.90,49,0,0.00,99,0,0.00,0,0,0.00,0,1.47,81,23,2.60,81,11,1.24,47.83,0,0.00,0,0,0,0.00,0,0,0.00,73,0.00,0,N/A,N/A,N/A,N/A,0.00,0,0.00,0,6.50,0.00,0,82.76,57.69,84,59,0.45,0.57,5,81,47,1,0,0,0.09,0.11,1,38,79.97,0.27,0.34,3,0,0.00,0.00,99,0.00,0,1,1,0.09,0.11,0,0.00,0.00,0.34,0.27,3,0,26.92,94,24,11,40,73,1.55,73,0.14,0.18,5.80,99,0.53,0.66,79,15,1.36,1.70,0.68,0.55,18,6,0.73,99,93,8,91,0,87,15,0,0.00,99,3,0.00,0.34,9.50,7.64,84,36,30,49,4.07,3.27,42.86,23,2.60,2,0,12.50,0,0.00,99,1,0.09,0.11,45,28,31,87,0,1,0,9,0,99,99,99,99,0,99,94,37,72,2,18,63,94,0,0
Michael Richard Delgado de Oliveira,29,826617600,1996/03/12,Serie A,2024,Forward,Flamengo,652,402,250,Brazil,12,6,6,4,4,0,1,0,1,0,0,5,1,4,7,5,2,0,0,0.69,0.14,0.55,0.9,0,163,0.97,93,54,0,652,0,8,125,-1,5,0,7.04,0.08,78,27.61,16.67,26,200,13.08,157,31,21.67,26,0.00,0.00,0.92,11,0.00,1.33,0.97,0.58,7,0.00,0.50,0.00,0.00,0.00,0.17,0.50,0.00,3.50,1.93,0.25,1.83,0.00,0.92,0.33,0.00,0.33,0.00,0.00,0,0,,14,1.17,89,11,1.52,98,3,0.41,48,2,6,6,26,0.00,99,0,2,0.28,23,16,49,2.21,66,0,0.00,99,0,0.00,0,0,0.00,0,1.52,84,22,3.04,84,6,0.83,27.27,0,0.00,0,0,0,0.00,0,0,0.00,65,0.00,0,N/A,N/A,N/A,N/A,0.00,0,0.00,0,3.90,0.00,0,78.50,78.57,98,39,0.50,0.83,6,67,16,0,0,0,0.00,0.00,0,23,84.48,0.42,0.69,5,0,0.00,0.00,99,0.00,0,0,0,0.00,0.00,0,0.00,0.00,0.14,0.08,1,1,28.57,96,17,14,42,66,1.29,73,0.11,0.18,3.90,99,0.33,0.54,40,6,0.50,0.83,0.28,0.17,8,2,0.54,98,75,28,67,0,70,27,0,0.00,99,4,0.00,0.55,7.87,4.75,57,23,12,29,3.17,1.92,40.35,6,0.83,47,0,18.75,0,0.00,99,3,0.25,0.41,62,14,63,46,0,1,0,8,0,98,99,59,99,0,99,90,7,7,0,0,7,30,0,0
Michel Daryl Araújo Villar,29,843894000,1996/09/28,Serie A,2024,Forward,São Paulo,853,468,385,Uruguay,20,12,8,0,0,0,1,0,1,0,0,6,4,2,9,4,5,4,0,0.11,0.11,0,0,0,0,0.95,95,43,213,853,0.42,418,166,-1,33,0,6.79,0.05,70,47.69,22.60,77,452,19.75,395,83,41.68,80,0.00,0.00,0.70,14,0.00,1.15,2.85,1.35,27,0.00,0.85,0.00,0.00,0.00,0.35,1.05,0.00,0.00,0.84,0.25,1.80,0.00,0.15,0.04,0.00,0.75,0.00,0.00,0,0,,8,0.40,55,3,0.32,51,5,0.53,60,1,11,9,91,0.00,99,0,7,0.74,51,23,68,2.43,69,0,0.00,99,0,0.00,0,0,0.00,0,1.48,82,36,3.80,90,21,2.22,58.33,0,0.00,0,0,0,0.00,0,0,0.00,68,0.00,0,N/A,N/A,N/A,N/A,0.00,0,0.00,0,0.73,0.00,0,87.39,37.50,45,2,0.95,2.00,19,94,72,0,0,0,0.05,0.11,1,38,135.72,0.60,1.27,12,0,0.00,0.00,99,0.00,0,0,0,0.00,0.00,0,0.00,0.00,0.11,0.05,1,0,0.00,42,28,43,40,68,1.97,82,0.10,0.21,0.73,44,0.04,0.08,71,14,0.70,1.48,1.58,0.75,74,15,0.08,43,32,53,67,0,65,66,0,0.00,99,15,0.00,1.58,16.25,7.70,154,76,98,97,8.02,3.80,49.35,17,1.79,12,0,26.09,0,0.00,99,6,0.30,0.63,73,28,85,30,0,0,0,0,0,45,40,59,54,0,99,65,25,83,4,20,70,15,0,0
Miguel Monsalve,21,1077868800,2004/02/27,Serie A,2024,Midfielder,Grêmio,984,459,525,Colombia,19,8,11,3,0,3,1,0,1,0,0,3,0,3,11,7,4,4,1,0.37,0.09,0.27,0,0.51,328,1.01,89,52,197,984,0.46,73,186,-1,4,0,6.86,0.05,65,32.10,18.47,35,351,16.21,308,84,28.17,44,0.00,0.00,0.53,10,0.00,0.37,1.01,0.58,11,0.00,1.11,0.00,0.00,0.00,0.05,2.05,0.00,3.33,0.91,0.32,3.26,0.00,0.21,0.13,0.00,0.00,0.00,0.00,0,0,,10,0.53,57,4,0.37,55,6,0.55,62,1,9,10,28,0.00,99,0,1,0.09,12,7,40,0.64,44,0,0.00,99,0,0.00,0,0,0.00,0,0.91,56,62,5.67,98,39,3.57,62.90,0,0.00,0,0,0,0.00,0,0,0.00,61,0.00,0,N/A,N/A,N/A,N/A,0.00,0,0.00,0,2.54,0.00,0,87.75,40.00,51,34,0.53,0.91,10,99,79,0,0,0,0.00,0.00,0,23,130.42,0.21,0.37,4,0,0.00,0.00,99,0.00,0,0,1,0.05,0.09,0,0.00,0.00,0.09,0.05,1,0,30.00,97,34,40,52,61,1.54,57,0.08,0.14,2.54,78,0.13,0.23,93,27,1.42,2.47,1.46,0.84,69,16,0.23,76,46,11,88,0,61,2,0,0.00,99,0,0.00,0.00,14.36,8.26,157,72,87,88,6.59,3.79,45.86,21,1.92,9,0,14.29,0,0.00,99,1,0.05,0.09,42,32,78,30,0,0,0,0,0,82,88,97,54,0,99,16,22,86,3,16,54,11,0,0
Miguel Trauco,33,714726000,1992/08/25,Serie A,2024,Defender,Criciúma,1458,766,692,Peru,24,13,11,2,1,1,0,0,0,0,0,2,1,1,18,9,9,4,1,0.12,0,0.12,0.12,0.13,729,1.11,81,61,292,0,0.31,181,370,104,6,0,6.76,0,45,39.52,26.76,56,562,19.33,406,10,28.55,45,0.00,0.00,0.33,7,0.00,1.29,1.90,1.29,27,0.00,0.00,0.00,0.00,0.00,0.48,0.33,0.00,3.50,0.49,0.14,0.67,0.00,0.19,0.09,0.00,0.62,0.00,0.00,0,0,,7,0.33,32,4,0.28,48,3,0.21,23,3,7,17,66,0.00,99,0,10,0.70,48,27,58,1.90,63,0,0.00,99,0,0.00,0,0,0.00,0,0.49,32,14,0.98,44,7,0.49,50.00,0,0.00,0,0,0,0.00,0,0,0.00,51,0.00,0,N/A,N/A,N/A,N/A,0.00,0,0.00,0,1.82,0.00,0,72.24,57.14,84,34,0.62,0.91,13,46,57,0,0,0,0.14,0.21,3,53,141.95,2.00,2.95,42,0,0.00,0.00,99,0.00,0,0,0,0.00,0.00,0,0.00,0.00,0.00,0.00,0,0,28.57,96,56,58,74,51,1.24,27,0.06,0.09,1.82,59,0.09,0.13,9,3,0.14,0.21,0.98,0.67,35,14,0.13,58,28,81,67,0,41,44,0,0.00,99,13,0.00,0.91,6.61,4.48,94,50,18,16,3.52,2.38,53.19,0,0.00,99,0,22.22,0,0.00,99,6,0.29,0.42,63,60,68,63,0,0,0,0,0,46,66,72,65,0,99,4,44,66,3,12,41,14,0,0
Moises Vieira da Veiga,29,841647600,1996/09/02,Serie A,2024,Forward,Fortaleza,1166,497,669,Brazil,26,12,14,7,3,4,2,1,1,0,0,9,7,2,10,2,8,0,0,0.69,0.15,0.54,0.54,0.54,167,0.77,117,45,0,583,0,11,110,-1,2,0,6.94,0.08,79,20.00,10.50,11,252,7.25,174,7,13.81,9,0.00,0.00,0.79,19,0.00,0.21,0.56,0.29,7,0.00,0.96,0.00,0.00,0.00,0.21,1.17,0.00,3.71,2.06,0.58,2.54,0.00,0.50,0.26,0.00,0.83,0.00,0.00,0,0,,26,1.08,91,12,0.95,88,14,1.11,92,8,13,13,13,0.00,99,0,5,0.40,28,5,52,0.40,35,0,0.00,99,0,0.00,0,0,0.00,0,1.51,83,61,4.84,95,28,2.22,45.90,0,0.00,0,0,0,0.00,0,0,0.00,86,0.00,0,N/A,N/A,N/A,N/A,0.00,0,0.00,0,6.28,0.00,0,69.05,46.15,60,31,0.50,0.95,12,94,43,0,0,0,0.00,0.00,0,23,166.62,0.42,0.79,10,0,0.00,0.00,99,0.00,0,0,2,0.08,0.16,0,0.00,0.00,0.48,0.25,6,0,26.92,94,44,65,42,86,2.28,73,0.09,0.18,6.28,98,0.26,0.50,31,8,0.33,0.63,0.32,0.17,9,4,0.50,98,59,34,96,0,91,66,0,0.00,99,20,0.00,1.59,11.83,6.21,149,63,56,73,5.00,2.62,42.28,23,1.83,12,0,20.00,0,0.00,99,1,0.04,0.08,39,45,91,99,0,1,0,4,0,98,98,98,96,0,99,79,7,7,0,0,7,21,0,0
Muriel Gustavo Becker,38,540288000,1987/02/14,Serie A,2024,Goalkeeper,Vitória,90,90,0,Brazil,1,1,0,0,0,0,0,0,0,0,0,1,1,0,0,0,0,2,0,0,0,0,0,0,0,0,0,90,45,0,2,-1,-1,-1,32,0,7.45,0,45,28.00,28.00,27,28,18.00,18,3,18.00,18,0.00,0.00,0.00,0,0.00,0.00,0.00,0.00,0,0.00,0.00,0.00,0.00,2.00,0.00,0.00,2.00,0.00,0.00,0.00,0.00,0.00,0.00,0.00,0.00,1.00,0.00,0.00,0,0,,0,0.00,8,0,0.00,15,0,0.00,9,0,0,1,4,0.00,99,0,0,0.00,9,0,30,0.00,14,0,0.00,99,0,0.00,0,0,0.00,0,0.00,8,0,0.00,7,0,0.00,0.00,0,0.00,0,2,99,2.00,0,2,0.00,99,2.00,0,N/A,N/A,N/A,N/A,100.00,0,0.00,0,0.00,0.00,0,64.29,0.00,15,99,0.00,0.00,0,10,10,0,0,1,0.00,0.00,0,23,7.45,1.00,1.00,1,0,0.00,0.00,99,0.00,0,0,0,0.00,0.00,1,1.00,1.00,0.00,0.00,0,0,0.00,42,0,0,40,0,0.03,3,0.03,0.03,0.00,9,0.00,0.00,51,1,1.00,1.00,0.00,0.00,5,0,0.00,9,98,45,67,99,41,47,0,0.00,99,1,0.00,1.00,3.00,3.00,3,2,8,7,2.00,2.00,66.67,0,0.00,99,0,0.00,0,0.00,99,0,0.00,0.00,30,1,14,11,0,0,0,0,0,26,40,59,54,0,99,99,7,99,0,0,7,22,0,0
Murilo,28,859449600,1997/03/27,Serie A,2024,Defender,Palmeiras,2181,977,1204,Brazil,25,11,14,1,1,0,0,0,0,0,0,13,6,7,14,5,9,7,1,0.04,0,0.04,0.09,0,2181,0.58,156,87,312,0,0.29,284,492,8,11,0,7.04,0,45,47.17,45.72,76,1143,37.88,947,54,39.08,75,0.00,0.00,0.24,6,0.00,0.28,1.53,1.48,37,0.00,0.08,0.00,0.00,0.00,0.92,0.28,0.00,14.00,0.58,0.36,0.52,0.00,0.20,0.07,0.00,2.64,0.00,0.00,0,0,,14,0.56,41,5,0.21,39,9,0.37,42,1,0,25,49,0.00,99,0,23,0.95,64,7,30,0.29,30,0,0.00,99,0,0.00,0,0,0.00,0,0.25,21,13,0.54,29,7,0.29,53.85,0,0.00,0,0,0,0.00,0,0,0.00,96,0.00,0,N/A,N/A,N/A,N/A,0.00,0,0.00,0,1.73,0.00,0,82.85,35.71,40,58,0.56,0.58,14,31,62,0,0,0,0.48,0.50,12,79,175.89,3.72,3.84,93,0,0.00,0.00,99,0.00,0,0,0,0.00,0.00,0,0.00,0.00,0.00,0.00,0,0,7.14,51,79,62,96,96,1.89,22,0.08,0.08,1.73,42,0.07,0.07,9,5,0.20,0.21,1.40,1.36,65,34,0.07,41,75,87,67,0,41,91,0,0.00,99,66,0.00,2.72,8.67,8.40,210,115,48,37,4.75,4.60,54.76,2,0.08,86,0,0.00,0,0.00,99,0,0.00,0.00,30,80,14,30,0,0,0,0,0,30,45,59,59,0,99,97,48,61,6,24,82,26,0,0
Mycael Pontes Moreira,21,1079078400,2004/03/12,Serie A,2024,Goalkeeper,Atlético PR,1561,841,720,Brazil,19,11,8,0,0,0,0,0,0,0,0,4,3,1,19,9,10,3,1,0,0,0,0,0,0,1.1,82,82,390,0,0.23,498,430,102,20,0,7.29,0,45,19.88,18.06,11,325,11.00,198,2,12.11,5,0.00,0.00,0.06,1,0.00,0.00,0.00,0.00,0,0.00,0.00,0.00,0.00,3.44,0.00,0.00,4.56,0.00,0.00,0.00,0.00,0.00,0.00,0.00,0.00,0.11,0.00,0.00,0,0,,0,0.00,8,0,0.00,15,0,0.00,9,0,2,17,4,0.00,99,0,0,0.00,9,0,30,0.00,14,0,0.00,99,0,0.00,0,0,0.00,0,0.06,9,0,0.00,7,0,0.00,0.00,0,0.00,0,62,62,3.79,76,82,0.00,52,5.02,74,N/A,N/A,N/A,N/A,75.61,0,0.00,0,0.00,0.00,0,60.92,0.00,15,99,0.00,0.00,0,10,10,0,0,33,0.00,0.00,0,23,131.24,1.06,1.16,19,0,0.00,0.00,99,0.00,2,0,0,0.00,0.00,9,0.50,0.55,0.00,0.00,0,0,0.00,42,60,40,40,53,0.50,3,0.03,0.03,0.00,9,0.00,0.00,3,1,0.06,0.06,0.00,0.00,5,0,0.00,9,95,49,67,70,41,3,0,0.00,99,2,0.00,0.12,0.18,0.17,3,3,1,1,0.18,0.17,100.00,0,0.00,99,0,0.00,0,0.00,99,0,0.00,0.00,30,60,31,11,0,0,0,0,0,26,40,59,54,0,99,32,61,48,2,11,35,41,0,0
Nahuel Ferraresi Hernández,27,911462400,1998/11/19,Serie A,2024,Defender,São Paulo,897,515,382,Venezuela,14,7,7,1,0,1,1,1,0,0,0,5,3,2,10,7,3,2,0,0.2,0.1,0.1,0,0.24,897,1,90,64,449,897,0.2,199,179,76,15,0,7.10,0.07,66,58.39,41.57,93,582,37.21,521,93,52.27,93,0.00,0.00,0.36,5,0.00,0.71,2.01,1.43,20,0.00,0.14,0.00,0.00,0.00,0.36,0.43,0.00,3.00,0.30,0.07,0.43,0.00,0.14,0.06,0.00,0.93,0.00,0.00,0,0,,3,0.21,20,2,0.20,38,1,0.10,12,1,5,9,70,0.00,99,0,5,0.50,33,10,78,1.00,51,0,0.00,99,0,0.00,0,0,0.00,0,0.50,33,6,0.60,32,6,0.60,100.00,0,0.00,0,0,0,0.00,0,0,0.00,63,0.00,0,N/A,N/A,N/A,N/A,0.00,0,0.00,0,0.88,0.00,0,89.52,66.67,95,21,0.79,1.10,11,51,99,0,0,0,0.64,0.90,9,94,99.35,3.14,4.41,44,0,0.00,0.00,99,0.00,0,0,1,0.07,0.10,0,0.00,0.00,0.00,0.00,0,0,33.33,99,29,20,79,63,2.01,80,0.14,0.20,0.88,49,0.06,0.09,20,4,0.29,0.40,1.00,0.71,37,10,0.09,49,82,91,90,0,41,59,0,0.00,99,13,0.00,1.30,7.93,5.64,79,43,35,29,4.31,3.07,54.43,2,0.20,78,0,30.00,0,0.00,99,3,0.21,0.30,58,28,57,30,0,0,0,0,0,63,61,85,54,0,99,81,69,39,2,14,48,32,0,0
Nata Felipe de Amorim Santos,24,991724400,2001/06/05,Serie A,2024,Defender,Grêmio,479,211,268,Brazil,7,4,3,0,0,0,0,0,0,0,0,2,1,1,7,5,2,0,0,0,0,0,0,0,0,1.32,68,68,0,0,0,380,507,151,34,0,7.64,0,45,32.88,25.00,37,175,20.57,144,50,27.06,40,0.00,0.00,0.00,0,0.00,0.00,1.13,0.86,6,0.00,0.00,0.00,0.00,0.00,1.14,0.00,0.00,0.00,0.00,0.00,0.00,0.00,0.00,0.00,0.00,1.57,0.00,0.00,0,0,,0,0.00,8,0,0.00,15,0,0.00,9,1,2,5,32,0.00,99,0,8,1.50,90,0,30,0.00,14,0,0.00,99,0,0.00,0,0,0.00,0,0.00,8,0,0.00,7,0,0.00,0.00,0,0.00,0,0,0,0.00,0,0,0.00,24,0.00,0,N/A,N/A,N/A,N/A,0.00,0,0.00,0,0.00,0.00,0,82.29,0.00,15,76,0.29,0.38,2,10,10,0,0,0,1.00,1.32,7,98,53.46,4.00,5.26,28,0,0.00,0.00,99,0.00,0,0,0,0.00,0.00,0,0.00,0.00,0.00,0.00,0,0,0.00,42,7,4,40,24,0.32,13,0.05,0.06,0.00,9,0.00,0.00,18,2,0.29,0.38,0.38,0.29,9,2,0.00,9,99,97,67,0,41,79,0,0.00,99,11,0.00,2.07,5.82,4.43,31,19,19,11,3.57,2.71,61.29,0,0.00,99,0,0.00,0,0.00,99,0,0.00,0.00,30,11,31,30,0,0,0,0,0,26,40,59,54,0,99,61,7,7,0,0,7,36,0,0
Nathan Allan de Souza,29,826704000,1996/03/13,Serie A,2024,Forward,Grêmio,343,147,196,Brazil,9,4,5,0,0,0,0,0,0,0,0,2,1,1,2,1,1,1,0,0,0,0,0,0,0,0.52,172,38,343,0,0.26,386,504,-1,31,0,6.49,0,45,24.32,10.88,19,87,8.38,67,23,18.73,21,0.00,0.00,0.50,4,0.00,0.25,1.12,0.50,4,0.00,0.62,0.00,0.00,0.00,0.12,0.38,0.00,0.00,1.12,0.25,1.00,0.00,0.25,0.04,0.00,0.50,0.00,0.00,0,0,,4,0.50,64,2,0.56,69,2,0.56,62,6,6,3,31,0.00,99,0,1,0.28,23,2,30,0.56,41,0,0.00,99,0,0.00,0,0,0.00,0,1.12,65,8,2.24,76,3,0.84,37.50,0,0.00,0,0,0,0.00,0,0,0.00,98,0.00,0,N/A,N/A,N/A,N/A,0.00,0,0.00,0,0.33,0.00,0,77.01,50.00,74,38,0.38,0.84,3,68,24,0,0,0,0.00,0.00,0,23,51.88,0.12,0.28,1,0,0.00,0.00,99,0.00,0,0,0,0.00,0.00,0,0.00,0.00,0.56,0.25,2,0,0.00,42,0,6,40,97,0.28,22,0.04,0.08,0.33,49,0.04,0.09,68,5,0.62,1.40,0.84,0.38,27,3,0.09,49,10,7,67,0,94,52,0,0.00,99,4,0.00,1.12,12.02,5.38,43,16,41,74,4.47,2.00,37.21,5,1.40,22,0,0.00,0,0.00,99,0,0.00,0.00,30,2,63,93,0,0,0,0,0,26,40,59,54,0,99,36,54,54,1,11,35,14,0,0
Nathan Ribeiro Fernandes,20,1108540800,2005/02/16,Serie A,2024,Defender,Grêmio,507,174,333,Brazil,18,8,10,0,0,0,0,0,0,0,0,4,3,1,5,1,4,4,1,0,0,0,0,0,0,0.89,101,28,101,0,0.89,389,509,50,36,0,6.99,0,45,28.41,8.56,27,137,6.94,111,41,23.02,30,0.00,0.00,0.19,3,0.00,0.19,1.66,0.50,8,0.00,0.94,0.00,0.00,0.00,0.19,0.81,0.00,0.00,1.24,0.25,1.56,0.00,0.12,0.03,0.00,0.06,0.00,0.00,0,0,,6,0.38,67,2,0.41,60,4,0.83,80,7,17,1,56,0.00,99,0,3,0.62,43,3,30,0.62,44,0,0.00,99,0,0.00,0,0,0.00,0,0.62,39,25,5.18,97,13,2.70,52.00,0,0.00,0,0,0,0.00,0,0,0.00,75,0.00,0,N/A,N/A,N/A,N/A,0.00,0,0.00,0,0.52,0.00,0,81.02,33.33,37,53,0.19,0.62,3,97,58,0,0,0,0.00,0.00,0,23,111.86,0.25,0.83,4,0,0.00,0.00,99,0.00,0,0,0,0.00,0.00,0,0.00,0.00,0.00,0.00,0,0,0.00,42,10,36,40,74,0.35,17,0.02,0.07,0.52,55,0.03,0.11,90,11,0.69,2.28,2.07,0.62,92,10,0.11,53,67,37,67,0,41,8,0,0.00,99,1,0.00,0.21,17.21,5.19,83,33,89,98,6.84,2.06,39.76,15,3.11,1,0,0.00,0,0.00,99,0,0.00,0.00,30,1,98,97,0,0,0,0,0,26,40,59,54,0,99,36,9,99,3,17,60,32,0,0
Nathan Santos de Araujo,24,999673200,2001/09/05,Serie A,2024,Defender,Internacional,4,0,4,Brazil,1,0,1,0,0,0,0,0,0,0,0,0,0,0,0,0,0,0,0,0,0,0,0,0,0,0,0,4,0,0,0,-1,-1,-1,21,0,0.00,0,45,112.50,5.00,99,5,5.00,5,99,112.50,99,0.00,0.00,0.00,0,0.00,1.00,0.00,0.00,0,0.00,0.00,0.00,0.00,0.00,0.00,1.00,0.00,0.00,0.00,0.00,1.00,0.00,0.00,0.00,0.00,0.00,0.00,0.00,0,0,,0,0.00,8,0,0.00,15,0,0.00,9,0,1,0,4,0.00,99,0,0,0.00,9,1,30,22.50,99,0,0.00,99,0,0.00,0,0,0.00,0,0.00,8,1,22.50,99,1,22.50,100.00,0,0.00,0,0,0,0.00,0,0,0.00,99,0.00,0,N/A,N/A,N/A,N/A,0.00,0,0.00,0,0.00,0.00,0,100.00,0.00,15,99,0.00,0.00,0,99,99,0,0,0,0.00,0.00,0,23,0.00,0.00,0.00,0,0,0.00,0.00,99,0.00,0,0,0,0.00,0.00,0,0.00,0.00,0.00,0.00,0,0,0.00,42,0,0,40,0,0.01,86,0.01,0.23,0.00,9,0.00,0.00,2,0,0.00,0.00,22.50,1.00,99,1,0.00,9,0,1,67,0,41,2,0,0.00,99,0,0.00,0.00,45.00,2.00,2,1,99,99,22.50,1.00,50.00,0,0.00,99,0,0.00,0,0.00,99,0,0.00,0.00,30,0,22,11,0,0,0,0,0,26,40,59,54,0,99,2,7,7,0,0,7,23,0,0
Naves,23,1020841200,2002/05/08,Serie A,2024,Defender,Palmeiras,736,540,196,Brazil,11,6,5,0,0,0,0,0,0,0,0,5,3,2,6,4,2,1,0,0,0,0,0,0,0,0.73,123,67,736,0,0.12,475,468,19,25,0,6.42,0,45,48.30,35.91,79,395,30.18,332,62,40.60,78,0.00,0.00,0.45,5,0.00,0.00,3.06,2.27,25,0.00,0.00,0.00,0.00,0.00,1.36,0.09,0.00,0.00,0.12,0.09,0.09,0.00,0.00,0.00,0.00,2.36,0.00,0.00,0,0,,1,0.09,10,0,0.00,15,1,0.12,14,3,2,9,95,0.00,99,0,15,1.83,97,0,30,0.00,14,0,0.00,99,0,0.00,0,0,0.00,0,0.61,38,1,0.12,12,1,0.12,100.00,0,0.00,0,0,0,0.00,0,0,0.00,89,0.00,0,N/A,N/A,N/A,N/A,0.00,0,0.00,0,0.04,0.00,0,84.05,0.00,15,55,0.45,0.61,5,18,99,0,0,0,0.36,0.49,4,79,70.67,3.18,4.28,35,0,0.00,0.00,99,0.00,0,0,0,0.00,0.00,0,0.00,0.00,0.00,0.00,0,0,0.00,42,21,11,40,89,0.79,33,0.07,0.10,0.04,9,0.00,0.00,4,1,0.09,0.12,2.08,1.55,92,17,0.00,9,7,89,67,0,41,97,0,0.00,99,26,0.00,3.18,11.98,8.91,98,52,83,74,6.36,4.73,53.06,0,0.00,99,0,0.00,0,0.00,99,0,0.00,0.00,30,28,31,63,0,0,0,0,0,26,40,59,54,0,99,94,88,20,1,9,26,34,0,0
Neuciano Gusmão,36,599126400,1988/12/26,Serie A,2024,Defender,Bahia,78,70,8,Bulgaria,6,5,1,0,0,0,0,0,0,0,0,1,1,0,1,1,0,1,0,0,0,0,0,0,0,1.15,78,13,78,0,1.15,-1,-1,-1,26,0,4.92,0,45,123.75,8.25,99,33,8.00,32,99,120.00,99,0.00,0.00,0.25,1,0.00,0.50,0.00,0.00,0,0.00,0.00,0.00,0.00,0.00,0.00,0.00,0.00,0.00,0.00,0.00,0.00,0.00,0.00,0.00,0.00,0.25,0.00,0.00,0,0,,0,0.00,8,0,0.00,15,0,0.00,9,2,5,1,4,0.00,99,0,0,0.00,9,2,96,7.50,98,0,0.00,99,0,0.00,0,0,0.00,0,3.75,99,0,0.00,7,0,0.00,0.00,0,0.00,0,0,0,0.00,0,0,0.00,44,0.00,0,N/A,N/A,N/A,N/A,0.00,0,0.00,0,0.00,0.00,0,96.97,0.00,15,99,0.00,0.00,0,10,10,0,0,0,0.00,0.00,0,23,19.67,0.00,0.00,0,0,0.00,0.00,99,0.00,0,0,0,0.00,0.00,0,0.00,0.00,0.00,0.00,0,0,0.00,42,0,3,40,44,0.09,97,0.02,0.34,0.00,9,0.00,0.00,99,2,0.50,7.50,7.50,0.50,99,2,0.00,9,0,1,67,0,41,99,0,0.00,99,1,0.00,3.75,22.50,1.50,6,3,99,99,11.25,0.75,50.00,0,0.00,99,0,50.00,0,0.00,99,1,0.25,3.75,99,1,57,46,0,0,0,0,0,26,40,59,54,0,99,20,8,99,0,0,7,40,0,0
Nicolás Brian Acevedo Tabárez,26,924073200,1999/04/14,Serie A,2024,Midfielder,Bahia,264,71,193,Uruguay,8,4,4,0,0,0,0,0,0,0,0,1,1,0,6,2,4,2,0,0,0,0,0,0,0,2.05,44,33,132,0,0.68,-1,-1,-1,30,0,6.79,0,45,70.49,25.75,99,206,22.88,183,90,62.62,99,0.00,0.00,0.38,3,0.00,0.25,2.74,1.00,8,0.00,0.38,0.00,0.00,0.00,0.38,0.62,0.00,0.00,1.37,0.25,0.88,0.00,0.25,0.05,0.00,0.62,0.00,0.00,0,0,,4,0.50,74,2,0.68,75,2,0.68,71,0,7,1,89,0.00,99,0,3,1.03,69,2,30,0.68,45,0,0.00,99,0,0.00,0,0,0.00,0,1.03,61,7,2.40,78,5,1.71,71.43,0,0.00,0,0,0,0.00,0,0,0.00,1,0.00,0,N/A,N/A,N/A,N/A,0.00,0,0.00,0,0.42,0.00,0,88.83,50.00,74,11,0.50,1.37,4,89,86,0,0,0,0.12,0.34,1,67,54.31,0.38,1.03,3,0,0.00,0.00,99,0.00,0,0,0,0.00,0.00,0,0.00,0.00,0.00,0.00,0,0,0.00,42,0,5,40,1,0.42,57,0.05,0.14,0.42,61,0.05,0.14,79,5,0.62,1.71,2.74,1.00,99,8,0.14,59,32,45,67,0,41,72,0,0.00,99,5,0.00,1.71,15.40,5.62,45,23,97,93,7.87,2.88,51.11,3,1.03,37,0,0.00,0,0.00,99,0,0.00,0.00,30,1,68,11,0,0,0,0,0,26,40,59,54,0,99,10,12,96,2,25,84,26,0,0
Nicolás De La Cruz,28,865148400,1997/06/01,Serie A,2024,Midfielder,Flamengo,1010,549,461,Uruguay,15,8,7,2,1,1,3,2,1,0,0,5,2,3,8,5,3,3,0,0.45,0.27,0.18,0.16,0.2,505,0.71,126,67,337,337,0.27,127,27,-1,12,0,7.55,0.2,95,66.56,49.80,99,747,42.33,635,67,56.58,97,0.00,0.00,2.40,36,0.00,2.60,1.78,1.33,20,0.00,0.53,0.00,0.00,0.00,0.53,0.47,0.00,7.50,1.34,0.53,0.80,0.00,0.47,0.16,0.00,0.53,0.00,0.00,0,0,,15,1.00,72,7,0.62,72,8,0.71,74,2,4,11,61,0.00,99,0,8,0.71,49,39,73,3.48,80,0,0.00,99,0,0.00,0,0,0.00,0,3.21,99,12,1.07,47,7,0.62,58.33,0,0.00,0,0,0,0.00,0,0,0.00,91,0.00,0,N/A,N/A,N/A,N/A,0.00,0,0.00,0,2.47,0.00,0,85.01,46.67,61,24,0.80,1.07,12,54,72,0,0,0,0.33,0.45,5,77,113.30,0.53,0.71,8,0,0.00,0.00,99,0.00,0,0,1,0.07,0.09,0,0.00,0.00,0.00,0.00,0,0,13.33,70,35,23,64,90,4.46,99,0.30,0.40,2.47,77,0.16,0.22,99,38,2.53,3.39,1.78,1.33,83,20,0.22,75,99,30,88,0,41,35,0,0.00,99,8,0.00,0.71,12.03,9.00,135,73,85,74,6.50,4.87,54.07,8,0.71,55,0,28.21,0,0.00,99,11,0.73,0.98,85,37,50,46,0,0,0,0,0,90,77,81,71,0,99,76,53,57,3,20,70,18,0,0
Nonato,27,888912000,1998/03/03,Serie A,2024,Midfielder,Fluminense,293,164,129,Brazil,10,5,5,0,0,0,1,0,1,0,0,6,3,3,2,0,2,1,0,0.31,0.31,0,0,0,0,0.61,147,29,293,293,0.31,344,16,-1,18,0,6.62,0.1,97,49.82,15.00,82,150,13.20,132,86,43.84,84,0.00,0.00,0.20,2,0.00,0.10,4.65,1.40,14,0.00,0.30,0.00,0.00,0.00,0.40,0.10,0.00,0.00,0.66,0.10,0.50,0.00,0.10,0.02,0.00,0.80,0.00,0.00,0,0,,2,0.20,45,1,0.33,52,1,0.33,38,2,8,2,99,0.00,99,0,4,1.33,83,1,30,0.33,32,0,0.00,99,0,0.00,0,0,0.00,0,0.66,41,5,1.66,67,1,0.33,20.00,0,0.00,0,0,0,0.00,0,0,0.00,95,0.00,0,N/A,N/A,N/A,N/A,0.00,0,0.00,0,0.19,0.00,0,88.00,50.00,74,2,0.60,1.99,6,32,12,0,0,0,0.30,1.00,3,96,66.25,0.50,1.66,5,0,0.00,0.00,99,0.00,0,0,0,0.00,0.00,0,0.00,0.00,0.00,0.00,0,0,0.00,42,0,8,40,94,0.92,97,0.09,0.31,0.19,39,0.02,0.06,78,5,0.50,1.66,1.33,0.40,60,4,0.06,38,14,62,67,0,41,91,0,0.00,99,8,0.00,2.66,16.61,5.00,50,27,99,97,8.97,2.70,54.00,3,1.00,38,0,0.00,0,0.00,99,0,0.00,0.00,30,1,73,46,0,0,0,0,0,74,40,59,54,0,99,99,44,66,1,10,29,16,0,0
Oluwashola Elijah Ogundana,20,1109059200,2005/02/22,Serie A,2024,Midfielder,Flamengo,1,1,0,Nigeria,1,1,0,0,0,0,0,0,0,0,0,1,1,0,0,0,0,0,0,0,0,0,0,0,0,0,0,1,0,0,0,-1,-1,-1,24,0,0.00,0,45,90.00,1.00,99,1,1.00,1,99,90.00,99,0.00,0.00,0.00,0,0.00,0.00,0.00,0.00,0,0.00,0.00,0.00,0.00,0.00,0.00,0.00,0.00,0.00,90.00,1.00,0.00,0.00,0.00,0.06,0.00,0.00,0.00,0.00,0,0,,1,1.00,99,0,0.00,15,1,90.00,99,0,1,0,4,0.00,99,0,0,0.00,9,0,30,0.00,14,0,0.00,99,0,0.00,0,0,0.00,0,0.00,8,0,0.00,7,0,0.00,0.00,0,0.00,0,0,0,0.00,0,0,0.00,99,0.00,0,N/A,N/A,N/A,N/A,0.00,0,0.00,0,0.06,0.00,0,100.00,0.00,15,99,0.00,0.00,0,10,10,0,0,0,0.00,0.00,0,23,0.00,0.00,0.00,0,0,0.00,0.00,99,0.00,0,0,0,0.00,0.00,0,0.00,0.00,0.00,0.00,0,0,0.00,42,0,0,40,0,0.00,0,0.00,0.00,0.06,99,0.06,5.40,2,0,0.00,0.00,0.00,0.00,5,0,5.40,99,0,1,67,0,41,2,0,0.00,99,0,0.00,0.00,0.00,0.00,0,0,0,0,0.00,0.00,0.00,0,0.00,99,0,0.00,0,0.00,99,0,0.00,0.00,30,0,22,11,0,0,0,0,0,26,40,59,54,0,99,99,7,7,0,0,7,54,0,0
Óscar Estupiñán,28,851846400,1996/12/29,Serie A,2024,Midfielder,Bahia,238,98,140,Colombia,11,4,7,3,3,0,1,0,1,0,0,2,2,0,0,0,0,1,0,1.51,0.38,1.13,2.76,0,79,0,0,22,238,238,0.38,-1,-1,-1,9,0,6.72,0.09,98,17.92,4.30,6,43,3.60,36,59,15.00,12,0.00,0.00,0.30,3,0.00,0.00,0.83,0.20,2,0.00,0.40,0.00,0.00,0.00,0.00,0.00,0.00,3.67,4.58,0.50,0.40,0.00,0.60,0.28,0.00,0.80,0.00,0.00,0,0,,11,1.10,99,6,2.50,99,5,2.08,99,1,10,1,20,0.00,99,0,0,0.00,9,0,30,0.00,14,0,0.00,99,0,0.00,0,0,0.00,0,1.25,72,4,1.67,67,0,0.00,0.00,0,0.00,0,0,0,0.00,0,0,0.00,99,0.00,0,N/A,N/A,N/A,N/A,0.00,0,0.00,0,2.76,0.00,0,83.72,54.55,81,72,0.10,0.42,1,10,10,0,0,0,0.00,0.00,0,23,67.22,0.30,1.25,3,0,0.00,0.00,99,0.00,0,0,0,0.00,0.00,0,0.00,0.00,0.00,0.00,0,0,27.27,95,0,11,40,0,0.73,95,0.07,0.30,2.76,99,0.28,1.15,21,1,0.10,0.42,1.67,0.40,78,4,1.15,99,22,52,67,0,41,97,0,0.00,99,8,0.00,3.33,14.17,3.40,34,11,43,87,4.58,1.10,32.35,4,1.67,15,0,0.00,0,0.00,99,0,0.00,0.00,30,1,82,30,0,1,0,9,0,99,99,59,99,0,99,23,30,78,1,9,26,29,0,0
Óscar Romero,33,710233200,1992/07/04,Serie A,2024,Midfielder,Botafogo,670,222,448,Paraguay,19,7,12,0,0,0,4,0,4,0,0,7,3,4,12,4,8,5,0,0.54,0.54,0,0,0,0,1.61,56,35,134,168,0.67,469,1,-1,25,0,6.61,0.21,99,42.27,16.82,65,286,13.18,224,29,33.10,58,0.00,0.00,0.82,14,0.00,2.65,2.96,1.18,20,0.00,0.65,0.00,0.00,0.00,0.35,0.53,0.00,10.00,1.48,0.18,0.76,0.00,0.41,0.10,0.00,0.18,0.00,0.00,0,0,,10,0.59,76,7,1.03,91,3,0.44,52,3,13,6,94,0.00,99,0,6,0.89,60,45,63,6.65,97,0,0.00,99,0,0.00,0,0,0.00,0,2.07,92,13,1.92,72,9,1.33,69.23,0,0.00,0,0,0,0.00,0,0,0.00,8,0.00,0,N/A,N/A,N/A,N/A,0.00,0,0.00,0,1.75,0.00,0,78.32,70.00,96,26,0.41,1.03,7,83,85,1,0,0,0.00,0.00,0,23,112.33,0.53,1.33,9,0,0.00,0.00,99,0.00,0,1,0,0.00,0.00,0,0.00,0.00,0.00,0.00,0,0,10.00,57,18,40,40,8,3.22,99,0.19,0.48,1.05,66,0.06,0.16,87,14,0.82,2.07,1.77,0.71,83,12,0.26,81,14,54,67,0,41,21,0,0.00,99,3,0.00,0.44,13.15,5.24,89,46,89,82,6.80,2.71,51.69,11,1.63,16,0,24.44,0,0.00,99,11,0.65,1.63,95,14,91,63,0,0,0,0,0,94,40,59,54,0,99,83,13,95,5,26,85,70,0,0
Osvaldo Lourenço Filho,38,545122800,1987/04/11,Serie A,2024,Forward,Vitória,1089,610,479,Brazil,19,10,9,2,1,1,0,0,0,1,0,4,1,3,13,6,7,1,0,0.17,0,0.17,0.15,0.19,545,1.07,84,57,1089,0,0.08,135,518,-1,8,0,6.84,0,45,23.14,14.74,18,280,11.63,221,32,18.26,20,0.00,0.00,1.05,20,0.00,2.42,0.50,0.32,6,0.00,1.05,0.00,0.00,0.00,0.32,0.63,0.00,8.50,1.40,0.26,1.63,0.00,0.63,0.17,0.00,0.21,0.00,0.00,0,0,,17,0.89,75,12,0.99,90,5,0.41,48,3,2,17,11,0.00,99,0,6,0.50,33,46,80,3.80,83,0,0.00,99,0,0.00,0,0,0.00,0,1.65,86,31,2.56,81,12,0.99,38.71,0,0.00,0,0,0,0.00,0,0,0.00,55,0.00,0,N/A,N/A,N/A,N/A,0.00,0,0.00,0,3.16,0.00,0,78.93,70.59,96,39,0.53,0.83,10,74,25,1,0,0,0.05,0.08,1,29,129.92,0.26,0.41,5,1,0.00,0.08,6,0.05,0,1,0,0.00,0.00,0,0.00,0.00,0.08,0.05,1,0,11.76,62,40,40,66,55,1.20,33,0.06,0.10,2.46,73,0.13,0.20,90,27,1.42,2.23,1.16,0.74,48,14,0.26,81,42,13,67,0,58,15,0,0.00,99,4,0.00,0.33,9.67,6.16,117,49,29,51,4.05,2.58,41.88,20,1.65,16,0,30.43,0,0.00,99,14,0.74,1.16,89,60,31,63,0,0,0,0,0,57,75,81,70,0,99,32,96,12,1,5,13,11,0,0
Otávio Henrique Passos Santos,31,768034800,1994/05/04,Serie A,2024,Defender,Atlético Mineiro,1920,1057,863,Brazil,25,12,13,0,0,0,0,0,0,0,0,7,3,4,27,17,10,2,0,0,0,0,0,0,0,1.27,71,77,960,0,0.09,408,405,144,31,0,6.95,0,45,52.03,43.74,86,1006,38.96,896,91,46.34,88,0.00,0.00,0.30,7,0.00,0.26,2.48,2.09,48,0.00,0.39,0.00,0.00,0.00,0.78,0.30,0.00,0.00,0.41,0.26,0.61,0.00,0.09,0.03,0.00,0.96,0.00,0.00,0,0,,8,0.35,26,2,0.10,21,6,0.31,36,8,3,22,85,0.00,99,0,18,0.93,63,6,86,0.31,31,0,0.00,99,0,0.00,0,0,0.00,0,0.36,26,14,0.72,35,7,0.36,50.00,0,0.00,0,0,0,0.00,0,0,0.00,29,0.00,0,N/A,N/A,N/A,N/A,0.00,0,0.00,0,0.60,0.00,0,89.07,25.00,24,36,0.74,0.88,17,35,57,0,0,0,0.35,0.41,8,75,159.74,1.00,1.19,23,0,0.00,0.00,99,0.00,0,0,1,0.04,0.05,0,0.00,0.00,0.00,0.00,0,0,0.00,42,71,62,40,30,2.55,51,0.11,0.13,0.60,24,0.03,0.03,38,15,0.65,0.78,1.09,0.91,42,21,0.03,24,61,50,74,0,41,53,0,0.00,99,22,0.00,1.14,8.48,7.13,164,91,47,35,4.71,3.96,55.49,9,0.47,66,0,33.33,0,0.00,99,2,0.09,0.10,44,72,41,99,0,0,0,0,0,26,40,59,54,0,99,61,94,14,2,8,21,5,0,0
Pablo de Paula Cardoso,22,1044950400,2003/02/11,Serie A,2024,Midfielder,Vasco da Gama,0,0,0,Brazil,0,0,0,0,0,0,0,0,0,0,0,0,0,0,0,0,0,0,0,0,0,0,0,0,0,0,0,0,0,0,0,-1,-1,-1,-1,N/A,N/A,N/A,N/A,N/A,N/A,N/A,N/A,N/A,N/A,N/A,N/A,N/A,N/A,N/A,N/A,N/A,N/A,N/A,N/A,N/A,N/A,N/A,N/A,N/A,N/A,N/A,N/A,N/A,N/A,N/A,N/A,N/A,N/A,N/A,N/A,N/A,N/A,N/A,N/A,N/A,N/A,N/A,N/A,N/A,N/A,N/A,N/A,N/A,N/A,N/A,N/A,N/A,N/A,N/A,N/A,N/A,N/A,N/A,N/A,N/A,N/A,N/A,N/A,N/A,N/A,N/A,N/A,N/A,N/A,N/A,N/A,N/A,N/A,N/A,N/A,N/A,N/A,N/A,N/A,N/A,N/A,N/A,N/A,N/A,N/A,N/A,N/A,N/A,N/A,N/A,N/A,N/A,N/A,N/A,N/A,N/A,N/A,N/A,N/A,N/A,N/A,N/A,N/A,N/A,N/A,N/A,N/A,N/A,N/A,N/A,N/A,N/A,N/A,N/A,N/A,N/A,N/A,N/A,N/A,N/A,N/A,N/A,N/A,N/A,N/A,N/A,N/A,N/A,N/A,N/A,N/A,N/A,N/A,N/A,N/A,N/A,N/A,N/A,N/A,N/A,N/A,N/A,N/A,N/A,N/A,N/A,N/A,N/A,N/A,N/A,N/A,N/A,N/A,N/A,N/A,N/A,N/A,N/A,N/A,N/A,N/A,N/A,N/A,N/A,N/A,N/A,N/A,N/A,N/A,N/A,N/A,N/A,N/A,N/A,N/A,N/A,N/A,N/A,N/A,N/A,N/A,N/A,N/A,N/A,N/A,N/A,N/A,N/A,N/A,N/A,N/A,N/A,N/A,N/A,N/A,N/A,N/A,N/A,N/A,N/A,N/A,N/A,N/A,N/A,N/A,N/A,N/A,N/A,N/A,N/A,N/A,N/A,N/A,N/A,N/A,N/A,N/A,N/A,N/A,N/A,N/A,N/A,N/A
Pablo Ezequiel Vegetti Pfaffen,37,592902000,1988/10/15,Serie A,2024,Forward,Vasco da Gama,2992,1562,1430,Argentina,35,18,17,12,7,5,2,2,0,0,2,8,6,2,47,21,26,7,0,0.42,0.06,0.36,0.4,0.31,249,1.41,64,85,427,1496,0.21,38,244,-1,1,0,7.16,0.06,54,15.97,15.12,3,499,9.73,321,3,10.27,1,0.00,0.00,0.52,17,0.00,0.48,0.42,0.39,13,0.00,1.03,0.00,0.00,0.00,0.00,0.06,0.00,6.75,2.59,1.42,0.52,0.00,1.03,0.42,0.00,3.97,0.00,0.00,0,0,,81,2.45,98,34,1.09,92,47,1.50,99,1,1,34,9,0.00,99,0,0,0.00,9,16,37,0.51,40,0,0.00,99,0,0.00,0,0,0.00,0,0.54,34,17,0.54,29,2,0.06,11.76,0,0.00,0,0,0,0.00,0,0,0.00,18,0.00,0,N/A,N/A,N/A,N/A,0.00,0,0.00,0,13.89,0.00,0,64.33,41.98,53,79,0.33,0.35,11,12,10,0,2,0,0.12,0.13,4,41,236.40,1.18,1.25,39,0,0.00,0.00,99,0.00,0,2,4,0.12,0.13,0,0.00,0.00,0.83,0.79,26,2,14.81,72,97,97,47,19,2.55,22,0.08,0.08,12.49,95,0.38,0.40,89,68,2.06,2.18,1.02,0.97,39,32,0.44,95,88,52,94,0,98,99,0,0.00,99,131,0.00,4.19,14.24,13.48,445,205,86,87,6.56,6.21,46.07,34,1.09,34,0,12.50,0,0.00,99,2,0.06,0.06,35,97,22,30,0,1,0,3,0,87,93,89,90,0,99,39,67,42,7,20,70,99,0,0
Pablo Felipe Teixeira,33,709282800,1992/06/23,Serie A,2024,Forward,Atlético PR,1710,819,891,Brazil,29,14,15,3,2,1,2,1,1,0,0,7,5,2,17,7,10,6,0,0.26,0.11,0.16,0.22,0.1,570,0.89,101,59,285,855,0.32,139,161,-1,6,0,6.63,0.07,70,21.85,14.30,14,386,11.04,298,23,16.87,16,0.00,0.00,0.74,20,0.00,0.15,0.57,0.37,10,0.00,0.59,0.00,0.00,0.00,0.11,0.19,0.00,9.33,1.58,0.63,0.26,0.00,0.41,0.15,0.00,1.33,0.00,0.00,0,0,,28,1.04,80,11,0.62,72,17,0.96,87,4,9,20,13,0.00,99,0,3,0.17,15,4,30,0.23,28,0,0.00,99,0,0.00,0,0,0.00,0,1.13,66,7,0.40,23,5,0.28,71.43,0,0.00,0,0,0,0.00,0,0,0.00,75,0.00,0,N/A,N/A,N/A,N/A,0.00,0,0.00,0,3.96,0.00,0,77.20,39.29,47,80,0.22,0.34,6,30,86,0,0,0,0.07,0.11,2,38,179.03,0.59,0.91,16,0,0.00,0.00,99,0.00,0,0,2,0.07,0.11,0,0.00,0.00,0.57,0.37,10,0,10.71,58,66,76,68,74,2.14,45,0.08,0.12,3.96,77,0.15,0.22,28,10,0.37,0.57,1.47,0.96,69,26,0.22,75,14,40,91,0,95,78,0,0.00,99,36,0.00,2.04,9.74,6.37,172,60,16,52,3.40,2.22,34.88,16,0.91,43,0,0.00,0,0.00,99,0,0.00,0.00,30,67,78,77,0,0,0,0,0,70,73,67,78,0,99,43,42,68,6,21,73,92,0,0
Pablo Ignacio Galdames Millán,28,851932800,1996/12/30,Serie A,2024,Midfielder,Vasco da Gama,1160,536,624,Chile,18,7,11,0,0,0,2,2,0,0,0,2,1,1,26,13,13,5,0,0.16,0.16,0,0,0,0,2.02,45,64,232,580,0.39,437,106,-1,36,0,6.68,0.11,81,40.57,29.00,60,522,24.22,436,58,33.89,60,0.00,0.00,0.83,15,0.00,1.06,2.10,1.50,27,0.00,0.78,0.00,0.00,0.00,0.67,0.11,0.00,0.00,0.39,0.06,0.33,0.00,0.22,0.03,0.00,0.22,0.00,0.00,0,0,,5,0.28,23,4,0.31,51,1,0.08,11,1,5,13,74,0.00,99,0,12,0.93,63,19,82,1.48,59,0,0.00,99,0,0.00,0,0,0.00,0,1.17,67,6,0.47,27,2,0.16,33.33,0,0.00,0,0,0,0.00,0,0,0.00,2,0.00,0,N/A,N/A,N/A,N/A,0.00,0,0.00,0,0.53,0.00,0,83.52,80.00,99,14,0.89,1.24,16,21,20,0,0,0,0.33,0.47,6,77,120.19,1.17,1.63,21,0,0.00,0.00,99,0.00,0,0,0,0.00,0.00,0,0.00,0.00,0.08,0.06,1,0,0.00,42,43,36,40,2,2.54,80,0.14,0.20,0.53,30,0.03,0.04,42,11,0.61,0.85,2.56,1.83,98,33,0.04,29,19,62,67,0,58,14,0,0.00,99,4,0.00,0.31,8.86,6.33,114,44,16,40,3.42,2.44,38.60,14,1.09,34,0,31.58,0,0.00,99,6,0.33,0.47,66,45,57,30,0,0,0,0,0,55,40,59,54,0,99,6,29,80,5,28,87,27,0,0
Pablo Nascimento Castro,34,677487600,1991/06/21,Serie A,2024,Defender,Botafogo,28,28,0,Brazil,1,1,0,0,0,0,0,0,0,0,0,0,0,0,1,1,0,0,0,0,0,0,0,0,0,3.21,28,28,0,0,0,-1,-1,-1,27,0,6.73,0,45,57.86,18.00,92,18,16.00,16,91,51.43,92,0.00,0.00,0.00,0,0.00,0.00,3.21,1.00,1,0.00,0.00,0.00,0.00,0.00,0.00,1.00,0.00,0.00,0.00,0.00,1.00,0.00,0.00,0.00,0.00,2.00,0.00,0.00,0,0,,0,0.00,8,0,0.00,15,0,0.00,9,0,1,0,96,0.00,99,0,0,0.00,9,0,30,0.00,14,0,0.00,99,0,0.00,0,0,0.00,0,0.00,8,1,3.21,86,1,3.21,100.00,0,0.00,0,0,0,0.00,0,0,0.00,0,0.00,0,N/A,N/A,N/A,N/A,0.00,0,0.00,0,0.00,0.00,0,88.89,0.00,15,99,0.00,0.00,0,99,99,0,0,0,0.00,0.00,0,23,6.73,3.00,9.64,3,0,0.00,0.00,99,0.00,0,0,0,0.00,0.00,0,0.00,0.00,0.00,0.00,0,0,0.00,42,0,0,40,0,0.03,33,0.03,0.10,0.00,9,0.00,0.00,2,0,0.00,0.00,0.00,0.00,5,0,0.00,9,23,99,67,0,41,99,0,0.00,99,2,0.00,6.43,12.86,4.00,4,4,99,80,12.86,4.00,100.00,0,0.00,99,0,0.00,0,0.00,99,0,0.00,0.00,30,0,22,11,0,0,0,0,0,26,40,59,54,0,99,2,7,7,0,0,7,23,0,0
Pablo Santos de Alcantara,22,1059894000,2003/08/03,Serie A,2024,Midfielder,Vitória,34,14,20,Brazil,3,2,1,0,0,0,0,0,0,0,0,0,0,0,1,1,0,1,0,0,0,0,0,0,0,2.65,34,11,34,0,2.65,-1,-1,-1,19,0,6.45,0,45,26.47,3.33,23,10,2.33,7,8,18.53,21,0.00,0.00,0.33,1,0.00,2.00,0.00,0.00,0,0.00,0.00,0.00,0.00,0.00,0.00,0.00,0.00,0.00,0.00,0.00,0.33,0.00,0.00,0.00,0.00,0.00,0.00,0.00,0,0,,0,0.00,8,0,0.00,15,0,0.00,9,0,3,0,4,0.00,99,0,0,0.00,9,6,45,15.88,99,0,0.00,99,0,0.00,0,0,0.00,0,2.65,97,1,2.65,81,0,0.00,0.00,0,0.00,0,0,0,0.00,0,0,0.00,0,0.00,0,N/A,N/A,N/A,N/A,0.00,0,0.00,0,0.00,0.00,0,70.00,0.00,15,0,0.67,5.29,2,10,10,0,0,0,0.00,0.00,0,23,19.36,0.00,0.00,0,0,0.00,0.00,99,0.00,0,0,0,0.00,0.00,0,0.00,0.00,0.00,0.00,0,0,0.00,42,0,0,40,0,0.06,66,0.02,0.16,0.00,9,0.00,0.00,99,2,0.67,5.29,7.94,1.00,99,3,0.00,9,8,1,67,0,41,2,0,0.00,99,0,0.00,0.00,21.18,2.67,8,2,63,99,5.29,0.67,25.00,0,0.00,99,0,16.67,0,0.00,99,1,0.33,2.65,99,0,41,11,0,0,0,0,0,26,40,59,54,0,99,2,7,99,1,33,95,62,0,0
Patrick de Lucca Chaves de Oliveira,25,951984000,2000/03/02,Serie A,2024,Defender,Vasco da Gama,0,0,0,Brazil,0,0,0,0,0,0,0,0,0,0,0,0,0,0,0,0,0,0,0,0,0,0,0,0,0,0,0,0,0,0,0,-1,-1,-1,-1,N/A,N/A,N/A,N/A,N/A,N/A,N/A,N/A,N/A,N/A,N/A,N/A,N/A,N/A,N/A,N/A,N/A,N/A,N/A,N/A,N/A,N/A,N/A,N/A,N/A,N/A,N/A,N/A,N/A,N/A,N/A,N/A,N/A,N/A,N/A,N/A,N/A,N/A,N/A,N/A,N/A,N/A,N/A,N/A,N/A,N/A,N/A,N/A,N/A,N/A,N/A,N/A,N/A,N/A,N/A,N/A,N/A,N/A,N/A,N/A,N/A,N/A,N/A,N/A,N/A,N/A,N/A,N/A,N/A,N/A,N/A,N/A,N/A,N/A,N/A,N/A,N/A,N/A,N/A,N/A,N/A,N/A,N/A,N/A,N/A,N/A,N/A,N/A,N/A,N/A,N/A,N/A,N/A,N/A,N/A,N/A,N/A,N/A,N/A,N/A,N/A,N/A,N/A,N/A,N/A,N/A,N/A,N/A,N/A,N/A,N/A,N/A,N/A,N/A,N/A,N/A,N/A,N/A,N/A,N/A,N/A,N/A,N/A,N/A,N/A,N/A,N/A,N/A,N/A,N/A,N/A,N/A,N/A,N/A,N/A,N/A,N/A,N/A,N/A,N/A,N/A,N/A,N/A,N/A,N/A,N/A,N/A,N/A,N/A,N/A,N/A,N/A,N/A,N/A,N/A,N/A,N/A,N/A,N/A,N/A,N/A,N/A,N/A,N/A,N/A,N/A,N/A,N/A,N/A,N/A,N/A,N/A,N/A,N/A,N/A,N/A,N/A,N/A,N/A,N/A,N/A,N/A,N/A,N/A,N/A,N/A,N/A,N/A,N/A,N/A,N/A,N/A,N/A,N/A,N/A,N/A,N/A,N/A,N/A,N/A,N/A,N/A,N/A,N/A,N/A,N/A,N/A,N/A,N/A,N/A,N/A,N/A,N/A,N/A,N/A,N/A,N/A,N/A,N/A,N/A,N/A,N/A,N/A,N/A
Patrick de Paula Carreiro,26,936774000,1999/09/08,Serie A,2024,Midfielder,Criciúma,297,114,183,Brazil,9,5,4,0,0,0,0,0,0,0,0,4,3,1,8,1,7,5,0,0,0,0,0,0,0,2.42,37,33,59,0,1.52,455,506,-1,23,0,6.77,0,45,39.70,14.56,56,131,11.89,107,45,32.42,55,0.00,0.00,0.22,2,0.00,0.00,3.03,1.11,10,0.00,0.22,0.00,0.00,0.00,0.67,0.11,0.00,0.00,1.82,0.44,0.11,0.00,0.22,0.05,0.00,0.22,0.00,0.00,0,0,,6,0.67,86,2,0.61,71,4,1.21,96,1,6,3,95,0.00,99,0,6,1.82,96,0,30,0.00,14,0,0.00,99,0,0.00,0,0,0.00,0,0.61,38,1,0.30,20,1,0.30,100.00,0,0.00,0,0,0,0.00,0,0,0.00,0,0.00,0,N/A,N/A,N/A,N/A,0.00,0,0.00,0,0.41,0.00,0,81.68,33.33,37,8,0.56,1.52,5,31,99,0,0,0,0.22,0.61,2,84,60.95,0.67,1.82,6,0,0.00,0.00,99,0.00,0,0,0,0.00,0.00,0,0.00,0.00,0.00,0.00,0,0,0.00,42,0,6,40,0,0.34,33,0.04,0.10,0.41,58,0.05,0.12,62,4,0.44,1.21,2.42,0.89,96,8,0.12,56,29,65,67,0,41,31,0,0.00,99,2,0.00,0.61,10.30,3.78,34,17,59,58,5.15,1.89,50.00,2,0.61,60,0,0.00,0,0.00,99,0,0.00,0.00,30,2,63,30,0,0,0,0,0,26,40,59,54,0,99,93,7,99,3,33,95,8,0,0
Patrick Roberto da Silva Campos,21,1079683200,2004/03/19,Serie A,2024,Midfielder,Palmeiras,0,0,0,Brazil,0,0,0,0,0,0,0,0,0,0,0,0,0,0,0,0,0,0,0,0,0,0,0,0,0,0,0,0,0,0,0,-1,-1,-1,-1,N/A,N/A,N/A,N/A,N/A,N/A,N/A,N/A,N/A,N/A,N/A,N/A,N/A,N/A,N/A,N/A,N/A,N/A,N/A,N/A,N/A,N/A,N/A,N/A,N/A,N/A,N/A,N/A,N/A,N/A,N/A,N/A,N/A,N/A,N/A,N/A,N/A,N/A,N/A,N/A,N/A,N/A,N/A,N/A,N/A,N/A,N/A,N/A,N/A,N/A,N/A,N/A,N/A,N/A,N/A,N/A,N/A,N/A,N/A,N/A,N/A,N/A,N/A,N/A,N/A,N/A,N/A,N/A,N/A,N/A,N/A,N/A,N/A,N/A,N/A,N/A,N/A,N/A,N/A,N/A,N/A,N/A,N/A,N/A,N/A,N/A,N/A,N/A,N/A,N/A,N/A,N/A,N/A,N/A,N/A,N/A,N/A,N/A,N/A,N/A,N/A,N/A,N/A,N/A,N/A,N/A,N/A,N/A,N/A,N/A,N/A,N/A,N/A,N/A,N/A,N/A,N/A,N/A,N/A,N/A,N/A,N/A,N/A,N/A,N/A,N/A,N/A,N/A,N/A,N/A,N/A,N/A,N/A,N/A,N/A,N/A,N/A,N/A,N/A,N/A,N/A,N/A,N/A,N/A,N/A,N/A,N/A,N/A,N/A,N/A,N/A,N/A,N/A,N/A,N/A,N/A,N/A,N/A,N/A,N/A,N/A,N/A,N/A,N/A,N/A,N/A,N/A,N/A,N/A,N/A,N/A,N/A,N/A,N/A,N/A,N/A,N/A,N/A,N/A,N/A,N/A,N/A,N/A,N/A,N/A,N/A,N/A,N/A,N/A,N/A,N/A,N/A,N/A,N/A,N/A,N/A,N/A,N/A,N/A,N/A,N/A,N/A,N/A,N/A,N/A,N/A,N/A,N/A,N/A,N/A,N/A,N/A,N/A,N/A,N/A,N/A,N/A,N/A,N/A,N/A,N/A,N/A,N/A,N/A
Patryck Lanza dos Reis,22,1042876800,2003/01/18,Serie A,2024,Defender,São Paulo,611,262,349,Brazil,12,5,7,0,0,0,0,0,0,0,0,2,1,1,7,3,4,1,0,0,0,0,0,0,0,1.03,87,51,611,0,0.15,331,488,84,24,0,6.67,0,45,41.54,23.50,62,282,19.83,238,65,35.06,63,0.00,0.00,0.25,3,0.00,1.75,2.80,1.58,19,0.00,0.42,0.00,0.00,0.00,0.42,0.50,0.00,0.00,0.15,0.08,1.00,0.00,0.00,0.00,0.00,0.67,0.00,0.00,0,0,,1,0.08,11,0,0.00,15,1,0.15,16,8,6,6,91,0.00,99,0,5,0.74,51,21,62,3.09,77,0,0.00,99,0,0.00,0,0,0.00,0,0.44,30,12,1.77,69,6,0.88,50.00,0,0.00,0,0,0,0.00,0,0,0.00,59,0.00,0,N/A,N/A,N/A,N/A,0.00,0,0.00,0,0.04,0.00,0,84.40,0.00,15,9,0.83,1.47,10,70,57,0,0,0,0.00,0.00,0,23,80.04,0.83,1.47,10,0,0.00,0.00,99,0.00,0,0,0,0.00,0.00,0,0.00,0.00,0.15,0.08,1,0,0.00,42,15,14,40,59,0.53,22,0.04,0.08,0.04,13,0.00,0.01,44,6,0.50,0.88,1.33,0.75,60,9,0.01,13,18,58,67,0,72,55,0,0.00,99,8,0.00,1.18,11.34,6.42,77,39,72,69,5.74,3.25,50.65,5,0.74,53,0,23.81,0,0.00,99,5,0.42,0.74,77,14,63,99,0,0,0,0,0,26,40,59,54,0,99,20,81,29,1,8,21,36,0,0
Paulinho,37,585817200,1988/07/25,Serie A,2024,Midfielder,Corinthians,113,45,68,Brazil,6,3,3,0,0,0,0,0,0,0,0,3,3,0,1,0,1,0,0,0,0,0,0,0,0,0.8,113,19,0,0,0,-1,-1,-1,32,0,6.74,0,45,48.58,10.17,80,61,9.17,55,94,43.81,84,0.00,0.00,0.00,0,0.00,0.00,4.78,1.00,6,0.00,0.33,0.00,0.00,0.00,0.00,0.00,0.00,0.00,3.19,0.33,0.00,0.00,0.33,0.06,0.00,0.83,0.00,0.00,0,0,,4,0.67,99,2,1.59,98,2,1.59,99,2,5,1,99,0.00,99,0,0,0.00,9,0,30,0.00,14,0,0.00,99,0,0.00,0,0,0.00,0,0.00,8,0,0.00,7,0,0.00,0.00,0,0.00,0,0,0,0.00,0,0,0.00,84,0.00,0,N/A,N/A,N/A,N/A,0.00,0,0.00,0,0.37,0.00,0,90.16,50.00,74,6,0.33,1.59,2,10,10,0,0,0,0.17,0.80,1,91,40.43,0.33,1.59,2,0,0.00,0.00,99,0.00,0,0,0,0.00,0.00,0,0.00,0.00,0.00,0.00,0,0,0.00,42,0,3,40,84,0.14,39,0.02,0.11,0.37,86,0.06,0.29,92,3,0.50,2.39,0.80,0.17,24,1,0.29,84,24,61,67,0,41,99,0,0.00,99,5,0.00,3.98,19.12,4.00,24,14,99,99,11.15,2.33,58.33,2,1.59,16,0,0.00,0,0.00,99,0,0.00,0.00,30,1,57,46,0,0,0,0,0,26,40,59,54,0,99,96,7,7,0,0,7,8,0,0
Paulinho,25,963644400,2000/07/15,Serie A,2024,Forward,Atlético Mineiro,2002,1081,921,Brazil,26,14,12,8,4,4,1,0,1,1,0,7,3,4,25,14,11,4,1,0.4,0.04,0.36,0.33,0.39,250,1.12,80,77,400,2002,0.22,39,259,-1,3,0,7.07,0.04,50,35.86,30.25,47,726,26.38,633,82,31.27,52,0.00,0.00,1.21,29,0.00,0.54,0.99,0.83,20,0.00,1.42,0.00,0.00,0.00,0.21,1.12,0.00,3.71,1.28,0.33,2.04,0.00,0.75,0.28,0.00,0.38,0.00,0.00,0,0,,26,1.08,70,18,0.89,84,8,0.40,47,4,4,22,27,0.00,99,0,5,0.25,21,13,60,0.64,44,0,0.00,99,0,0.00,0,0,0.00,0,1.43,80,49,2.42,79,27,1.33,55.10,0,0.00,0,0,0,0.00,0,0,0.00,49,0.00,0,N/A,N/A,N/A,N/A,0.00,0,0.00,0,6.82,0.00,0,87.19,69.23,95,73,0.33,0.40,8,83,65,1,0,0,0.08,0.10,2,36,169.57,0.54,0.64,13,0,0.00,0.00,99,0.00,0,1,0,0.00,0.00,0,0.00,0.00,0.54,0.46,11,1,26.92,94,72,65,47,48,2.85,57,0.12,0.14,6.12,87,0.26,0.30,48,19,0.79,0.94,0.44,0.38,11,9,0.34,89,78,26,67,0,94,21,0,0.00,99,9,0.00,0.44,8.55,7.21,173,77,24,35,3.80,3.21,44.51,34,1.68,15,0,23.08,0,0.00,99,3,0.12,0.15,47,72,50,77,0,1,0,4,0,85,93,93,87,0,99,55,64,44,3,12,41,10,0,0
Paulo Henrique de Oliveira Alves,29,838278000,1996/07/25,Serie A,2024,Midfielder,Vasco da Gama,2527,1168,1359,Brazil,35,17,18,1,0,1,0,0,0,0,0,8,6,2,38,15,23,6,0,0.04,0,0.04,0,0.07,2527,1.35,67,72,421,0,0.21,286,470,-1,12,0,6.84,0,45,35.16,27.79,44,917,21.39,706,23,27.07,40,0.00,0.00,0.70,23,0.00,2.39,3.18,2.52,83,0.00,0.70,0.00,0.00,0.00,1.33,1.18,0.00,14.00,0.54,0.27,2.45,0.00,0.15,0.05,0.00,0.52,0.00,0.00,0,0,,14,0.42,37,5,0.19,36,9,0.35,40,3,5,30,96,0.00,99,0,44,1.69,94,79,49,3.03,76,0,0.00,99,0,0.00,0,0,0.00,0,0.88,54,81,3.11,85,39,1.50,48.15,0,0.00,0,0,0,0.00,0,0,0.00,22,0.00,0,N/A,N/A,N/A,N/A,0.00,0,0.00,0,1.61,0.00,0,76.99,35.71,40,24,0.85,1.07,28,85,48,0,0,0,0.42,0.54,14,81,225.88,1.73,2.19,57,0,0.00,0.00,99,0.00,0,0,0,0.00,0.00,0,0.00,0.00,0.00,0.00,0,0,7.14,51,90,97,98,23,2.08,22,0.06,0.08,1.61,39,0.05,0.06,44,23,0.70,0.88,1.27,1.00,56,33,0.06,38,42,72,67,0,41,32,0,0.00,99,17,0.00,0.65,11.73,9.27,306,162,81,72,6.21,4.91,52.94,23,0.88,44,0,18.99,0,0.00,99,15,0.45,0.58,70,90,57,63,0,0,0,0,0,30,45,63,54,0,99,39,66,42,6,17,60,96,0,0
Paulo Lucas de Paula,28,852710400,1997/01/08,Serie A,2024,Midfielder,Vasco da Gama,25,1,24,Brazil,2,1,1,0,0,0,0,0,0,0,0,1,1,0,0,0,0,0,0,0,0,0,0,0,0,0,0,13,0,0,0,-1,-1,-1,39,0,3.12,0,45,54.00,7.50,88,15,7.50,15,99,54.00,95,0.00,0.00,0.50,1,0.00,0.00,7.20,1.00,2,0.00,1.00,0.00,0.00,0.00,0.00,0.00,0.00,0.00,3.60,0.00,1.00,0.00,0.50,0.06,0.00,0.50,0.00,0.00,0,0,,1,0.50,99,1,3.60,99,0,0.00,9,0,2,0,99,0.00,99,0,0,0.00,9,0,30,0.00,14,0,0.00,99,0,0.00,0,0,0.00,0,3.60,99,2,7.20,99,0,0.00,0.00,0,0.00,0,0,0,0.00,0,0,0.00,99,0.00,0,N/A,N/A,N/A,N/A,0.00,0,0.00,0,0.12,0.00,0,100.00,100.00,99,99,0.00,0.00,0,10,10,0,0,0,0.50,3.60,1,99,6.25,0.00,0.00,0,0,0.00,0.00,99,0.00,0,0,0,0.00,0.00,0,0.00,0.00,3.60,0.50,1,0,0.00,42,0,0,40,0,0.06,84,0.03,0.22,0.12,97,0.06,0.43,2,0,0.00,0.00,0.00,0.00,5,0,0.43,95,0,1,67,0,99,98,0,0.00,99,1,0.00,3.60,25.20,3.50,7,3,99,99,10.80,1.50,42.86,2,7.20,0,0,0.00,0,0.00,99,0,0.00,0.00,30,0,31,11,0,0,0,0,0,26,40,59,54,0,99,96,7,7,0,0,7,18,0,0
Paulo Ricardo de Souza Babilônia,20,1116831600,2005/05/23,Serie A,2024,Midfielder,Vasco da Gama,0,0,0,Brazil,0,0,0,0,0,0,0,0,0,0,0,0,0,0,0,0,0,0,0,0,0,0,0,0,0,0,0,0,0,0,0,-1,-1,-1,-1,N/A,N/A,N/A,N/A,N/A,N/A,N/A,N/A,N/A,N/A,N/A,N/A,N/A,N/A,N/A,N/A,N/A,N/A,N/A,N/A,N/A,N/A,N/A,N/A,N/A,N/A,N/A,N/A,N/A,N/A,N/A,N/A,N/A,N/A,N/A,N/A,N/A,N/A,N/A,N/A,N/A,N/A,N/A,N/A,N/A,N/A,N/A,N/A,N/A,N/A,N/A,N/A,N/A,N/A,N/A,N/A,N/A,N/A,N/A,N/A,N/A,N/A,N/A,N/A,N/A,N/A,N/A,N/A,N/A,N/A,N/A,N/A,N/A,N/A,N/A,N/A,N/A,N/A,N/A,N/A,N/A,N/A,N/A,N/A,N/A,N/A,N/A,N/A,N/A,N/A,N/A,N/A,N/A,N/A,N/A,N/A,N/A,N/A,N/A,N/A,N/A,N/A,N/A,N/A,N/A,N/A,N/A,N/A,N/A,N/A,N/A,N/A,N/A,N/A,N/A,N/A,N/A,N/A,N/A,N/A,N/A,N/A,N/A,N/A,N/A,N/A,N/A,N/A,N/A,N/A,N/A,N/A,N/A,N/A,N/A,N/A,N/A,N/A,N/A,N/A,N/A,N/A,N/A,N/A,N/A,N/A,N/A,N/A,N/A,N/A,N/A,N/A,N/A,N/A,N/A,N/A,N/A,N/A,N/A,N/A,N/A,N/A,N/A,N/A,N/A,N/A,N/A,N/A,N/A,N/A,N/A,N/A,N/A,N/A,N/A,N/A,N/A,N/A,N/A,N/A,N/A,N/A,N/A,N/A,N/A,N/A,N/A,N/A,N/A,N/A,N/A,N/A,N/A,N/A,N/A,N/A,N/A,N/A,N/A,N/A,N/A,N/A,N/A,N/A,N/A,N/A,N/A,N/A,N/A,N/A,N/A,N/A,N/A,N/A,N/A,N/A,N/A,N/A,N/A,N/A,N/A,N/A,N/A,N/A
Paulo Roberto Guimarães Bilion de Souza,19,1137398400,2006/01/16,Serie A,2024,Midfielder,Vitória,0,0,0,Brazil,0,0,0,0,0,0,0,0,0,0,0,0,0,0,0,0,0,0,0,0,0,0,0,0,0,0,0,0,0,0,0,-1,-1,-1,-1,N/A,N/A,N/A,N/A,N/A,N/A,N/A,N/A,N/A,N/A,N/A,N/A,N/A,N/A,N/A,N/A,N/A,N/A,N/A,N/A,N/A,N/A,N/A,N/A,N/A,N/A,N/A,N/A,N/A,N/A,N/A,N/A,N/A,N/A,N/A,N/A,N/A,N/A,N/A,N/A,N/A,N/A,N/A,N/A,N/A,N/A,N/A,N/A,N/A,N/A,N/A,N/A,N/A,N/A,N/A,N/A,N/A,N/A,N/A,N/A,N/A,N/A,N/A,N/A,N/A,N/A,N/A,N/A,N/A,N/A,N/A,N/A,N/A,N/A,N/A,N/A,N/A,N/A,N/A,N/A,N/A,N/A,N/A,N/A,N/A,N/A,N/A,N/A,N/A,N/A,N/A,N/A,N/A,N/A,N/A,N/A,N/A,N/A,N/A,N/A,N/A,N/A,N/A,N/A,N/A,N/A,N/A,N/A,N/A,N/A,N/A,N/A,N/A,N/A,N/A,N/A,N/A,N/A,N/A,N/A,N/A,N/A,N/A,N/A,N/A,N/A,N/A,N/A,N/A,N/A,N/A,N/A,N/A,N/A,N/A,N/A,N/A,N/A,N/A,N/A,N/A,N/A,N/A,N/A,N/A,N/A,N/A,N/A,N/A,N/A,N/A,N/A,N/A,N/A,N/A,N/A,N/A,N/A,N/A,N/A,N/A,N/A,N/A,N/A,N/A,N/A,N/A,N/A,N/A,N/A,N/A,N/A,N/A,N/A,N/A,N/A,N/A,N/A,N/A,N/A,N/A,N/A,N/A,N/A,N/A,N/A,N/A,N/A,N/A,N/A,N/A,N/A,N/A,N/A,N/A,N/A,N/A,N/A,N/A,N/A,N/A,N/A,N/A,N/A,N/A,N/A,N/A,N/A,N/A,N/A,N/A,N/A,N/A,N/A,N/A,N/A,N/A,N/A,N/A,N/A,N/A,N/A,N/A,N/A
Paulo Vitor Monteiro,21,1093503600,2004/08/26,Serie A,2024,Midfielder,Atlético Mineiro,528,244,284,Brazil,13,8,5,0,0,0,0,0,0,0,0,3,3,0,10,7,3,3,0,0,0,0,0,0,0,1.7,53,41,176,0,0.51,320,368,-1,17,0,6.03,0,45,41.10,17.58,61,211,13.83,166,31,32.34,55,0.00,0.00,0.25,3,0.00,0.00,3.51,1.50,18,0.00,0.42,0.00,0.00,0.00,0.25,0.08,0.00,0.00,0.00,0.00,0.17,0.00,0.00,0.00,0.00,0.83,0.00,0.00,0,0,,0,0.00,8,0,0.00,15,0,0.00,9,4,7,6,98,0.00,99,0,3,0.58,41,0,30,0.00,14,0,0.00,99,0,0.00,0,0,0.00,0,0.58,37,2,0.39,22,1,0.19,50.00,0,0.00,0,0,0,0.00,0,0,0.00,6,0.00,0,N/A,N/A,N/A,N/A,0.00,0,0.00,0,0.00,0.00,0,78.67,0.00,15,3,0.75,1.75,9,23,57,0,0,0,0.00,0.00,0,23,72.37,0.83,1.95,10,0,0.00,0.00,99,0.00,0,0,0,0.00,0.00,0,0.00,0.00,0.00,0.00,0,0,0.00,42,11,18,40,6,0.46,27,0.04,0.09,0.00,9,0.00,0.00,29,3,0.25,0.58,1.95,0.83,89,10,0.00,9,2,69,67,0,41,76,0,0.00,99,10,0.00,1.95,12.66,5.42,65,30,74,78,5.84,2.50,46.15,5,0.97,39,0,0.00,0,0.00,99,0,0.00,0.00,30,14,68,77,0,0,0,0,0,26,40,59,54,0,99,39,19,89,3,23,79,27,0,0
Pedrinho,27,892450800,1998/04/13,Serie A,2024,Forward,Atlético Mineiro,201,55,146,Brazil,8,4,4,0,0,0,0,0,0,0,0,1,0,1,4,0,4,1,0,0,0,0,0,0,0,1.79,50,25,201,0,0.45,-1,-1,-1,25,0,6.78,0,45,61.79,17.25,96,138,14.88,119,76,53.28,94,0.00,0.00,0.38,3,0.00,0.50,2.69,0.75,6,0.00,0.62,0.00,0.00,0.00,0.12,0.25,0.00,0.00,0.90,0.25,0.38,0.00,0.00,0.01,0.00,0.38,0.00,0.00,0,0,,2,0.25,57,0,0.00,15,2,0.90,83,1,7,1,89,0.00,99,0,1,0.45,30,4,66,1.79,61,0,0.00,99,0,0.00,0,0,0.00,0,1.34,76,3,1.34,57,2,0.90,66.67,0,0.00,0,0,0,0.00,0,0,0.00,4,0.00,0,N/A,N/A,N/A,N/A,0.00,0,0.00,0,0.12,0.00,0,86.23,0.00,15,99,0.00,0.00,0,70,83,0,0,0,0.00,0.00,0,23,54.23,0.12,0.45,1,0,0.00,0.00,99,0.00,0,0,0,0.00,0.00,0,0.00,0.00,0.00,0.00,0,1,0.00,42,0,5,40,4,0.35,66,0.04,0.16,0.12,35,0.01,0.05,81,4,0.50,1.79,0.45,0.12,11,1,0.05,34,31,15,67,0,41,60,0,0.00,99,3,0.00,1.34,11.64,3.25,26,15,88,71,6.72,1.88,57.69,5,2.24,4,0,25.00,0,0.00,99,1,0.12,0.45,64,1,68,30,0,0,0,0,0,26,40,59,54,0,99,10,23,85,1,12,41,38,0,0
Pedro Augusto Borges da Costa,28,857376000,1997/03/03,Serie A,2024,Midfielder,Fortaleza,1148,438,710,Brazil,27,14,13,0,0,0,1,0,1,0,0,9,8,1,13,2,11,10,0,0.08,0.08,0,0,0,0,1.02,88,43,115,1148,0.78,435,202,-1,21,0,7.04,0.04,62,39.84,19.30,57,444,15.61,359,41,32.21,55,0.00,0.00,0.17,4,0.00,0.09,4.22,2.04,47,0.00,0.26,0.00,0.00,0.00,0.78,0.09,0.00,0.00,0.27,0.04,0.22,0.00,0.09,0.01,0.00,0.83,0.00,0.00,0,0,,3,0.13,17,2,0.18,34,1,0.09,11,4,15,12,99,0.00,99,0,18,1.62,93,2,96,0.18,25,0,0.00,99,0,0.00,0,0,0.00,0,0.36,26,5,0.45,25,2,0.18,40.00,0,0.00,0,0,0,0.00,0,0,0.00,60,0.00,0,N/A,N/A,N/A,N/A,0.00,0,0.00,0,0.27,0.00,0,80.86,66.67,95,63,0.26,0.54,6,23,28,0,0,0,0.52,1.08,12,96,161.81,1.26,2.60,29,0,0.00,0.00,99,0.00,0,0,0,0.00,0.00,0,0.00,0.00,0.00,0.00,0,0,0.00,42,43,69,40,60,1.51,57,0.07,0.14,0.27,19,0.01,0.02,76,18,0.78,1.62,2.24,1.09,94,25,0.02,19,75,77,67,0,41,72,0,0.00,99,19,0.00,1.70,12.74,6.17,142,87,97,79,7.81,3.78,61.27,6,0.54,63,0,50.00,0,0.00,99,1,0.04,0.09,42,41,95,77,0,0,0,0,0,39,40,59,54,0,99,76,10,98,9,33,95,28,0,0
Pedro Felipe De Faria Rangel,25,962262000,2000/06/29,Serie A,2024,Goalkeeper,Atlético GO,540,90,450,Brazil,6,1,5,0,0,0,0,0,0,0,0,1,0,1,12,4,8,3,0,0,0,0,0,0,0,2,45,90,180,0,0.5,515,427,188,29,0,7.17,0,45,28.83,28.83,29,173,20.17,121,7,20.17,23,0.00,0.00,0.00,0,0.00,0.00,0.00,0.00,0,0.00,0.00,0.00,0.00,3.83,0.00,0.17,5.83,0.00,0.00,0.00,0.17,0.00,0.00,0.00,0.00,0.00,0.00,0.00,0,0,,0,0.00,8,0,0.00,15,0,0.00,9,0,0,6,4,0.00,99,0,0,0.00,9,0,30,0.00,14,0,0.00,99,0,0.00,0,0,0.00,0,0.00,8,1,0.17,14,1,0.17,100.00,0,0.00,0,23,3,3.83,79,35,0.00,2,5.83,94,N/A,N/A,N/A,N/A,65.71,0,0.00,0,0.00,0.00,0,69.94,0.00,15,91,0.17,0.17,1,21,99,0,0,14,0.00,0.00,0,23,43.02,1.00,1.00,6,0,0.00,0.00,99,0.00,0,0,0,0.00,0.00,2,0.33,0.33,0.00,0.00,0,0,0.00,42,13,3,40,2,0.27,6,0.05,0.04,0.00,9,0.00,0.00,2,0,0.00,0.00,0.00,0.00,5,0,0.00,9,89,45,67,24,41,2,0,0.00,99,0,0.00,0.00,0.50,0.50,3,2,3,4,0.33,0.33,66.67,0,0.00,99,0,0.00,0,0.00,99,0,0.00,0.00,30,14,14,11,0,0,0,0,0,26,40,59,54,0,99,20,20,88,1,17,60,1,0,0
Pedro Geovane Paranhos Santos,19,1160636400,2006/10/12,Serie A,2024,Midfielder,Atlético GO,10,7,3,Brazil,2,1,1,0,0,0,0,0,0,0,0,1,1,0,0,0,0,0,0,0,0,0,0,0,0,0,0,5,0,0,0,-1,-1,-1,40,0,6.55,0,45,54.00,3.00,88,6,3.00,6,99,54.00,95,0.00,0.00,0.50,1,0.00,0.50,0.00,0.00,0,0.00,0.00,0.00,0.00,0.00,0.00,0.00,0.00,0.00,9.00,0.50,0.00,0.00,0.00,0.03,0.00,0.00,0.00,0.00,0,0,,1,0.50,99,0,0.00,15,1,9.00,99,0,2,0,4,0.00,99,0,0,0.00,9,1,99,9.00,99,0,0.00,99,0,0.00,0,0,0.00,0,9.00,99,0,0.00,7,0,0.00,0.00,0,0.00,0,0,0,0.00,0,0,0.00,99,0.00,0,N/A,N/A,N/A,N/A,0.00,0,0.00,0,0.05,0.00,0,100.00,0.00,15,0,0.50,9.00,1,10,10,0,0,0,0.00,0.00,0,23,13.11,0.00,0.00,0,0,0.00,0.00,99,0.00,0,0,0,0.00,0.00,0,0.00,0.00,0.00,0.00,0,0,0.00,42,0,0,40,0,0.05,99,0.03,0.45,0.05,97,0.03,0.45,2,0,0.00,0.00,18.00,1.00,99,2,0.45,96,10,1,67,0,41,2,0,0.00,99,0,0.00,0.00,36.00,2.00,4,0,0,99,0.00,0.00,0.00,0,0.00,99,0,100.00,0,0.00,99,1,0.50,9.00,99,0,31,11,0,0,0,0,0,26,40,59,54,0,99,96,7,7,0,0,7,19,0,0
Pedro Guilherme Abreu dos Santos,28,866790000,1997/06/20,Serie A,2024,Forward,Flamengo,1669,936,733,Brazil,21,11,10,11,6,5,5,3,2,4,1,4,2,2,15,9,6,3,0,0.86,0.27,0.59,0.58,0.61,152,0.81,111,79,556,334,0.16,5,29,-1,1,0,7.15,0.24,95,15.68,13.00,3,260,10.05,201,24,12.12,5,0.00,0.00,1.00,20,0.00,0.15,0.60,0.50,10,0.00,1.00,0.00,0.00,0.00,0.35,0.70,0.00,3.44,1.87,0.50,1.60,0.00,1.05,0.42,0.00,1.05,0.00,0.00,0,0,,31,1.55,87,21,1.27,96,10,0.60,65,3,2,19,14,0.00,99,0,7,0.42,29,3,30,0.18,25,0,0.00,99,0,0.00,0,0,0.00,0,1.21,69,32,1.93,72,14,0.84,43.75,0,0.00,0,0,0,0.00,0,0,0.00,84,0.00,0,N/A,N/A,N/A,N/A,0.00,0,0.00,0,8.49,0.00,0,77.31,67.74,95,90,0.15,0.18,3,68,37,3,1,0,0.00,0.00,0,23,143.01,0.70,0.84,14,0,0.00,0.00,99,0.00,0,4,1,0.05,0.06,0,0.00,0.00,0.06,0.05,1,0,29.03,96,64,46,41,84,3.94,89,0.20,0.24,5.69,91,0.28,0.34,70,24,1.20,1.45,0.72,0.60,20,12,0.51,98,86,38,78,0,51,58,0,0.00,99,21,0.00,1.27,9.11,7.55,151,69,32,44,4.16,3.45,45.70,20,1.21,29,0,0.00,0,0.00,99,0,0.00,0.00,30,64,31,63,0,0,0,0,0,99,99,99,97,0,99,27,78,30,3,14,48,9,0,0
Pedro Henrique,35,645519600,1990/06/16,Serie A,2024,Forward,Corinthians,351,200,151,Brazil,11,6,5,1,1,0,1,1,0,0,0,2,1,1,3,2,1,2,0,0.51,0.26,0.26,0.45,0,351,0.77,117,32,176,351,0.51,75,31,-1,11,0,6.88,0.09,95,22.00,8.56,15,77,7.22,65,65,18.57,21,0.00,0.00,0.67,6,0.00,1.67,2.00,0.78,7,0.00,0.44,0.00,0.00,0.00,0.00,0.33,0.00,9.00,2.57,0.56,0.78,0.00,0.44,0.15,0.00,0.89,0.00,0.00,0,0,,9,1.00,97,4,1.14,93,5,1.43,98,3,7,4,70,0.00,99,0,0,0.00,9,15,31,4.29,88,0,0.00,99,0,0.00,0,0,0.00,0,1.71,88,7,2.00,73,3,0.86,42.86,0,0.00,0,0,0,0.00,0,0,0.00,86,0.00,0,N/A,N/A,N/A,N/A,0.00,0,0.00,0,1.31,0.00,0,84.42,44.44,58,59,0.22,0.57,2,69,35,0,0,0,0.00,0.00,0,23,61.92,0.44,1.14,4,0,0.00,0.00,99,0.00,0,0,0,0.00,0.00,0,0.00,0.00,0.86,0.33,3,0,11.11,61,0,11,54,86,0.95,93,0.11,0.27,1.31,92,0.15,0.37,85,7,0.78,2.00,2.00,0.78,90,7,0.37,91,49,47,67,0,98,83,0,0.00,99,8,0.00,2.29,14.00,5.44,49,25,92,86,7.14,2.78,51.02,4,1.14,31,0,6.67,0,0.00,99,1,0.11,0.29,58,6,68,63,0,0,0,0,0,93,86,59,92,0,99,23,19,89,1,9,26,16,0,0
Pedro Henrique,30,812617200,1995/10/02,Serie A,2024,Defender,Bragantino,2272,1045,1227,Brazil,26,12,14,0,0,0,0,0,0,0,0,5,3,2,28,9,19,1,0,0,0,0,0,0,0,1.11,81,87,2272,0,0.04,503,435,105,30,0,6.90,0,45,47.81,43.23,78,1124,34.73,903,38,38.41,72,0.00,0.00,0.23,6,0.00,0.04,1.70,1.54,40,0.00,0.15,0.00,0.00,0.00,0.88,0.12,0.00,0.00,0.30,0.15,0.15,0.00,0.12,0.03,0.00,2.08,0.00,0.00,0,0,,7,0.27,20,3,0.13,26,4,0.17,18,1,0,26,58,0.00,99,0,23,0.98,66,1,30,0.04,15,0,0.00,99,0,0.00,0,0,0.00,0,0.26,21,4,0.17,14,3,0.13,75.00,0,0.00,0,0,0,0.00,0,0,0.00,51,0.00,0,N/A,N/A,N/A,N/A,0.00,0,0.00,0,0.65,0.00,0,80.34,42.86,55,52,0.58,0.64,15,18,90,0,0,0,0.58,0.64,15,86,179.32,4.15,4.59,108,1,0.00,0.04,15,0.04,0,0,0,0.00,0.00,0,0.00,0.00,0.04,0.04,1,0,0.00,42,82,65,40,51,2.04,27,0.08,0.09,0.65,24,0.03,0.03,37,18,0.69,0.77,0.81,0.73,25,19,0.03,24,52,92,67,0,46,83,0,0.00,99,54,0.00,2.30,8.21,7.42,193,114,51,32,4.85,4.38,59.07,4,0.17,80,0,0.00,0,0.00,99,0,0.00,0.00,30,83,14,30,0,0,0,0,0,26,40,59,54,0,99,27,99,9,1,4,10,14,0,0
Pedro Henrique Franklim Martins,21,1073376000,2004/01/06,Serie A,2024,Defender,Cruzeiro,0,0,0,Brazil,0,0,0,0,0,0,0,0,0,0,0,0,0,0,0,0,0,0,0,0,0,0,0,0,0,0,0,0,0,0,0,-1,-1,-1,-1,N/A,N/A,N/A,N/A,N/A,N/A,N/A,N/A,N/A,N/A,N/A,N/A,N/A,N/A,N/A,N/A,N/A,N/A,N/A,N/A,N/A,N/A,N/A,N/A,N/A,N/A,N/A,N/A,N/A,N/A,N/A,N/A,N/A,N/A,N/A,N/A,N/A,N/A,N/A,N/A,N/A,N/A,N/A,N/A,N/A,N/A,N/A,N/A,N/A,N/A,N/A,N/A,N/A,N/A,N/A,N/A,N/A,N/A,N/A,N/A,N/A,N/A,N/A,N/A,N/A,N/A,N/A,N/A,N/A,N/A,N/A,N/A,N/A,N/A,N/A,N/A,N/A,N/A,N/A,N/A,N/A,N/A,N/A,N/A,N/A,N/A,N/A,N/A,N/A,N/A,N/A,N/A,N/A,N/A,N/A,N/A,N/A,N/A,N/A,N/A,N/A,N/A,N/A,N/A,N/A,N/A,N/A,N/A,N/A,N/A,N/A,N/A,N/A,N/A,N/A,N/A,N/A,N/A,N/A,N/A,N/A,N/A,N/A,N/A,N/A,N/A,N/A,N/A,N/A,N/A,N/A,N/A,N/A,N/A,N/A,N/A,N/A,N/A,N/A,N/A,N/A,N/A,N/A,N/A,N/A,N/A,N/A,N/A,N/A,N/A,N/A,N/A,N/A,N/A,N/A,N/A,N/A,N/A,N/A,N/A,N/A,N/A,N/A,N/A,N/A,N/A,N/A,N/A,N/A,N/A,N/A,N/A,N/A,N/A,N/A,N/A,N/A,N/A,N/A,N/A,N/A,N/A,N/A,N/A,N/A,N/A,N/A,N/A,N/A,N/A,N/A,N/A,N/A,N/A,N/A,N/A,N/A,N/A,N/A,N/A,N/A,N/A,N/A,N/A,N/A,N/A,N/A,N/A,N/A,N/A,N/A,N/A,N/A,N/A,N/A,N/A,N/A,N/A,N/A,N/A,N/A,N/A,N/A,N/A
Pedro Henrique Leão Alves Lopes,19,1151478000,2006/06/28,Serie A,2024,Midfielder,Flamengo,0,0,0,Brazil,0,0,0,0,0,0,0,0,0,0,0,0,0,0,0,0,0,0,0,0,0,0,0,0,0,0,0,0,0,0,0,-1,-1,-1,-1,N/A,N/A,N/A,N/A,N/A,N/A,N/A,N/A,N/A,N/A,N/A,N/A,N/A,N/A,N/A,N/A,N/A,N/A,N/A,N/A,N/A,N/A,N/A,N/A,N/A,N/A,N/A,N/A,N/A,N/A,N/A,N/A,N/A,N/A,N/A,N/A,N/A,N/A,N/A,N/A,N/A,N/A,N/A,N/A,N/A,N/A,N/A,N/A,N/A,N/A,N/A,N/A,N/A,N/A,N/A,N/A,N/A,N/A,N/A,N/A,N/A,N/A,N/A,N/A,N/A,N/A,N/A,N/A,N/A,N/A,N/A,N/A,N/A,N/A,N/A,N/A,N/A,N/A,N/A,N/A,N/A,N/A,N/A,N/A,N/A,N/A,N/A,N/A,N/A,N/A,N/A,N/A,N/A,N/A,N/A,N/A,N/A,N/A,N/A,N/A,N/A,N/A,N/A,N/A,N/A,N/A,N/A,N/A,N/A,N/A,N/A,N/A,N/A,N/A,N/A,N/A,N/A,N/A,N/A,N/A,N/A,N/A,N/A,N/A,N/A,N/A,N/A,N/A,N/A,N/A,N/A,N/A,N/A,N/A,N/A,N/A,N/A,N/A,N/A,N/A,N/A,N/A,N/A,N/A,N/A,N/A,N/A,N/A,N/A,N/A,N/A,N/A,N/A,N/A,N/A,N/A,N/A,N/A,N/A,N/A,N/A,N/A,N/A,N/A,N/A,N/A,N/A,N/A,N/A,N/A,N/A,N/A,N/A,N/A,N/A,N/A,N/A,N/A,N/A,N/A,N/A,N/A,N/A,N/A,N/A,N/A,N/A,N/A,N/A,N/A,N/A,N/A,N/A,N/A,N/A,N/A,N/A,N/A,N/A,N/A,N/A,N/A,N/A,N/A,N/A,N/A,N/A,N/A,N/A,N/A,N/A,N/A,N/A,N/A,N/A,N/A,N/A,N/A,N/A,N/A,N/A,N/A,N/A,N/A
Pedro Henrique Ouriques Pereira,20,1112684400,2005/04/05,Serie A,2024,Midfielder,Bragantino,90,0,90,Brazil,1,0,1,0,0,0,0,0,0,0,0,0,0,0,1,0,1,0,0,0,0,0,0,0,0,1,90,90,0,0,0,-1,-1,-1,28,0,6.83,0,45,57.00,57.00,91,57,47.00,47,51,47.00,88,0.00,0.00,0.00,0,0.00,0.00,2.00,2.00,2,0.00,0.00,0.00,0.00,0.00,0.00,0.00,0.00,0.00,0.00,0.00,0.00,0.00,0.00,0.00,0.00,1.00,0.00,0.00,0,0,,0,0.00,8,0,0.00,15,0,0.00,9,0,0,1,70,0.00,99,0,0,0.00,9,0,30,0.00,14,0,0.00,99,0,0.00,0,0,0.00,0,0.00,8,0,0.00,7,0,0.00,0.00,0,0.00,0,0,0,0.00,0,0,0.00,63,0.00,0,N/A,N/A,N/A,N/A,0.00,0,0.00,0,0.00,0.00,0,82.46,0.00,15,28,1.00,1.00,1,10,10,0,0,0,2.00,2.00,2,99,6.83,2.00,2.00,2,0,0.00,0.00,99,0.00,0,0,0,0.00,0.00,0,0.00,0.00,0.00,0.00,0,0,0.00,42,0,0,40,63,0.10,33,0.10,0.10,0.00,9,0.00,0.00,2,0,0.00,0.00,0.00,0.00,5,0,0.00,9,41,70,67,0,41,47,0,0.00,99,1,0.00,1.00,7.00,7.00,7,3,11,19,3.00,3.00,42.86,0,0.00,99,0,0.00,0,0.00,99,0,0.00,0.00,30,1,14,11,0,0,0,0,0,26,40,59,54,0,99,2,7,7,0,0,7,14,0,0
Pedro Henrique Pereira da Silva,32,724665600,1992/12/18,Serie A,2024,Defender,Atlético GO,584,121,463,Brazil,12,3,9,0,0,0,0,0,0,0,0,3,1,2,6,1,5,3,0,0,0,0,0,0,0,0.92,97,49,195,0,0.46,516,458,51,33,0,6.23,0,45,49.78,26.92,82,323,23.00,276,70,42.53,81,0.00,0.00,0.17,2,0.00,0.00,2.31,1.25,15,0.00,0.00,0.00,0.00,0.00,0.08,0.00,0.00,0.00,0.46,0.08,0.00,0.00,0.17,0.02,0.00,1.83,0.00,0.00,0,0,,3,0.25,30,2,0.31,51,1,0.15,16,4,5,7,81,0.00,99,0,1,0.15,14,0,30,0.00,14,0,0.00,99,0,0.00,0,0,0.00,0,0.31,24,0,0.00,7,0,0.00,0.00,0,0.00,0,0,0,0.00,0,0,0.00,71,0.00,0,N/A,N/A,N/A,N/A,0.00,0,0.00,0,0.26,0.00,0,85.45,66.67,95,91,0.08,0.15,1,10,10,0,0,0,0.33,0.62,4,85,74.79,2.33,4.32,28,0,0.00,0.00,99,0.00,0,0,0,0.00,0.00,0,0.00,0.00,0.00,0.00,0,0,0.00,42,14,14,40,70,0.67,33,0.06,0.10,0.26,30,0.02,0.04,30,4,0.33,0.62,1.39,0.75,64,9,0.04,29,4,90,67,0,41,98,0,0.00,99,22,0.00,3.39,9.09,4.92,59,41,83,43,6.32,3.42,69.49,0,0.00,99,0,0.00,0,0.00,99,0,0.00,0.00,30,18,57,77,0,0,0,0,0,26,40,59,54,0,99,47,22,86,3,25,84,14,0,0
Pedro Raul Garay da Silva,29,847180800,1996/11/05,Serie A,2024,Forward,Corinthians,524,156,368,Brazil,19,9,10,0,0,0,0,0,0,0,0,3,2,1,4,1,3,2,0,0,0,0,0,0,0,0.69,131,28,262,0,0.34,412,417,-1,39,0,6.34,0,45,18.54,5.72,7,103,3.78,68,4,12.24,6,0.00,0.00,0.28,5,0.00,0.11,1.80,0.56,10,0.00,0.39,0.00,0.00,0.00,0.00,0.17,0.00,0.00,1.80,0.28,0.28,0.00,0.28,0.05,0.00,0.94,0.00,0.00,0,0,,10,0.56,85,5,0.90,85,5,0.90,83,4,15,4,62,0.00,99,0,0,0.00,9,2,30,0.36,33,0,0.00,99,0,0.00,0,0,0.00,0,0.90,55,5,0.90,41,3,0.54,60.00,0,0.00,0,0,0,0.00,0,0,0.00,92,0.00,0,N/A,N/A,N/A,N/A,0.00,0,0.00,0,0.97,0.00,0,66.02,50.00,74,63,0.17,0.54,3,48,76,0,0,0,0.06,0.18,1,47,114.20,0.33,1.08,6,0,0.00,0.00,99,0.00,0,0,0,0.00,0.00,0,0.00,0.00,0.36,0.11,2,0,0.00,42,11,40,40,92,0.30,10,0.02,0.05,0.97,69,0.05,0.17,85,11,0.61,1.98,1.80,0.56,84,10,0.17,66,5,46,67,0,87,95,0,0.00,99,17,0.00,3.06,16.02,4.94,89,41,95,96,7.38,2.28,46.07,7,1.26,27,0,0.00,0,0.00,99,0,0.00,0.00,30,6,95,77,0,0,0,0,0,26,40,59,54,0,99,16,36,72,2,11,35,20,0,0
Pedro Rocha Neves,31,757411200,1994/01/01,Serie A,2024,Forward,Criciúma,214,84,130,Brazil,11,4,7,0,0,0,1,1,0,0,0,2,1,1,6,3,3,0,0,0.42,0.42,0,0,0,0,2.52,36,19,0,214,0,-1,-1,-1,24,0,6.53,0.09,99,22.29,4.82,15,53,3.45,38,10,15.98,14,0.00,0.00,0.45,5,0.00,0.55,2.10,0.45,5,0.00,0.55,0.00,0.00,0.00,0.00,0.64,0.00,0.00,2.10,0.27,1.18,0.00,0.18,0.04,0.00,0.09,0.00,0.00,0,0,,5,0.45,92,2,0.84,82,3,1.26,96,2,10,1,74,0.00,99,0,0,0.00,9,6,30,2.52,70,0,0.00,99,0,0.00,0,0,0.00,0,2.10,92,13,5.47,97,7,2.94,53.85,0,0.00,0,0,0,0.00,0,0,0.00,0,0.00,0,N/A,N/A,N/A,N/A,0.00,0,0.00,0,0.39,0.00,0,71.70,40.00,51,38,0.18,0.84,2,98,62,0,0,0,0.00,0.00,0,23,71.82,0.09,0.42,1,0,0.00,0.00,99,0.00,0,0,0,0.00,0.00,0,0.00,0.00,0.00,0.00,0,0,0.00,42,0,11,40,0,0.83,97,0.08,0.35,0.39,66,0.04,0.16,78,4,0.36,1.68,1.68,0.36,78,4,0.16,64,10,13,67,0,41,20,0,0.00,99,1,0.00,0.42,16.82,3.64,40,17,92,98,7.15,1.55,42.50,6,2.52,2,0,0.00,0,0.00,99,0,0.00,0.00,30,1,82,46,0,0,0,0,0,87,40,59,54,0,99,23,7,7,0,0,7,32,0,0
Pedro Tonon Geromel,40,496134000,1985/09/21,Serie A,2024,Defender,Grêmio,769,710,59,Brazil,12,10,2,0,0,0,0,0,0,0,0,3,3,0,9,7,2,4,0,0,0,0,0,0,0,1.05,85,64,192,0,0.47,311,479,87,27,0,7.00,0,45,46.31,33.82,74,372,28.45,313,63,38.96,74,0.00,0.00,0.00,0,0.00,0.09,2.49,1.82,20,0.00,0.00,0.00,0.00,0.00,1.00,0.18,0.00,0.00,0.75,0.55,0.18,0.00,0.00,0.03,0.00,1.55,0.00,0.00,0,0,,6,0.55,50,0,0.00,15,6,0.75,75,5,4,8,85,0.00,99,0,11,1.37,85,1,30,0.12,21,0,0.00,99,0,0.00,0,0,0.00,0,0.00,8,2,0.25,18,2,0.25,100.00,0,0.00,0,0,0,0.00,0,0,0.00,57,0.00,0,N/A,N/A,N/A,N/A,0.00,0,0.00,0,0.30,0.00,0,84.14,0.00,15,67,0.36,0.50,4,27,99,0,0,0,0.91,1.24,10,98,77.01,3.82,5.23,42,1,0.00,0.12,3,0.09,0,0,0,0.00,0.00,0,0.00,0.00,0.00,0.00,0,0,0.00,42,22,14,40,56,0.67,22,0.06,0.08,0.30,30,0.03,0.04,25,4,0.36,0.50,0.62,0.45,16,5,0.04,29,69,97,67,0,41,80,0,0.00,99,17,0.00,2.12,7.72,5.64,62,43,64,27,5.35,3.91,69.35,0,0.00,99,0,0.00,0,0.00,99,0,0.00,0.00,30,24,50,87,0,0,0,0,0,26,40,59,54,0,99,47,21,87,3,25,84,3,0,0
Philipe Sampaio Azevedo,31,784540800,1994/11/11,Serie A,2024,Defender,Atlético GO,90,90,0,Brazil,1,1,0,0,0,0,0,0,0,0,0,0,0,0,2,2,0,0,0,0,0,0,0,0,0,2,45,90,0,0,0,-1,-1,-1,23,0,7.32,0,45,75.00,75.00,99,75,70.00,70,99,70.00,99,0.00,0.00,1.00,1,0.00,1.00,1.00,1.00,1,0.00,1.00,0.00,0.00,0.00,0.00,0.00,0.00,0.00,1.00,1.00,0.00,0.00,0.00,0.06,0.00,3.00,0.00,0.00,0,0,,1,1.00,60,0,0.00,15,1,1.00,88,0,0,1,27,0.00,99,0,0,0.00,9,1,30,1.00,51,0,0.00,99,0,0.00,0,0,0.00,0,1.00,60,0,0.00,7,0,0.00,0.00,0,0.00,0,0,0,0.00,0,0,0.00,2,0.00,0,N/A,N/A,N/A,N/A,0.00,0,0.00,0,0.06,0.00,0,93.33,0.00,15,99,0.00,0.00,0,10,10,0,0,0,1.00,1.00,1,96,7.32,1.00,1.00,1,0,0.00,0.00,99,0.00,0,0,0,0.00,0.00,0,0.00,0.00,0.00,0.00,0,0,0.00,42,0,0,40,2,0.22,84,0.22,0.22,0.06,39,0.06,0.06,85,2,2.00,2.00,1.00,1.00,37,1,0.06,38,96,45,67,0,41,94,0,0.00,99,3,0.00,3.00,9.00,9.00,9,6,76,41,6.00,6.00,66.67,1,1.00,38,0,0.00,0,0.00,99,0,0.00,0.00,30,1,14,11,0,0,0,0,0,26,40,59,54,0,99,2,7,7,0,0,7,4,0,0
Philippe Coutinho,33,708332400,1992/06/12,Serie A,2024,Midfielder,Vasco da Gama,669,318,351,Brazil,15,7,8,2,1,1,1,1,0,0,0,2,2,0,9,3,6,0,0,0.4,0.13,0.27,0.28,0.26,335,1.21,74,45,0,669,0,68,141,-1,5,0,7.00,0.07,76,54.22,26.87,89,403,22.93,344,70,46.28,87,0.00,0.00,0.73,11,0.00,2.53,1.35,0.67,10,0.00,0.67,0.00,0.00,0.00,0.27,0.67,0.00,6.50,1.75,0.40,1.40,0.00,0.47,0.16,0.00,0.40,0.00,0.00,0,0,,13,0.87,85,7,0.94,87,6,0.81,78,1,8,7,41,0.00,99,0,4,0.54,36,38,42,5.11,91,0,0.00,99,0,0.00,0,0,0.00,0,1.48,82,21,2.83,82,10,1.35,47.62,0,0.00,0,0,0,0.00,0,0,0.00,35,0.00,0,N/A,N/A,N/A,N/A,0.00,0,0.00,0,2.36,0.00,0,85.36,53.85,80,85,0.13,0.27,2,84,46,0,0,0,0.00,0.00,0,23,104.97,0.00,0.00,0,0,0.00,0.00,99,0.00,0,0,0,0.00,0.00,0,0.00,0.00,0.00,0.00,0,0,15.38,75,18,23,53,35,1.64,84,0.11,0.22,2.36,89,0.16,0.32,84,14,0.93,1.88,1.35,0.67,61,10,0.32,87,69,1,67,0,41,39,0,0.00,99,6,0.00,0.81,11.17,5.53,83,40,64,67,5.38,2.67,48.19,10,1.35,23,0,15.79,0,0.00,99,6,0.40,0.81,79,18,73,30,0,0,0,0,0,85,88,86,83,0,99,10,7,7,0,0,7,11,0,0
Rafael,35,647506800,1990/07/09,Serie A,2024,Defender,Botafogo,0,0,0,Brazil,1,1,0,0,0,0,0,0,0,0,0,0,0,0,0,0,0,0,0,0,0,0,0,0,0,0,0,0,0,0,0,-1,-1,-1,-1,0,0.00,0,45,0.00,0.00,0,0,0.00,0,0,0.00,0,0.00,0.00,0.00,0,0.00,0.00,0.00,0.00,0,0.00,0.00,0.00,0.00,0.00,0.00,0.00,0.00,0.00,0.00,0.00,0.00,0.00,0.00,0.00,0.00,0.00,0.00,0.00,0,0,,0,0.00,8,0,0.00,15,0,0.00,9,0,1,0,4,0.00,99,0,0,0.00,9,0,30,0.00,14,0,0.00,99,0,0.00,0,0,0.00,0,0.00,8,0,0.00,7,0,0.00,0.00,0,0.00,0,0,0,0.00,0,0,0.00,99,0.00,0,N/A,N/A,N/A,N/A,0.00,0,0.00,0,0.00,0.00,0,0.00,0.00,15,99,0.00,0.00,0,10,10,0,0,0,0.00,0.00,0,23,0.00,0.00,0.00,0,0,0.00,0.00,99,0.00,0,0,0,0.00,0.00,0,0.00,0.00,0.00,0.00,0,0,0.00,42,0,0,40,0,0.00,0,0.00,0.00,0.00,9,0.00,0.00,2,0,0.00,0.00,0.00,0.00,5,0,0.00,9,0,1,67,0,41,2,0,0.00,99,0,0.00,0.00,0.00,0.00,0,0,0,0,0.00,0.00,0.00,0,0.00,99,0,0.00,0,0.00,99,0,0.00,0.00,30,0,22,11,0,0,0,0,0,26,40,59,54,0,99,2,7,7,0,0,7,2,0,0
Rafael Bilu Mudesto,26,924678000,1999/04/21,Serie A,2024,Midfielder,Cruzeiro,0,0,0,Brazil,0,0,0,0,0,0,0,0,0,0,0,0,0,0,0,0,0,0,0,0,0,0,0,0,0,0,0,0,0,0,0,-1,-1,-1,-1,N/A,N/A,N/A,N/A,N/A,N/A,N/A,N/A,N/A,N/A,N/A,N/A,N/A,N/A,N/A,N/A,N/A,N/A,N/A,N/A,N/A,N/A,N/A,N/A,N/A,N/A,N/A,N/A,N/A,N/A,N/A,N/A,N/A,N/A,N/A,N/A,N/A,N/A,N/A,N/A,N/A,N/A,N/A,N/A,N/A,N/A,N/A,N/A,N/A,N/A,N/A,N/A,N/A,N/A,N/A,N/A,N/A,N/A,N/A,N/A,N/A,N/A,N/A,N/A,N/A,N/A,N/A,N/A,N/A,N/A,N/A,N/A,N/A,N/A,N/A,N/A,N/A,N/A,N/A,N/A,N/A,N/A,N/A,N/A,N/A,N/A,N/A,N/A,N/A,N/A,N/A,N/A,N/A,N/A,N/A,N/A,N/A,N/A,N/A,N/A,N/A,N/A,N/A,N/A,N/A,N/A,N/A,N/A,N/A,N/A,N/A,N/A,N/A,N/A,N/A,N/A,N/A,N/A,N/A,N/A,N/A,N/A,N/A,N/A,N/A,N/A,N/A,N/A,N/A,N/A,N/A,N/A,N/A,N/A,N/A,N/A,N/A,N/A,N/A,N/A,N/A,N/A,N/A,N/A,N/A,N/A,N/A,N/A,N/A,N/A,N/A,N/A,N/A,N/A,N/A,N/A,N/A,N/A,N/A,N/A,N/A,N/A,N/A,N/A,N/A,N/A,N/A,N/A,N/A,N/A,N/A,N/A,N/A,N/A,N/A,N/A,N/A,N/A,N/A,N/A,N/A,N/A,N/A,N/A,N/A,N/A,N/A,N/A,N/A,N/A,N/A,N/A,N/A,N/A,N/A,N/A,N/A,N/A,N/A,N/A,N/A,N/A,N/A,N/A,N/A,N/A,N/A,N/A,N/A,N/A,N/A,N/A,N/A,N/A,N/A,N/A,N/A,N/A,N/A,N/A,N/A,N/A,N/A,N/A
Rafael Cabral Barbosa,35,643186800,1990/05/20,Serie A,2024,Goalkeeper,Grêmio,456,96,360,Brazil,6,2,4,0,0,0,0,0,0,0,0,1,0,1,8,2,6,0,0,0,0,0,0,0,0,1.58,57,76,0,0,0,346,284,179,25,0,6.72,0,45,24.84,20.20,20,101,12.00,60,1,14.75,11,0.00,0.00,0.00,0,0.00,0.00,0.00,0.00,0,0.00,0.00,0.00,0.00,2.40,0.00,0.00,3.40,0.00,0.00,0.00,0.00,0.00,0.00,0.00,0.00,0.40,0.00,0.00,0,0,,0,0.00,8,0,0.00,15,0,0.00,9,0,1,5,4,0.00,99,0,0,0.00,9,0,30,0.00,14,0,0.00,99,0,0.00,0,0,0.00,0,0.00,8,0,0.00,7,0,0.00,0.00,0,0.00,0,12,38,2.95,21,17,0.00,9,4.18,24,N/A,N/A,N/A,N/A,70.59,0,0.00,0,0.00,0.00,0,59.41,0.00,15,99,0.00,0.00,0,10,10,0,0,7,0.00,0.00,0,23,33.60,0.20,0.25,1,0,0.00,0.00,99,0.00,0,0,0,0.00,0.00,1,0.20,0.25,0.00,0.00,0,0,0.00,42,6,3,40,9,0.15,6,0.03,0.04,0.00,9,0.00,0.00,12,1,0.20,0.25,0.00,0.00,5,0,0.00,9,22,7,67,9,41,23,0,0.00,99,2,0.00,0.49,0.49,0.40,2,2,6,4,0.49,0.40,100.00,0,0.00,99,0,0.00,0,0.00,99,0,0.00,0.00,30,11,22,11,0,0,0,0,0,26,40,59,54,0,99,20,7,7,0,0,7,33,0,0
Rafael da Silva,33,702374400,1992/04/04,Serie A,2024,Forward,Cruzeiro,535,240,295,Brazil,9,3,6,3,3,0,0,0,0,0,0,2,0,2,8,3,5,3,1,0.5,0,0.5,1.13,0,178,1.35,67,59,134,0,0.67,14,420,-1,4,0,6.31,0,45,14.03,9.00,1,72,7.62,61,66,11.88,5,0.00,0.00,0.50,4,0.00,0.25,0.39,0.25,2,0.00,0.75,0.00,0.00,0.00,0.12,0.38,0.00,2.33,1.36,0.25,0.88,0.00,0.62,0.30,0.00,0.50,0.00,0.00,0,0,,7,0.88,73,5,0.97,89,2,0.39,46,1,0,9,9,0.00,99,0,1,0.19,17,2,30,0.39,34,0,0.00,99,0,0.00,0,0,0.00,0,0.78,48,7,1.36,58,3,0.58,42.86,0,0.00,0,0,0,0.00,0,0,0.00,22,0.00,0,N/A,N/A,N/A,N/A,0.00,0,0.00,0,2.43,0.00,0,84.72,71.43,96,99,0.00,0.00,0,50,35,0,0,0,0.00,0.00,0,23,50.46,0.38,0.58,3,0,0.00,0.00,99,0.00,0,0,0,0.00,0.00,0,0.00,0.00,0.58,0.38,3,0,42.86,99,12,6,43,23,0.28,10,0.04,0.05,2.43,97,0.30,0.47,19,2,0.25,0.39,0.97,0.62,34,5,0.47,96,5,22,67,0,95,37,0,0.00,99,4,0.00,0.78,7.21,4.62,37,11,8,22,2.14,1.38,29.73,6,1.17,30,0,0.00,0,0.00,99,0,0.00,0.00,30,28,14,30,0,0,0,0,0,92,97,59,99,0,99,36,13,95,2,22,75,8,0,0
Rafael Elias da Silva,25,944294400,1999/12/04,Serie A,2024,Forward,Cruzeiro,98,30,68,Brazil,5,2,3,1,1,0,0,0,0,0,0,1,0,1,1,1,0,2,0,0.92,0,0.92,3,0,98,0.92,98,20,49,0,1.84,-1,-1,-1,14,0,6.67,0,45,22.08,4.33,15,13,4.00,12,99,20.38,23,0.00,0.00,0.00,0,0.00,0.00,0.00,0.00,0,0.00,0.33,0.00,0.00,0.00,0.00,0.00,0.00,2.00,3.40,0.33,0.00,0.00,0.33,0.25,0.00,0.00,0.00,0.00,0,0,,2,0.67,99,1,1.70,99,1,1.70,99,0,5,0,4,0.00,99,0,0,0.00,9,0,30,0.00,14,0,0.00,99,0,0.00,0,0,0.00,0,0.00,8,0,0.00,7,0,0.00,0.00,0,0.00,0,0,0,0.00,0,0,0.00,71,0.00,0,N/A,N/A,N/A,N/A,0.00,0,0.00,0,0.74,0.00,0,92.31,50.00,74,0,1.33,6.79,4,10,10,0,0,0,0.00,0.00,0,23,20.02,0.00,0.00,0,0,0.00,0.00,99,0.00,0,0,1,0.33,1.70,0,0.00,0.00,0.00,0.00,0,0,50.00,99,0,1,40,71,0.03,10,0.01,0.05,0.74,99,0.25,1.26,2,0,0.00,0.00,5.09,1.00,99,3,1.26,99,18,1,99,0,41,2,0,0.00,99,0,0.00,0.00,13.58,2.67,8,0,0,83,0.00,0.00,0.00,1,1.70,14,0,0.00,0,0.00,99,0,0.00,0.00,30,0,57,11,0,0,0,0,0,99,99,59,99,0,99,29,7,99,2,40,98,19,0,0
Rafael Germán Haller Piloni,25,966495600,2000/08/17,Serie A,2024,Defender,Atlético GO,50,50,0,Uruguay,2,2,0,0,0,0,0,0,0,0,0,1,1,0,0,0,0,0,0,0,0,0,0,0,0,0,0,25,0,0,0,-1,-1,-1,24,0,6.52,0,45,32.40,9.00,36,18,7.00,14,26,25.20,33,0.00,0.00,0.00,0,0.00,1.50,3.60,1.00,2,0.00,0.50,0.00,0.00,0.00,0.50,0.00,0.00,0.00,0.00,0.00,0.00,0.00,0.00,0.00,0.00,1.50,0.00,0.00,0,0,,0,0.00,8,0,0.00,15,0,0.00,9,0,2,0,98,0.00,99,0,1,1.80,96,3,30,5.40,93,0,0.00,99,0,0.00,0,0,0.00,0,0.00,8,0,0.00,7,0,0.00,0.00,0,0.00,0,0,0,0.00,0,0,0.00,99,0.00,0,N/A,N/A,N/A,N/A,0.00,0,0.00,0,0.00,0.00,0,77.78,0.00,15,0,1.00,3.60,2,10,10,0,0,0,0.50,1.80,1,99,13.04,2.00,7.20,4,0,0.00,0.00,99,0.00,0,0,0,0.00,0.00,0,0.00,0.00,0.00,0.00,0,0,0.00,42,0,0,40,0,0.03,10,0.01,0.05,0.00,9,0.00,0.00,2,0,0.00,0.00,1.80,0.50,84,1,0.00,9,10,99,67,0,41,99,0,0.00,99,3,0.00,5.40,19.80,5.50,11,5,99,99,9.00,2.50,45.45,1,1.80,12,0,0.00,0,0.00,99,0,0.00,0.00,30,0,31,11,0,0,0,0,0,26,40,59,54,0,99,96,7,7,0,0,7,13,0,0
Rafael Monteiro Reis,21,1076745600,2004/02/14,Serie A,2024,Forward,Fluminense,0,0,0,Brazil,0,0,0,0,0,0,0,0,0,0,0,0,0,0,0,0,0,0,0,0,0,0,0,0,0,0,0,0,0,0,0,-1,-1,-1,-1,N/A,N/A,N/A,N/A,N/A,N/A,N/A,N/A,N/A,N/A,N/A,N/A,N/A,N/A,N/A,N/A,N/A,N/A,N/A,N/A,N/A,N/A,N/A,N/A,N/A,N/A,N/A,N/A,N/A,N/A,N/A,N/A,N/A,N/A,N/A,N/A,N/A,N/A,N/A,N/A,N/A,N/A,N/A,N/A,N/A,N/A,N/A,N/A,N/A,N/A,N/A,N/A,N/A,N/A,N/A,N/A,N/A,N/A,N/A,N/A,N/A,N/A,N/A,N/A,N/A,N/A,N/A,N/A,N/A,N/A,N/A,N/A,N/A,N/A,N/A,N/A,N/A,N/A,N/A,N/A,N/A,N/A,N/A,N/A,N/A,N/A,N/A,N/A,N/A,N/A,N/A,N/A,N/A,N/A,N/A,N/A,N/A,N/A,N/A,N/A,N/A,N/A,N/A,N/A,N/A,N/A,N/A,N/A,N/A,N/A,N/A,N/A,N/A,N/A,N/A,N/A,N/A,N/A,N/A,N/A,N/A,N/A,N/A,N/A,N/A,N/A,N/A,N/A,N/A,N/A,N/A,N/A,N/A,N/A,N/A,N/A,N/A,N/A,N/A,N/A,N/A,N/A,N/A,N/A,N/A,N/A,N/A,N/A,N/A,N/A,N/A,N/A,N/A,N/A,N/A,N/A,N/A,N/A,N/A,N/A,N/A,N/A,N/A,N/A,N/A,N/A,N/A,N/A,N/A,N/A,N/A,N/A,N/A,N/A,N/A,N/A,N/A,N/A,N/A,N/A,N/A,N/A,N/A,N/A,N/A,N/A,N/A,N/A,N/A,N/A,N/A,N/A,N/A,N/A,N/A,N/A,N/A,N/A,N/A,N/A,N/A,N/A,N/A,N/A,N/A,N/A,N/A,N/A,N/A,N/A,N/A,N/A,N/A,N/A,N/A,N/A,N/A,N/A,N/A,N/A,N/A,N/A,N/A,N/A
Rafael Oliveira Pinna,18,1188889200,2007/09/04,Serie A,2024,Midfielder,Juventude,0,0,0,Brazil,0,0,0,0,0,0,0,0,0,0,0,0,0,0,0,0,0,0,0,0,0,0,0,0,0,0,0,0,0,0,0,-1,-1,-1,-1,N/A,N/A,N/A,N/A,N/A,N/A,N/A,N/A,N/A,N/A,N/A,N/A,N/A,N/A,N/A,N/A,N/A,N/A,N/A,N/A,N/A,N/A,N/A,N/A,N/A,N/A,N/A,N/A,N/A,N/A,N/A,N/A,N/A,N/A,N/A,N/A,N/A,N/A,N/A,N/A,N/A,N/A,N/A,N/A,N/A,N/A,N/A,N/A,N/A,N/A,N/A,N/A,N/A,N/A,N/A,N/A,N/A,N/A,N/A,N/A,N/A,N/A,N/A,N/A,N/A,N/A,N/A,N/A,N/A,N/A,N/A,N/A,N/A,N/A,N/A,N/A,N/A,N/A,N/A,N/A,N/A,N/A,N/A,N/A,N/A,N/A,N/A,N/A,N/A,N/A,N/A,N/A,N/A,N/A,N/A,N/A,N/A,N/A,N/A,N/A,N/A,N/A,N/A,N/A,N/A,N/A,N/A,N/A,N/A,N/A,N/A,N/A,N/A,N/A,N/A,N/A,N/A,N/A,N/A,N/A,N/A,N/A,N/A,N/A,N/A,N/A,N/A,N/A,N/A,N/A,N/A,N/A,N/A,N/A,N/A,N/A,N/A,N/A,N/A,N/A,N/A,N/A,N/A,N/A,N/A,N/A,N/A,N/A,N/A,N/A,N/A,N/A,N/A,N/A,N/A,N/A,N/A,N/A,N/A,N/A,N/A,N/A,N/A,N/A,N/A,N/A,N/A,N/A,N/A,N/A,N/A,N/A,N/A,N/A,N/A,N/A,N/A,N/A,N/A,N/A,N/A,N/A,N/A,N/A,N/A,N/A,N/A,N/A,N/A,N/A,N/A,N/A,N/A,N/A,N/A,N/A,N/A,N/A,N/A,N/A,N/A,N/A,N/A,N/A,N/A,N/A,N/A,N/A,N/A,N/A,N/A,N/A,N/A,N/A,N/A,N/A,N/A,N/A,N/A,N/A,N/A,N/A,N/A,N/A
Rafael Pires Monteiro,36,614588400,1989/06/23,Serie A,2024,Goalkeeper,São Paulo,2250,1080,1170,Brazil,25,12,13,0,0,0,0,0,0,0,0,8,5,3,25,11,14,2,0,0,0,0,0,0,0,1,90,90,1125,0,0.08,420,305,72,23,0,7.10,0,45,23.12,23.12,17,555,18.29,439,33,18.29,20,0.00,0.00,0.00,0,0.00,0.00,0.00,0.00,0,0.00,0.00,0.00,0.00,2.67,0.00,0.00,3.71,0.00,0.00,0.00,0.00,0.00,0.00,0.00,0.00,0.17,0.00,0.00,0,0,,0,0.00,8,0,0.00,15,0,0.00,9,0,0,25,4,0.00,99,0,0,0.00,9,0,30,0.00,14,0,0.00,99,0,0.00,0,0,0.00,0,0.00,8,0,0.00,7,0,0.00,0.00,0,0.00,0,64,50,2.67,12,89,0.00,63,3.71,15,N/A,N/A,N/A,N/A,71.91,0,0.00,0,0.00,0.00,0,79.10,0.00,15,95,0.04,0.04,1,10,10,0,0,40,0.00,0.00,0,23,170.48,0.46,0.46,11,0,0.00,0.00,99,0.00,0,0,0,0.00,0.00,7,0.29,0.29,0.00,0.00,0,0,0.00,42,81,62,40,63,0.99,6,0.04,0.04,0.00,9,0.00,0.00,4,3,0.12,0.12,0.00,0.00,5,0,0.00,9,82,15,67,12,41,5,0,0.00,99,4,0.00,0.17,0.33,0.33,8,7,2,2,0.29,0.29,87.50,0,0.00,99,0,0.00,0,0.00,99,0,0.00,0.00,30,80,14,11,0,0,0,0,0,26,40,59,54,0,99,72,96,12,1,4,10,23,0,0
Rafael Ratão,29,817718400,1995/11/30,Serie A,2024,Forward,Bahia,423,189,234,Brazil,19,10,9,1,0,1,2,2,0,0,0,7,6,1,6,2,4,0,0,0.64,0.43,0.21,0,0.38,423,1.28,71,22,0,212,0,109,3,-1,13,0,6.35,0.11,99,36.22,9.06,48,163,7.22,130,36,28.89,46,0.00,0.00,0.33,6,0.00,0.33,2.89,0.72,13,0.00,0.39,0.00,0.00,0.00,0.06,0.61,0.00,10.00,2.22,0.28,1.11,0.00,0.28,0.09,0.00,0.22,0.00,0.00,0,0,,10,0.56,93,5,1.11,93,5,1.11,92,0,19,0,93,0.00,99,0,1,0.22,19,6,86,1.33,57,0,0.00,99,0,0.00,0,0,0.00,0,1.33,75,20,4.44,93,11,2.44,55.00,0,0.00,0,0,0,0.00,0,0,0.00,28,0.00,0,N/A,N/A,N/A,N/A,0.00,0,0.00,0,1.56,0.00,0,79.75,50.00,74,2,0.50,2.00,9,96,65,0,0,0,0.06,0.22,1,54,114.26,0.17,0.67,3,0,0.00,0.00,99,0.00,0,0,1,0.06,0.22,0,0.00,0.00,0.22,0.06,1,0,10.00,57,4,40,60,30,1.63,98,0.09,0.36,1.56,92,0.09,0.35,57,5,0.28,1.11,2.00,0.50,90,9,0.35,91,6,27,99,0,79,43,0,0.00,99,4,0.00,0.89,16.89,4.22,76,33,94,98,7.33,1.83,43.42,7,1.56,17,0,33.33,0,0.00,99,2,0.11,0.44,64,0,99,11,0,0,0,0,0,97,80,93,54,0,99,83,7,7,0,0,7,21,0,0
Rafael Santos Borré,30,811148400,1995/09/15,Serie A,2024,Forward,Internacional,1875,865,1010,Colombia,23,11,12,9,6,3,3,0,3,0,1,9,5,4,15,5,10,6,0,0.58,0.14,0.43,0.62,0.27,208,0.72,125,82,313,625,0.29,21,121,-1,2,0,7.01,0.13,78,19.68,17.83,10,410,13.78,317,24,15.22,13,0.00,0.00,0.78,18,0.00,0.52,0.86,0.78,18,0.00,1.00,0.00,0.00,0.00,0.17,0.57,0.00,5.22,2.26,0.91,1.30,0.00,1.13,0.42,0.00,1.96,0.00,0.00,0,0,,47,2.04,94,26,1.25,96,21,1.01,88,2,0,23,21,0.00,99,0,4,0.19,17,12,32,0.58,42,0,0.00,99,0,0.00,0,0,0.00,0,0.86,52,30,1.44,60,13,0.62,43.33,0,0.00,0,0,0,0.00,0,0,0.00,90,0.00,0,N/A,N/A,N/A,N/A,0.00,0,0.00,0,9.66,0.00,0,77.32,55.32,82,43,0.70,0.77,16,54,36,0,1,0,0.00,0.00,0,23,161.14,0.74,0.82,17,0,0.00,0.00,99,0.00,0,1,0,0.00,0.00,0,0.00,0.00,0.82,0.74,17,1,19.15,83,69,55,44,90,3.09,62,0.13,0.15,8.96,97,0.39,0.43,50,20,0.87,0.96,1.73,1.57,80,36,0.46,96,70,37,67,0,97,81,0,0.00,99,45,0.00,2.16,11.76,10.65,245,96,45,72,4.61,4.17,39.18,23,1.10,33,0,8.33,0,0.00,99,1,0.04,0.05,34,75,14,46,0,0,0,0,0,95,96,87,98,0,99,86,48,61,6,26,85,19,0,0
Rafinha,40,494924400,1985/09/07,Serie A,2024,Defender,São Paulo,525,245,280,Brazil,9,3,6,0,0,0,0,0,0,0,0,3,1,2,7,2,5,3,0,0,0,0,0,0,0,1.2,75,58,175,0,0.51,313,328,128,18,0,6.76,0,45,62.56,44.75,97,358,39.38,315,86,55.05,96,0.00,0.00,0.38,3,0.00,1.12,1.57,1.12,9,0.00,0.25,0.00,0.00,0.00,0.62,0.25,0.00,0.00,0.00,0.00,0.38,0.00,0.00,0.00,0.00,0.00,0.00,0.00,0,0,,0,0.00,8,0,0.00,15,0,0.00,9,4,2,7,51,0.00,99,0,5,0.87,58,9,58,1.57,60,0,0.00,99,0,0.00,0,0,0.00,0,0.52,34,3,0.52,28,2,0.35,66.67,0,0.00,0,0,0,0.00,0,0,0.00,36,0.00,0,N/A,N/A,N/A,N/A,0.00,0,0.00,0,0.00,0.00,0,87.99,0.00,15,47,0.50,0.70,4,34,83,0,0,0,0.38,0.52,3,80,54.11,1.88,2.62,15,0,0.00,0.00,99,0.00,0,0,0,0.00,0.00,0,0.00,0.00,0.00,0.00,0,0,0.00,42,11,6,40,37,0.72,51,0.09,0.13,0.00,9,0.00,0.00,53,6,0.75,1.05,1.22,0.88,52,7,0.00,9,28,78,67,0,41,2,0,0.00,99,0,0.00,0.00,5.77,4.12,33,17,11,11,2.97,2.12,51.52,2,0.35,72,0,22.22,0,0.00,99,2,0.25,0.35,59,18,31,77,0,0,0,0,0,26,40,59,54,0,99,76,18,89,2,22,75,13,0,0
Railan Reis Ferreira,25,952675200,2000/03/10,Serie A,2024,Midfielder,Cuiabá,1187,479,708,Brazil,23,12,11,0,0,0,3,2,1,0,0,6,3,3,22,7,15,4,0,0.23,0.23,0,0,0,0,1.67,54,52,297,396,0.3,494,47,-1,27,0,6.68,0.13,93,37.33,20.68,51,455,16.27,358,32,29.37,47,0.00,0.00,0.36,8,0.00,2.00,1.31,0.73,16,0.00,0.68,0.00,0.00,0.00,1.05,1.09,0.00,0.00,0.74,0.27,2.00,0.00,0.14,0.03,0.00,0.68,0.00,0.00,0,0,,9,0.41,49,3,0.25,43,6,0.49,57,7,13,10,40,0.00,99,0,23,1.89,98,44,42,3.61,81,0,0.00,99,0,0.00,0,0,0.00,0,0.66,41,44,3.61,88,24,1.97,54.55,0,0.00,0,0,0,0.00,0,0,0.00,6,0.00,0,N/A,N/A,N/A,N/A,0.00,0,0.00,0,0.61,0.00,0,78.68,33.33,37,35,0.50,0.90,11,92,64,0,0,0,0.18,0.33,4,67,146.93,1.09,1.97,24,1,0.00,0.08,6,0.05,0,0,0,0.00,0.00,0,0.00,0.00,0.08,0.05,1,0,0.00,42,45,55,40,7,2.81,86,0.13,0.23,0.61,35,0.03,0.05,65,16,0.73,1.31,1.23,0.68,53,15,0.05,34,19,69,67,0,58,57,0,0.00,99,15,0.00,1.23,13.04,7.23,159,71,74,81,5.82,3.23,44.65,15,1.23,27,0,15.91,0,0.00,99,7,0.32,0.57,70,32,91,97,0,0,0,0,0,67,40,59,54,0,99,51,45,63,4,17,60,21,0,0
Ramiro Moschen Benetti,32,738054000,1993/05/22,Serie A,2024,Midfielder,Cruzeiro,1434,343,1091,Brazil,27,10,17,2,0,2,0,0,0,0,0,10,4,6,18,2,16,3,0,0.13,0,0.13,0,0.16,717,1.13,80,53,478,0,0.19,171,418,-1,8,0,5.87,0,45,41.68,25.65,63,590,21.43,493,59,34.83,63,0.00,0.00,0.13,3,0.00,0.83,1.55,0.96,22,0.00,0.35,0.00,0.00,0.00,0.65,0.04,0.00,8.00,0.57,0.26,0.13,0.00,0.09,0.05,0.00,0.57,0.00,0.00,0,0,,8,0.35,40,2,0.14,28,6,0.42,50,3,10,17,50,0.00,99,0,15,1.06,70,19,31,1.34,57,0,0.00,99,0,0.00,0,0,0.00,0,0.21,18,3,0.21,16,1,0.07,33.33,0,0.00,0,0,0,0.00,0,0,0.00,48,0.00,0,N/A,N/A,N/A,N/A,0.00,0,0.00,0,1.14,0.00,0,83.56,25.00,24,12,0.83,1.34,19,14,20,0,0,0,0.13,0.21,3,53,135.02,0.91,1.48,21,0,0.00,0.00,99,0.00,0,0,0,0.00,0.00,0,0.00,0.00,0.07,0.04,1,0,12.50,68,55,69,74,48,1.11,22,0.05,0.08,1.14,44,0.05,0.08,54,15,0.65,1.06,1.70,1.04,79,24,0.08,43,1,59,67,0,54,44,0,0.00,99,13,0.00,0.92,8.69,5.35,123,51,20,37,3.60,2.22,41.46,8,0.57,61,0,5.26,0,0.00,99,1,0.04,0.07,38,60,82,63,0,0,0,0,0,50,68,77,54,0,99,83,72,37,3,11,35,17,0,0
Ramon Ramos Lima,24,984470400,2001/03/13,Serie A,2024,Defender,Cuiabá,2641,1295,1346,Brazil,30,15,15,2,1,1,1,1,0,0,0,9,5,4,26,12,14,10,0,0.1,0.03,0.07,0.07,0.07,1321,0.89,102,88,264,2641,0.34,243,275,48,5,0,6.94,0.03,46,32.19,30.55,36,886,24.97,724,45,26.31,37,0.00,0.00,0.93,27,0.00,2.86,2.29,2.17,63,0.00,0.62,0.00,0.00,0.00,0.76,0.55,0.00,6.00,0.44,0.31,1.38,0.00,0.10,0.07,0.00,0.55,0.00,0.00,0,0,,12,0.41,28,3,0.11,23,9,0.33,38,1,0,30,80,0.00,99,0,22,0.80,55,83,59,3.02,76,0,0.00,99,0,0.00,0,0,0.00,0,0.98,59,40,1.45,61,16,0.58,40.00,0,0.00,0,0,0,0.00,0,0,0.00,75,0.00,0,N/A,N/A,N/A,N/A,0.00,0,0.00,0,1.99,0.00,0,81.72,25.00,24,32,0.90,0.94,26,50,28,0,0,0,0.28,0.29,8,63,201.33,2.21,2.33,64,0,0.00,0.00,99,0.00,0,0,0,0.00,0.00,0,0.00,0.00,0.07,0.07,2,0,16.67,80,92,80,89,76,3.05,39,0.11,0.11,1.99,42,0.07,0.07,41,23,0.79,0.84,1.27,1.21,56,35,0.07,41,59,74,67,0,54,29,0,0.00,99,16,0.00,0.58,8.57,8.14,236,117,34,36,4.25,4.03,49.58,18,0.65,58,0,22.89,0,0.00,99,19,0.66,0.69,75,90,14,30,0,0,0,0,0,43,53,63,57,0,99,65,37,72,9,30,91,23,0,0
Raniele Almeida Melo,28,852019200,1996/12/31,Serie A,2024,Midfielder,Corinthians,2308,1200,1108,Brazil,33,18,15,0,0,0,0,0,0,0,0,7,5,2,32,12,20,7,0,0,0,0,0,0,0,1.25,72,70,330,0,0.27,396,497,-1,37,0,6.97,0,45,33.16,26.33,38,790,20.93,628,35,26.36,38,0.00,0.00,0.67,20,0.00,0.33,2.56,2.03,61,0.00,0.27,0.00,0.00,0.00,1.47,0.30,0.00,0.00,0.80,0.30,0.47,0.00,0.33,0.07,0.00,1.57,0.00,0.00,0,0,,19,0.63,54,10,0.42,61,9,0.38,43,5,5,28,87,0.00,99,0,44,1.85,97,10,30,0.42,35,0,0.00,99,0,0.00,0,0,0.00,0,0.84,51,14,0.59,31,9,0.38,64.29,0,0.00,0,0,0,0.00,0,0,0.00,31,0.00,0,N/A,N/A,N/A,N/A,0.00,0,0.00,0,2.05,0.00,0,79.49,52.63,77,13,1.03,1.30,31,37,80,0,0,0,0.50,0.63,15,85,209.02,2.07,2.60,62,0,0.00,0.00,99,0.00,0,0,0,0.00,0.00,0,0.00,0.00,0.00,0.00,0,1,0.00,42,83,91,40,31,2.09,27,0.07,0.09,2.05,49,0.07,0.09,64,31,1.03,1.30,1.30,1.03,59,31,0.09,49,64,77,67,0,41,76,0,0.00,99,47,0.00,1.97,10.58,8.40,252,144,77,62,6.04,4.80,57.14,8,0.34,72,0,0.00,0,0.00,99,0,0.00,0.00,30,86,57,87,0,0,0,0,0,26,40,59,54,0,99,32,52,57,7,21,73,14,0,0
Raphael Cavalcante Veiga,30,803545200,1995/06/19,Serie A,2024,Midfielder,Palmeiras,2519,1334,1185,Brazil,34,17,17,12,7,5,3,3,0,3,1,14,7,7,25,13,12,4,1,0.54,0.11,0.43,0.47,0.38,210,0.89,101,74,504,840,0.18,20,164,-1,1,0,7.42,0.09,70,33.89,27.22,40,871,23.34,747,73,29.07,46,0.00,0.00,2.34,75,0.00,6.03,0.54,0.44,14,0.00,0.69,0.00,0.00,0.00,0.25,0.50,0.00,6.18,2.65,1.00,0.91,0.00,1.12,0.40,0.00,0.53,0.00,0.00,0,0,,68,2.12,98,36,1.40,98,32,1.25,96,6,4,30,12,0.00,99,0,8,0.31,24,193,76,7.51,99,0,0.00,99,0,0.00,0,0,0.00,0,2.92,99,29,1.13,49,16,0.62,55.17,0,0.00,0,0,0,0.00,0,0,0.00,75,0.00,0,N/A,N/A,N/A,N/A,0.00,0,0.00,0,12.71,0.00,0,85.76,52.94,78,75,0.31,0.39,10,54,66,3,1,0,0.16,0.19,5,49,237.41,0.41,0.51,13,0,0.00,0.00,99,0.00,0,4,1,0.03,0.04,0,0.00,0.00,0.16,0.12,4,0,16.18,77,89,94,44,74,6.69,92,0.21,0.26,9.91,94,0.31,0.39,76,42,1.31,1.63,0.70,0.56,19,18,0.49,97,98,18,72,0,73,33,0,0.00,99,17,0.00,0.66,6.81,5.47,175,89,17,18,3.46,2.78,50.86,22,0.86,45,0,29.02,0,0.00,99,56,1.75,2.18,99,90,50,93,1,1,1,3,3,94,96,93,94,0,99,89,74,34,3,9,26,23,0,0
Raúl Alejandro Cáceres Bogado,34,685177200,1991/09/18,Serie A,2024,Defender,Vitória,1699,925,774,Paraguay,23,12,11,0,0,0,3,2,1,0,0,7,4,3,18,8,10,2,0,0.16,0.16,0,0,0,0,0.95,94,74,850,566,0.11,360,103,63,26,0,6.79,0.13,81,27.48,22.14,25,465,16.95,356,20,21.04,24,0.00,0.00,1.00,21,0.00,3.90,1.89,1.52,32,0.00,0.33,0.00,0.00,0.00,0.48,0.33,0.00,0.00,0.12,0.10,0.71,0.00,0.00,0.01,0.00,0.62,0.00,0.00,0,0,,2,0.10,10,0,0.00,15,2,0.12,14,3,4,19,65,0.00,99,0,10,0.59,41,82,80,4.85,90,0,0.00,99,0,0.00,0,0,0.00,0,1.24,71,15,0.89,40,7,0.41,46.67,0,0.00,0,0,0,0.00,0,0,0.00,68,0.00,0,N/A,N/A,N/A,N/A,0.00,0,0.00,0,0.11,0.00,0,76.56,0.00,15,31,0.76,0.95,16,40,45,0,0,0,0.14,0.18,3,47,142.50,2.05,2.54,43,0,0.00,0.00,99,0.00,0,0,0,0.00,0.00,0,0.00,0.00,0.18,0.14,3,0,0.00,42,65,55,40,67,3.23,77,0.15,0.19,0.11,13,0.01,0.01,4,2,0.10,0.12,1.00,0.81,37,17,0.01,13,32,76,67,0,75,36,0,0.00,99,13,0.00,0.77,6.97,5.62,118,54,13,19,3.19,2.57,45.76,7,0.41,68,0,30.49,0,0.00,99,25,1.19,1.48,94,64,50,63,0,0,0,0,0,55,40,59,54,0,99,65,93,17,2,9,26,27,0,0
Raul Gustavo Pereira Bicalho,26,924937200,1999/04/24,Serie A,2024,Defender,Corinthians,90,0,90,Brazil,1,0,1,0,0,0,0,0,0,0,0,0,0,0,1,0,1,1,0,0,0,0,0,0,0,1,90,90,90,0,1,-1,-1,-1,35,0,0.00,0,45,0.00,0.00,0,0,0.00,0,0,0.00,0,0.00,0.00,0.00,0,0.00,0.00,0.00,0.00,0,0.00,0.00,0.00,0.00,0.00,0.00,0.00,0.00,0.00,0.00,0.00,0.00,0.00,0.00,0.00,0.00,0.00,0.00,0.00,0,0,,0,0.00,8,0,0.00,15,0,0.00,9,0,0,1,4,0.00,99,0,0,0.00,9,0,30,0.00,14,0,0.00,99,0,0.00,0,0,0.00,0,0.00,8,0,0.00,7,0,0.00,0.00,0,0.00,0,0,0,0.00,0,0,0.00,63,0.00,0,N/A,N/A,N/A,N/A,0.00,0,0.00,0,0.00,0.00,0,0.00,0.00,15,99,0.00,0.00,0,10,10,0,0,0,0.00,0.00,0,23,0.00,0.00,0.00,0,0,0.00,0.00,99,0.00,0,0,0,0.00,0.00,0,0.00,0.00,0.00,0.00,0,0,0.00,42,0,0,40,63,0.00,0,0.00,0.00,0.00,9,0.00,0.00,2,0,0.00,0.00,0.00,0.00,5,0,0.00,9,0,1,67,0,41,2,0,0.00,99,0,0.00,0.00,0.00,0.00,0,0,0,0,0.00,0.00,0.00,0,0.00,99,0,0.00,0,0.00,99,0,0.00,0.00,30,1,14,11,0,0,0,0,0,26,40,59,54,0,99,2,8,99,1,0,7,34,0,0
Raul Jonas Steffens,28,870073200,1997/07/28,Serie A,2024,Goalkeeper,Botafogo,0,0,0,Brazil,0,0,0,0,0,0,0,0,0,0,0,0,0,0,0,0,0,0,0,0,0,0,0,0,0,0,0,0,0,0,0,-1,-1,-1,-1,N/A,N/A,N/A,N/A,N/A,N/A,N/A,N/A,N/A,N/A,N/A,N/A,N/A,N/A,N/A,N/A,N/A,N/A,N/A,N/A,N/A,N/A,N/A,N/A,N/A,N/A,N/A,N/A,N/A,N/A,N/A,N/A,N/A,N/A,N/A,N/A,N/A,N/A,N/A,N/A,N/A,N/A,N/A,N/A,N/A,N/A,N/A,N/A,N/A,N/A,N/A,N/A,N/A,N/A,N/A,N/A,N/A,N/A,N/A,N/A,N/A,N/A,N/A,N/A,N/A,N/A,N/A,N/A,N/A,N/A,N/A,N/A,N/A,N/A,N/A,N/A,N/A,N/A,N/A,N/A,N/A,N/A,N/A,N/A,N/A,N/A,N/A,N/A,N/A,N/A,N/A,N/A,N/A,N/A,N/A,N/A,N/A,N/A,N/A,N/A,N/A,N/A,N/A,N/A,N/A,N/A,N/A,N/A,N/A,N/A,N/A,N/A,N/A,N/A,N/A,N/A,N/A,N/A,N/A,N/A,N/A,N/A,N/A,N/A,N/A,N/A,N/A,N/A,N/A,N/A,N/A,N/A,N/A,N/A,N/A,N/A,N/A,N/A,N/A,N/A,N/A,N/A,N/A,N/A,N/A,N/A,N/A,N/A,N/A,N/A,N/A,N/A,N/A,N/A,N/A,N/A,N/A,N/A,N/A,N/A,N/A,N/A,N/A,N/A,N/A,N/A,N/A,N/A,N/A,N/A,N/A,N/A,N/A,N/A,N/A,N/A,N/A,N/A,N/A,N/A,N/A,N/A,N/A,N/A,N/A,N/A,N/A,N/A,N/A,N/A,N/A,N/A,N/A,N/A,N/A,N/A,N/A,N/A,N/A,N/A,N/A,N/A,N/A,N/A,N/A,N/A,N/A,N/A,N/A,N/A,N/A,N/A,N/A,N/A,N/A,N/A,N/A,N/A,N/A,N/A,N/A,N/A,N/A,N/A
Raul Lo Goncalves,29,837068400,1996/07/11,Serie A,2024,Midfielder,Bragantino,1348,724,624,Brazil,28,14,14,2,1,1,1,0,1,0,0,5,3,2,20,7,13,2,0,0.2,0.07,0.13,0.12,0.14,674,1.34,67,48,674,1348,0.13,165,228,-1,11,0,6.82,0.04,58,46.88,23.64,75,662,19.86,556,61,39.37,76,0.00,0.00,0.39,11,0.00,0.07,1.77,0.89,25,0.00,0.32,0.00,0.00,0.00,0.75,0.25,0.00,8.00,0.57,0.21,0.32,0.00,0.07,0.04,0.00,0.36,0.00,0.00,0,0,,8,0.29,40,2,0.14,28,6,0.42,50,2,14,14,61,0.00,99,0,21,1.49,89,2,96,0.14,22,0,0.00,99,0,0.00,0,0,0.00,0,0.78,48,9,0.64,32,7,0.50,77.78,0,0.00,0,0,0,0.00,0,0,0.00,22,0.00,0,N/A,N/A,N/A,N/A,0.00,0,0.00,0,1.16,0.00,0,83.99,25.00,24,37,0.43,0.85,12,47,90,0,0,0,0.18,0.35,5,69,190.95,0.89,1.77,25,0,0.00,0.00,99,0.00,0,0,0,0.00,0.00,0,0.00,0.00,0.00,0.00,0,0,12.50,68,52,74,72,23,2.14,62,0.08,0.15,1.16,44,0.04,0.08,47,13,0.46,0.92,1.49,0.75,70,21,0.08,43,39,64,67,0,41,35,0,0.00,99,10,0.00,0.71,7.79,3.93,110,55,26,28,3.89,1.96,50.00,9,0.64,59,0,50.00,0,0.00,99,1,0.04,0.07,38,48,93,46,0,0,0,0,0,63,68,74,65,0,99,23,86,23,2,7,17,23,0,0
Rayan Lucas Marques de Souza,20,1104739200,2005/01/03,Serie A,2024,Midfielder,Flamengo,0,0,0,Brazil,0,0,0,0,0,0,0,0,0,0,0,0,0,0,0,0,0,0,0,0,0,0,0,0,0,0,0,0,0,0,0,-1,-1,-1,-1,N/A,N/A,N/A,N/A,N/A,N/A,N/A,N/A,N/A,N/A,N/A,N/A,N/A,N/A,N/A,N/A,N/A,N/A,N/A,N/A,N/A,N/A,N/A,N/A,N/A,N/A,N/A,N/A,N/A,N/A,N/A,N/A,N/A,N/A,N/A,N/A,N/A,N/A,N/A,N/A,N/A,N/A,N/A,N/A,N/A,N/A,N/A,N/A,N/A,N/A,N/A,N/A,N/A,N/A,N/A,N/A,N/A,N/A,N/A,N/A,N/A,N/A,N/A,N/A,N/A,N/A,N/A,N/A,N/A,N/A,N/A,N/A,N/A,N/A,N/A,N/A,N/A,N/A,N/A,N/A,N/A,N/A,N/A,N/A,N/A,N/A,N/A,N/A,N/A,N/A,N/A,N/A,N/A,N/A,N/A,N/A,N/A,N/A,N/A,N/A,N/A,N/A,N/A,N/A,N/A,N/A,N/A,N/A,N/A,N/A,N/A,N/A,N/A,N/A,N/A,N/A,N/A,N/A,N/A,N/A,N/A,N/A,N/A,N/A,N/A,N/A,N/A,N/A,N/A,N/A,N/A,N/A,N/A,N/A,N/A,N/A,N/A,N/A,N/A,N/A,N/A,N/A,N/A,N/A,N/A,N/A,N/A,N/A,N/A,N/A,N/A,N/A,N/A,N/A,N/A,N/A,N/A,N/A,N/A,N/A,N/A,N/A,N/A,N/A,N/A,N/A,N/A,N/A,N/A,N/A,N/A,N/A,N/A,N/A,N/A,N/A,N/A,N/A,N/A,N/A,N/A,N/A,N/A,N/A,N/A,N/A,N/A,N/A,N/A,N/A,N/A,N/A,N/A,N/A,N/A,N/A,N/A,N/A,N/A,N/A,N/A,N/A,N/A,N/A,N/A,N/A,N/A,N/A,N/A,N/A,N/A,N/A,N/A,N/A,N/A,N/A,N/A,N/A,N/A,N/A,N/A,N/A,N/A,N/A
Rayan Rocha,19,1154588400,2006/08/03,Serie A,2024,Midfielder,Vasco da Gama,802,372,430,Brazil,22,9,13,1,0,1,0,0,0,0,0,2,0,2,18,10,8,2,0,0.11,0,0.11,0,0.21,802,2.02,45,36,401,0,0.22,196,521,-1,14,0,7.07,0,45,19.50,8.14,10,179,5.91,130,12,14.16,10,0.00,0.00,0.50,11,0.00,0.36,1.20,0.50,11,0.00,0.18,0.00,0.00,0.00,0.23,0.32,0.00,16.00,1.74,0.45,0.59,0.00,0.27,0.08,0.00,1.23,0.00,0.00,0,0,,16,0.73,84,6,0.65,72,10,1.09,91,6,15,7,36,0.00,99,0,5,0.54,36,8,98,0.87,49,0,0.00,99,0,0.00,0,0,0.00,0,1.20,68,13,1.42,60,7,0.76,53.85,0,0.00,0,0,0,0.00,0,0,0.00,2,0.00,0,N/A,N/A,N/A,N/A,0.00,0,0.00,0,1.85,0.00,0,72.63,37.50,45,71,0.18,0.44,4,64,62,0,0,0,0.05,0.11,1,38,155.56,0.59,1.42,13,0,0.00,0.00,99,0.00,0,0,0,0.00,0.00,0,0.00,0.00,0.00,0.00,0,1,6.25,48,25,50,77,2,0.61,17,0.03,0.07,1.85,73,0.08,0.20,87,19,0.86,2.07,0.76,0.32,22,7,0.20,71,78,57,67,0,41,93,0,0.00,99,27,0.00,2.94,12.09,5.05,111,63,89,75,6.86,2.86,56.76,4,0.44,66,0,75.00,0,0.00,99,6,0.27,0.65,73,18,95,93,0,0,0,0,0,45,64,82,54,0,99,5,64,44,1,5,13,77,0,0
Reinaldo Manoel da Silva,36,622969200,1989/09/28,Serie A,2024,Defender,Grêmio,2526,1257,1269,Brazil,29,14,15,3,1,2,2,2,0,2,0,6,3,3,35,16,19,6,0,0.18,0.07,0.11,0.07,0.14,842,1.25,72,87,421,1263,0.21,184,235,139,5,0,7.07,0.07,58,37.71,36.41,52,983,29.00,783,36,30.04,49,0.00,0.00,1.30,35,0.00,3.04,1.92,1.85,50,0.00,0.78,0.00,0.00,0.00,0.74,0.85,0.00,8.33,0.96,0.26,1.56,0.00,0.67,0.17,0.00,0.41,0.00,0.00,0,0,,25,0.93,58,18,0.69,76,7,0.27,30,2,1,28,66,0.00,99,0,20,0.77,53,82,37,3.15,78,0,0.00,99,0,0.00,0,0,0.00,0,1.34,76,42,1.61,66,23,0.88,54.76,0,0.00,0,0,0,0.00,0,0,0.00,31,0.00,0,N/A,N/A,N/A,N/A,0.00,0,0.00,0,4.62,0.00,0,79.65,72.00,97,48,0.67,0.69,18,70,65,2,0,0,0.26,0.27,7,60,190.96,2.56,2.65,69,1,0.00,0.04,15,0.04,0,2,0,0.00,0.00,0,0.00,0.00,0.08,0.07,2,0,12.00,63,89,76,78,31,3.97,62,0.15,0.15,3.22,58,0.12,0.12,36,19,0.70,0.73,0.73,0.70,21,19,0.18,68,78,78,67,0,58,20,0,0.00,99,11,0.00,0.42,7.52,7.26,196,99,24,25,3.80,3.67,50.51,21,0.81,49,0,13.41,0,0.00,99,11,0.41,0.42,63,86,22,46,0,0,0,0,0,59,64,74,57,0,99,32,66,42,6,21,73,6,0,0
Renan dos Santos,36,611478000,1989/05/18,Serie A,2024,Goalkeeper,Juventude,0,0,0,Brazil,0,0,0,0,0,0,0,0,0,0,0,0,0,0,0,0,0,0,0,0,0,0,0,0,0,0,0,0,0,0,0,-1,-1,-1,-1,N/A,N/A,N/A,N/A,N/A,N/A,N/A,N/A,N/A,N/A,N/A,N/A,N/A,N/A,N/A,N/A,N/A,N/A,N/A,N/A,N/A,N/A,N/A,N/A,N/A,N/A,N/A,N/A,N/A,N/A,N/A,N/A,N/A,N/A,N/A,N/A,N/A,N/A,N/A,N/A,N/A,N/A,N/A,N/A,N/A,N/A,N/A,N/A,N/A,N/A,N/A,N/A,N/A,N/A,N/A,N/A,N/A,N/A,N/A,N/A,N/A,N/A,N/A,N/A,N/A,N/A,N/A,N/A,N/A,N/A,N/A,N/A,N/A,N/A,N/A,N/A,N/A,N/A,N/A,N/A,N/A,N/A,N/A,N/A,N/A,N/A,N/A,N/A,N/A,N/A,N/A,N/A,N/A,N/A,N/A,N/A,N/A,N/A,N/A,N/A,N/A,N/A,N/A,N/A,N/A,N/A,N/A,N/A,N/A,N/A,N/A,N/A,N/A,N/A,N/A,N/A,N/A,N/A,N/A,N/A,N/A,N/A,N/A,N/A,N/A,N/A,N/A,N/A,N/A,N/A,N/A,N/A,N/A,N/A,N/A,N/A,N/A,N/A,N/A,N/A,N/A,N/A,N/A,N/A,N/A,N/A,N/A,N/A,N/A,N/A,N/A,N/A,N/A,N/A,N/A,N/A,N/A,N/A,N/A,N/A,N/A,N/A,N/A,N/A,N/A,N/A,N/A,N/A,N/A,N/A,N/A,N/A,N/A,N/A,N/A,N/A,N/A,N/A,N/A,N/A,N/A,N/A,N/A,N/A,N/A,N/A,N/A,N/A,N/A,N/A,N/A,N/A,N/A,N/A,N/A,N/A,N/A,N/A,N/A,N/A,N/A,N/A,N/A,N/A,N/A,N/A,N/A,N/A,N/A,N/A,N/A,N/A,N/A,N/A,N/A,N/A,N/A,N/A,N/A,N/A,N/A,N/A,N/A,N/A
Renan Rodrigues Fonseca Viana,22,1044000000,2003/01/31,Serie A,2024,Midfielder,Atlético PR,0,0,0,Brazil,0,0,0,0,0,0,0,0,0,0,0,0,0,0,0,0,0,0,0,0,0,0,0,0,0,0,0,0,0,0,0,-1,-1,-1,-1,N/A,N/A,N/A,N/A,N/A,N/A,N/A,N/A,N/A,N/A,N/A,N/A,N/A,N/A,N/A,N/A,N/A,N/A,N/A,N/A,N/A,N/A,N/A,N/A,N/A,N/A,N/A,N/A,N/A,N/A,N/A,N/A,N/A,N/A,N/A,N/A,N/A,N/A,N/A,N/A,N/A,N/A,N/A,N/A,N/A,N/A,N/A,N/A,N/A,N/A,N/A,N/A,N/A,N/A,N/A,N/A,N/A,N/A,N/A,N/A,N/A,N/A,N/A,N/A,N/A,N/A,N/A,N/A,N/A,N/A,N/A,N/A,N/A,N/A,N/A,N/A,N/A,N/A,N/A,N/A,N/A,N/A,N/A,N/A,N/A,N/A,N/A,N/A,N/A,N/A,N/A,N/A,N/A,N/A,N/A,N/A,N/A,N/A,N/A,N/A,N/A,N/A,N/A,N/A,N/A,N/A,N/A,N/A,N/A,N/A,N/A,N/A,N/A,N/A,N/A,N/A,N/A,N/A,N/A,N/A,N/A,N/A,N/A,N/A,N/A,N/A,N/A,N/A,N/A,N/A,N/A,N/A,N/A,N/A,N/A,N/A,N/A,N/A,N/A,N/A,N/A,N/A,N/A,N/A,N/A,N/A,N/A,N/A,N/A,N/A,N/A,N/A,N/A,N/A,N/A,N/A,N/A,N/A,N/A,N/A,N/A,N/A,N/A,N/A,N/A,N/A,N/A,N/A,N/A,N/A,N/A,N/A,N/A,N/A,N/A,N/A,N/A,N/A,N/A,N/A,N/A,N/A,N/A,N/A,N/A,N/A,N/A,N/A,N/A,N/A,N/A,N/A,N/A,N/A,N/A,N/A,N/A,N/A,N/A,N/A,N/A,N/A,N/A,N/A,N/A,N/A,N/A,N/A,N/A,N/A,N/A,N/A,N/A,N/A,N/A,N/A,N/A,N/A,N/A,N/A,N/A,N/A,N/A,N/A
Renato Augusto,37,571305600,1988/02/08,Serie A,2024,Midfielder,Fluminense,434,248,186,Brazil,17,9,8,1,1,0,1,1,0,0,0,4,2,2,4,2,2,0,0,0.41,0.21,0.21,0.36,0,434,0.83,109,26,0,434,0,107,60,-1,8,0,6.75,0.06,90,55.02,16.12,90,258,14.00,224,79,47.77,89,0.00,0.00,0.25,4,0.00,0.31,2.35,0.69,11,0.00,0.25,0.00,0.00,0.00,0.25,0.12,0.00,8.00,1.71,0.31,0.31,0.00,0.19,0.08,0.00,0.31,0.00,0.00,0,0,,8,0.50,83,3,0.64,72,5,1.07,90,2,15,2,82,0.00,99,0,4,0.85,58,5,30,1.07,53,0,0.00,99,0,0.00,0,0,0.00,0,0.85,51,5,1.07,47,2,0.43,40.00,0,0.00,0,0,0,0.00,0,0,0.00,83,0.00,0,N/A,N/A,N/A,N/A,0.00,0,0.00,0,1.23,0.00,0,86.82,37.50,45,13,0.38,1.28,6,41,28,0,0,0,0.00,0.00,0,23,108.04,0.19,0.64,3,0,0.00,0.00,99,0.00,0,0,0,0.00,0.00,0,0.00,0.00,0.85,0.25,4,0,12.50,68,4,32,61,83,1.18,90,0.07,0.25,1.23,82,0.08,0.26,42,4,0.25,0.85,1.49,0.44,70,7,0.26,81,25,26,67,0,98,50,0,0.00,99,5,0.00,1.07,10.45,3.06,49,21,41,61,4.48,1.31,42.86,4,0.85,46,0,0.00,0,0.00,99,0,0.00,0.00,30,1,95,46,0,0,0,0,0,86,80,59,89,0,99,43,7,7,0,0,7,20,0,0
Renato Kayzer de Souza,29,824544000,1996/02/17,Serie A,2024,Forward,Fortaleza,1240,677,563,Brazil,29,17,12,6,5,1,1,0,1,1,0,10,9,1,11,4,7,3,1,0.51,0.07,0.44,0.66,0.16,207,0.8,113,43,310,1240,0.29,18,219,-1,3,0,6.49,0.03,58,16.43,8.88,4,222,6.12,153,6,11.32,3,0.00,0.00,0.48,12,0.00,0.08,0.96,0.52,13,0.00,0.52,0.00,0.00,0.00,0.08,0.56,0.00,4.50,2.00,0.60,1.00,0.00,0.48,0.23,0.00,0.92,0.00,0.00,0,0,,27,1.08,90,12,0.89,84,15,1.11,92,5,16,13,25,0.00,99,0,2,0.15,14,2,30,0.15,23,0,0.00,99,0,0.00,0,0,0.00,0,0.89,54,25,1.85,71,14,1.04,56.00,0,0.00,0,0,0,0.00,0,0,0.00,84,0.00,0,N/A,N/A,N/A,N/A,0.00,0,0.00,0,5.82,0.00,0,68.92,44.44,58,40,0.44,0.81,11,75,68,1,0,0,0.00,0.00,0,23,162.19,0.60,1.11,15,0,0.00,0.00,99,0.00,0,1,1,0.04,0.07,0,0.00,0.00,0.59,0.32,8,0,22.22,88,48,76,44,84,1.34,33,0.05,0.10,5.12,93,0.20,0.38,79,23,0.92,1.70,2.44,1.32,96,33,0.43,95,10,47,83,0,95,72,0,0.00,99,23,0.00,1.70,14.88,8.04,201,72,64,91,5.33,2.88,35.82,13,0.96,40,0,0.00,0,0.00,99,0,0.00,0.00,30,45,97,87,0,0,0,0,0,93,97,77,98,0,99,77,48,61,2,7,17,79,0,0
Renato Santos da Cruz,21,1097478000,2004/10/11,Serie A,2024,Defender,Corinthians,0,0,0,Brazil,0,0,0,0,0,0,0,0,0,0,0,0,0,0,0,0,0,0,0,0,0,0,0,0,0,0,0,0,0,0,0,-1,-1,-1,-1,N/A,N/A,N/A,N/A,N/A,N/A,N/A,N/A,N/A,N/A,N/A,N/A,N/A,N/A,N/A,N/A,N/A,N/A,N/A,N/A,N/A,N/A,N/A,N/A,N/A,N/A,N/A,N/A,N/A,N/A,N/A,N/A,N/A,N/A,N/A,N/A,N/A,N/A,N/A,N/A,N/A,N/A,N/A,N/A,N/A,N/A,N/A,N/A,N/A,N/A,N/A,N/A,N/A,N/A,N/A,N/A,N/A,N/A,N/A,N/A,N/A,N/A,N/A,N/A,N/A,N/A,N/A,N/A,N/A,N/A,N/A,N/A,N/A,N/A,N/A,N/A,N/A,N/A,N/A,N/A,N/A,N/A,N/A,N/A,N/A,N/A,N/A,N/A,N/A,N/A,N/A,N/A,N/A,N/A,N/A,N/A,N/A,N/A,N/A,N/A,N/A,N/A,N/A,N/A,N/A,N/A,N/A,N/A,N/A,N/A,N/A,N/A,N/A,N/A,N/A,N/A,N/A,N/A,N/A,N/A,N/A,N/A,N/A,N/A,N/A,N/A,N/A,N/A,N/A,N/A,N/A,N/A,N/A,N/A,N/A,N/A,N/A,N/A,N/A,N/A,N/A,N/A,N/A,N/A,N/A,N/A,N/A,N/A,N/A,N/A,N/A,N/A,N/A,N/A,N/A,N/A,N/A,N/A,N/A,N/A,N/A,N/A,N/A,N/A,N/A,N/A,N/A,N/A,N/A,N/A,N/A,N/A,N/A,N/A,N/A,N/A,N/A,N/A,N/A,N/A,N/A,N/A,N/A,N/A,N/A,N/A,N/A,N/A,N/A,N/A,N/A,N/A,N/A,N/A,N/A,N/A,N/A,N/A,N/A,N/A,N/A,N/A,N/A,N/A,N/A,N/A,N/A,N/A,N/A,N/A,N/A,N/A,N/A,N/A,N/A,N/A,N/A,N/A,N/A,N/A,N/A,N/A,N/A,N/A
Renê,33,716454000,1992/09/14,Serie A,2024,Defender,Internacional,1041,411,630,Brazil,15,6,9,0,0,0,0,0,0,0,0,7,2,5,7,3,4,2,0,0,0,0,0,0,0,0.61,149,69,521,0,0.17,517,446,10,30,0,6.38,0,45,55.39,43.79,91,613,35.14,492,37,44.46,86,0.00,0.00,0.57,8,0.00,1.21,2.53,2.00,28,0.00,0.29,0.00,0.00,0.00,1.29,0.29,0.00,0.00,0.54,0.21,0.64,0.00,0.21,0.04,0.00,2.07,0.00,0.00,0,0,,6,0.43,37,3,0.27,46,3,0.27,30,1,3,12,86,0.00,99,0,18,1.63,93,17,46,1.54,60,0,0.00,99,0,0.00,0,0,0.00,0,0.72,43,9,0.81,37,4,0.36,44.44,0,0.00,0,0,0,0.00,0,0,0.00,95,0.00,0,N/A,N/A,N/A,N/A,0.00,0,0.00,0,0.52,0.00,0,80.26,50.00,74,85,0.21,0.27,3,35,39,0,0,0,0.29,0.36,4,71,89.27,1.71,2.17,24,0,0.00,0.00,99,0.00,0,0,0,0.00,0.00,0,0.00,0.00,0.00,0.00,0,0,0.00,42,37,23,40,95,1.13,33,0.08,0.10,0.52,35,0.04,0.05,70,16,1.14,1.45,1.08,0.86,42,12,0.05,34,7,71,67,0,41,90,0,0.00,99,29,0.00,2.62,9.85,7.79,109,76,89,54,6.87,5.43,69.72,4,0.36,71,0,17.65,0,0.00,99,3,0.21,0.27,56,41,41,30,0,0,0,0,0,26,40,59,54,0,99,96,76,33,2,13,44,6,0,0
Renzo Saravia,32,740214000,1993/06/16,Serie A,2024,Defender,Atlético Mineiro,2293,961,1332,Argentina,31,15,16,0,0,0,0,0,0,0,0,8,4,4,30,11,19,3,0,0,0,0,0,0,0,1.18,76,74,764,0,0.12,410,397,125,33,0,6.81,0,45,54.70,44.63,90,1339,38.57,1157,77,47.27,88,0.00,0.00,0.80,24,0.00,1.97,2.98,2.43,73,0.00,0.57,0.00,0.00,0.00,0.83,0.30,0.00,0.00,0.29,0.13,1.27,0.00,0.10,0.02,0.00,0.97,0.00,0.00,0,0,,7,0.23,18,3,0.12,25,4,0.16,16,2,5,26,94,0.00,99,0,25,1.02,68,59,76,2.41,68,0,0.00,99,0,0.00,0,0,0.00,0,0.98,59,38,1.55,64,9,0.37,23.68,0,0.00,0,0,0,0.00,0,0,0.00,40,0.00,0,N/A,N/A,N/A,N/A,0.00,0,0.00,0,0.63,0.00,0,86.41,42.86,55,8,1.23,1.51,37,36,13,0,0,0,0.27,0.33,8,67,204.29,1.33,1.63,40,1,0.00,0.04,15,0.03,0,0,1,0.03,0.04,0,0.00,0.00,0.04,0.03,1,0,0.00,42,83,83,40,40,3.71,62,0.12,0.15,0.63,24,0.02,0.03,55,27,0.90,1.10,1.67,1.37,78,41,0.03,24,36,62,72,0,46,55,0,0.00,99,29,0.00,1.18,11.56,9.43,283,139,70,71,5.68,4.63,49.12,17,0.69,57,0,28.81,0,0.00,99,17,0.57,0.69,75,83,57,46,0,0,0,0,0,26,40,59,54,0,99,51,90,20,3,10,29,26,0,0
Reynaldo Cesar Moraes,28,852278400,1997/01/03,Serie A,2024,Defender,Vitória,355,103,252,Brazil,5,2,3,0,0,0,0,0,0,0,0,0,0,0,9,4,5,1,0,0,0,0,0,0,0,2.28,39,71,355,0,0.25,357,293,191,28,0,6.47,0,45,30.42,24.00,32,120,18.80,94,29,23.83,30,0.00,0.00,0.00,0,0.00,0.20,2.54,2.00,10,0.00,0.00,0.00,0.00,0.00,0.00,0.00,0.00,0.00,0.00,0.00,0.00,0.00,0.00,0.00,0.00,1.40,0.00,0.00,0,0,,0,0.00,8,0,0.00,15,0,0.00,9,2,2,3,86,0.00,99,0,0,0.00,9,1,30,0.25,28,0,0.00,99,0,0.00,0,0,0.00,0,0.00,8,0,0.00,7,0,0.00,0.00,0,0.00,0,0,0,0.00,0,0,0.00,0,0.00,0,N/A,N/A,N/A,N/A,0.00,0,0.00,0,0.00,0.00,0,78.33,0.00,15,44,0.60,0.76,3,10,10,0,0,0,1.00,1.27,5,98,32.34,4.20,5.32,21,1,0.00,0.25,0,0.20,0,0,0,0.00,0.00,0,0.00,0.00,0.00,0.00,0,0,0.00,42,0,1,40,0,0.20,10,0.04,0.05,0.00,9,0.00,0.00,2,0,0.00,0.00,1.52,1.20,72,6,0.00,9,8,97,67,0,41,73,0,0.00,99,7,0.00,1.77,8.11,6.40,32,17,35,32,4.31,3.40,53.12,0,0.00,99,0,0.00,0,0.00,99,0,0.00,0.00,30,2,31,46,0,0,0,0,0,26,40,59,54,0,99,2,57,51,1,20,70,40,0,0
Rhaldney Norberto Simião Gomes,27,911548800,1998/11/20,Serie A,2024,Defender,Atlético GO,2175,1060,1115,Brazil,32,16,16,0,0,0,1,0,1,0,0,7,5,2,35,13,22,8,0,0.04,0.04,0,0,0,0,1.45,62,68,272,2175,0.33,520,263,166,38,0,6.95,0.03,50,46.99,35.40,76,1062,31.87,956,94,42.30,81,0.00,0.00,0.77,23,0.00,0.37,2.88,2.17,65,0.00,0.70,0.00,0.00,0.00,0.43,0.70,0.00,0.00,0.58,0.23,0.93,0.00,0.20,0.04,0.00,0.70,0.00,0.00,0,0,,13,0.43,41,6,0.27,46,7,0.31,36,5,4,28,92,0.00,99,0,13,0.58,41,11,71,0.49,37,0,0.00,99,0,0.00,0,0,0.00,0,1.02,61,28,1.24,54,21,0.93,75.00,0,0.00,0,0,0,0.00,0,0,0.00,15,0.00,0,N/A,N/A,N/A,N/A,0.00,0,0.00,0,1.30,0.00,0,90.02,46.15,60,10,1.07,1.42,32,72,90,0,0,0,0.20,0.27,6,60,208.35,0.63,0.84,19,0,0.00,0.00,99,0.00,0,0,2,0.07,0.09,0,0.00,0.00,0.04,0.03,1,0,0.00,42,79,88,40,16,3.56,66,0.12,0.16,1.30,39,0.04,0.06,78,38,1.27,1.68,2.43,1.83,96,55,0.06,38,61,38,88,0,46,45,0,0.00,99,21,0.00,0.93,12.35,9.30,279,145,84,76,6.42,4.83,51.97,21,0.93,42,0,27.27,0,0.00,99,3,0.10,0.13,46,86,50,87,0,0,0,0,0,30,40,59,54,0,99,36,39,70,8,25,84,8,0,0
Rhyan Luca Carvalho de Arruda,19,1136275200,2006/01/03,Serie A,2024,Midfielder,Cuiabá,0,0,0,Brazil,0,0,0,0,0,0,0,0,0,0,0,0,0,0,0,0,0,0,0,0,0,0,0,0,0,0,0,0,0,0,0,-1,-1,-1,-1,N/A,N/A,N/A,N/A,N/A,N/A,N/A,N/A,N/A,N/A,N/A,N/A,N/A,N/A,N/A,N/A,N/A,N/A,N/A,N/A,N/A,N/A,N/A,N/A,N/A,N/A,N/A,N/A,N/A,N/A,N/A,N/A,N/A,N/A,N/A,N/A,N/A,N/A,N/A,N/A,N/A,N/A,N/A,N/A,N/A,N/A,N/A,N/A,N/A,N/A,N/A,N/A,N/A,N/A,N/A,N/A,N/A,N/A,N/A,N/A,N/A,N/A,N/A,N/A,N/A,N/A,N/A,N/A,N/A,N/A,N/A,N/A,N/A,N/A,N/A,N/A,N/A,N/A,N/A,N/A,N/A,N/A,N/A,N/A,N/A,N/A,N/A,N/A,N/A,N/A,N/A,N/A,N/A,N/A,N/A,N/A,N/A,N/A,N/A,N/A,N/A,N/A,N/A,N/A,N/A,N/A,N/A,N/A,N/A,N/A,N/A,N/A,N/A,N/A,N/A,N/A,N/A,N/A,N/A,N/A,N/A,N/A,N/A,N/A,N/A,N/A,N/A,N/A,N/A,N/A,N/A,N/A,N/A,N/A,N/A,N/A,N/A,N/A,N/A,N/A,N/A,N/A,N/A,N/A,N/A,N/A,N/A,N/A,N/A,N/A,N/A,N/A,N/A,N/A,N/A,N/A,N/A,N/A,N/A,N/A,N/A,N/A,N/A,N/A,N/A,N/A,N/A,N/A,N/A,N/A,N/A,N/A,N/A,N/A,N/A,N/A,N/A,N/A,N/A,N/A,N/A,N/A,N/A,N/A,N/A,N/A,N/A,N/A,N/A,N/A,N/A,N/A,N/A,N/A,N/A,N/A,N/A,N/A,N/A,N/A,N/A,N/A,N/A,N/A,N/A,N/A,N/A,N/A,N/A,N/A,N/A,N/A,N/A,N/A,N/A,N/A,N/A,N/A,N/A,N/A,N/A,N/A,N/A,N/A
Ricardo Mathias da Silva,19,1153810800,2006/07/25,Serie A,2024,Midfielder,Internacional,86,49,37,Brazil,6,3,3,1,0,1,0,0,0,0,0,0,0,0,0,0,0,2,0,1.05,0,1.05,0,2.43,86,0,0,14,43,0,2.09,-1,-1,-1,13,0,6.62,0,45,13.73,1.80,0,9,0.60,3,0,4.58,0,0.00,0.00,0.20,1,0.00,0.60,0.00,0.00,0,0.00,0.00,0.00,0.00,0.00,0.00,0.00,0.00,3.00,4.58,0.40,0.20,0.00,0.20,0.16,0.00,1.00,0.00,0.00,0,0,,3,0.60,99,1,1.53,98,2,3.05,99,0,6,0,4,0.00,99,0,0,0.00,9,3,30,4.58,89,0,0.00,99,0,0.00,0,0,0.00,0,1.53,84,1,1.53,63,0,0.00,0.00,0,0.00,0,0,0,0.00,0,0,0.00,99,0.00,0,N/A,N/A,N/A,N/A,0.00,0,0.00,0,0.78,0.00,0,33.33,33.33,37,99,0.00,0.00,0,10,10,0,0,0,0.00,0.00,0,23,33.09,0.60,4.58,3,0,0.00,0.00,99,0.00,0,0,0,0.00,0.00,0,0.00,0.00,0.00,0.00,0,0,33.33,99,0,3,40,0,0.04,13,0.01,0.06,0.78,99,0.16,1.19,73,1,0.20,1.53,3.05,0.40,99,2,1.19,99,14,92,67,0,41,99,0,0.00,99,5,0.00,7.63,21.36,2.80,14,6,99,99,9.15,1.20,42.86,0,0.00,99,0,0.00,0,0.00,99,0,0.00,0.00,30,0,63,11,0,0,0,0,0,99,99,99,54,0,99,2,7,99,2,33,95,49,0,0
Ricardo Ryller Ribeiro Lino Silva,31,762336000,1994/02/27,Serie A,2024,Midfielder,Vitória,1056,534,522,Brazil,19,9,10,0,0,0,1,0,1,0,0,7,4,3,10,3,7,0,0,0.09,0.09,0,0,0,0,0.85,106,56,0,1056,0,348,189,-1,23,0,6.84,0.05,65,39.89,24.63,57,468,20.11,382,44,32.56,56,0.00,0.00,0.53,10,0.00,0.42,3.24,2.00,38,0.00,0.63,0.00,0.00,0.00,0.68,0.21,0.00,0.00,0.68,0.37,0.26,0.00,0.05,0.02,0.00,0.74,0.00,0.00,0,0,,8,0.42,46,1,0.09,20,7,0.60,65,3,5,14,96,0.00,99,0,13,1.11,74,8,37,0.68,45,0,0.00,99,0,0.00,0,0,0.00,0,0.85,51,5,0.43,24,4,0.34,80.00,0,0.00,0,0,0,0.00,0,0,0.00,81,0.00,0,N/A,N/A,N/A,N/A,0.00,0,0.00,0,0.44,0.00,0,81.62,12.50,16,2,1.16,1.88,22,33,91,0,0,0,0.37,0.60,7,84,130.02,1.16,1.88,22,0,0.00,0.00,99,0.00,0,0,0,0.00,0.00,0,0.00,0.00,0.00,0.00,0,0,0.00,42,39,40,40,81,1.77,62,0.09,0.15,0.44,30,0.02,0.04,61,14,0.74,1.19,1.36,0.84,62,16,0.04,29,42,68,67,0,41,55,0,0.00,99,14,0.00,1.19,11.76,7.26,138,69,75,72,5.88,3.63,50.00,12,1.02,37,0,12.50,0,0.00,99,1,0.05,0.09,42,48,57,63,0,0,0,0,0,42,40,59,54,0,99,83,7,7,0,0,7,28,0,0
Richard Rios Montoya,25,959929200,2000/06/02,Serie A,2024,Midfielder,Palmeiras,1759,743,1016,Colombia,24,11,13,3,1,2,4,1,3,0,0,11,4,7,18,9,9,6,0,0.36,0.2,0.15,0.12,0.18,586,0.92,98,73,293,440,0.31,150,70,-1,5,0,7.06,0.17,89,41.42,33.46,62,803,28.29,679,65,35.02,63,0.00,0.00,0.71,17,0.00,1.46,3.25,2.62,63,0.00,0.92,0.00,0.00,0.00,0.83,0.71,0.00,8.33,1.29,0.62,1.96,0.00,0.42,0.16,0.00,0.79,0.00,0.00,0,0,,25,1.04,70,10,0.52,66,15,0.77,77,7,4,20,97,0.00,99,0,20,1.03,69,35,40,1.81,62,0,0.00,99,0,0.00,0,0,0.00,0,0.88,54,47,2.42,79,17,0.88,36.17,0,0.00,0,0,0,0.00,0,0,0.00,71,0.00,0,N/A,N/A,N/A,N/A,0.00,0,0.00,0,3.91,0.00,0,84.56,40.00,51,5,1.33,1.65,32,70,23,0,0,0,0.21,0.26,5,59,169.51,0.58,0.72,14,0,0.00,0.00,99,0.00,0,0,1,0.04,0.05,0,0.00,0.00,0.00,0.00,0,0,12.00,63,67,58,68,71,4.33,84,0.18,0.22,3.91,73,0.16,0.20,82,35,1.46,1.81,2.17,1.75,93,42,0.20,71,77,30,74,0,41,47,0,0.00,99,19,0.00,0.98,14.13,11.42,274,134,90,87,6.91,5.58,48.91,22,1.13,32,0,14.29,0,0.00,99,5,0.21,0.26,56,67,50,97,0,0,0,0,0,80,72,80,65,0,99,95,44,66,6,25,84,27,0,0
Rildo,25,948441600,2000/01/21,Serie A,2024,Forward,Juventude,111,75,36,Brazil,6,3,3,0,0,0,0,0,0,0,0,1,1,0,0,0,0,0,0,0,0,0,0,0,0,0,0,19,0,0,0,-1,-1,-1,32,0,6.56,0,45,23.51,4.83,18,29,3.17,19,4,15.41,13,0.00,0.00,0.17,1,0.00,0.17,1.62,0.33,2,0.00,0.67,0.00,0.00,0.00,0.17,0.50,0.00,0.00,2.43,0.50,1.17,0.00,0.00,0.02,0.00,0.33,0.00,0.00,0,0,,3,0.50,96,0,0.00,15,3,2.43,99,0,6,0,54,0.00,99,0,1,0.81,56,1,30,0.81,48,0,0.00,99,0,0.00,0,0,0.00,0,0.81,49,7,5.68,98,3,2.43,42.86,0,0.00,0,0,0,0.00,0,0,0.00,99,0.00,0,N/A,N/A,N/A,N/A,0.00,0,0.00,0,0.15,0.00,0,65.52,0.00,15,0,0.67,3.24,4,95,35,0,0,0,0.00,0.00,0,23,39.36,0.00,0.00,0,0,0.00,0.00,99,0.00,0,0,0,0.00,0.00,0,0.00,0.00,0.00,0.00,0,0,0.00,42,0,3,40,0,0.08,13,0.01,0.06,0.15,58,0.02,0.12,98,4,0.67,3.24,3.24,0.67,99,4,0.12,56,11,1,67,0,41,67,0,0.00,99,2,0.00,1.62,21.89,4.50,27,11,99,99,8.92,1.83,40.74,4,3.24,0,0,0.00,0,0.00,99,0,0.00,0.00,30,0,63,11,0,0,0,0,0,26,40,59,54,0,99,20,7,7,0,0,7,37,0,0
Riquelme Felipe Silva de Almeida,18,1173769200,2007/03/13,Serie A,2024,Midfielder,Fluminense,0,0,0,Brazil,0,0,0,0,0,0,0,0,0,0,0,0,0,0,0,0,0,0,0,0,0,0,0,0,0,0,0,0,0,0,0,-1,-1,-1,-1,N/A,N/A,N/A,N/A,N/A,N/A,N/A,N/A,N/A,N/A,N/A,N/A,N/A,N/A,N/A,N/A,N/A,N/A,N/A,N/A,N/A,N/A,N/A,N/A,N/A,N/A,N/A,N/A,N/A,N/A,N/A,N/A,N/A,N/A,N/A,N/A,N/A,N/A,N/A,N/A,N/A,N/A,N/A,N/A,N/A,N/A,N/A,N/A,N/A,N/A,N/A,N/A,N/A,N/A,N/A,N/A,N/A,N/A,N/A,N/A,N/A,N/A,N/A,N/A,N/A,N/A,N/A,N/A,N/A,N/A,N/A,N/A,N/A,N/A,N/A,N/A,N/A,N/A,N/A,N/A,N/A,N/A,N/A,N/A,N/A,N/A,N/A,N/A,N/A,N/A,N/A,N/A,N/A,N/A,N/A,N/A,N/A,N/A,N/A,N/A,N/A,N/A,N/A,N/A,N/A,N/A,N/A,N/A,N/A,N/A,N/A,N/A,N/A,N/A,N/A,N/A,N/A,N/A,N/A,N/A,N/A,N/A,N/A,N/A,N/A,N/A,N/A,N/A,N/A,N/A,N/A,N/A,N/A,N/A,N/A,N/A,N/A,N/A,N/A,N/A,N/A,N/A,N/A,N/A,N/A,N/A,N/A,N/A,N/A,N/A,N/A,N/A,N/A,N/A,N/A,N/A,N/A,N/A,N/A,N/A,N/A,N/A,N/A,N/A,N/A,N/A,N/A,N/A,N/A,N/A,N/A,N/A,N/A,N/A,N/A,N/A,N/A,N/A,N/A,N/A,N/A,N/A,N/A,N/A,N/A,N/A,N/A,N/A,N/A,N/A,N/A,N/A,N/A,N/A,N/A,N/A,N/A,N/A,N/A,N/A,N/A,N/A,N/A,N/A,N/A,N/A,N/A,N/A,N/A,N/A,N/A,N/A,N/A,N/A,N/A,N/A,N/A,N/A,N/A,N/A,N/A,N/A,N/A,N/A
Riquelme Reis de Almeida de Jesus dos Santos,19,1136620800,2006/01/07,Serie A,2024,Midfielder,Bragantino,5,0,5,Brazil,1,0,1,0,0,0,0,0,0,0,0,0,0,0,0,0,0,0,0,0,0,0,0,0,0,0,0,5,0,0,0,-1,-1,-1,22,0,6.25,0,45,90.00,5.00,99,5,3.00,3,1,54.00,95,0.00,0.00,0.00,0,0.00,0.00,18.00,1.00,1,0.00,0.00,0.00,0.00,0.00,0.00,0.00,0.00,0.00,0.00,0.00,0.00,0.00,0.00,0.00,0.00,0.00,0.00,0.00,0,0,,0,0.00,8,0,0.00,15,0,0.00,9,0,1,0,99,0.00,99,0,0,0.00,9,0,30,0.00,14,0,0.00,99,0,0.00,0,0,0.00,0,0.00,8,0,0.00,7,0,0.00,0.00,0,0.00,0,0,0,0.00,0,0,0.00,99,0.00,0,N/A,N/A,N/A,N/A,0.00,0,0.00,0,0.00,0.00,0,60.00,0.00,15,99,0.00,0.00,0,10,10,0,0,0,0.00,0.00,0,23,6.25,1.00,18.00,1,0,0.00,0.00,99,0.00,0,0,0,0.00,0.00,0,0.00,0.00,0.00,0.00,0,0,0.00,42,0,0,40,0,0.01,73,0.01,0.18,0.00,9,0.00,0.00,99,1,1.00,18.00,0.00,0.00,5,0,0.00,9,4,99,67,0,41,2,0,0.00,99,0,0.00,0.00,90.00,5.00,5,2,99,99,36.00,2.00,40.00,0,0.00,99,0,0.00,0,0.00,99,0,0.00,0.00,30,0,22,11,0,0,0,0,0,26,40,59,54,0,99,2,7,7,0,0,7,32,0,0
Robert Abel Arboleda Escobar,34,688114800,1991/10/22,Serie A,2024,Defender,São Paulo,2255,1234,1021,Ecuador,27,15,12,2,2,0,0,0,0,0,0,9,6,3,24,11,13,3,0,0.08,0,0.08,0.15,0,1128,0.96,94,84,752,0,0.12,233,303,64,8,0,6.99,0,45,65.04,58.04,98,1509,52.96,1377,97,59.35,99,0.00,0.00,0.23,6,0.00,0.04,1.38,1.23,32,0.00,0.00,0.00,0.00,0.00,0.65,0.00,0.00,6.00,0.52,0.27,0.04,0.00,0.19,0.08,0.00,2.15,0.00,0.00,0,0,,12,0.46,34,5,0.22,40,7,0.30,34,1,2,25,42,0.00,99,0,17,0.73,50,1,30,0.04,15,0,0.00,99,0,0.00,0,0,0.00,0,0.26,21,1,0.04,9,0,0.00,0.00,0,0.00,0,0,0,0.00,0,0,0.00,66,0.00,0,N/A,N/A,N/A,N/A,0.00,0,0.00,0,2.16,0.00,0,91.25,41.67,53,83,0.27,0.30,7,10,10,0,0,0,0.69,0.78,18,91,181.83,3.38,3.79,88,0,0.00,0.00,99,0.00,0,0,1,0.04,0.04,0,0.00,0.00,0.09,0.08,2,0,16.67,80,81,69,86,67,3.34,57,0.13,0.14,2.16,49,0.08,0.09,19,9,0.35,0.39,0.82,0.73,26,19,0.09,49,67,86,72,0,61,86,0,0.00,99,56,0.00,2.41,6.55,5.85,152,97,33,15,4.18,3.73,63.82,0,0.00,99,0,0.00,0,0.00,99,0,0.00,0.00,30,80,31,30,0,0,0,0,0,39,56,59,70,0,99,76,89,20,3,11,35,5,0,0
Robert dos Santos Conceição,22,1058684400,2003/07/20,Serie A,2024,Midfielder,Atlético Mineiro,18,0,18,Brazil,3,1,2,0,0,0,0,0,0,0,0,0,0,0,0,0,0,0,0,0,0,0,0,0,0,0,0,6,0,0,0,-1,-1,-1,16,0,4.65,0,45,85.00,5.67,99,17,4.00,12,8,60.00,99,0.00,0.00,0.67,2,0.00,0.67,0.00,0.00,0,0.00,0.00,0.00,0.00,0.00,0.00,0.67,0.00,0.00,5.00,0.00,0.67,0.00,0.33,0.04,0.00,0.00,0.00,0.00,0,0,,1,0.33,99,1,5.00,99,0,0.00,9,0,3,0,4,0.00,99,0,0,0.00,9,2,30,10.00,99,0,0.00,99,0,0.00,0,0,0.00,0,10.00,99,2,10.00,99,2,10.00,100.00,0,0.00,0,0,0,0.00,0,0,0.00,99,0.00,0,N/A,N/A,N/A,N/A,0.00,0,0.00,0,0.11,0.00,0,70.59,100.00,99,99,0.00,0.00,0,99,99,0,0,0,0.00,0.00,0,23,13.96,0.00,0.00,0,0,0.00,0.00,99,0.00,0,0,0,0.00,0.00,0,0.00,0.00,0.00,0.00,0,0,0.00,42,0,0,40,0,0.12,99,0.04,0.60,0.11,99,0.04,0.55,99,1,0.33,5.00,5.00,0.33,99,1,0.55,99,0,1,67,0,41,2,0,0.00,99,0,0.00,0.00,20.00,1.33,4,3,99,99,15.00,1.00,75.00,0,0.00,99,0,0.00,0,0.00,99,0,0.00,0.00,30,0,41,11,0,0,0,0,0,26,40,59,54,0,99,2,7,7,0,0,7,33,0,0
Robert Renan Alves Barbosa,22,1065855600,2003/10/11,Serie A,2024,Defender,Internacional,957,405,552,Brazil,12,5,7,0,0,0,1,0,1,0,0,3,1,2,11,6,5,2,0,0.09,0.09,0,0,0,0,1.03,87,80,479,957,0.19,325,195,82,28,0,6.85,0.08,65,49.64,45.73,81,503,40.82,449,92,44.31,85,0.00,0.00,0.45,5,0.00,0.73,2.17,2.00,22,0.00,0.45,0.00,0.00,0.00,1.36,0.55,0.00,0.00,0.20,0.09,1.27,0.00,0.09,0.02,0.00,1.18,0.00,0.00,0,0,,2,0.18,12,1,0.10,21,1,0.10,12,0,2,10,76,0.00,99,0,15,1.48,89,8,90,0.79,48,0,0.00,99,0,0.00,0,0,0.00,0,0.49,32,14,1.38,59,6,0.59,42.86,0,0.00,0,0,0,0.00,0,0,0.00,59,0.00,0,N/A,N/A,N/A,N/A,0.00,0,0.00,0,0.18,0.00,0,89.26,50.00,74,36,0.82,0.89,9,51,35,0,0,0,0.45,0.49,5,79,75.39,2.91,3.16,32,0,0.00,0.00,99,0.00,0,0,0,0.00,0.00,0,0.00,0.00,0.00,0.00,0,0,0.00,42,32,14,40,59,1.75,69,0.16,0.17,0.18,19,0.02,0.02,2,0,0.00,0.00,0.99,0.91,36,10,0.02,19,44,82,67,0,41,59,0,0.00,99,13,0.00,1.28,8.09,7.45,82,41,29,31,4.05,3.73,50.00,5,0.49,65,0,37.50,0,0.00,99,3,0.27,0.30,58,32,31,11,0,0,0,0,0,42,40,59,54,0,99,47,73,37,2,17,60,4,0,0
Robert Rojas,29,830847600,1996/04/30,Serie A,2024,Defender,Vasco da Gama,177,47,130,Paraguay,6,2,4,0,0,0,0,0,0,0,0,1,1,0,2,0,2,0,0,0,0,0,0,0,0,1.02,89,30,0,0,0,-1,-1,-1,33,0,5.31,0,45,40.53,11.80,59,59,10.00,50,66,34.35,61,0.00,0.00,0.00,0,0.00,0.20,2.06,0.60,3,0.00,0.00,0.00,0.00,0.00,0.40,0.00,0.00,0.00,0.00,0.00,0.00,0.00,0.00,0.00,0.00,1.00,0.00,0.00,0,0,,0,0.00,8,0,0.00,15,0,0.00,9,1,4,2,73,0.00,99,0,2,1.37,85,1,30,0.69,45,0,0.00,99,0,0.00,0,0,0.00,0,0.00,8,0,0.00,7,0,0.00,0.00,0,0.00,0,0,0,0.00,0,0,0.00,60,0.00,0,N/A,N/A,N/A,N/A,0.00,0,0.00,0,0.00,0.00,0,84.75,0.00,15,99,0.00,0.00,0,10,10,0,0,0,0.00,0.00,0,23,26.53,1.40,4.81,7,0,0.00,0.00,99,0.00,0,0,0,0.00,0.00,0,0.00,0.00,0.00,0.00,0,0,0.00,42,0,3,40,61,0.12,22,0.02,0.08,0.00,9,0.00,0.00,2,0,0.00,0.00,1.37,0.40,63,2,0.00,9,0,93,67,0,41,98,0,0.00,99,5,0.00,3.44,9.62,2.80,14,8,66,50,5.50,1.60,57.14,0,0.00,99,0,0.00,0,0.00,99,0,0.00,0.00,30,1,50,30,0,0,0,0,0,26,40,59,54,0,99,20,7,7,0,0,7,32,0,0
Robert Vinicius Rodrigues Silva,20,1113375600,2005/04/13,Serie A,2024,Forward,Cruzeiro,392,147,245,Brazil,12,4,8,0,0,0,1,0,1,0,0,5,3,2,1,0,1,1,0,0.23,0.23,0,0,0,0,0.23,392,33,392,392,0.23,464,46,-1,26,0,6.46,0.08,93,21.52,9.11,14,82,7.00,63,22,16.53,15,0.00,0.00,0.22,2,0.00,0.56,0.79,0.33,3,0.00,0.33,0.00,0.00,0.00,0.22,1.00,0.00,0.00,1.31,0.33,2.11,0.00,0.22,0.05,0.00,0.00,0.00,0.00,0,0,,5,0.56,71,2,0.52,66,3,0.79,77,2,9,3,19,0.00,99,0,2,0.52,35,5,30,1.31,56,0,0.00,99,0,0.00,0,0,0.00,0,0.52,34,19,4.99,96,9,2.36,47.37,0,0.00,0,0,0,0.00,0,0,0.00,99,0.00,0,N/A,N/A,N/A,N/A,0.00,0,0.00,0,0.43,0.00,0,76.83,40.00,51,42,0.33,0.79,3,95,46,0,0,0,0.22,0.52,2,80,58.11,0.00,0.00,0,0,0.00,0.00,99,0.00,0,0,0,0.00,0.00,0,0.00,0.00,0.26,0.11,1,0,0.00,42,2,14,40,99,0.78,80,0.09,0.20,0.43,55,0.05,0.11,39,3,0.33,0.79,0.52,0.22,13,2,0.11,53,8,1,67,0,82,2,0,0.00,99,0,0.00,0.00,10.50,4.44,40,15,27,61,3.94,1.67,37.50,3,0.79,50,0,0.00,0,0.00,99,0,0.00,0.00,30,2,78,46,0,0,0,0,0,67,40,59,54,0,99,90,62,48,1,8,21,80,0,0
Roberto Júnior Fernández Torres,37,575625600,1988/03/29,Serie A,2024,Goalkeeper,Botafogo,360,180,180,Paraguay,4,2,2,0,0,0,0,0,0,0,0,2,1,1,3,1,2,1,0,0,0,0,0,0,0,0.75,120,90,360,0,0.25,461,459,25,30,0,7.21,0,45,27.50,27.50,25,110,19.50,78,9,19.50,22,0.00,0.00,0.00,0,0.00,0.00,0.00,0.00,0,0.00,0.00,0.00,0.00,2.75,0.00,0.00,3.75,0.00,0.00,0.00,0.00,0.00,0.00,0.00,0.00,0.50,0.00,0.00,0,0,,0,0.00,8,0,0.00,15,0,0.00,9,0,0,4,4,0.00,99,0,0,0.00,9,0,30,0.00,14,0,0.00,99,0,0.00,0,0,0.00,0,0.00,8,0,0.00,7,0,0.00,0.00,0,0.00,0,11,56,2.75,15,15,0.00,88,3.75,15,N/A,N/A,N/A,N/A,73.33,0,0.00,0,0.00,0.00,0,70.91,0.00,15,99,0.00,0.00,0,10,10,0,0,9,0.00,0.00,0,23,28.84,1.75,1.75,7,0,0.00,0.00,99,0.00,0,0,0,0.00,0.00,2,0.50,0.50,0.00,0.00,0,0,0.00,42,0,0,40,88,0.16,6,0.04,0.04,0.00,9,0.00,0.00,2,0,0.00,0.00,0.00,0.00,5,0,0.00,9,90,64,67,64,41,23,0,0.00,99,2,0.00,0.50,0.50,0.50,2,2,6,4,0.50,0.50,100.00,0,0.00,99,0,0.00,0,0.00,99,0,0.00,0.00,30,6,14,11,0,0,0,0,0,26,40,59,54,0,99,96,58,51,0,0,7,1,0,0
Rodrigo Battaglia,34,679302000,1991/07/12,Serie A,2024,Midfielder,Atlético Mineiro,2288,983,1305,Argentina,26,11,15,0,0,0,0,0,0,0,0,6,3,3,35,12,23,7,2,0,0,0,0,0,0,1.38,65,88,327,0,0.28,407,404,-1,30,0,6.85,0,45,60.58,59.12,95,1419,52.25,1254,88,53.54,94,0.00,0.00,0.25,6,0.00,0.08,1.49,1.46,35,0.00,0.00,0.00,0.00,0.00,0.62,0.21,0.00,0.00,0.26,0.17,0.46,0.00,0.08,0.02,0.00,2.00,0.00,0.00,0,0,,6,0.25,17,2,0.09,20,4,0.17,18,1,0,26,48,0.00,99,0,15,0.64,45,2,30,0.09,18,0,0.00,99,0,0.00,0,0,0.00,0,0.26,21,11,0.47,27,5,0.21,45.45,0,0.00,0,0,0,0.00,0,0,0.00,20,0.00,0,N/A,N/A,N/A,N/A,0.00,0,0.00,0,0.43,0.00,0,88.37,33.33,37,66,0.50,0.51,12,25,42,0,0,0,0.50,0.51,12,80,164.42,3.75,3.84,90,0,0.00,0.00,99,0.00,0,0,0,0.00,0.00,0,0.00,0.00,0.00,0.00,0,0,0.00,42,82,65,40,20,2.58,39,0.11,0.11,0.43,19,0.02,0.02,24,11,0.46,0.47,1.20,1.17,51,28,0.02,19,44,87,67,0,41,78,0,0.00,99,48,0.00,2.05,7.26,7.08,170,99,34,23,4.23,4.12,58.24,0,0.00,99,0,0.00,0,0.00,99,0,0.00,0.00,30,83,14,30,0,0,0,0,0,26,40,59,54,0,99,39,51,59,5,19,66,21,0,0
Rodrigo Caio,32,745570800,1993/08/17,Serie A,2024,Defender,Grêmio,377,107,270,Brazil,5,2,3,0,0,0,0,0,0,0,0,0,0,0,8,4,4,0,0,0,0,0,0,0,0,1.91,47,75,0,0,0,314,369,186,20,0,6.97,0,45,54.67,45.80,89,229,42.40,212,99,50.61,91,0.00,0.00,0.00,0,0.00,0.00,1.43,1.20,6,0.00,0.20,0.00,0.00,0.00,0.80,0.20,0.00,0.00,0.24,0.20,0.20,0.00,0.00,0.01,0.00,3.80,0.00,0.00,0,0,,1,0.20,15,0,0.00,15,1,0.24,26,0,1,4,44,0.00,99,0,4,0.95,64,0,30,0.00,14,0,0.00,99,0,0.00,0,0,0.00,0,0.00,8,1,0.24,17,1,0.24,100.00,0,0.00,0,0,0,0.00,0,0,0.00,3,0.00,0,N/A,N/A,N/A,N/A,0.00,0,0.00,0,0.05,0.00,0,92.58,0.00,15,31,0.80,0.95,4,27,99,0,0,0,1.80,2.15,9,99,34.84,5.80,6.92,29,1,0.00,0.24,0,0.20,0,0,0,0.00,0.00,0,0.00,0.00,0.00,0.00,0,0,0.00,42,1,1,40,3,0.45,39,0.09,0.11,0.05,13,0.01,0.01,49,4,0.80,0.95,0.95,0.80,33,4,0.01,13,64,99,67,0,41,99,0,0.00,99,19,0.00,4.54,10.50,8.80,44,29,90,61,6.92,5.80,65.91,1,0.24,76,0,0.00,0,0.00,99,0,0.00,0.00,30,6,22,11,0,0,0,0,0,26,40,59,54,0,99,2,7,7,0,0,7,30,0,0
Rodrigo Eduardo da Silva,30,806569200,1995/07/24,Serie A,2024,Defender,Juventude,800,529,271,Brazil,13,9,4,1,1,0,0,0,0,0,0,4,4,0,14,7,7,5,1,0.11,0,0.11,0.17,0,800,1.58,57,62,133,0,0.68,187,364,177,18,0,6.93,0,45,47.72,34.33,77,412,29.92,359,82,41.58,79,0.00,0.00,0.17,2,0.00,0.00,1.62,1.17,14,0.00,0.17,0.00,0.00,0.00,1.67,0.25,0.00,3.00,0.35,0.17,0.25,0.00,0.08,0.07,0.00,2.33,0.00,0.00,0,0,,3,0.25,21,1,0.12,25,2,0.23,24,3,5,8,54,0.00,99,0,20,2.32,99,0,30,0.00,14,0,0.00,99,0,0.00,0,0,0.00,0,0.23,19,3,0.35,21,3,0.35,100.00,0,0.00,0,0,0,0.00,0,0,0.00,9,0.00,0,N/A,N/A,N/A,N/A,0.00,0,0.00,0,0.83,0.00,0,87.14,33.33,37,33,0.67,0.93,8,34,99,0,0,0,0.83,1.16,10,97,83.16,2.58,3.59,31,0,0.00,0.00,99,0.00,0,0,0,0.00,0.00,0,0.00,0.00,0.12,0.08,1,0,33.33,99,25,18,76,9,0.82,27,0.07,0.09,0.83,52,0.07,0.10,47,8,0.67,0.93,1.51,1.08,71,13,0.10,51,57,84,67,0,66,97,0,0.00,99,28,0.00,3.24,9.73,7.00,84,53,79,52,6.14,4.42,63.10,2,0.23,76,0,0.00,0,0.00,99,0,0.00,0.00,30,24,57,63,0,0,0,0,0,45,64,59,72,0,99,68,12,96,4,31,92,34,0,0
Rodrigo Ely,32,752313600,1993/11/03,Serie A,2024,Defender,Grêmio,1675,679,996,Brazil,21,9,12,1,0,1,0,0,0,0,0,5,4,1,20,5,15,5,0,0.05,0,0.05,0,0.09,1675,1.07,84,80,335,0,0.27,274,516,94,14,0,7.23,0,45,42.61,37.38,66,785,30.10,632,38,34.31,61,0.00,0.00,0.19,4,0.00,0.05,2.06,1.81,38,0.00,0.00,0.00,0.00,0.00,1.14,0.19,0.00,14.00,0.76,0.33,0.24,0.00,0.33,0.08,0.00,3.67,0.00,0.00,0,0,,14,0.67,50,7,0.38,56,7,0.38,43,8,2,19,73,0.00,99,0,24,1.30,82,1,99,0.05,16,0,0.00,99,0,0.00,0,0,0.00,0,0.22,19,5,0.27,19,4,0.22,80.00,0,0.00,0,0,0,0.00,0,0,0.00,55,0.00,0,N/A,N/A,N/A,N/A,0.00,0,0.00,0,1.75,0.00,0,80.51,50.00,74,88,0.19,0.22,4,25,91,0,0,0,1.29,1.47,27,99,151.90,4.10,4.67,86,1,0.00,0.05,12,0.05,0,0,0,0.00,0.00,0,0.00,0.00,0.05,0.05,1,0,7.14,51,65,46,94,55,1.37,17,0.07,0.07,1.75,49,0.08,0.09,37,14,0.67,0.76,0.87,0.76,29,16,0.09,49,92,93,67,0,48,99,0,0.00,99,77,0.00,4.18,9.66,8.48,178,123,88,51,6.68,5.86,69.10,0,0.00,99,0,100.00,0,0.00,99,1,0.05,0.05,34,64,31,99,0,0,0,0,0,32,47,65,54,0,99,43,52,57,5,24,82,5,0,0
Rodrigo Fagundes de Freitas,38,542361600,1987/03/10,Serie A,2024,Defender,Criciúma,2880,1440,1440,Brazil,32,16,16,3,1,2,1,1,0,0,0,5,3,2,42,20,22,9,0,0.13,0.03,0.09,0.06,0.13,960,1.31,69,90,320,2880,0.28,204,276,150,5,0,7.23,0.03,46,43.41,43.41,67,1259,35.31,1024,43,35.31,64,0.00,0.00,0.34,10,0.00,0.07,1.24,1.24,36,0.00,0.28,0.00,0.00,0.00,1.62,0.24,0.00,5.67,0.59,0.28,0.45,0.00,0.31,0.12,0.00,2.97,0.00,0.00,0,0,,17,0.59,42,9,0.31,51,8,0.28,31,0,0,32,38,0.00,99,0,47,1.62,93,2,96,0.07,17,0,0.00,99,0,0.00,0,0,0.00,0,0.34,26,13,0.45,25,7,0.24,53.85,0,0.00,0,0,0,0.00,0,0,0.00,25,0.00,0,N/A,N/A,N/A,N/A,0.00,0,0.00,0,3.34,0.00,0,81.33,52.94,78,73,0.41,0.41,12,27,62,0,0,0,1.14,1.14,33,97,209.55,7.21,7.21,209,2,0.00,0.07,8,0.07,0,0,1,0.03,0.03,0,0.00,0.00,0.07,0.07,2,0,17.65,82,96,88,80,26,2.97,33,0.10,0.10,3.34,58,0.12,0.12,23,13,0.45,0.45,1.14,1.14,46,33,0.12,56,92,99,68,0,54,94,0,0.00,99,86,0.00,2.97,8.03,8.03,233,141,52,30,4.86,4.86,60.52,8,0.28,75,0,50.00,0,0.00,99,1,0.03,0.03,31,94,14,11,0,0,0,0,0,50,60,72,55,0,99,16,49,59,9,28,87,3,0,0
Rodrigo Garro,27,883900800,1998/01/04,Serie A,2024,Midfielder,Corinthians,3007,1585,1422,Argentina,36,18,18,10,8,2,11,6,5,1,0,10,6,4,36,15,21,8,0,0.63,0.33,0.3,0.45,0.13,301,1.08,84,84,376,273,0.24,57,12,-1,2,0,7.61,0.31,98,48.36,44.77,79,1567,35.09,1228,30,37.90,71,0.00,0.00,2.94,103,0.00,6.03,1.60,1.49,52,0.00,1.43,0.00,0.00,0.00,0.57,0.66,0.00,4.60,1.42,0.49,1.57,0.00,0.83,0.30,0.00,0.34,0.00,0.00,0,0,,46,1.31,75,29,0.90,85,17,0.52,59,5,1,35,53,0.00,99,0,20,0.62,43,211,78,6.51,97,0,0.00,99,0,0.00,0,0,0.00,0,3.18,99,55,1.70,68,23,0.71,41.82,0,0.00,0,0,0,0.00,0,0,0.00,54,0.00,0,N/A,N/A,N/A,N/A,0.00,0,0.00,0,10.42,0.00,0,78.37,63.04,91,6,1.49,1.60,52,61,32,1,0,0,0.09,0.09,3,32,266.25,0.26,0.28,9,1,0.00,0.03,16,0.03,0,1,1,0.03,0.03,0,0.00,0.00,0.15,0.14,5,0,21.74,87,97,98,51,55,12.84,99,0.37,0.40,9.72,87,0.28,0.30,99,108,3.09,3.33,1.14,1.06,46,37,0.32,87,99,7,68,0,72,17,0,0.00,99,12,0.00,0.37,11.98,11.09,388,195,77,74,6.02,5.57,50.26,50,1.54,18,0,29.86,0,0.00,99,63,1.80,1.94,98,98,22,87,0,2,0,6,0,96,89,72,92,0,99,61,59,49,8,22,75,10,0,0
Rodrigo Huendra Almeida Mendonça,21,1079424000,2004/03/16,Serie A,2024,Midfielder,São Paulo,66,28,38,Brazil,4,1,3,0,0,0,0,0,0,0,0,1,0,1,0,0,0,0,0,0,0,0,0,0,0,0,0,17,0,0,0,-1,-1,-1,19,0,6.68,0,45,42.27,7.75,65,31,6.75,27,81,36.82,67,0.00,0.00,0.25,1,0.00,0.75,5.45,1.00,4,0.00,0.50,0.00,0.00,0.00,0.25,0.00,0.00,0.00,4.09,0.50,0.25,0.00,0.25,0.06,0.00,0.00,0.00,0.00,0,0,,3,0.75,99,1,1.36,97,2,2.73,99,0,4,0,99,0.00,99,0,1,1.36,85,3,86,4.09,86,0,0.00,99,0,0.00,0,0,0.00,0,1.36,77,1,1.36,58,0,0.00,0.00,0,0.00,0,0,0,0.00,0,0,0.00,99,0.00,0,N/A,N/A,N/A,N/A,0.00,0,0.00,0,0.24,0.00,0,87.10,33.33,37,0,0.50,2.73,2,10,10,0,0,0,0.00,0.00,0,23,26.74,1.00,5.45,4,0,0.00,0.00,99,0.00,0,0,0,0.00,0.00,0,0.00,0.00,0.00,0.00,0,0,0.00,42,0,0,40,0,0.09,45,0.02,0.12,0.24,90,0.06,0.33,95,2,0.50,2.73,1.36,0.25,62,1,0.33,88,19,98,67,0,41,2,0,0.00,99,0,0.00,0.00,16.36,3.00,12,6,98,97,8.18,1.50,50.00,2,2.73,1,0,33.33,0,0.00,99,1,0.25,1.36,93,0,50,11,0,0,0,0,0,26,40,59,54,0,99,47,7,7,0,0,7,18,0,0
Rodrigo Nestor Bertalia,25,965804400,2000/08/09,Serie A,2024,Midfielder,São Paulo,982,370,612,Brazil,25,11,14,0,0,0,2,0,2,0,0,10,6,4,10,3,7,4,1,0.18,0.18,0,0,0,0,0.92,98,39,196,491,0.46,443,87,-1,29,0,6.81,0.08,85,43.48,19.91,68,458,17.52,403,86,38.26,72,0.00,0.00,0.65,15,0.00,2.52,1.42,0.65,15,0.00,0.35,0.00,0.00,0.00,0.39,0.26,0.00,0.00,1.23,0.26,0.96,0.00,0.30,0.05,0.00,0.13,0.00,0.00,0,0,,13,0.57,66,7,0.66,73,6,0.57,63,2,15,10,44,0.00,99,0,9,0.85,58,58,53,5.51,94,0,0.00,99,0,0.00,0,0,0.00,0,1.42,79,22,2.09,75,6,0.57,27.27,0,0.00,0,0,0,0.00,0,0,0.00,71,0.00,0,N/A,N/A,N/A,N/A,0.00,0,0.00,0,1.15,0.00,0,87.99,53.85,80,26,0.48,1.04,11,49,16,0,0,0,0.04,0.09,1,32,156.64,0.09,0.19,2,0,0.00,0.00,99,0.00,0,0,0,0.00,0.00,0,0.00,0.00,0.28,0.13,3,0,0.00,42,33,62,40,71,2.51,89,0.11,0.24,1.15,55,0.05,0.11,49,10,0.43,0.95,0.95,0.43,33,10,0.11,53,36,5,67,0,84,11,0,0.00,99,3,0.00,0.28,7.50,3.43,79,34,13,25,3.23,1.48,43.04,8,0.76,53,0,20.69,0,0.00,99,12,0.52,1.14,88,32,95,46,0,0,0,0,0,59,40,59,54,0,99,87,22,86,3,12,41,11,0,0
Roger Gabriel Farias de Jesus,18,1171180800,2007/02/11,Serie A,2024,Midfielder,Bahia,0,0,0,Brazil,0,0,0,0,0,0,0,0,0,0,0,0,0,0,0,0,0,0,0,0,0,0,0,0,0,0,0,0,0,0,0,-1,-1,-1,-1,N/A,N/A,N/A,N/A,N/A,N/A,N/A,N/A,N/A,N/A,N/A,N/A,N/A,N/A,N/A,N/A,N/A,N/A,N/A,N/A,N/A,N/A,N/A,N/A,N/A,N/A,N/A,N/A,N/A,N/A,N/A,N/A,N/A,N/A,N/A,N/A,N/A,N/A,N/A,N/A,N/A,N/A,N/A,N/A,N/A,N/A,N/A,N/A,N/A,N/A,N/A,N/A,N/A,N/A,N/A,N/A,N/A,N/A,N/A,N/A,N/A,N/A,N/A,N/A,N/A,N/A,N/A,N/A,N/A,N/A,N/A,N/A,N/A,N/A,N/A,N/A,N/A,N/A,N/A,N/A,N/A,N/A,N/A,N/A,N/A,N/A,N/A,N/A,N/A,N/A,N/A,N/A,N/A,N/A,N/A,N/A,N/A,N/A,N/A,N/A,N/A,N/A,N/A,N/A,N/A,N/A,N/A,N/A,N/A,N/A,N/A,N/A,N/A,N/A,N/A,N/A,N/A,N/A,N/A,N/A,N/A,N/A,N/A,N/A,N/A,N/A,N/A,N/A,N/A,N/A,N/A,N/A,N/A,N/A,N/A,N/A,N/A,N/A,N/A,N/A,N/A,N/A,N/A,N/A,N/A,N/A,N/A,N/A,N/A,N/A,N/A,N/A,N/A,N/A,N/A,N/A,N/A,N/A,N/A,N/A,N/A,N/A,N/A,N/A,N/A,N/A,N/A,N/A,N/A,N/A,N/A,N/A,N/A,N/A,N/A,N/A,N/A,N/A,N/A,N/A,N/A,N/A,N/A,N/A,N/A,N/A,N/A,N/A,N/A,N/A,N/A,N/A,N/A,N/A,N/A,N/A,N/A,N/A,N/A,N/A,N/A,N/A,N/A,N/A,N/A,N/A,N/A,N/A,N/A,N/A,N/A,N/A,N/A,N/A,N/A,N/A,N/A,N/A,N/A,N/A,N/A,N/A,N/A,N/A
Romércio Pereira da Conceição,28,856857600,1997/02/25,Serie A,2024,Defender,Juventude,0,0,0,Brazil,0,0,0,0,0,0,0,0,0,0,0,0,0,0,0,0,0,0,0,0,0,0,0,0,0,0,0,0,0,0,0,-1,-1,-1,-1,N/A,N/A,N/A,N/A,N/A,N/A,N/A,N/A,N/A,N/A,N/A,N/A,N/A,N/A,N/A,N/A,N/A,N/A,N/A,N/A,N/A,N/A,N/A,N/A,N/A,N/A,N/A,N/A,N/A,N/A,N/A,N/A,N/A,N/A,N/A,N/A,N/A,N/A,N/A,N/A,N/A,N/A,N/A,N/A,N/A,N/A,N/A,N/A,N/A,N/A,N/A,N/A,N/A,N/A,N/A,N/A,N/A,N/A,N/A,N/A,N/A,N/A,N/A,N/A,N/A,N/A,N/A,N/A,N/A,N/A,N/A,N/A,N/A,N/A,N/A,N/A,N/A,N/A,N/A,N/A,N/A,N/A,N/A,N/A,N/A,N/A,N/A,N/A,N/A,N/A,N/A,N/A,N/A,N/A,N/A,N/A,N/A,N/A,N/A,N/A,N/A,N/A,N/A,N/A,N/A,N/A,N/A,N/A,N/A,N/A,N/A,N/A,N/A,N/A,N/A,N/A,N/A,N/A,N/A,N/A,N/A,N/A,N/A,N/A,N/A,N/A,N/A,N/A,N/A,N/A,N/A,N/A,N/A,N/A,N/A,N/A,N/A,N/A,N/A,N/A,N/A,N/A,N/A,N/A,N/A,N/A,N/A,N/A,N/A,N/A,N/A,N/A,N/A,N/A,N/A,N/A,N/A,N/A,N/A,N/A,N/A,N/A,N/A,N/A,N/A,N/A,N/A,N/A,N/A,N/A,N/A,N/A,N/A,N/A,N/A,N/A,N/A,N/A,N/A,N/A,N/A,N/A,N/A,N/A,N/A,N/A,N/A,N/A,N/A,N/A,N/A,N/A,N/A,N/A,N/A,N/A,N/A,N/A,N/A,N/A,N/A,N/A,N/A,N/A,N/A,N/A,N/A,N/A,N/A,N/A,N/A,N/A,N/A,N/A,N/A,N/A,N/A,N/A,N/A,N/A,N/A,N/A,N/A,N/A
Rômulo,25,951897600,2000/03/01,Serie A,2024,Midfielder,Internacional,1799,980,819,Brazil,30,15,15,0,0,0,0,0,0,0,0,8,5,3,18,9,9,3,0,0,0,0,0,0,0,0.9,100,60,600,0,0.15,352,330,-1,34,0,6.90,0,45,43.20,29.07,67,814,24.50,686,64,36.40,67,0.00,0.00,0.21,6,0.00,0.11,2.97,2.00,56,0.00,0.25,0.00,0.00,0.00,1.18,0.21,0.00,0.00,0.42,0.21,0.32,0.00,0.07,0.02,0.00,1.29,0.00,0.00,0,0,,8,0.29,27,2,0.11,23,6,0.32,36,3,10,20,94,0.00,99,0,33,1.75,95,3,86,0.16,24,0,0.00,99,0,0.00,0,0,0.00,0,0.32,24,9,0.48,27,6,0.32,66.67,0,0.00,0,0,0,0.00,0,0,0.00,73,0.00,0,N/A,N/A,N/A,N/A,0.00,0,0.00,0,0.55,0.00,0,84.28,25.00,24,35,0.61,0.90,17,32,83,0,0,0,0.32,0.48,9,78,193.15,1.39,2.07,39,0,0.00,0.00,99,0.00,0,0,1,0.04,0.05,0,0.00,0.00,0.05,0.04,1,0,0.00,42,68,80,40,73,1.82,33,0.07,0.10,0.55,24,0.02,0.03,46,17,0.61,0.90,1.86,1.25,86,35,0.03,24,52,71,74,0,48,75,0,0.00,99,36,0.00,1.91,10.61,7.14,200,115,78,62,6.10,4.11,57.50,7,0.37,70,0,33.33,0,0.00,99,1,0.04,0.05,34,67,82,63,0,0,0,0,0,26,40,59,54,0,99,55,80,29,3,10,29,40,0,0
Rômulo Helberth Pereira Junior,21,1075536000,2004/01/31,Serie A,2024,Midfielder,Atlético Mineiro,496,311,185,Brazil,8,4,4,1,0,1,0,0,0,0,0,0,0,0,12,8,4,4,1,0.18,0,0.18,0,0.49,496,2.18,41,62,124,0,0.73,130,398,-1,11,0,6.86,0,45,54.62,37.62,89,301,30.50,244,42,44.27,85,0.00,0.00,0.50,4,0.00,0.50,2.18,1.50,12,0.00,0.00,0.00,0.00,0.00,1.38,0.25,0.00,6.00,1.09,0.62,0.62,0.00,0.12,0.12,0.00,1.38,0.00,0.00,0,0,,6,0.75,63,1,0.18,34,5,0.91,83,1,3,5,77,0.00,99,0,11,2.00,99,4,66,0.73,46,0,0.00,99,0,0.00,0,0,0.00,0,0.73,45,5,0.91,41,2,0.36,40.00,0,0.00,0,0,0,0.00,0,0,0.00,1,0.00,0,N/A,N/A,N/A,N/A,0.00,0,0.00,0,0.96,0.00,0,81.06,16.67,16,45,0.50,0.73,4,35,28,0,0,0,0.38,0.54,3,81,54.86,2.50,3.63,20,0,0.00,0.00,99,0.00,0,0,0,0.00,0.00,0,0.00,0.00,0.00,0.00,0,0,16.67,80,9,5,64,1,0.59,39,0.07,0.11,0.96,69,0.12,0.17,7,1,0.12,0.18,1.63,1.12,76,9,0.17,66,46,85,67,0,41,77,0,0.00,99,11,0.00,2.00,8.71,6.00,48,26,47,37,4.72,3.25,54.17,0,0.00,99,0,25.00,0,0.00,99,1,0.12,0.18,50,11,41,30,0,0,0,0,0,59,77,96,54,0,99,2,12,96,3,38,97,47,0,0
Ronald Cardoso Falkoski,22,1044950400,2003/02/11,Serie A,2024,Midfielder,Grêmio,35,10,25,Brazil,11,4,7,0,0,0,0,0,0,0,0,4,1,3,0,0,0,0,0,0,0,0,0,0,0,0,0,3,0,0,0,-1,-1,-1,32,0,5.27,0,45,85.71,3.64,99,40,3.18,35,83,75.00,99,0.00,0.00,0.00,0,0.00,0.00,2.14,0.09,1,0.00,0.00,0.00,0.00,0.00,0.00,0.00,0.00,0.00,0.00,0.00,0.00,0.00,0.00,0.00,0.00,0.18,0.00,0.00,0,0,,0,0.00,8,0,0.00,15,0,0.00,9,0,11,0,76,0.00,99,0,0,0.00,9,0,30,0.00,14,0,0.00,99,0,0.00,0,0,0.00,0,0.00,8,0,0.00,7,0,0.00,0.00,0,0.00,0,0,0,0.00,0,0,0.00,99,0.00,0,N/A,N/A,N/A,N/A,0.00,0,0.00,0,0.00,0.00,0,87.50,0.00,15,99,0.00,0.00,0,10,10,0,0,0,0.18,4.29,2,99,58.00,0.36,8.57,4,0,0.00,0.00,99,0.00,0,0,0,0.00,0.00,0,0.00,0.00,0.00,0.00,0,0,0.00,42,0,11,40,0,0.07,62,0.01,0.15,0.00,9,0.00,0.00,2,0,0.00,0.00,2.14,0.09,93,1,0.00,9,0,99,67,0,41,99,0,0.00,99,2,0.00,4.29,21.43,0.91,10,5,99,99,10.71,0.45,50.00,0,0.00,99,0,0.00,0,0.00,99,0,0.00,0.00,30,0,85,11,0,0,0,0,0,26,40,59,54,0,99,81,7,7,0,0,7,35,0,0
Ronald dos Santos Lopes,28,866617200,1997/06/18,Serie A,2024,Midfielder,Criciúma,1511,768,743,Brazil,30,16,14,1,0,1,2,1,1,0,0,5,4,1,32,14,18,7,0,0.18,0.12,0.06,0,0.12,1511,1.91,47,50,216,756,0.42,262,146,-1,14,0,6.69,0.07,72,35.12,20.67,44,558,17.70,478,72,30.08,49,0.00,0.00,0.78,21,0.00,0.85,3.40,2.00,54,0.00,1.00,0.00,0.00,0.00,0.67,1.22,0.00,12.00,0.76,0.33,2.19,0.00,0.11,0.05,0.00,0.19,0.00,0.00,0,0,,12,0.44,50,3,0.19,36,9,0.57,63,4,15,15,97,0.00,99,0,18,1.13,74,23,92,1.45,58,0,0.00,99,0,0.00,0,0,0.00,0,1.32,75,59,3.71,89,33,2.08,55.93,0,0.00,0,0,0,0.00,0,0,0.00,3,0.00,0,N/A,N/A,N/A,N/A,0.00,0,0.00,0,1.46,0.00,0,85.66,25.00,24,1,1.30,2.20,35,93,67,0,0,0,0.07,0.13,2,41,180.53,0.37,0.63,10,0,0.00,0.00,99,0.00,0,0,0,0.00,0.00,0,0.00,0.00,0.00,0.00,0,0,8.33,53,58,80,92,3,2.84,73,0.11,0.18,1.46,49,0.05,0.09,65,21,0.78,1.32,2.27,1.33,94,36,0.09,49,20,25,67,0,41,14,0,0.00,99,5,0.00,0.31,15.86,9.33,252,113,91,95,7.11,4.19,44.84,27,1.70,14,0,43.48,0,0.00,99,10,0.37,0.63,73,51,95,77,0,0,0,0,0,59,49,70,54,0,99,20,26,83,6,20,70,6,0,0
Ronaldo da Silva Souza,29,846054000,1996/10/23,Serie A,2024,Midfielder,Juventude,1137,597,540,Brazil,13,7,6,2,2,0,2,2,0,0,0,1,0,1,19,11,8,1,0,0.32,0.16,0.16,0.3,0,569,1.5,60,87,1137,569,0.08,143,104,-1,9,0,7.08,0.15,81,43.46,42.23,68,549,36.54,475,77,37.60,70,0.00,0.00,0.54,7,0.00,0.31,2.85,2.77,36,0.00,0.69,0.00,0.00,0.00,1.00,0.38,0.00,4.00,0.63,0.31,0.92,0.00,0.31,0.14,0.00,2.08,0.00,0.00,0,0,,8,0.62,43,4,0.32,51,4,0.32,36,4,0,13,91,0.00,99,0,13,1.03,69,4,66,0.32,32,0,0.00,99,0,0.00,0,0,0.00,0,0.55,35,12,0.95,43,5,0.40,41.67,0,0.00,0,0,0,0.00,0,0,0.00,12,0.00,0,N/A,N/A,N/A,N/A,0.00,0,0.00,0,1.87,0.00,0,86.52,50.00,74,46,0.69,0.71,9,40,31,0,0,0,0.54,0.55,7,82,92.00,1.69,1.74,22,0,0.00,0.00,99,0.00,0,0,0,0.00,0.00,0,0.00,0.00,0.00,0.00,0,0,25.00,93,42,18,67,13,2.46,77,0.19,0.19,1.87,63,0.14,0.15,39,10,0.77,0.79,1.90,1.85,88,24,0.15,62,79,64,67,0,41,80,0,0.00,99,27,0.00,2.14,11.32,11.00,143,76,77,68,6.02,5.85,53.15,9,0.71,55,0,25.00,0,0.00,99,1,0.08,0.08,39,45,14,77,0,0,0,0,0,77,73,59,85,0,99,4,97,12,1,8,21,96,0,0
Ronaldo de Oliveira Strada,29,840697200,1996/08/22,Serie A,2024,Goalkeeper,Atlético GO,2880,1620,1260,Brazil,32,18,14,0,0,0,1,0,1,0,0,6,5,1,41,16,25,4,1,0.03,0.03,0,0,0,0,1.28,70,90,576,2880,0.16,523,280,146,17,0,7.12,0.03,46,24.53,24.53,20,736,16.17,485,4,16.17,15,0.00,0.00,0.07,2,0.00,0.00,0.00,0.00,0,0.00,0.00,0.00,0.00,3.03,0.00,0.00,4.40,0.00,0.00,0.00,0.00,0.00,0.00,0.00,0.00,0.33,0.00,0.00,0,0,,0,0.00,8,0,0.00,15,0,0.00,9,0,0,32,4,0.00,99,0,0,0.00,9,0,30,0.00,14,0,0.00,99,0,0.00,0,0,0.00,0,0.07,10,0,0.00,7,0,0.00,0.00,0,0.00,0,91,29,3.03,24,132,0.00,28,4.40,32,N/A,N/A,N/A,N/A,68.94,0,0.00,0,0.00,0.00,0,65.90,0.00,15,94,0.07,0.07,2,10,10,0,0,52,0.00,0.00,0,23,213.60,0.60,0.60,18,0,0.00,0.00,99,0.00,3,0,0,0.00,0.00,7,0.23,0.23,0.00,0.00,0,0,0.00,42,96,88,40,28,1.71,13,0.06,0.06,0.00,9,0.00,0.00,7,5,0.17,0.17,0.07,0.07,7,2,0.00,9,83,23,67,6,41,15,0,0.00,99,10,0.00,0.33,0.53,0.53,16,12,4,4,0.40,0.40,75.00,0,0.00,99,0,0.00,0,0.00,99,0,0.00,0.00,30,94,14,11,0,0,0,0,0,27,40,59,54,0,99,27,79,30,3,9,26,1,0,0
Roni,26,924159600,1999/04/15,Serie A,2024,Midfielder,Atlético GO,1447,529,918,Brazil,22,9,13,1,0,1,0,0,0,0,0,3,2,1,24,4,20,5,0,0.06,0,0.06,0,0.1,1447,1.49,60,66,289,0,0.31,263,491,-1,13,0,6.87,0,45,43.12,33.75,67,675,29.05,581,75,37.11,68,0.00,0.00,0.45,9,0.00,0.40,2.04,1.60,32,0.00,0.55,0.00,0.00,0.00,0.70,0.45,0.00,10.00,0.64,0.30,0.80,0.00,0.20,0.07,0.00,0.35,0.00,0.00,0,0,,10,0.50,44,4,0.26,45,6,0.38,43,4,6,16,71,0.00,99,0,14,0.89,60,8,30,0.51,40,0,0.00,99,0,0.00,0,0,0.00,0,0.57,36,16,1.02,45,9,0.57,56.25,0,0.00,0,0,0,0.00,0,0,0.00,13,0.00,0,N/A,N/A,N/A,N/A,0.00,0,0.00,0,1.44,0.00,0,86.07,40.00,51,27,0.80,1.02,16,49,68,0,0,0,0.60,0.77,12,90,137.33,1.55,1.98,31,0,0.00,0.00,99,0.00,0,0,0,0.00,0.00,0,0.00,0.00,0.00,0.00,0,0,10.00,57,56,50,92,13,1.46,27,0.07,0.09,1.44,49,0.07,0.09,37,12,0.60,0.77,0.96,0.75,34,15,0.09,49,47,69,67,0,41,21,0,0.00,99,7,0.00,0.45,7.67,6.00,120,59,23,26,3.77,2.95,49.17,11,0.70,56,0,0.00,0,0.00,99,0,0.00,0.00,30,56,63,77,0,0,0,0,0,33,49,67,54,0,99,12,43,66,5,23,79,5,0,0
Ronie Carrillo,29,842166000,1996/09/08,Serie A,2024,Midfielder,Juventude,681,237,444,Ecuador,14,7,7,1,1,0,0,0,0,0,0,1,0,1,9,6,3,1,0,0.13,0,0.13,0.38,0,681,1.19,76,49,681,0,0.13,166,377,-1,17,0,6.65,0,45,17.97,9.71,6,136,6.29,88,3,11.63,3,0.00,0.00,0.36,5,0.00,0.50,0.66,0.36,5,0.00,0.79,0.00,0.00,0.00,0.07,0.21,0.00,9.00,1.19,0.36,0.86,0.00,0.29,0.10,0.00,1.43,0.00,0.00,0,0,,9,0.64,65,4,0.53,67,5,0.66,70,3,5,9,15,0.00,99,0,1,0.13,13,7,75,0.93,50,0,0.00,99,0,0.00,0,0,0.00,0,0.66,41,12,1.59,65,3,0.40,25.00,0,0.00,0,0,0,0.00,0,0,0.00,38,0.00,0,N/A,N/A,N/A,N/A,0.00,0,0.00,0,1.35,0.00,0,64.71,44.44,58,85,0.14,0.26,2,40,15,0,0,0,0.07,0.13,1,41,93.11,0.50,0.93,7,0,0.00,0.00,99,0.00,0,0,0,0.00,0.00,0,0.00,0.00,0.53,0.29,4,0,11.11,61,19,20,72,40,0.39,10,0.03,0.05,1.35,70,0.10,0.18,61,9,0.64,1.19,1.59,0.86,74,12,0.18,68,16,41,67,0,94,91,0,0.00,99,20,0.00,2.64,14.67,7.93,111,37,53,90,4.89,2.64,33.33,11,1.45,21,0,28.57,0,0.00,99,2,0.14,0.26,56,28,57,63,0,0,0,0,0,50,68,59,89,0,99,4,86,23,1,7,17,79,0,0
Ronielson Da Silva Barbosa,30,800175600,1995/05/11,Serie A,2024,Forward,Palmeiras,1714,795,919,Brazil,35,18,17,4,3,1,2,2,0,0,0,15,7,8,15,6,9,4,0,0.32,0.11,0.21,0.34,0.1,429,0.79,114,49,429,857,0.21,113,172,-1,4,0,6.83,0.06,70,13.78,7.18,0,237,5.48,181,19,10.52,2,0.00,0.00,0.64,21,0.00,1.00,0.99,0.52,17,0.00,0.39,0.00,0.00,0.00,0.12,0.36,0.00,14.67,2.56,0.70,0.64,0.00,0.64,0.18,0.00,0.73,0.00,0.00,0,0,,44,1.33,97,21,1.22,95,23,1.34,98,5,18,17,27,0.00,99,0,4,0.23,20,33,41,1.92,63,0,0.00,99,0,0.00,0,0,0.00,0,1.22,70,21,1.22,52,12,0.70,57.14,0,0.00,0,0,0,0.00,0,0,0.00,85,0.00,0,N/A,N/A,N/A,N/A,0.00,0,0.00,0,5.88,0.00,0,76.37,47.73,62,79,0.18,0.35,6,60,70,0,0,0,0.03,0.06,1,27,225.38,0.33,0.64,11,0,0.00,0.00,99,0.00,0,0,1,0.03,0.06,0,0.00,0.00,0.87,0.45,15,0,6.82,49,66,97,61,85,2.33,57,0.07,0.14,5.88,91,0.18,0.34,74,27,0.82,1.57,1.40,0.73,65,24,0.34,89,41,26,78,0,99,62,0,0.00,99,24,0.00,1.40,11.51,6.00,198,80,47,70,4.65,2.42,40.40,13,0.76,53,0,15.15,0,0.00,99,5,0.15,0.29,58,60,98,87,0,0,0,0,0,77,80,67,88,0,99,91,68,42,4,11,35,10,0,0
Roque Santos de Jesus Júnior,23,1011081600,2002/01/15,Serie A,2024,Midfielder,Vitória,0,0,0,Brazil,0,0,0,0,0,0,0,0,0,0,0,0,0,0,0,0,0,0,0,0,0,0,0,0,0,0,0,0,0,0,0,-1,-1,-1,-1,N/A,N/A,N/A,N/A,N/A,N/A,N/A,N/A,N/A,N/A,N/A,N/A,N/A,N/A,N/A,N/A,N/A,N/A,N/A,N/A,N/A,N/A,N/A,N/A,N/A,N/A,N/A,N/A,N/A,N/A,N/A,N/A,N/A,N/A,N/A,N/A,N/A,N/A,N/A,N/A,N/A,N/A,N/A,N/A,N/A,N/A,N/A,N/A,N/A,N/A,N/A,N/A,N/A,N/A,N/A,N/A,N/A,N/A,N/A,N/A,N/A,N/A,N/A,N/A,N/A,N/A,N/A,N/A,N/A,N/A,N/A,N/A,N/A,N/A,N/A,N/A,N/A,N/A,N/A,N/A,N/A,N/A,N/A,N/A,N/A,N/A,N/A,N/A,N/A,N/A,N/A,N/A,N/A,N/A,N/A,N/A,N/A,N/A,N/A,N/A,N/A,N/A,N/A,N/A,N/A,N/A,N/A,N/A,N/A,N/A,N/A,N/A,N/A,N/A,N/A,N/A,N/A,N/A,N/A,N/A,N/A,N/A,N/A,N/A,N/A,N/A,N/A,N/A,N/A,N/A,N/A,N/A,N/A,N/A,N/A,N/A,N/A,N/A,N/A,N/A,N/A,N/A,N/A,N/A,N/A,N/A,N/A,N/A,N/A,N/A,N/A,N/A,N/A,N/A,N/A,N/A,N/A,N/A,N/A,N/A,N/A,N/A,N/A,N/A,N/A,N/A,N/A,N/A,N/A,N/A,N/A,N/A,N/A,N/A,N/A,N/A,N/A,N/A,N/A,N/A,N/A,N/A,N/A,N/A,N/A,N/A,N/A,N/A,N/A,N/A,N/A,N/A,N/A,N/A,N/A,N/A,N/A,N/A,N/A,N/A,N/A,N/A,N/A,N/A,N/A,N/A,N/A,N/A,N/A,N/A,N/A,N/A,N/A,N/A,N/A,N/A,N/A,N/A,N/A,N/A,N/A,N/A,N/A,N/A
Rosicley Pereira da Silva,32,735462000,1993/04/22,Serie A,2024,Forward,Vasco da Gama,513,234,279,Brazil,11,5,6,0,0,0,1,1,0,0,0,1,1,0,7,3,4,3,0,0.18,0.18,0,0,0,0,1.23,73,47,171,513,0.53,434,83,-1,34,0,6.81,0.09,85,19.27,9.70,9,97,6.70,67,7,13.31,8,0.00,0.00,1.40,14,0.00,4.60,1.19,0.60,6,0.00,0.60,0.00,0.00,0.00,0.40,0.10,0.00,0.00,0.20,0.10,0.40,0.00,0.00,0.00,0.00,0.60,0.00,0.00,0,0,,1,0.10,12,0,0.00,15,1,0.20,20,2,2,9,35,0.00,99,0,4,0.79,55,46,68,9.14,99,0,0.00,99,0,0.00,0,0,0.00,0,2.78,98,4,0.79,37,1,0.20,25.00,0,0.00,0,0,0,0.00,0,0,0.00,32,0.00,0,N/A,N/A,N/A,N/A,0.00,0,0.00,0,0.04,0.00,0,69.07,0.00,15,57,0.30,0.60,3,24,15,0,0,0,0.10,0.20,1,51,68.06,0.40,0.79,4,0,0.00,0.00,99,0.00,0,0,0,0.00,0.00,0,0.00,0.00,0.40,0.20,2,0,0.00,42,10,11,40,33,1.29,92,0.13,0.26,0.04,13,0.00,0.01,75,8,0.80,1.59,1.79,0.90,84,9,0.01,13,36,34,67,0,90,55,0,0.00,99,6,0.00,1.19,10.13,5.10,51,21,33,57,4.17,2.10,41.18,6,1.19,29,0,26.09,0,0.00,99,12,1.20,2.38,99,28,31,46,0,0,0,0,0,59,40,59,54,0,99,5,18,90,2,18,63,31,0,0
Ruan Luiz Santos da Costa,30,797929200,1995/04/15,Serie A,2024,Midfielder,Criciúma,0,0,0,Brazil,0,0,0,0,0,0,0,0,0,0,0,0,0,0,0,0,0,0,0,0,0,0,0,0,0,0,0,0,0,0,0,-1,-1,-1,-1,N/A,N/A,N/A,N/A,N/A,N/A,N/A,N/A,N/A,N/A,N/A,N/A,N/A,N/A,N/A,N/A,N/A,N/A,N/A,N/A,N/A,N/A,N/A,N/A,N/A,N/A,N/A,N/A,N/A,N/A,N/A,N/A,N/A,N/A,N/A,N/A,N/A,N/A,N/A,N/A,N/A,N/A,N/A,N/A,N/A,N/A,N/A,N/A,N/A,N/A,N/A,N/A,N/A,N/A,N/A,N/A,N/A,N/A,N/A,N/A,N/A,N/A,N/A,N/A,N/A,N/A,N/A,N/A,N/A,N/A,N/A,N/A,N/A,N/A,N/A,N/A,N/A,N/A,N/A,N/A,N/A,N/A,N/A,N/A,N/A,N/A,N/A,N/A,N/A,N/A,N/A,N/A,N/A,N/A,N/A,N/A,N/A,N/A,N/A,N/A,N/A,N/A,N/A,N/A,N/A,N/A,N/A,N/A,N/A,N/A,N/A,N/A,N/A,N/A,N/A,N/A,N/A,N/A,N/A,N/A,N/A,N/A,N/A,N/A,N/A,N/A,N/A,N/A,N/A,N/A,N/A,N/A,N/A,N/A,N/A,N/A,N/A,N/A,N/A,N/A,N/A,N/A,N/A,N/A,N/A,N/A,N/A,N/A,N/A,N/A,N/A,N/A,N/A,N/A,N/A,N/A,N/A,N/A,N/A,N/A,N/A,N/A,N/A,N/A,N/A,N/A,N/A,N/A,N/A,N/A,N/A,N/A,N/A,N/A,N/A,N/A,N/A,N/A,N/A,N/A,N/A,N/A,N/A,N/A,N/A,N/A,N/A,N/A,N/A,N/A,N/A,N/A,N/A,N/A,N/A,N/A,N/A,N/A,N/A,N/A,N/A,N/A,N/A,N/A,N/A,N/A,N/A,N/A,N/A,N/A,N/A,N/A,N/A,N/A,N/A,N/A,N/A,N/A,N/A,N/A,N/A,N/A,N/A,N/A
Ruan Pablo Barbosa Sousa,17,1216796400,2008/07/23,Serie A,2024,Midfielder,Bahia,3,0,3,Brazil,1,0,1,0,0,0,0,0,0,0,0,0,0,0,0,0,0,0,0,0,0,0,0,0,0,0,0,3,0,0,0,-1,-1,-1,19,0,6.40,0,45,30.00,1.00,32,1,1.00,1,99,30.00,49,0.00,0.00,0.00,0,0.00,1.00,0.00,0.00,0,0.00,0.00,0.00,0.00,0.00,0.00,0.00,0.00,0.00,0.00,0.00,1.00,0.00,0.00,0.00,0.00,0.00,0.00,0.00,0,0,,0,0.00,8,0,0.00,15,0,0.00,9,0,1,0,4,0.00,99,0,0,0.00,9,1,30,30.00,99,0,0.00,99,0,0.00,0,0,0.00,0,0.00,8,1,30.00,99,0,0.00,0.00,0,0.00,0,0,0,0.00,0,0,0.00,99,0.00,0,N/A,N/A,N/A,N/A,0.00,0,0.00,0,0.00,0.00,0,100.00,0.00,15,99,0.00,0.00,0,10,10,0,0,0,0.00,0.00,0,23,6.40,0.00,0.00,0,0,0.00,0.00,99,0.00,0,0,0,0.00,0.00,0,0.00,0.00,30.00,1.00,1,0,0.00,42,0,0,40,0,0.00,0,0.00,0.00,0.00,9,0.00,0.00,2,0,0.00,0.00,0.00,0.00,5,0,0.00,9,7,1,67,0,99,2,0,0.00,99,0,0.00,0.00,30.00,1.00,1,0,0,99,0.00,0.00,0.00,0,0.00,99,0,0.00,0,0.00,99,0,0.00,0.00,30,0,22,11,0,0,0,0,0,26,40,59,54,0,99,2,7,7,0,0,7,52,0,0
Ruan Pereira Duarte,20,1115103600,2005/05/03,Serie A,2024,Midfielder,Juventude,90,4,86,Brazil,6,2,4,0,0,0,0,0,0,0,0,1,1,0,4,0,4,0,0,0,0,0,0,0,0,4,23,15,0,0,0,-1,-1,-1,35,0,5.61,0,45,23.00,3.83,17,23,3.33,20,81,20.00,23,0.00,0.00,0.00,0,0.00,0.17,0.00,0.00,0,0.00,0.00,0.00,0.00,0.00,0.00,0.50,0.00,0.00,3.00,0.17,1.33,0.00,0.33,0.05,0.00,0.17,0.00,0.00,0,0,,3,0.50,99,2,2.00,99,1,1.00,88,0,6,0,4,0.00,99,0,0,0.00,9,1,30,1.00,51,0,0.00,99,0,0.00,0,0,0.00,0,0.00,8,8,8.00,99,3,3.00,37.50,0,0.00,0,0,0,0.00,0,0,0.00,0,0.00,0,N/A,N/A,N/A,N/A,0.00,0,0.00,0,0.28,0.00,0,86.96,66.67,95,28,0.17,1.00,1,98,24,0,0,0,0.00,0.00,0,23,33.64,0.17,1.00,1,0,0.00,0.00,99,0.00,0,0,0,0.00,0.00,0,0.00,0.00,1.00,0.17,1,0,0.00,42,0,3,40,0,0.04,6,0.01,0.04,0.28,85,0.05,0.28,97,3,0.50,3.00,5.00,0.83,99,5,0.28,83,0,45,67,0,99,47,0,0.00,99,1,0.00,1.00,21.00,3.50,21,7,91,99,7.00,1.17,33.33,0,0.00,99,0,0.00,0,0.00,99,0,0.00,0.00,30,0,63,11,0,0,0,0,0,26,40,59,54,0,99,20,7,7,0,0,7,29,0,0
Ruan Tressoldi,26,928738800,1999/06/07,Serie A,2024,Defender,São Paulo,720,360,360,Brazil,8,4,4,1,0,1,0,0,0,0,0,2,1,1,10,6,4,1,0,0.13,0,0.13,0,0.25,720,1.25,72,90,720,0,0.13,164,346,140,12,0,6.88,0,45,53.50,53.50,88,428,48.75,390,97,48.75,90,0.00,0.00,0.12,1,0.00,0.00,1.62,1.62,13,0.00,0.00,0.00,0.00,0.00,0.62,0.12,0.00,0.00,0.25,0.25,0.25,0.00,0.00,0.01,0.00,2.62,0.00,0.00,0,0,,2,0.25,16,0,0.00,15,2,0.25,28,1,0,8,54,0.00,99,0,5,0.62,43,0,30,0.00,14,0,0.00,99,0,0.00,0,0,0.00,0,0.12,11,2,0.25,18,1,0.12,50.00,0,0.00,0,0,0,0.00,0,0,0.00,31,0.00,0,N/A,N/A,N/A,N/A,0.00,0,0.00,0,0.09,0.00,0,91.12,0.00,15,76,0.38,0.38,3,18,57,0,0,0,0.75,0.75,6,90,55.00,3.62,3.63,29,0,0.00,0.00,99,0.00,0,0,0,0.00,0.00,0,0.00,0.00,0.00,0.00,0,0,0.00,42,21,5,74,31,0.86,39,0.11,0.11,0.09,13,0.01,0.01,4,1,0.12,0.12,1.25,1.25,54,10,0.01,13,49,85,67,0,41,90,0,0.00,99,21,0.00,2.62,7.62,7.62,61,36,42,26,4.50,4.50,59.02,0,0.00,99,0,0.00,0,0.00,99,0,0.00,0.00,30,24,14,30,0,0,0,0,0,50,68,86,54,0,99,47,87,23,1,12,41,22,0,0
Rubens,24,993106800,2001/06/21,Serie A,2024,Defender,Atlético Mineiro,1203,716,487,Brazil,19,10,9,1,1,0,1,1,0,0,0,5,3,2,17,10,7,4,1,0.15,0.07,0.07,0.13,0,1203,1.27,71,63,301,1203,0.3,247,218,142,9,0,7.00,0.05,58,34.49,24.26,42,461,18.68,355,23,26.56,38,0.00,0.00,0.84,16,0.00,2.32,4.04,2.84,54,0.00,0.26,0.00,0.00,0.00,1.11,0.42,0.00,16.00,1.20,0.68,0.89,0.00,0.16,0.08,0.00,1.32,0.00,0.00,0,0,,16,0.84,66,3,0.22,40,13,0.97,87,3,4,15,99,0.00,99,0,21,1.57,92,44,77,3.29,79,0,0.00,99,0,0.00,0,0,0.00,0,1.20,68,17,1.27,55,8,0.60,47.06,0,0.00,0,0,0,0.00,0,0,0.00,29,0.00,0,N/A,N/A,N/A,N/A,0.00,0,0.00,0,1.59,0.00,0,77.01,18.75,17,25,0.74,1.05,14,51,45,0,0,0,0.16,0.22,3,54,132.96,2.47,3.52,47,1,0.00,0.07,8,0.05,0,0,1,0.05,0.07,0,0.00,0.00,0.52,0.37,7,1,6.25,48,45,40,87,30,1.84,57,0.10,0.14,1.59,58,0.08,0.12,46,12,0.63,0.90,1.27,0.89,56,17,0.12,56,69,84,83,0,93,74,0,0.00,99,25,0.00,1.87,12.12,8.53,162,97,93,75,7.26,5.11,59.88,5,0.37,70,0,29.55,0,0.00,99,13,0.68,0.97,84,51,50,63,0,0,0,0,0,54,53,59,67,0,99,51,46,63,3,16,54,44,0,0
Ryan Carlos Santos de Sousa,23,1021359600,2002/05/14,Serie A,2024,Defender,Bahia,0,0,0,Brazil,0,0,0,0,0,0,0,0,0,0,0,0,0,0,0,0,0,0,0,0,0,0,0,0,0,0,0,0,0,0,0,-1,-1,-1,-1,N/A,N/A,N/A,N/A,N/A,N/A,N/A,N/A,N/A,N/A,N/A,N/A,N/A,N/A,N/A,N/A,N/A,N/A,N/A,N/A,N/A,N/A,N/A,N/A,N/A,N/A,N/A,N/A,N/A,N/A,N/A,N/A,N/A,N/A,N/A,N/A,N/A,N/A,N/A,N/A,N/A,N/A,N/A,N/A,N/A,N/A,N/A,N/A,N/A,N/A,N/A,N/A,N/A,N/A,N/A,N/A,N/A,N/A,N/A,N/A,N/A,N/A,N/A,N/A,N/A,N/A,N/A,N/A,N/A,N/A,N/A,N/A,N/A,N/A,N/A,N/A,N/A,N/A,N/A,N/A,N/A,N/A,N/A,N/A,N/A,N/A,N/A,N/A,N/A,N/A,N/A,N/A,N/A,N/A,N/A,N/A,N/A,N/A,N/A,N/A,N/A,N/A,N/A,N/A,N/A,N/A,N/A,N/A,N/A,N/A,N/A,N/A,N/A,N/A,N/A,N/A,N/A,N/A,N/A,N/A,N/A,N/A,N/A,N/A,N/A,N/A,N/A,N/A,N/A,N/A,N/A,N/A,N/A,N/A,N/A,N/A,N/A,N/A,N/A,N/A,N/A,N/A,N/A,N/A,N/A,N/A,N/A,N/A,N/A,N/A,N/A,N/A,N/A,N/A,N/A,N/A,N/A,N/A,N/A,N/A,N/A,N/A,N/A,N/A,N/A,N/A,N/A,N/A,N/A,N/A,N/A,N/A,N/A,N/A,N/A,N/A,N/A,N/A,N/A,N/A,N/A,N/A,N/A,N/A,N/A,N/A,N/A,N/A,N/A,N/A,N/A,N/A,N/A,N/A,N/A,N/A,N/A,N/A,N/A,N/A,N/A,N/A,N/A,N/A,N/A,N/A,N/A,N/A,N/A,N/A,N/A,N/A,N/A,N/A,N/A,N/A,N/A,N/A,N/A,N/A,N/A,N/A,N/A,N/A
Ryan Francisco Rodrigues dos Santos Silva,19,1164096000,2006/11/21,Serie A,2024,Midfielder,São Paulo,0,0,0,Brazil,1,0,1,0,0,0,0,0,0,0,0,0,0,0,0,0,0,0,0,0,0,0,0,0,0,0,0,0,0,0,0,-1,-1,-1,-1,0,0.00,0,45,0.00,0.00,0,0,0.00,0,0,0.00,0,0.00,0.00,0.00,0,0.00,0.00,0.00,0.00,0,0.00,0.00,0.00,0.00,0.00,0.00,0.00,0.00,0.00,0.00,0.00,0.00,0.00,0.00,0.00,0.00,0.00,0.00,0.00,0,0,,0,0.00,8,0,0.00,15,0,0.00,9,0,1,0,4,0.00,99,0,0,0.00,9,0,30,0.00,14,0,0.00,99,0,0.00,0,0,0.00,0,0.00,8,0,0.00,7,0,0.00,0.00,0,0.00,0,0,0,0.00,0,0,0.00,99,0.00,0,N/A,N/A,N/A,N/A,0.00,0,0.00,0,0.00,0.00,0,0.00,0.00,15,99,0.00,0.00,0,10,10,0,0,0,0.00,0.00,0,23,0.00,0.00,0.00,0,0,0.00,0.00,99,0.00,0,0,0,0.00,0.00,0,0.00,0.00,0.00,0.00,0,0,0.00,42,0,0,40,0,0.00,0,0.00,0.00,0.00,9,0.00,0.00,2,0,0.00,0.00,0.00,0.00,5,0,0.00,9,0,1,67,0,41,2,0,0.00,99,0,0.00,0.00,0.00,0.00,0,0,0,0,0.00,0.00,0.00,0,0.00,99,0,0.00,0,0.00,99,0,0.00,0.00,30,0,22,11,0,0,0,0,0,26,40,59,54,0,99,2,7,7,0,0,7,49,0,0
Ryan Gustavo de Lima,22,1058252400,2003/07/15,Serie A,2024,Midfielder,Corinthians,526,208,318,Brazil,11,5,6,0,0,0,0,0,0,0,0,2,0,2,4,3,1,1,0,0,0,0,0,0,0,0.68,132,48,526,0,0.17,342,315,-1,26,0,6.67,0,45,33.87,21.50,40,172,19.00,152,88,29.93,48,0.00,0.00,0.12,1,0.00,0.38,4.53,2.88,23,0.00,0.75,0.00,0.00,0.00,0.88,0.38,0.00,0.00,0.79,0.25,0.75,0.00,0.25,0.04,0.00,0.38,0.00,0.00,0,0,,4,0.50,53,2,0.39,58,2,0.39,46,3,5,6,99,0.00,99,0,7,1.38,86,3,30,0.59,43,0,0.00,99,0,0.00,0,0,0.00,0,0.20,18,6,1.18,51,3,0.59,50.00,0,0.00,0,0,0,0.00,0,0,0.00,92,0.00,0,N/A,N/A,N/A,N/A,0.00,0,0.00,0,0.33,0.00,0,88.37,50.00,74,2,1.25,1.97,10,51,57,0,0,0,0.12,0.20,1,51,53.34,0.75,1.18,6,0,0.00,0.00,99,0.00,0,0,0,0.00,0.00,0,0.00,0.00,0.00,0.00,0,0,0.00,42,11,11,40,92,0.34,17,0.04,0.07,0.33,39,0.04,0.06,39,4,0.50,0.79,2.36,1.50,95,12,0.06,38,18,50,67,0,41,30,0,0.00,99,3,0.00,0.59,13.39,8.50,68,33,85,83,6.50,4.12,48.53,6,1.18,30,0,0.00,0,0.00,99,0,0.00,0.00,30,14,57,63,0,0,0,0,0,26,40,59,54,0,99,23,77,33,1,9,26,37,0,0
Samuel Xavier Brito,35,644655600,1990/06/06,Serie A,2024,Defender,Fluminense,2758,1440,1318,Brazil,32,17,15,0,0,0,2,2,0,0,0,12,8,4,22,8,14,6,0,0.07,0.07,0,0,0,0,0.72,125,86,460,1379,0.2,445,233,18,37,0,7.04,0.06,58,48.32,46.13,79,1384,39.93,1198,78,41.82,80,0.00,0.00,0.63,19,0.00,2.20,1.71,1.63,49,0.00,0.57,0.00,0.00,0.00,0.80,0.30,0.00,0.00,0.45,0.30,0.90,0.00,0.13,0.04,0.00,0.77,0.00,0.00,0,0,,13,0.43,28,4,0.14,28,9,0.31,36,6,0,32,59,0.00,99,0,24,0.84,57,66,62,2.30,67,0,0.00,99,0,0.00,0,0,0.00,0,0.66,41,27,0.94,43,9,0.31,33.33,0,0.00,0,0,0,0.00,0,0,0.00,90,0.00,0,N/A,N/A,N/A,N/A,0.00,0,0.00,0,1.05,0.00,0,86.56,30.77,30,67,0.47,0.49,14,31,20,0,0,0,0.33,0.35,10,69,211.10,1.77,1.85,53,0,0.00,0.00,99,0.00,0,0,0,0.00,0.00,0,0.00,0.00,0.07,0.07,2,0,0.00,42,94,88,40,90,4.61,66,0.15,0.16,1.05,30,0.04,0.04,79,49,1.63,1.71,1.29,1.23,58,37,0.04,29,75,67,67,0,54,38,0,0.00,99,23,0.00,0.80,8.41,8.03,241,130,43,34,4.54,4.33,53.94,17,0.59,60,0,24.24,0,0.00,99,16,0.53,0.56,69,94,14,93,0,0,0,0,0,36,40,59,54,0,99,85,71,39,5,16,54,2,0,0
Santiago Arias,33,695289600,1992/01/13,Serie A,2024,Defender,Bahia,1885,869,1016,Colombia,23,10,13,0,0,0,1,1,0,0,0,7,6,1,25,5,20,3,1,0.05,0.05,0,0,0,0,1.19,75,82,471,1885,0.19,375,246,126,25,0,7.11,0.04,52,50.47,45.96,83,1057,38.48,885,59,42.25,81,0.00,0.00,1.13,26,0.00,2.96,2.05,1.87,43,0.00,0.39,0.00,0.00,0.00,0.96,0.22,0.00,0.00,0.33,0.22,0.52,0.00,0.09,0.02,0.00,0.70,0.00,0.00,0,0,,7,0.30,20,2,0.10,21,5,0.24,26,4,2,21,72,0.00,99,0,22,1.05,69,68,87,3.25,78,0,0.00,99,0,0.00,0,0,0.00,0,1.24,71,12,0.57,31,5,0.24,41.67,0,0.00,0,0,0,0.00,0,0,0.00,38,0.00,0,N/A,N/A,N/A,N/A,0.00,0,0.00,0,0.49,0.00,0,83.73,28.57,27,68,0.43,0.48,10,27,31,0,0,0,0.26,0.29,6,63,163.42,1.70,1.86,39,1,0.00,0.05,12,0.04,0,0,0,0.00,0.00,0,0.00,0.00,0.19,0.17,4,0,0.00,42,70,55,40,37,3.10,62,0.13,0.15,0.49,19,0.02,0.02,59,24,1.04,1.15,1.24,1.13,54,26,0.02,19,83,67,67,0,77,36,0,0.00,99,16,0.00,0.76,7.50,6.83,157,88,33,25,4.20,3.83,56.05,9,0.43,67,0,35.29,0,0.00,99,24,1.04,1.15,88,70,31,77,0,0,0,0,0,32,40,59,54,0,99,65,72,37,2,9,26,13,0,0
Santiago Longo,27,892364400,1998/04/12,Serie A,2024,Midfielder,São Paulo,170,7,163,Argentina,3,1,2,0,0,0,0,0,0,0,0,2,1,1,1,0,1,0,0,0,0,0,0,0,0,0.53,170,57,0,0,0,-1,-1,-1,21,0,6.68,0,45,45.00,28.33,71,85,26.67,80,99,42.35,81,0.00,0.00,0.00,0,0.00,0.00,2.65,1.67,5,0.00,0.33,0.00,0.00,0.00,0.33,0.00,0.00,0.00,0.53,0.33,0.00,0.00,0.00,0.02,0.00,0.00,0.00,0.00,0,0,,1,0.33,35,0,0.00,15,1,0.53,60,4,1,2,88,0.00,99,0,1,0.53,35,0,30,0.00,14,0,0.00,99,0,0.00,0,0,0.00,0,0.00,8,0,0.00,7,0,0.00,0.00,0,0.00,0,0,0,0.00,0,0,0.00,97,0.00,0,N/A,N/A,N/A,N/A,0.00,0,0.00,0,0.05,0.00,0,94.12,0.00,15,64,0.33,0.53,1,10,10,0,0,0,0.33,0.53,1,80,20.04,1.33,2.12,4,0,0.00,0.00,99,0.00,0,0,0,0.00,0.00,0,0.00,0.00,0.00,0.00,0,0,0.00,42,0,0,40,97,0.16,22,0.05,0.08,0.05,24,0.02,0.03,26,1,0.33,0.53,0.00,0.00,5,0,0.03,24,19,71,67,0,41,2,0,0.00,99,0,0.00,0.00,5.29,3.33,10,6,12,9,3.18,2.00,60.00,1,0.53,64,0,0.00,0,0.00,99,0,0.00,0.00,30,1,22,77,0,0,0,0,0,26,40,59,54,0,99,99,7,7,0,0,7,4,0,0
Sérgio Antonio Da Luiz Junior,30,797151600,1995/04/06,Serie A,2024,Midfielder,Criciúma,55,21,34,Brazil,5,3,2,0,0,0,0,0,0,0,0,2,2,0,0,0,0,1,0,0,0,0,0,0,0,0,0,11,55,0,1.64,-1,-1,-1,22,0,5.24,0,45,27.82,3.40,26,17,2.60,13,20,21.27,25,0.00,0.00,0.00,0,0.00,1.00,1.64,0.20,1,0.00,0.20,0.00,0.00,0.00,0.00,0.20,0.00,0.00,1.64,0.00,0.20,0.00,0.20,0.03,0.00,0.00,0.00,0.00,0,0,,1,0.20,81,1,1.64,99,0,0.00,9,0,5,0,55,0.00,99,0,0,0.00,9,5,30,8.18,99,0,0.00,99,0,0.00,0,0,0.00,0,0.00,8,1,1.64,67,1,1.64,100.00,0,0.00,0,0,0,0.00,0,0,0.00,99,0.00,0,N/A,N/A,N/A,N/A,0.00,0,0.00,0,0.14,0.00,0,76.47,100.00,99,5,0.20,1.64,1,87,99,0,0,0,0.00,0.00,0,23,26.20,0.00,0.00,0,0,0.00,0.00,99,0.00,0,0,0,0.00,0.00,0,0.00,0.00,1.64,0.20,1,0,0.00,42,0,1,40,0,0.03,10,0.01,0.05,0.14,78,0.03,0.23,99,5,1.00,8.18,4.91,0.60,99,3,0.23,76,0,1,67,0,99,2,0,0.00,99,0,0.00,0.00,24.55,3.00,15,7,99,99,11.45,1.40,46.67,1,1.64,16,0,0.00,0,0.00,99,0,0.00,0.00,30,0,57,11,0,0,0,0,0,26,40,59,54,0,99,87,7,99,1,20,70,70,0,0
Sergio Rochet Álvarez,32,732873600,1993/03/23,Serie A,2024,Goalkeeper,Internacional,2520,1260,1260,Uruguay,28,14,14,0,0,0,0,0,0,0,0,8,5,3,26,10,16,4,0,0,0,0,0,0,0,0.93,97,90,630,0,0.14,525,525,56,26,0,7.00,0,45,21.93,21.93,15,614,13.79,386,3,13.79,9,0.00,0.00,0.00,0,0.00,0.00,0.07,0.07,2,0.00,0.00,0.00,0.00,2.54,0.04,0.00,3.50,0.00,0.00,0.00,0.00,0.00,0.00,0.00,0.00,0.32,0.00,0.00,0,0,,0,0.00,8,0,0.00,15,0,0.00,9,0,0,28,7,0.00,99,0,1,0.04,10,0,30,0.00,14,0,0.00,99,0,0.00,0,0,0.00,0,0.00,8,0,0.00,7,0,0.00,0.00,0,0.00,0,71,53,2.54,6,98,0.00,70,3.50,9,N/A,N/A,N/A,N/A,72.45,0,0.00,0,0.00,0.00,0,62.87,0.00,15,94,0.07,0.07,2,10,10,0,0,44,0.00,0.00,0,23,195.98,0.96,0.96,27,0,0.00,0.00,99,0.00,0,0,0,0.00,0.00,10,0.36,0.36,0.00,0.00,0,0,0.00,42,89,74,40,70,0.76,3,0.03,0.03,0.00,9,0.00,0.00,12,7,0.25,0.25,0.00,0.00,5,0,0.00,9,69,43,67,36,41,15,0,0.00,99,9,0.00,0.32,0.54,0.54,15,13,5,5,0.46,0.46,86.67,0,0.00,99,0,0.00,0,0.00,99,0,0.00,0.00,30,86,14,11,0,0,0,0,0,26,40,59,54,0,99,61,82,27,4,14,48,1,0,0
Shaylon Kallyson Cardozo,28,862124400,1997/04/27,Serie A,2024,Midfielder,Atlético GO,2168,1005,1163,Brazil,35,17,18,2,1,1,2,1,1,1,1,7,5,2,34,14,20,3,0,0.17,0.08,0.08,0.09,0.08,1084,1.41,64,62,723,1084,0.12,236,205,-1,5,0,6.75,0.06,62,40.99,27.70,61,914,22.85,754,51,33.81,59,0.00,0.00,1.94,64,0.00,3.70,0.67,0.45,15,0.00,0.64,0.00,0.00,0.00,0.45,0.27,0.00,15.00,1.35,0.52,0.67,0.00,0.39,0.11,0.00,0.21,0.00,0.00,0,0,,30,0.91,73,13,0.58,70,17,0.76,76,2,10,25,16,0.00,99,0,15,0.67,47,122,75,5.47,94,0,0.00,99,0,0.00,0,0,0.00,0,2.87,98,22,0.99,45,9,0.40,40.91,0,0.00,0,0,0,0.00,0,0,0.00,18,0.00,0,N/A,N/A,N/A,N/A,0.00,0,0.00,0,3.56,0.00,0,82.49,43.33,56,35,0.61,0.90,20,40,30,1,1,0,0.06,0.09,2,32,222.91,0.36,0.54,12,0,0.00,0.00,99,0.00,0,2,1,0.03,0.04,0,0.00,0.00,0.04,0.03,1,0,6.67,49,79,97,85,19,5.40,89,0.16,0.24,2.16,52,0.07,0.10,12,6,0.18,0.27,0.49,0.33,13,11,0.16,64,25,20,72,0,46,14,0,0.00,99,7,0.00,0.31,5.11,3.45,114,37,8,9,1.66,1.12,32.46,21,0.94,42,0,28.69,0,0.00,99,35,1.06,1.57,95,80,82,46,0,0,0,0,0,57,56,64,59,0,99,29,88,20,3,9,26,10,0,0
Sidney de Carvalho Duarte,19,1153465200,2006/07/21,Serie A,2024,Midfielder,Bahia,0,0,0,Brazil,0,0,0,0,0,0,0,0,0,0,0,0,0,0,0,0,0,0,0,0,0,0,0,0,0,0,0,0,0,0,0,-1,-1,-1,-1,N/A,N/A,N/A,N/A,N/A,N/A,N/A,N/A,N/A,N/A,N/A,N/A,N/A,N/A,N/A,N/A,N/A,N/A,N/A,N/A,N/A,N/A,N/A,N/A,N/A,N/A,N/A,N/A,N/A,N/A,N/A,N/A,N/A,N/A,N/A,N/A,N/A,N/A,N/A,N/A,N/A,N/A,N/A,N/A,N/A,N/A,N/A,N/A,N/A,N/A,N/A,N/A,N/A,N/A,N/A,N/A,N/A,N/A,N/A,N/A,N/A,N/A,N/A,N/A,N/A,N/A,N/A,N/A,N/A,N/A,N/A,N/A,N/A,N/A,N/A,N/A,N/A,N/A,N/A,N/A,N/A,N/A,N/A,N/A,N/A,N/A,N/A,N/A,N/A,N/A,N/A,N/A,N/A,N/A,N/A,N/A,N/A,N/A,N/A,N/A,N/A,N/A,N/A,N/A,N/A,N/A,N/A,N/A,N/A,N/A,N/A,N/A,N/A,N/A,N/A,N/A,N/A,N/A,N/A,N/A,N/A,N/A,N/A,N/A,N/A,N/A,N/A,N/A,N/A,N/A,N/A,N/A,N/A,N/A,N/A,N/A,N/A,N/A,N/A,N/A,N/A,N/A,N/A,N/A,N/A,N/A,N/A,N/A,N/A,N/A,N/A,N/A,N/A,N/A,N/A,N/A,N/A,N/A,N/A,N/A,N/A,N/A,N/A,N/A,N/A,N/A,N/A,N/A,N/A,N/A,N/A,N/A,N/A,N/A,N/A,N/A,N/A,N/A,N/A,N/A,N/A,N/A,N/A,N/A,N/A,N/A,N/A,N/A,N/A,N/A,N/A,N/A,N/A,N/A,N/A,N/A,N/A,N/A,N/A,N/A,N/A,N/A,N/A,N/A,N/A,N/A,N/A,N/A,N/A,N/A,N/A,N/A,N/A,N/A,N/A,N/A,N/A,N/A,N/A,N/A,N/A,N/A,N/A,N/A
Talisson de Almeida,23,1021964400,2002/05/21,Serie A,2024,Midfielder,Bragantino,111,0,111,Brazil,4,0,4,0,0,0,0,0,0,0,0,0,0,0,1,0,1,0,0,0,0,0,0,0,0,0.81,111,28,0,0,0,-1,-1,-1,31,0,4.92,0,45,8.11,2.50,0,10,1.50,6,1,4.86,0,0.00,0.00,0.00,0,0.00,1.50,0.81,0.25,1,0.00,0.25,0.00,0.00,0.00,0.00,0.75,0.00,0.00,2.43,0.25,1.50,0.00,0.50,0.08,0.00,0.00,0.00,0.00,0,0,,3,0.75,96,2,1.62,99,1,0.81,78,4,3,1,20,0.00,99,0,0,0.00,9,6,30,4.86,90,0,0.00,99,0,0.00,0,0,0.00,0,0.00,8,6,4.86,95,3,2.43,50.00,0,0.00,0,0,0,0.00,0,0,0.00,84,0.00,0,N/A,N/A,N/A,N/A,0.00,0,0.00,0,0.32,0.00,0,60.00,66.67,95,40,0.25,0.81,1,95,57,0,0,0,0.00,0.00,0,23,19.67,0.00,0.00,0,0,0.00,0.00,99,0.00,0,0,0,0.00,0.00,0,0.00,0.00,0.81,0.25,1,0,0.00,42,0,0,40,84,0.01,0,0.00,0.01,0.32,82,0.08,0.26,93,3,0.75,2.43,3.24,1.00,99,4,0.26,81,0,1,67,0,97,2,0,0.00,99,0,0.00,0.00,17.03,5.25,21,7,70,98,5.68,1.75,33.33,1,0.81,49,0,0.00,0,0.00,99,0,0.00,0.00,30,1,41,77,0,0,0,0,0,26,40,59,54,0,99,2,7,7,0,0,7,21,0,0
Talles Magno,23,1025074800,2002/06/26,Serie A,2024,Forward,Corinthians,483,246,237,Brazil,14,7,7,2,2,0,1,1,0,0,0,5,2,3,3,2,1,2,0,0.56,0.19,0.37,0.73,0,242,0.56,161,35,242,483,0.37,33,77,-1,6,0,6.38,0.07,87,26.59,10.21,23,143,8.21,115,38,21.38,25,0.00,0.00,0.57,8,0.00,0.14,1.30,0.50,7,0.00,0.64,0.00,0.00,0.00,0.21,1.00,0.00,6.50,2.42,0.50,1.79,0.00,0.43,0.16,0.00,0.57,0.00,0.00,0,0,,13,0.93,96,6,1.12,93,7,1.30,97,5,8,6,39,0.00,99,0,3,0.56,38,2,30,0.37,33,0,0.00,99,0,0.00,0,0,0.00,0,1.49,83,25,4.65,94,14,2.60,56.00,0,0.00,0,0,0,0.00,0,0,0.00,97,0.00,0,N/A,N/A,N/A,N/A,0.00,0,0.00,0,2.27,0.00,0,80.42,46.15,60,44,0.29,0.74,4,97,68,0,0,0,0.21,0.56,3,83,89.26,0.14,0.37,2,0,0.00,0.00,99,0.00,0,0,1,0.07,0.19,0,0.00,0.00,0.37,0.14,2,1,15.38,75,8,20,46,96,1.14,82,0.08,0.21,2.27,96,0.16,0.42,64,7,0.50,1.30,1.86,0.71,86,10,0.42,94,7,11,98,0,89,64,0,0.00,99,8,0.00,1.49,15.25,5.86,82,35,86,93,6.51,2.50,42.68,9,1.67,15,0,0.00,0,0.00,99,0,0.00,0.00,30,14,73,87,0,0,0,0,0,95,94,59,99,0,99,81,31,77,2,14,48,43,0,0
Tarcísio Lopes Dionizio Muniz,22,1062226800,2003/08/30,Serie A,2024,Midfielder,Cuiabá,0,0,0,Brazil,0,0,0,0,0,0,0,0,0,0,0,0,0,0,0,0,0,0,0,0,0,0,0,0,0,0,0,0,0,0,0,-1,-1,-1,-1,N/A,N/A,N/A,N/A,N/A,N/A,N/A,N/A,N/A,N/A,N/A,N/A,N/A,N/A,N/A,N/A,N/A,N/A,N/A,N/A,N/A,N/A,N/A,N/A,N/A,N/A,N/A,N/A,N/A,N/A,N/A,N/A,N/A,N/A,N/A,N/A,N/A,N/A,N/A,N/A,N/A,N/A,N/A,N/A,N/A,N/A,N/A,N/A,N/A,N/A,N/A,N/A,N/A,N/A,N/A,N/A,N/A,N/A,N/A,N/A,N/A,N/A,N/A,N/A,N/A,N/A,N/A,N/A,N/A,N/A,N/A,N/A,N/A,N/A,N/A,N/A,N/A,N/A,N/A,N/A,N/A,N/A,N/A,N/A,N/A,N/A,N/A,N/A,N/A,N/A,N/A,N/A,N/A,N/A,N/A,N/A,N/A,N/A,N/A,N/A,N/A,N/A,N/A,N/A,N/A,N/A,N/A,N/A,N/A,N/A,N/A,N/A,N/A,N/A,N/A,N/A,N/A,N/A,N/A,N/A,N/A,N/A,N/A,N/A,N/A,N/A,N/A,N/A,N/A,N/A,N/A,N/A,N/A,N/A,N/A,N/A,N/A,N/A,N/A,N/A,N/A,N/A,N/A,N/A,N/A,N/A,N/A,N/A,N/A,N/A,N/A,N/A,N/A,N/A,N/A,N/A,N/A,N/A,N/A,N/A,N/A,N/A,N/A,N/A,N/A,N/A,N/A,N/A,N/A,N/A,N/A,N/A,N/A,N/A,N/A,N/A,N/A,N/A,N/A,N/A,N/A,N/A,N/A,N/A,N/A,N/A,N/A,N/A,N/A,N/A,N/A,N/A,N/A,N/A,N/A,N/A,N/A,N/A,N/A,N/A,N/A,N/A,N/A,N/A,N/A,N/A,N/A,N/A,N/A,N/A,N/A,N/A,N/A,N/A,N/A,N/A,N/A,N/A,N/A,N/A,N/A,N/A,N/A,N/A
Tevis Gabriel Alves Santos,19,1138435200,2006/01/28,Serie A,2024,Midfielder,Cruzeiro,144,11,133,Brazil,5,2,3,1,0,1,0,0,0,0,0,1,0,1,0,0,0,0,0,0.63,0,0.63,0,0.68,144,0,0,29,0,0,0,-1,-1,-1,15,0,6.60,0,45,15.62,5.00,3,25,3.60,18,10,11.25,3,0.00,0.00,0.20,1,0.00,0.00,0.00,0.00,0,0.00,0.60,0.00,0.00,0.00,0.00,0.40,0.00,3.00,1.88,0.20,0.60,0.00,0.40,0.18,0.00,0.00,0.00,0.00,0,0,,3,0.60,88,2,1.25,96,1,0.62,67,4,4,1,4,0.00,99,0,0,0.00,9,0,30,0.00,14,0,0.00,99,0,0.00,0,0,0.00,0,0.62,39,3,1.88,71,2,1.25,66.67,0,0.00,0,0,0,0.00,0,0,0.00,99,0.00,0,N/A,N/A,N/A,N/A,0.00,0,0.00,0,0.89,0.00,0,72.00,66.67,95,53,0.20,0.62,1,81,83,0,0,0,0.00,0.00,0,23,33.00,0.00,0.00,0,0,0.00,0.00,99,0.00,0,0,0,0.00,0.00,0,0.00,0.00,1.25,0.40,2,0,33.33,99,0,1,40,0,0.07,6,0.01,0.04,0.89,99,0.18,0.56,62,2,0.40,1.25,0.00,0.00,5,0,0.56,99,13,1,67,0,99,2,0,0.00,99,0,0.00,0.00,5.62,1.80,9,4,9,10,2.50,0.80,44.44,3,1.88,10,0,0.00,0,0.00,99,0,0.00,0.00,30,1,50,77,0,0,0,0,0,96,99,99,54,0,99,29,7,7,0,0,7,66,0,0
Thaciano Mickael da Silva,30,800262000,1995/05/12,Serie A,2024,Midfielder,Bahia,2368,1128,1240,Brazil,35,16,19,7,5,2,2,2,0,0,0,9,8,1,31,8,23,6,0,0.34,0.08,0.27,0.4,0.15,338,1.18,76,68,395,1184,0.23,69,207,-1,2,0,7.00,0.06,62,20.57,15.66,12,501,13.41,429,71,17.61,18,0.00,0.00,0.69,22,0.00,0.34,0.74,0.56,18,0.00,0.28,0.00,0.00,0.00,0.50,0.25,0.00,6.14,1.77,0.84,0.59,0.00,0.50,0.23,0.00,1.16,0.00,0.00,0,0,,43,1.34,85,16,0.66,73,27,1.11,92,2,3,32,18,0.00,99,0,16,0.66,46,11,92,0.45,36,0,0.00,99,0,0.00,0,0,0.00,0,0.90,55,19,0.78,36,8,0.33,42.11,0,0.00,0,0,0,0.00,0,0,0.00,40,0.00,0,N/A,N/A,N/A,N/A,0.00,0,0.00,0,7.41,0.00,0,85.63,37.21,42,53,0.47,0.62,15,32,33,0,0,0,0.03,0.04,1,25,223.86,0.88,1.15,28,0,0.00,0.00,99,0.00,0,0,1,0.03,0.04,0,0.00,0.00,0.90,0.69,22,0,16.28,77,85,97,53,40,3.02,45,0.09,0.12,7.41,87,0.23,0.30,38,19,0.59,0.78,1.07,0.81,41,26,0.30,85,69,48,72,0,99,65,0,0.00,99,37,0.00,1.52,7.76,5.91,189,82,15,27,3.37,2.56,43.39,9,0.37,70,0,45.45,0,0.00,99,5,0.16,0.21,53,94,41,46,0,1,0,3,0,79,88,75,90,0,99,51,62,48,6,17,60,16,0,0
Thiago Almada,24,988268400,2001/04/26,Serie A,2024,Forward,Botafogo,1261,699,562,Argentina,17,9,8,1,1,0,2,0,2,0,1,10,4,6,7,4,3,1,0,0.21,0.14,0.07,0.13,0,1261,0.5,180,74,1261,631,0.07,249,124,-1,15,0,7.30,0.12,78,57.81,47.65,92,810,42.00,714,87,50.96,92,0.00,0.00,2.53,43,0.00,3.47,0.86,0.71,12,0.00,1.47,0.00,0.00,0.00,0.35,1.41,0.00,21.00,1.50,0.59,2.65,0.00,0.65,0.16,0.00,0.18,0.00,0.00,0,0,,21,1.24,78,11,0.79,80,10,0.71,74,8,1,16,21,0.00,99,0,6,0.43,30,59,80,4.21,87,0,0.00,99,0,0.00,0,0,0.00,0,3.07,99,45,3.21,86,24,1.71,53.33,0,0.00,0,0,0,0.00,0,0,0.00,98,0.00,0,N/A,N/A,N/A,N/A,0.00,0,0.00,0,2.76,0.00,0,88.15,52.38,76,16,1.00,1.21,17,89,61,0,1,0,0.06,0.07,1,28,124.17,0.18,0.21,3,0,0.00,0.00,99,0.00,0,1,0,0.00,0.00,0,0.00,0.00,0.07,0.06,1,0,4.76,45,49,32,88,98,4.30,97,0.25,0.31,2.06,63,0.12,0.15,58,16,0.94,1.14,0.43,0.35,11,6,0.20,71,95,6,67,0,54,8,0,0.00,99,3,0.00,0.21,9.49,7.82,133,55,26,49,3.93,3.24,41.35,25,1.78,13,0,30.51,0,0.00,99,18,1.06,1.28,92,56,22,99,0,0,0,0,0,65,53,59,67,0,99,99,97,11,1,6,15,23,0,0
Thiago Beserra Dos Santos,28,860742000,1997/04/11,Serie A,2024,Forward,Juventude,307,47,260,Brazil,7,2,5,0,0,0,0,0,0,0,0,1,1,0,5,1,4,1,0,0,0,0,0,0,0,1.47,61,44,307,0,0.29,391,297,-1,28,0,6.51,0,45,33.13,16.14,38,113,12.43,87,23,25.50,34,0.00,0.00,0.29,2,0.00,0.43,2.35,1.14,8,0.00,0.29,0.00,0.00,0.00,0.29,0.43,0.00,0.00,0.00,0.00,0.86,0.00,0.00,0.00,0.00,0.86,0.00,0.00,0,0,,0,0.00,8,0,0.00,15,0,0.00,9,1,4,3,82,0.00,99,0,2,0.59,41,3,99,0.88,49,0,0.00,99,0,0.00,0,0,0.00,0,0.59,37,6,1.76,69,3,0.88,50.00,0,0.00,0,0,0,0.00,0,0,0.00,14,0.00,0,N/A,N/A,N/A,N/A,0.00,0,0.00,0,0.00,0.00,0,76.99,0.00,15,9,0.71,1.47,5,70,57,0,0,0,0.00,0.00,0,23,45.58,0.14,0.29,1,1,0.00,0.29,0,0.14,0,0,0,0.00,0.00,0,0.00,0.00,0.00,0.00,0,0,0.00,42,0,4,40,14,0.26,22,0.04,0.08,0.00,9,0.00,0.00,80,6,0.86,1.76,2.35,1.14,95,8,0.00,9,10,7,67,0,41,73,0,0.00,99,6,0.00,1.76,12.31,6.00,42,23,88,75,6.74,3.29,54.76,2,0.59,60,0,100.00,0,0.00,99,3,0.43,0.88,82,2,50,30,0,0,0,0,0,26,40,59,54,0,99,12,47,61,1,14,48,8,0,0
Thiago dos Santos,36,620982000,1989/09/05,Serie A,2024,Midfielder,Fluminense,2141,1035,1106,Brazil,27,14,13,0,0,0,0,0,0,0,0,12,8,4,15,6,9,8,0,0,0,0,0,0,0,0.63,143,79,268,0,0.34,371,294,-1,13,0,7.05,0,45,63.52,55.36,98,1384,48.12,1203,81,55.21,96,0.00,0.00,0.08,2,0.00,0.00,1.65,1.44,36,0.00,0.12,0.00,0.00,0.00,1.04,0.16,0.00,0.00,0.50,0.24,0.20,0.00,0.20,0.04,0.00,2.48,0.00,0.00,0,0,,11,0.44,33,5,0.23,41,6,0.28,31,3,3,24,55,0.00,99,0,26,1.19,77,0,30,0.00,14,0,0.00,99,0,0.00,0,0,0.00,0,0.09,10,5,0.23,17,4,0.18,80.00,0,0.00,0,0,0,0.00,0,0,0.00,94,0.00,0,N/A,N/A,N/A,N/A,0.00,0,0.00,0,1.09,0.00,0,86.92,45.45,59,45,0.64,0.73,16,23,91,0,0,0,0.52,0.60,13,84,176.32,3.40,3.90,85,1,0.00,0.05,12,0.04,0,0,0,0.00,0.00,0,0.00,0.00,0.05,0.04,1,0,0.00,42,77,69,40,94,2.97,57,0.12,0.14,1.09,35,0.04,0.05,54,23,0.92,1.06,1.01,0.88,38,22,0.05,34,76,87,67,0,48,92,0,0.00,99,62,0.00,2.85,9.45,8.24,206,125,72,49,5.74,5.00,60.68,3,0.14,82,0,0.00,0,0.00,99,0,0.00,0.00,30,76,41,63,0,0,0,0,0,26,40,59,54,0,99,93,38,72,8,30,91,29,0,0
Thiago Heleno,37,590482800,1988/09/17,Serie A,2024,Defender,Atlético PR,2277,1151,1126,Brazil,26,13,13,0,0,0,1,1,0,0,0,7,5,2,25,11,14,7,1,0.04,0.04,0,0,0,0,0.99,91,88,285,2277,0.32,399,255,71,29,0,7.12,0.04,50,44.49,43.24,70,1081,36.92,923,70,37.98,71,0.00,0.00,0.28,7,0.00,0.00,0.99,0.96,24,0.00,0.00,0.00,0.00,0.00,1.12,0.00,0.00,0.00,0.58,0.44,0.04,0.00,0.12,0.04,0.00,2.52,0.00,0.00,0,0,,14,0.56,41,3,0.12,25,11,0.45,52,1,0,26,27,0.00,99,0,28,1.15,76,0,30,0.00,14,0,0.00,99,0,0.00,0,0,0.00,0,0.29,23,1,0.04,9,0,0.00,0.00,0,0.00,0,0,0,0.00,0,0,0.00,63,0.00,0,N/A,N/A,N/A,N/A,0.00,0,0.00,0,1.04,0.00,0,85.38,21.43,18,81,0.32,0.33,8,10,10,0,0,0,0.92,0.95,23,95,177.89,4.00,4.12,100,0,0.00,0.00,99,0.00,0,0,0,0.00,0.00,0,0.00,0.00,0.00,0.00,0,0,0.00,42,82,65,40,63,2.88,45,0.12,0.12,1.04,30,0.04,0.04,17,9,0.36,0.37,0.82,0.80,26,20,0.04,29,83,88,67,0,41,89,0,0.00,99,63,0.00,2.59,6.50,6.32,158,94,25,15,3.87,3.76,59.49,0,0.00,99,0,0.00,0,0.00,99,0,0.00,0.00,30,83,14,30,0,0,0,0,0,30,40,59,54,0,99,55,42,68,6,23,79,44,0,0
Thiago Maia,28,859104000,1997/03/23,Serie A,2024,Midfielder,Internacional,1917,971,946,Brazil,27,13,14,2,1,1,4,1,3,0,0,9,5,4,20,8,12,4,0,0.28,0.19,0.09,0.09,0.1,959,0.94,96,71,479,479,0.19,218,73,-1,7,0,7.06,0.15,87,47.78,38.20,77,955,32.36,809,66,40.47,78,0.00,0.00,0.76,19,0.00,0.28,1.75,1.40,35,0.00,0.28,0.00,0.00,0.00,1.12,0.52,0.00,6.00,0.60,0.32,0.76,0.00,0.16,0.08,0.00,1.24,0.00,0.00,0,0,,12,0.48,42,4,0.20,38,8,0.40,47,5,1,26,60,0.00,99,0,28,1.40,87,7,75,0.35,33,0,0.00,99,0,0.00,0,0,0.00,0,0.95,58,19,0.95,43,13,0.65,68.42,0,0.00,0,0,0,0.00,0,0,0.00,69,0.00,0,N/A,N/A,N/A,N/A,0.00,0,0.00,0,2.09,0.00,0,84.71,33.33,37,28,0.80,1.00,20,55,84,0,0,0,0.28,0.35,7,69,176.54,1.00,1.25,25,3,0.00,0.15,1,0.12,0,0,0,0.00,0.00,0,0.00,0.00,0.05,0.04,1,0,16.67,80,71,69,80,69,4.71,89,0.19,0.24,2.09,52,0.08,0.10,29,12,0.48,0.60,1.35,1.08,61,27,0.10,51,77,52,67,0,48,65,0,0.00,99,31,0.00,1.55,8.85,7.08,177,91,43,39,4.55,3.64,51.41,7,0.35,72,0,28.57,0,0.00,99,2,0.08,0.10,44,83,22,87,0,0,0,0,0,72,60,67,59,0,99,76,73,37,4,15,51,29,0,0
Thiago Nicolás Borbas Silva,23,1018166400,2002/04/07,Serie A,2024,Forward,Bragantino,952,472,480,Uruguay,21,11,10,2,0,2,0,0,0,0,0,3,2,1,14,6,8,3,0,0.19,0,0.19,0,0.38,476,1.32,68,45,317,0,0.28,121,304,-1,8,0,6.64,0,45,15.22,8.05,2,153,4.95,94,2,9.35,1,0.00,0.00,0.37,7,0.00,0.05,0.60,0.32,6,0.00,1.11,0.00,0.00,0.00,0.11,0.21,0.00,13.00,1.29,0.26,0.53,0.00,0.42,0.09,0.00,1.63,0.00,0.00,0,0,,13,0.68,70,8,0.80,81,5,0.50,58,2,12,9,14,0.00,99,0,2,0.20,17,1,99,0.10,19,0,0.00,99,0,0.00,0,0,0.00,0,0.70,42,10,0.99,45,4,0.40,40.00,0,0.00,0,0,0,0.00,0,0,0.00,24,0.00,0,N/A,N/A,N/A,N/A,0.00,0,0.00,0,1.79,0.00,0,61.44,61.54,89,83,0.16,0.30,3,40,28,0,0,0,0.16,0.30,3,64,126.25,0.68,1.29,13,0,0.00,0.00,99,0.00,0,0,0,0.00,0.00,0,0.00,0.00,0.20,0.11,2,0,7.69,52,32,46,63,24,0.51,10,0.03,0.05,1.79,70,0.09,0.18,51,10,0.53,0.99,1.99,1.05,90,20,0.18,68,15,53,67,0,78,96,0,0.00,99,31,0.00,3.08,17.30,9.16,174,51,58,99,5.07,2.68,29.31,21,2.09,7,0,100.00,0,0.00,99,1,0.05,0.10,44,28,88,46,0,0,0,0,0,61,77,93,54,0,99,12,48,59,3,14,48,18,0,0
Thiago Silva,41,464684400,1984/09/22,Serie A,2024,Defender,Fluminense,1350,720,630,Brazil,15,8,7,0,0,0,0,0,0,0,0,10,6,4,7,3,4,2,0,0,0,0,0,0,0,0.47,193,90,675,0,0.13,336,393,4,17,0,7.22,0,45,59.73,59.73,94,896,54.73,821,98,54.73,95,0.00,0.00,0.40,6,0.00,0.00,1.00,1.00,15,0.00,0.13,0.00,0.00,0.00,1.00,0.00,0.00,0.00,0.47,0.33,0.00,0.00,0.13,0.03,0.00,1.73,0.00,0.00,0,0,,7,0.47,30,2,0.13,26,5,0.33,38,0,0,15,27,0.00,99,0,15,1.00,67,0,30,0.00,14,0,0.00,99,0,0.00,0,0,0.00,0,0.40,29,0,0.00,7,0,0.00,0.00,0,0.00,0,0,0,0.00,0,0,0.00,98,0.00,0,N/A,N/A,N/A,N/A,0.00,0,0.00,0,0.50,0.00,0,91.63,28.57,27,92,0.13,0.13,2,10,10,0,0,0,0.47,0.47,7,77,108.30,5.20,5.20,78,0,0.00,0.00,99,0.00,0,0,1,0.07,0.07,0,0.00,0.00,0.00,0.00,0,0,0.00,42,52,23,40,98,2.26,62,0.15,0.15,0.50,24,0.03,0.03,20,6,0.40,0.40,0.27,0.27,8,4,0.03,24,91,96,83,0,41,73,0,0.00,99,26,0.00,1.73,4.40,4.40,66,46,12,7,3.07,3.07,69.70,2,0.13,83,0,0.00,0,0.00,99,0,0.00,0.00,30,51,14,11,0,0,0,0,0,26,40,59,54,0,99,99,86,23,2,13,44,3,0,0
Tiago Augusto Gonçalves,17,1201939200,2008/02/02,Serie A,2024,Midfielder,Grêmio,0,0,0,Brazil,0,0,0,0,0,0,0,0,0,0,0,0,0,0,0,0,0,0,0,0,0,0,0,0,0,0,0,0,0,0,0,-1,-1,-1,-1,N/A,N/A,N/A,N/A,N/A,N/A,N/A,N/A,N/A,N/A,N/A,N/A,N/A,N/A,N/A,N/A,N/A,N/A,N/A,N/A,N/A,N/A,N/A,N/A,N/A,N/A,N/A,N/A,N/A,N/A,N/A,N/A,N/A,N/A,N/A,N/A,N/A,N/A,N/A,N/A,N/A,N/A,N/A,N/A,N/A,N/A,N/A,N/A,N/A,N/A,N/A,N/A,N/A,N/A,N/A,N/A,N/A,N/A,N/A,N/A,N/A,N/A,N/A,N/A,N/A,N/A,N/A,N/A,N/A,N/A,N/A,N/A,N/A,N/A,N/A,N/A,N/A,N/A,N/A,N/A,N/A,N/A,N/A,N/A,N/A,N/A,N/A,N/A,N/A,N/A,N/A,N/A,N/A,N/A,N/A,N/A,N/A,N/A,N/A,N/A,N/A,N/A,N/A,N/A,N/A,N/A,N/A,N/A,N/A,N/A,N/A,N/A,N/A,N/A,N/A,N/A,N/A,N/A,N/A,N/A,N/A,N/A,N/A,N/A,N/A,N/A,N/A,N/A,N/A,N/A,N/A,N/A,N/A,N/A,N/A,N/A,N/A,N/A,N/A,N/A,N/A,N/A,N/A,N/A,N/A,N/A,N/A,N/A,N/A,N/A,N/A,N/A,N/A,N/A,N/A,N/A,N/A,N/A,N/A,N/A,N/A,N/A,N/A,N/A,N/A,N/A,N/A,N/A,N/A,N/A,N/A,N/A,N/A,N/A,N/A,N/A,N/A,N/A,N/A,N/A,N/A,N/A,N/A,N/A,N/A,N/A,N/A,N/A,N/A,N/A,N/A,N/A,N/A,N/A,N/A,N/A,N/A,N/A,N/A,N/A,N/A,N/A,N/A,N/A,N/A,N/A,N/A,N/A,N/A,N/A,N/A,N/A,N/A,N/A,N/A,N/A,N/A,N/A,N/A,N/A,N/A,N/A,N/A,N/A
Tiago Souza de Jesus Carvalho,20,1112943600,2005/04/08,Serie A,2024,Midfielder,Bahia,57,19,38,Brazil,4,2,2,0,0,0,0,0,0,0,0,0,0,0,3,1,2,0,0,0,0,0,0,0,0,4.74,19,14,0,0,0,-1,-1,-1,16,0,6.46,0,45,26.84,4.25,24,17,3.25,13,20,20.53,24,0.00,0.00,0.00,0,0.00,0.75,1.58,0.25,1,0.00,0.25,0.00,0.00,0.00,0.00,0.25,0.00,0.00,1.58,0.25,1.25,0.00,0.00,0.01,0.00,0.25,0.00,0.00,0,0,,1,0.25,80,0,0.00,15,1,1.58,99,0,4,0,52,0.00,99,0,0,0.00,9,3,30,4.74,90,0,0.00,99,0,0.00,0,0,0.00,0,0.00,8,5,7.89,99,1,1.58,20.00,0,0.00,0,0,0,0.00,0,0,0.00,0,0.00,0,N/A,N/A,N/A,N/A,0.00,0,0.00,0,0.04,0.00,0,76.47,0.00,15,99,0.00,0.00,0,87,12,0,0,0,0.00,0.00,0,23,25.83,0.00,0.00,0,0,0.00,0.00,99,0.00,0,0,0,0.00,0.00,0,0.00,0.00,0.00,0.00,0,0,0.00,42,0,0,40,0,0.03,10,0.01,0.05,0.04,39,0.01,0.06,74,1,0.25,1.58,3.16,0.50,99,2,0.06,38,8,1,67,0,41,66,0,0.00,99,1,0.00,1.58,18.95,3.00,12,4,83,99,6.32,1.00,33.33,1,1.58,16,0,0.00,0,0.00,99,0,0.00,0.00,30,0,50,11,0,0,0,0,0,26,40,59,54,0,99,2,7,7,0,0,7,77,0,0
Tinga,32,746866800,1993/09/01,Serie A,2024,Defender,Fortaleza,2149,1156,993,Brazil,29,16,13,2,2,0,2,1,1,0,0,10,8,2,23,6,17,5,1,0.17,0.08,0.08,0.16,0,1075,0.96,93,74,358,1075,0.25,225,200,65,8,0,6.78,0.07,62,43.11,34.28,66,857,25.44,636,14,32.00,54,0.00,0.00,0.92,23,0.00,2.48,1.46,1.16,29,0.00,0.40,0.00,0.00,0.00,0.84,0.40,0.00,4.00,0.40,0.20,0.72,0.00,0.12,0.07,0.00,2.16,0.00,0.00,0,0,,8,0.32,24,3,0.15,29,5,0.25,28,3,6,23,46,0.00,99,0,21,1.06,70,62,59,3.12,77,0,0.00,99,0,0.00,0,0,0.00,0,1.16,67,18,0.91,41,10,0.50,55.56,0,0.00,0,0,0,0.00,0,0,0.00,66,0.00,0,N/A,N/A,N/A,N/A,0.00,0,0.00,0,1.79,0.00,0,74.21,37.50,45,67,0.40,0.50,10,47,67,0,0,0,0.28,0.35,7,69,169.41,3.00,3.77,75,1,0.00,0.05,12,0.04,0,0,1,0.04,0.05,0,0.00,0.00,0.10,0.08,2,0,25.00,93,78,76,84,66,3.28,69,0.13,0.17,1.79,49,0.07,0.09,15,7,0.28,0.35,0.60,0.48,14,12,0.09,49,31,86,74,0,63,91,0,0.00,99,54,0.00,2.72,8.80,7.00,175,97,53,38,4.88,3.88,55.43,10,0.50,65,0,22.58,0,0.00,99,14,0.56,0.70,76,75,63,63,0,0,0,0,0,57,56,59,71,0,99,77,58,51,4,14,48,2,0,0
Tiquinho Soares,34,664099200,1991/01/17,Serie A,2024,Forward,Botafogo,1377,813,564,Brazil,29,17,12,5,3,2,3,2,1,2,0,16,9,7,9,4,5,5,1,0.52,0.2,0.33,0.33,0.32,275,0.59,153,47,230,459,0.39,47,66,-1,4,0,6.97,0.1,89,18.83,9.78,8,264,6.89,186,8,13.26,8,0.00,0.00,0.78,21,0.00,0.26,0.78,0.41,11,0.00,1.11,0.00,0.00,0.00,0.11,0.33,0.00,5.20,1.85,0.48,0.67,0.00,0.48,0.19,0.00,1.11,0.00,0.00,0,0,,26,0.96,87,13,0.93,86,13,0.93,84,7,16,13,19,0.00,99,0,3,0.21,18,7,97,0.50,38,0,0.00,99,0,0.00,0,0,0.00,0,1.50,83,18,1.28,55,9,0.64,50.00,0,0.00,0,0,0,0.00,0,0,0.00,95,0.00,0,N/A,N/A,N/A,N/A,0.00,0,0.00,0,5.24,0.00,0,70.45,50.00,74,89,0.11,0.21,3,54,57,2,0,0,0.00,0.00,0,23,188.08,0.37,0.71,10,0,0.00,0.00,99,0.00,0,2,0,0.00,0.00,0,0.00,0.00,0.29,0.15,4,0,19.23,84,53,76,49,95,2.92,82,0.11,0.21,3.84,84,0.14,0.27,95,37,1.37,2.64,2.50,1.30,97,35,0.37,91,64,30,67,0,85,80,0,0.00,99,30,0.00,2.14,14.90,7.74,209,85,78,92,6.06,3.15,40.67,30,2.14,6,0,57.14,0,0.00,99,4,0.15,0.29,58,45,97,97,0,0,0,0,0,94,91,90,87,0,99,98,28,80,4,14,48,9,0,0
Tobias Pereira Figueiredo,31,760176000,1994/02/02,Serie A,2024,Defender,Criciúma,2063,1170,893,Portugal,25,13,12,2,1,1,0,0,0,0,0,4,3,1,37,17,20,6,0,0.09,0,0.09,0.08,0.1,1032,1.61,56,83,344,0,0.26,213,298,180,9,0,6.97,0,45,38.09,34.92,53,873,29.84,746,70,32.54,56,0.00,0.00,0.12,3,0.00,0.00,0.96,0.88,22,0.00,0.12,0.00,0.00,0.00,1.00,0.04,0.00,4.00,0.17,0.08,0.04,0.00,0.08,0.04,0.00,3.00,0.00,0.00,0,0,,4,0.16,11,2,0.09,20,2,0.09,11,0,3,22,25,0.00,99,0,25,1.09,73,0,30,0.00,14,0,0.00,99,0,0.00,0,0,0.00,0,0.13,12,1,0.04,9,1,0.04,100.00,0,0.00,0,0,0,0.00,0,0,0.00,8,0.00,0,N/A,N/A,N/A,N/A,0.00,0,0.00,0,0.93,0.00,0,85.45,50.00,74,55,0.56,0.61,14,12,99,0,0,0,1.28,1.40,32,99,174.16,5.48,5.98,137,1,0.00,0.04,15,0.04,0,0,0,0.00,0.00,0,0.00,0.00,0.00,0.00,0,0,25.00,93,75,62,82,8,1.45,13,0.06,0.06,0.93,30,0.04,0.04,15,8,0.32,0.35,0.79,0.72,23,18,0.04,29,64,99,67,0,41,97,0,0.00,99,75,0.00,3.27,7.07,6.48,162,106,45,21,4.62,4.24,65.43,3,0.13,83,0,0.00,0,0.00,99,0,0.00,0.00,30,72,41,11,0,0,0,0,0,42,60,67,58,0,99,16,55,54,6,24,82,29,0,0
Tomás Cardona,30,813308400,1995/10/10,Serie A,2024,Defender,Fortaleza,1435,810,625,Argentina,17,9,8,1,0,1,0,0,0,0,0,7,7,0,16,2,14,5,0,0.06,0,0.06,0,0.14,1435,1,90,84,287,0,0.31,258,300,75,12,0,7.09,0,45,49.01,45.60,80,684,35.93,539,32,38.62,73,0.00,0.00,0.00,0,0.00,0.07,1.58,1.47,22,0.00,0.00,0.00,0.00,0.00,1.73,0.00,0.00,8.00,0.57,0.27,0.00,0.00,0.27,0.09,0.00,2.40,0.00,0.00,0,0,,8,0.53,40,4,0.29,49,4,0.29,32,4,1,16,52,0.00,99,0,26,1.86,98,1,30,0.07,17,0,0.00,99,0,0.00,0,0,0.00,0,0.00,8,0,0.00,7,0,0.00,0.00,0,0.00,0,0,0,0.00,0,0,0.00,63,0.00,0,N/A,N/A,N/A,N/A,0.00,0,0.00,0,1.34,0.00,0,78.80,50.00,74,42,0.73,0.79,11,10,10,0,0,0,1.40,1.50,21,99,106.36,5.27,5.66,79,0,0.00,0.00,99,0.00,0,0,0,0.00,0.00,0,0.00,0.00,0.00,0.00,0,0,12.50,68,55,32,91,63,1.04,17,0.07,0.07,1.34,52,0.09,0.10,9,3,0.20,0.21,1.43,1.33,67,20,0.10,51,81,98,67,0,41,89,0,0.00,99,36,0.00,2.58,8.10,7.53,113,61,37,32,4.37,4.07,53.98,0,0.00,99,0,0.00,0,0.00,99,0,0.00,0.00,30,56,22,77,0,0,0,0,0,33,49,74,54,0,99,89,42,66,5,29,89,25,0,0
Tomás Esteban Cuello,25,952243200,2000/03/05,Serie A,2024,Midfielder,Atlético PR,2019,1125,894,Argentina,32,18,14,3,3,0,5,2,3,0,0,8,6,2,20,10,10,3,0,0.36,0.22,0.13,0.24,0,673,0.89,101,63,673,404,0.13,172,49,-1,7,0,7.13,0.16,92,29.76,21.35,31,662,16.29,505,18,22.70,29,0.00,0.00,1.32,41,0.00,3.52,1.62,1.16,36,0.00,1.35,0.00,0.00,0.00,0.65,1.97,0.00,14.00,1.89,0.68,3.65,0.00,0.68,0.19,0.00,0.65,0.00,0.00,0,0,,42,1.35,88,21,0.94,87,21,0.94,85,6,9,23,54,0.00,99,0,20,0.90,61,109,46,4.90,91,0,0.00,99,0,0.00,0,0,0.00,0,1.84,90,113,5.08,96,61,2.74,53.98,0,0.00,0,0,0,0.00,0,0,0.00,75,0.00,0,N/A,N/A,N/A,N/A,0.00,0,0.00,0,5.82,0.00,0,76.28,50.00,74,21,0.81,1.12,25,97,62,0,0,0,0.13,0.18,4,47,220.95,0.29,0.40,9,0,0.00,0.00,99,0.00,0,0,2,0.06,0.09,0,0.00,0.00,0.27,0.19,6,0,7.14,51,73,88,72,74,5.48,90,0.18,0.25,5.82,82,0.19,0.26,81,40,1.29,1.80,1.26,0.90,55,28,0.26,81,85,12,88,0,83,43,0,0.00,99,20,0.00,0.90,14.79,10.61,329,157,91,91,7.06,5.06,47.72,42,1.89,10,0,17.43,0,0.00,99,19,0.61,0.85,82,75,78,93,0,0,0,0,0,80,68,59,80,0,99,47,85,23,3,9,26,28,0,0
Tomás Pochettino,29,823161600,1996/02/01,Serie A,2024,Midfielder,Fortaleza,1630,796,834,Argentina,32,15,17,5,4,1,6,3,3,0,1,11,9,2,17,2,15,4,0,0.61,0.33,0.28,0.45,0.11,326,0.94,96,51,408,272,0.22,59,11,-1,4,0,6.98,0.19,98,34.15,18.04,41,505,14.04,393,26,26.57,38,0.00,0.00,1.32,37,0.00,3.71,1.49,0.79,22,0.00,0.61,0.00,0.00,0.00,0.14,0.50,0.00,3.60,1.22,0.29,1.04,0.00,0.36,0.16,0.00,0.43,0.00,0.00,0,0,,18,0.64,66,10,0.68,75,8,0.54,61,4,13,19,48,0.00,99,0,4,0.27,22,104,62,7.03,98,0,0.00,99,0,0.00,0,0,0.00,0,2.50,96,29,1.96,73,14,0.95,48.28,0,0.00,0,0,0,0.00,0,0,0.00,69,0.00,0,N/A,N/A,N/A,N/A,0.00,0,0.00,0,4.59,0.00,0,77.82,55.56,82,31,0.50,0.95,14,73,48,0,1,0,0.11,0.20,3,51,195.32,0.43,0.81,12,1,0.00,0.07,8,0.04,0,1,0,0.00,0.00,0,0.00,0.00,0.20,0.11,3,1,27.78,95,62,88,52,69,4.61,97,0.16,0.31,3.89,82,0.14,0.26,59,17,0.61,1.15,0.95,0.50,33,14,0.31,85,65,36,67,0,78,39,0,0.00,99,12,0.00,0.81,9.74,5.14,144,65,39,52,4.40,2.32,45.14,17,1.15,31,0,24.04,0,0.00,99,25,0.89,1.69,96,64,91,77,0,0,0,0,0,96,89,69,92,0,99,77,64,44,4,12,41,7,0,0
Vágner Silva de Souza,41,455785200,1984/06/11,Serie A,2024,Forward,Atlético GO,174,35,139,Brazil,6,3,3,1,0,1,0,0,0,0,0,1,0,1,1,0,1,1,0,0.52,0,0.52,0,0.65,174,0.52,174,29,174,0,0.52,-1,-1,-1,10,0,6.71,0,45,17.07,5.50,5,33,4.50,27,46,13.97,10,0.00,0.00,0.17,1,0.00,0.33,0.00,0.00,0,0.00,0.50,0.00,0.00,0.00,0.17,0.00,0.00,6.00,3.10,0.50,0.17,0.00,0.50,0.19,0.00,0.83,0.00,0.00,0,0,,6,1.00,99,3,1.55,98,3,1.55,99,2,4,2,4,0.00,99,0,1,0.52,35,2,30,1.03,52,0,0.00,99,0,0.00,0,0,0.00,0,0.52,34,1,0.52,28,0,0.00,0.00,0,0.00,0,0,0,0.00,0,0,0.00,98,0.00,0,N/A,N/A,N/A,N/A,0.00,0,0.00,0,1.11,0.00,0,81.82,50.00,74,1,0.67,2.07,4,10,10,0,0,0,0.00,0.00,0,23,40.25,0.33,1.03,2,0,0.00,0.00,99,0.00,0,0,0,0.00,0.00,0,0.00,0.00,0.00,0.00,0,0,16.67,80,0,3,42,98,0.10,10,0.02,0.05,1.11,99,0.19,0.57,73,3,0.50,1.55,0.52,0.17,13,1,0.57,99,21,45,67,0,41,89,0,0.00,99,5,0.00,2.59,12.93,4.17,25,8,32,80,4.14,1.33,32.00,3,1.55,17,0,0.00,0,0.00,99,0,0.00,0.00,30,1,50,46,0,0,0,0,0,94,98,99,54,0,99,20,18,90,0,0,7,20,0,0
Vanderlan,23,1031382000,2002/09/07,Serie A,2024,Defender,Palmeiras,1039,336,703,Brazil,25,10,15,0,0,0,3,0,3,0,0,11,4,7,9,4,5,1,0,0.26,0.26,0,0,0,0,0.78,115,42,1039,346,0.09,479,32,27,28,0,6.75,0.12,95,27.98,13.87,27,319,11.26,259,42,22.72,29,0.00,0.00,0.48,11,0.00,1.78,2.19,1.09,25,0.00,0.35,0.00,0.00,0.00,0.57,0.22,0.00,0.00,0.26,0.09,0.87,0.00,0.04,0.01,0.00,0.48,0.00,0.00,0,0,,3,0.13,17,1,0.09,20,2,0.18,18,6,16,9,78,0.00,99,0,13,1.14,75,41,86,3.60,81,0,0.00,99,0,0.00,0,0,0.00,0,0.96,58,20,1.75,69,5,0.44,25.00,0,0.00,0,0,0,0.00,0,0,0.00,85,0.00,0,N/A,N/A,N/A,N/A,0.00,0,0.00,0,0.25,0.00,0,81.19,33.33,37,64,0.26,0.53,6,42,15,0,0,0,0.04,0.09,1,32,155.18,1.09,2.19,25,1,0.00,0.09,5,0.04,0,0,0,0.00,0.00,0,0.00,0.00,0.00,0.00,0,0,0.00,42,37,62,40,85,2.71,89,0.12,0.24,0.25,19,0.01,0.02,23,5,0.22,0.44,1.67,0.83,78,19,0.02,19,25,72,67,0,41,46,0,0.00,99,11,0.00,0.96,9.12,4.52,104,46,29,45,4.04,2.00,44.23,8,0.70,56,0,34.15,0,0.00,99,14,0.61,1.23,91,28,97,93,0,0,0,0,0,70,40,59,54,0,99,93,95,14,1,4,10,6,0,0
Victor Alexander da Silva,26,932713200,1999/07/23,Serie A,2024,Defender,Botafogo,778,435,343,Brazil,11,6,5,0,0,0,0,0,0,0,0,7,3,4,2,2,0,0,0,0,0,0,0,0,0,0.23,389,71,0,0,0,319,354,2,24,0,6.73,0,45,33.66,26.45,39,291,21.73,239,49,27.65,42,0.00,0.00,0.27,3,0.00,3.00,1.97,1.55,17,0.00,0.73,0.00,0.00,0.00,0.09,0.55,0.00,0.00,0.46,0.27,0.91,0.00,0.09,0.03,0.00,0.91,0.00,0.00,0,0,,4,0.36,30,1,0.12,25,3,0.35,40,6,0,11,68,0.00,99,0,1,0.12,13,33,62,3.82,84,0,0.00,99,0,0.00,0,0,0.00,0,0.35,26,10,1.16,50,6,0.69,60.00,0,0.00,0,0,0,0.00,0,0,0.00,99,0.00,0,N/A,N/A,N/A,N/A,0.00,0,0.00,0,0.31,0.00,0,82.13,25.00,24,3,1.36,1.74,15,60,76,0,0,0,0.09,0.12,1,39,73.99,0.91,1.16,10,0,0.00,0.00,99,0.00,0,0,1,0.09,0.12,0,0.00,0.00,0.12,0.09,1,0,0.00,42,23,11,40,99,0.62,17,0.06,0.07,0.31,30,0.03,0.04,40,7,0.64,0.81,0.81,0.64,25,7,0.04,29,23,49,93,0,66,53,0,0.00,99,10,0.00,1.16,9.25,7.27,80,40,46,47,4.63,3.64,50.00,8,0.93,42,0,24.24,0,0.00,99,8,0.73,0.93,84,37,14,93,0,0,0,0,0,26,40,59,54,0,99,99,7,7,0,0,7,22,0,0
Victor Hugo da Silva Costa,21,1100160000,2004/11/11,Serie A,2024,Midfielder,Atlético Mineiro,0,0,0,Brazil,1,0,1,0,0,0,0,0,0,0,0,0,0,0,0,0,0,0,0,0,0,0,0,0,0,0,0,0,0,0,0,-1,-1,-1,-1,0,0.00,0,45,0.00,0.00,0,0,0.00,0,0,0.00,0,0.00,0.00,0.00,0,0.00,0.00,0.00,0.00,0,0.00,0.00,0.00,0.00,0.00,0.00,0.00,0.00,0.00,0.00,0.00,0.00,0.00,0.00,0.00,0.00,0.00,0.00,0.00,0,0,,0,0.00,8,0,0.00,15,0,0.00,9,0,1,0,4,0.00,99,0,0,0.00,9,0,30,0.00,14,0,0.00,99,0,0.00,0,0,0.00,0,0.00,8,0,0.00,7,0,0.00,0.00,0,0.00,0,0,0,0.00,0,0,0.00,99,0.00,0,N/A,N/A,N/A,N/A,0.00,0,0.00,0,0.00,0.00,0,0.00,0.00,15,99,0.00,0.00,0,10,10,0,0,0,0.00,0.00,0,23,0.00,0.00,0.00,0,0,0.00,0.00,99,0.00,0,0,0,0.00,0.00,0,0.00,0.00,0.00,0.00,0,0,0.00,42,0,0,40,0,0.00,0,0.00,0.00,0.00,9,0.00,0.00,2,0,0.00,0.00,0.00,0.00,5,0,0.00,9,0,1,67,0,41,2,0,0.00,99,0,0.00,0.00,0.00,0.00,0,0,0,0,0.00,0.00,0.00,0,0.00,99,0,0.00,0,0.00,99,0,0.00,0.00,30,0,22,11,0,0,0,0,0,26,40,59,54,0,99,2,7,7,0,0,7,40,0,0
Victor Hugo de Faria Mota,22,1059289200,2003/07/27,Serie A,2024,Midfielder,Bragantino,31,0,31,Brazil,1,0,1,0,0,0,0,0,0,0,0,0,0,0,2,0,2,0,0,0,0,0,0,0,0,5.81,16,31,0,0,0,-1,-1,-1,24,0,12.61,0,45,20.32,7.00,12,7,6.00,6,72,17.42,17,0.00,0.00,0.00,0,0.00,2.00,0.00,0.00,0,0.00,3.00,0.00,0.00,0.00,0.00,2.00,0.00,0.00,0.00,0.00,3.00,0.00,0.00,0.00,0.00,0.00,0.00,0.00,0,0,,0,0.00,8,0,0.00,15,0,0.00,9,0,1,0,4,0.00,99,0,0,0.00,9,2,30,5.81,95,0,0.00,99,0,0.00,0,0,0.00,0,0.00,8,3,8.71,99,2,5.81,66.67,0,0.00,0,0,0,0.00,0,0,0.00,0,0.00,0,N/A,N/A,N/A,N/A,0.00,0,0.00,0,0.00,0.00,0,85.71,0.00,15,0,2.00,5.81,2,99,83,0,0,0,0.00,0.00,0,23,12.61,0.00,0.00,0,0,0.00,0.00,99,0.00,0,0,0,0.00,0.00,0,0.00,0.00,0.00,0.00,0,0,0.00,42,0,0,40,0,0.01,3,0.01,0.03,0.00,9,0.00,0.00,2,0,0.00,0.00,2.90,1.00,99,1,0.00,9,99,1,67,0,41,2,0,0.00,99,0,0.00,0.00,34.84,12.00,12,2,74,99,5.81,2.00,16.67,3,8.71,0,0,0.00,0,0.00,99,0,0.00,0.00,30,0,22,11,0,0,0,0,0,26,40,59,54,0,99,2,7,7,0,0,7,50,0,0
Victor Hugo Gomes Silva,21,1084258800,2004/05/11,Serie A,2024,Midfielder,Flamengo,254,21,233,Brazil,10,3,7,0,0,0,0,0,0,0,0,2,1,1,4,1,3,1,0,0,0,0,0,0,0,1.42,64,25,254,0,0.35,-1,-1,-1,34,0,5.85,0,45,32.24,9.10,36,91,7.30,73,37,25.87,35,0.00,0.00,0.20,2,0.00,0.50,1.42,0.40,4,0.00,0.40,0.00,0.00,0.00,0.00,0.10,0.00,0.00,1.06,0.10,0.40,0.00,0.20,0.03,0.00,0.20,0.00,0.00,0,0,,3,0.30,62,2,0.71,77,1,0.35,40,1,9,1,44,0.00,99,0,0,0.00,9,5,91,1.77,61,0,0.00,99,0,0.00,0,0,0.00,0,0.71,43,4,1.42,60,1,0.35,25.00,0,0.00,0,0,0,0.00,0,0,0.00,16,0.00,0,N/A,N/A,N/A,N/A,0.00,0,0.00,0,0.34,0.00,0,80.22,66.67,95,10,0.40,1.42,4,34,15,0,0,0,0.00,0.00,0,23,58.50,0.20,0.71,2,0,0.00,0.00,99,0.00,0,0,0,0.00,0.00,0,0.00,0.00,0.00,0.00,0,0,0.00,42,0,8,40,19,0.25,27,0.03,0.09,0.34,58,0.03,0.12,54,3,0.30,1.06,0.35,0.10,9,1,0.12,56,0,30,67,0,41,35,0,0.00,99,2,0.00,0.71,10.28,2.90,29,10,18,58,3.54,1.00,34.48,4,1.42,22,0,40.00,0,0.00,99,2,0.20,0.71,76,1,78,30,0,0,0,0,0,26,40,59,54,0,99,29,34,73,1,10,29,29,0,0
Victor Hugo Ramos de Souza,21,1084172400,2004/05/10,Serie A,2024,Midfielder,Fluminense,106,48,58,Brazil,5,2,3,0,0,0,0,0,0,0,0,3,2,1,1,0,1,1,0,0,0,0,0,0,0,0.85,106,21,106,0,0.85,-1,-1,-1,38,0,6.61,0,45,66.23,15.60,99,78,11.80,59,16,50.09,91,0.00,0.00,0.00,0,0.00,0.00,0.00,0.00,0,0.00,0.40,0.00,0.00,0.00,0.60,0.40,0.00,0.00,0.85,0.20,0.80,0.00,0.00,0.01,0.00,0.20,0.00,0.00,0,0,,1,0.20,55,0,0.00,15,1,0.85,81,4,3,2,4,0.00,99,0,3,2.55,99,0,30,0.00,14,0,0.00,99,0,0.00,0,0,0.00,0,0.00,8,4,3.40,87,2,1.70,50.00,0,0.00,0,0,0,0.00,0,0,0.00,81,0.00,0,N/A,N/A,N/A,N/A,0.00,0,0.00,0,0.05,0.00,0,75.64,0.00,15,37,0.20,0.85,1,88,57,0,0,0,0.00,0.00,0,23,33.05,0.60,2.55,3,0,0.00,0.00,99,0.00,0,0,0,0.00,0.00,0,0.00,0.00,0.00,0.00,0,0,0.00,42,0,1,40,81,0.13,39,0.03,0.11,0.05,30,0.01,0.04,42,1,0.20,0.85,3.40,0.80,99,4,0.04,29,14,77,67,0,41,41,0,0.00,99,1,0.00,0.85,11.04,2.60,13,4,16,66,3.40,0.80,30.77,2,1.70,14,0,0.00,0,0.00,99,0,0.00,0.00,30,1,41,77,0,0,0,0,0,26,40,59,54,0,99,99,9,98,1,20,70,20,0,0
Victor Hugo Soares dos Santos,28,857721600,1997/03/07,Serie A,2024,Defender,Bahia,2700,1350,1350,Brazil,30,15,15,0,0,0,0,0,0,0,0,9,8,1,32,9,23,12,0,0,0,0,0,0,0,1.07,84,90,225,0,0.4,312,334,93,28,0,6.94,0,45,61.30,61.30,96,1655,57.63,1556,99,57.63,98,0.00,0.00,0.07,2,0.00,0.00,1.11,1.11,30,0.00,0.19,0.00,0.00,0.00,1.15,0.15,0.00,0.00,0.15,0.07,0.26,0.00,0.07,0.02,0.00,1.56,0.00,0.00,0,0,,4,0.15,11,2,0.07,17,2,0.07,10,0,0,30,31,0.00,99,0,31,1.15,76,0,30,0.00,14,0,0.00,99,0,0.00,0,0,0.00,0,0.07,10,7,0.26,18,4,0.15,57.14,0,0.00,0,0,0,0.00,0,0,0.00,55,0.00,0,N/A,N/A,N/A,N/A,0.00,0,0.00,0,0.42,0.00,0,94.02,50.00,74,88,0.22,0.22,6,20,70,0,0,0,0.52,0.52,14,80,187.30,2.81,2.81,76,1,0.00,0.04,15,0.04,0,0,0,0.00,0.00,0,0.00,0.00,0.00,0.00,0,0,0.00,42,93,80,40,55,3.91,57,0.14,0.14,0.42,19,0.02,0.02,45,24,0.89,0.89,1.19,1.19,50,32,0.02,19,59,80,67,0,41,66,0,0.00,99,42,0.00,1.56,6.59,6.59,178,100,21,16,3.70,3.70,56.18,5,0.19,79,0,0.00,0,0.00,99,0,0.00,0.00,30,90,14,11,0,0,0,0,0,26,40,59,54,0,99,65,27,81,11,37,96,4,0,0
Víctor Leandro Cuesta,37,595929600,1988/11/19,Serie A,2024,Defender,Bahia,511,164,347,Argentina,7,2,5,0,0,0,0,0,0,0,0,0,0,0,11,2,9,3,0,0,0,0,0,0,0,1.94,46,73,170,0,0.53,340,338,187,29,0,6.70,0,45,63.76,51.71,98,362,47.14,330,97,58.12,99,0.00,0.00,0.00,0,0.00,0.14,2.11,1.71,12,0.00,0.14,0.00,0.00,0.00,0.71,0.14,0.00,0.00,0.35,0.14,0.14,0.00,0.14,0.03,0.00,1.00,0.00,0.00,0,0,,2,0.29,21,1,0.18,34,1,0.18,18,1,0,7,75,0.00,99,0,5,0.88,59,1,30,0.18,25,0,0.00,99,0,0.00,0,0,0.00,0,0.00,8,1,0.18,14,1,0.18,100.00,0,0.00,0,0,0,0.00,0,0,0.00,3,0.00,0,N/A,N/A,N/A,N/A,0.00,0,0.00,0,0.18,0.00,0,91.16,50.00,74,64,0.43,0.53,3,23,99,0,0,0,0.29,0.35,2,69,46.87,3.57,4.40,25,0,0.00,0.00,99,0.00,0,0,0,0.00,0.00,0,0.00,0.00,0.18,0.14,1,0,0.00,42,10,4,40,3,0.69,45,0.10,0.12,0.18,24,0.03,0.03,44,5,0.71,0.88,1.23,1.00,53,7,0.03,24,21,90,67,0,75,57,0,0.00,99,7,0.00,1.23,7.40,6.00,42,25,39,24,4.40,3.57,59.52,1,0.18,79,0,0.00,0,0.00,99,0,0.00,0.00,30,18,14,30,0,0,0,0,0,26,40,59,54,0,99,2,17,90,3,43,98,15,0,0
Victor Luis Chuab Zamblauskas,32,740818800,1993/06/23,Serie A,2024,Defender,Vasco da Gama,441,298,143,Brazil,10,5,5,1,1,0,1,1,0,0,0,3,2,1,3,2,1,4,1,0.41,0.2,0.2,0.3,0,441,0.61,147,44,88,441,1.02,115,71,9,8,0,5.55,0.1,89,46.53,25.33,75,228,22.00,198,80,40.41,77,0.00,0.00,0.56,5,0.00,2.22,2.86,1.56,14,0.00,0.44,0.00,0.00,0.00,0.78,0.33,0.00,2.00,0.41,0.00,0.67,0.00,0.22,0.09,0.00,1.11,0.00,0.00,0,0,,2,0.22,26,2,0.41,60,0,0.00,9,3,5,5,92,0.00,99,0,7,1.43,87,20,30,4.08,86,0,0.00,99,0,0.00,0,0,0.00,0,1.02,61,6,1.22,52,3,0.61,50.00,0,0.00,0,0,0,0.00,0,0,0.00,95,0.00,0,N/A,N/A,N/A,N/A,0.00,0,0.00,0,0.83,0.00,0,86.84,100.00,99,40,0.44,0.82,4,52,57,0,0,0,0.11,0.20,1,51,49.99,1.89,3.47,17,0,0.00,0.00,99,0.00,0,0,0,0.00,0.00,0,0.00,0.00,0.00,0.00,0,0,50.00,99,5,8,62,94,1.18,89,0.13,0.24,0.83,69,0.09,0.17,86,10,1.11,2.04,2.45,1.33,97,12,0.17,66,0,84,67,0,41,78,0,0.00,99,10,0.00,2.04,13.27,7.22,65,36,95,82,7.35,4.00,55.38,4,0.82,48,0,5.00,0,0.00,99,1,0.11,0.20,51,11,57,63,0,0,0,0,0,86,78,59,85,0,99,65,8,99,3,30,91,12,0,0
Viery Fernandes Santos Lopes,20,1104652800,2005/01/02,Serie A,2024,Midfielder,Grêmio,0,0,0,Brazil,0,0,0,0,0,0,0,0,0,0,0,0,0,0,0,0,0,0,0,0,0,0,0,0,0,0,0,0,0,0,0,-1,-1,-1,-1,N/A,N/A,N/A,N/A,N/A,N/A,N/A,N/A,N/A,N/A,N/A,N/A,N/A,N/A,N/A,N/A,N/A,N/A,N/A,N/A,N/A,N/A,N/A,N/A,N/A,N/A,N/A,N/A,N/A,N/A,N/A,N/A,N/A,N/A,N/A,N/A,N/A,N/A,N/A,N/A,N/A,N/A,N/A,N/A,N/A,N/A,N/A,N/A,N/A,N/A,N/A,N/A,N/A,N/A,N/A,N/A,N/A,N/A,N/A,N/A,N/A,N/A,N/A,N/A,N/A,N/A,N/A,N/A,N/A,N/A,N/A,N/A,N/A,N/A,N/A,N/A,N/A,N/A,N/A,N/A,N/A,N/A,N/A,N/A,N/A,N/A,N/A,N/A,N/A,N/A,N/A,N/A,N/A,N/A,N/A,N/A,N/A,N/A,N/A,N/A,N/A,N/A,N/A,N/A,N/A,N/A,N/A,N/A,N/A,N/A,N/A,N/A,N/A,N/A,N/A,N/A,N/A,N/A,N/A,N/A,N/A,N/A,N/A,N/A,N/A,N/A,N/A,N/A,N/A,N/A,N/A,N/A,N/A,N/A,N/A,N/A,N/A,N/A,N/A,N/A,N/A,N/A,N/A,N/A,N/A,N/A,N/A,N/A,N/A,N/A,N/A,N/A,N/A,N/A,N/A,N/A,N/A,N/A,N/A,N/A,N/A,N/A,N/A,N/A,N/A,N/A,N/A,N/A,N/A,N/A,N/A,N/A,N/A,N/A,N/A,N/A,N/A,N/A,N/A,N/A,N/A,N/A,N/A,N/A,N/A,N/A,N/A,N/A,N/A,N/A,N/A,N/A,N/A,N/A,N/A,N/A,N/A,N/A,N/A,N/A,N/A,N/A,N/A,N/A,N/A,N/A,N/A,N/A,N/A,N/A,N/A,N/A,N/A,N/A,N/A,N/A,N/A,N/A,N/A,N/A,N/A,N/A,N/A,N/A
Vinicius Mendonça Pereira,21,1077264000,2004/02/20,Serie A,2024,Midfielder,Bragantino,704,430,274,Brazil,19,11,8,2,2,0,0,0,0,0,0,2,1,1,9,5,4,3,0,0.26,0,0.26,0.42,0,352,1.15,78,37,235,0,0.38,77,462,-1,10,0,7.00,0,45,21.50,9.47,14,161,7.53,128,35,17.09,17,0.00,0.00,0.65,11,0.00,1.65,2.40,1.06,18,0.00,0.88,0.00,0.00,0.00,0.12,1.24,0.00,8.00,2.14,0.35,2.29,0.00,0.59,0.17,0.00,0.29,0.00,0.00,0,0,,16,0.94,92,10,1.34,97,6,0.80,78,6,12,7,83,0.00,99,0,2,0.27,22,28,75,3.74,83,0,0.00,99,0,0.00,0,0,0.00,0,1.47,81,39,5.21,97,21,2.80,53.85,0,0.00,0,0,0,0.00,0,0,0.00,44,0.00,0,N/A,N/A,N/A,N/A,0.00,0,0.00,0,2.84,0.00,0,79.50,62.50,91,33,0.41,0.93,7,97,62,0,0,0,0.06,0.13,1,41,119.03,0.35,0.80,6,0,0.00,0.00,99,0.00,0,0,0,0.00,0.00,0,0.00,0.00,0.13,0.06,1,1,12.50,68,20,40,55,44,0.68,27,0.04,0.09,2.84,93,0.17,0.38,99,31,1.82,4.14,1.34,0.59,60,10,0.38,92,69,35,67,0,69,33,0,0.00,99,5,0.00,0.67,18.69,8.24,140,75,99,99,10.01,4.41,53.57,15,2.00,8,0,28.57,0,0.00,99,8,0.47,1.07,87,18,88,93,0,0,0,0,0,70,86,59,91,0,99,6,30,78,3,16,54,54,0,0
Vinícius Moreira de Lima,29,834476400,1996/06/11,Serie A,2024,Midfielder,Fluminense,1851,901,950,Brazil,30,15,15,4,3,1,1,1,0,0,0,11,7,4,21,7,14,7,1,0.24,0.05,0.19,0.3,0.09,463,1.02,88,62,264,1851,0.34,120,249,-1,3,0,6.80,0.03,52,43.95,30.13,69,904,26.93,808,93,39.29,76,0.00,0.00,0.70,21,0.00,1.47,1.85,1.27,38,0.00,1.00,0.00,0.00,0.00,0.60,0.73,0.00,6.50,1.26,0.47,1.70,0.00,0.40,0.15,0.00,0.33,0.00,0.00,0,0,,26,0.87,68,12,0.58,70,14,0.68,71,1,10,20,64,0.00,99,0,18,0.88,59,44,83,2.14,65,0,0.00,99,0,0.00,0,0,0.00,0,1.02,61,51,2.48,80,22,1.07,43.14,0,0.00,0,0,0,0.00,0,0,0.00,60,0.00,0,N/A,N/A,N/A,N/A,0.00,0,0.00,0,4.62,0.00,0,89.38,46.15,60,39,0.57,0.83,17,77,35,0,0,0,0.13,0.19,4,49,204.12,0.40,0.58,12,1,0.00,0.05,12,0.03,0,0,1,0.03,0.05,0,0.00,0.00,0.10,0.07,2,1,15.38,75,68,80,63,60,2.97,57,0.10,0.14,4.62,77,0.15,0.22,93,50,1.67,2.43,1.56,1.07,73,32,0.22,75,34,22,74,0,63,23,0,0.00,99,10,0.00,0.49,12.35,8.47,254,120,74,76,5.83,4.00,47.24,30,1.46,20,0,31.82,0,0.00,99,14,0.47,0.68,74,67,82,30,0,1,0,3,0,68,77,65,85,0,99,83,37,72,6,20,70,45,0,0
Vitão,25,949478400,2000/02/02,Serie A,2024,Defender,Internacional,2503,1250,1253,Brazil,30,15,15,1,0,1,0,0,0,0,0,11,6,5,23,8,15,5,0,0.04,0,0.04,0,0.07,2503,0.83,109,83,501,0,0.18,294,358,30,17,0,6.76,0,45,51.36,47.48,85,1377,41.76,1211,85,45.17,86,0.00,0.00,0.14,4,0.00,0.14,1.19,1.10,32,0.00,0.07,0.00,0.00,0.00,0.69,0.07,0.00,0.00,0.60,0.45,0.07,0.00,0.10,0.03,0.00,1.52,0.00,0.00,0,0,,16,0.55,42,3,0.11,23,13,0.48,56,1,2,28,35,0.00,99,0,20,0.75,52,4,96,0.15,23,0,0.00,99,0,0.00,0,0,0.00,0,0.15,14,2,0.07,10,2,0.07,100.00,0,0.00,0,0,0,0.00,0,0,0.00,83,0.00,0,N/A,N/A,N/A,N/A,0.00,0,0.00,0,0.87,0.00,0,87.94,18.75,17,77,0.34,0.37,10,14,99,0,0,0,0.34,0.37,10,71,196.03,3.90,4.21,113,0,0.00,0.00,99,0.00,0,0,0,0.00,0.00,0,0.00,0.00,0.00,0.00,0,0,0.00,42,88,80,98,83,2.36,27,0.08,0.09,0.87,24,0.03,0.03,15,9,0.31,0.34,0.67,0.62,17,18,0.03,24,28,88,67,0,41,68,0,0.00,99,44,0.00,1.64,5.48,5.07,147,86,13,10,3.21,2.97,58.50,2,0.07,87,0,50.00,0,0.00,99,2,0.07,0.07,38,86,31,30,0,0,0,0,0,30,45,63,54,0,99,83,74,34,5,17,60,44,0,0
Vitor de Oliveira Nunes dos Reis,19,1137052800,2006/01/12,Serie A,2024,Midfielder,Palmeiras,1456,630,826,Brazil,18,8,10,1,1,0,0,0,0,0,0,3,2,1,21,9,12,3,0,0.06,0,0.06,0.14,0,1456,1.3,69,81,485,0,0.19,259,366,-1,13,0,6.51,0,45,49.16,43.56,81,697,38.69,619,90,43.66,84,0.00,0.00,0.19,3,0.00,0.00,1.76,1.56,25,0.00,0.00,0.00,0.00,0.00,0.81,0.06,0.00,4.00,0.28,0.19,0.06,0.00,0.06,0.05,0.00,2.62,0.00,0.00,0,0,,4,0.25,18,1,0.07,17,3,0.21,23,0,2,16,60,0.00,99,0,13,0.92,62,0,30,0.00,14,0,0.00,99,0,0.00,0,0,0.00,0,0.21,18,1,0.07,10,1,0.07,100.00,0,0.00,0,0,0,0.00,0,0,0.00,26,0.00,0,N/A,N/A,N/A,N/A,0.00,0,0.00,0,0.87,0.00,0,88.81,25.00,24,67,0.44,0.49,7,14,99,0,0,0,0.62,0.71,10,88,104.14,4.31,4.87,69,0,0.00,0.00,99,0.00,0,0,0,0.00,0.00,0,0.00,0.00,0.00,0.00,0,0,25.00,93,56,36,92,26,1.38,33,0.09,0.10,0.87,39,0.05,0.06,27,8,0.50,0.56,1.41,1.25,66,20,0.06,38,10,94,67,0,41,93,0,0.00,99,42,0.00,2.96,8.82,7.81,125,75,63,39,5.29,4.69,60.00,0,0.00,99,0,0.00,0,0.00,99,0,0.00,0.00,30,56,31,11,0,0,0,0,0,33,49,59,68,0,99,20,73,37,3,17,60,44,0,0
Vitor dos Santos Figueiredo,19,1141372800,2006/03/03,Serie A,2024,Midfielder,Palmeiras,0,0,0,Brazil,0,0,0,0,0,0,0,0,0,0,0,0,0,0,0,0,0,0,0,0,0,0,0,0,0,0,0,0,0,0,0,-1,-1,-1,-1,N/A,N/A,N/A,N/A,N/A,N/A,N/A,N/A,N/A,N/A,N/A,N/A,N/A,N/A,N/A,N/A,N/A,N/A,N/A,N/A,N/A,N/A,N/A,N/A,N/A,N/A,N/A,N/A,N/A,N/A,N/A,N/A,N/A,N/A,N/A,N/A,N/A,N/A,N/A,N/A,N/A,N/A,N/A,N/A,N/A,N/A,N/A,N/A,N/A,N/A,N/A,N/A,N/A,N/A,N/A,N/A,N/A,N/A,N/A,N/A,N/A,N/A,N/A,N/A,N/A,N/A,N/A,N/A,N/A,N/A,N/A,N/A,N/A,N/A,N/A,N/A,N/A,N/A,N/A,N/A,N/A,N/A,N/A,N/A,N/A,N/A,N/A,N/A,N/A,N/A,N/A,N/A,N/A,N/A,N/A,N/A,N/A,N/A,N/A,N/A,N/A,N/A,N/A,N/A,N/A,N/A,N/A,N/A,N/A,N/A,N/A,N/A,N/A,N/A,N/A,N/A,N/A,N/A,N/A,N/A,N/A,N/A,N/A,N/A,N/A,N/A,N/A,N/A,N/A,N/A,N/A,N/A,N/A,N/A,N/A,N/A,N/A,N/A,N/A,N/A,N/A,N/A,N/A,N/A,N/A,N/A,N/A,N/A,N/A,N/A,N/A,N/A,N/A,N/A,N/A,N/A,N/A,N/A,N/A,N/A,N/A,N/A,N/A,N/A,N/A,N/A,N/A,N/A,N/A,N/A,N/A,N/A,N/A,N/A,N/A,N/A,N/A,N/A,N/A,N/A,N/A,N/A,N/A,N/A,N/A,N/A,N/A,N/A,N/A,N/A,N/A,N/A,N/A,N/A,N/A,N/A,N/A,N/A,N/A,N/A,N/A,N/A,N/A,N/A,N/A,N/A,N/A,N/A,N/A,N/A,N/A,N/A,N/A,N/A,N/A,N/A,N/A,N/A,N/A,N/A,N/A,N/A,N/A,N/A
Vitor Eudes,27,908953200,1998/10/21,Serie A,2024,Goalkeeper,Fluminense,90,0,90,Brazil,1,0,1,0,0,0,0,0,0,0,0,0,0,0,1,0,1,0,0,0,0,0,0,0,0,1,90,90,0,0,0,-1,-1,-1,11,0,6.80,0,45,33.00,33.00,37,33,20.00,20,1,20.00,23,0.00,0.00,0.00,0,0.00,0.00,0.00,0.00,0,0.00,0.00,0.00,0.00,3.00,0.00,0.00,5.00,0.00,0.00,0.00,0.00,0.00,0.00,0.00,0.00,1.00,0.00,0.00,0,0,,0,0.00,8,0,0.00,15,0,0.00,9,0,0,1,4,0.00,99,0,0,0.00,9,0,30,0.00,14,0,0.00,99,0,0.00,0,0,0.00,0,0.00,8,0,0.00,7,0,0.00,0.00,0,0.00,0,3,0,3.00,21,5,0.00,63,5.00,71,N/A,N/A,N/A,N/A,60.00,0,0.00,0,0.00,0.00,0,60.61,0.00,15,99,0.00,0.00,0,10,10,0,0,2,0.00,0.00,0,23,6.80,2.00,2.00,2,0,0.00,0.00,99,0.00,0,0,0,0.00,0.00,0,0.00,0.00,0.00,0.00,0,0,0.00,42,0,0,40,63,0.05,10,0.05,0.05,0.00,9,0.00,0.00,51,1,1.00,1.00,0.00,0.00,5,0,0.00,9,34,70,67,0,41,47,0,0.00,99,1,0.00,1.00,1.00,1.00,1,1,7,7,1.00,1.00,100.00,0,0.00,99,0,0.00,0,0.00,99,0,0.00,0.00,30,1,14,11,0,0,0,0,0,26,40,59,54,0,99,2,7,7,0,0,7,98,0,0
Vitor Hugo Amorim de Assis,21,1077091200,2004/02/18,Serie A,2024,Midfielder,Cruzeiro,465,254,211,Brazil,21,11,10,1,1,0,1,1,0,0,0,9,5,4,2,1,1,2,0,0.39,0.19,0.19,0.35,0,465,0.39,233,22,233,465,0.39,119,81,-1,12,0,6.14,0.05,87,29.47,8.17,30,147,6.67,120,45,24.05,31,0.00,0.00,0.11,2,0.00,0.22,1.60,0.44,8,0.00,0.17,0.00,0.00,0.00,0.17,0.17,0.00,10.00,2.00,0.44,0.44,0.00,0.11,0.07,0.00,0.06,0.00,0.00,0,0,,10,0.56,90,2,0.40,58,8,1.60,99,2,20,1,53,0.00,99,0,3,0.60,42,4,30,0.80,48,0,0.00,99,0,0.00,0,0,0.00,0,0.40,29,8,1.60,66,3,0.60,37.50,0,0.00,0,0,0,0.00,0,0,0.00,99,0.00,0,N/A,N/A,N/A,N/A,0.00,0,0.00,0,1.25,0.00,0,81.63,20.00,18,57,0.17,0.60,3,51,24,0,0,0,0.06,0.20,1,51,110.53,0.22,0.80,4,0,0.00,0.00,99,0.00,0,0,1,0.06,0.20,0,0.00,0.00,0.20,0.06,1,0,10.00,57,7,46,63,99,0.29,13,0.02,0.06,1.25,81,0.07,0.25,62,6,0.33,1.20,0.40,0.11,10,2,0.25,79,3,35,98,0,78,7,0,0.00,99,1,0.00,0.20,6.41,1.78,32,18,20,14,3.61,1.00,56.25,3,0.60,60,0,0.00,0,0.00,99,0,0.00,0.00,30,1,99,46,0,0,0,0,0,84,77,59,88,0,99,91,29,80,2,10,29,22,0,0
Vitor Hugo Franchescoli de Souza,34,674722800,1991/05/20,Serie A,2024,Defender,Bahia,14,14,0,Brazil,1,1,0,0,0,0,0,0,0,0,0,0,0,0,1,1,0,0,0,0,0,0,0,0,0,6.43,14,14,0,0,0,-1,-1,-1,15,0,6.61,0,45,70.71,11.00,99,11,9.00,9,46,57.86,98,0.00,0.00,0.00,0,0.00,0.00,0.00,0.00,0,0.00,0.00,0.00,0.00,0.00,1.00,0.00,0.00,0.00,0.00,0.00,0.00,0.00,0.00,0.00,0.00,0.00,0.00,0.00,0,0,,0,0.00,8,0,0.00,15,0,0.00,9,0,1,0,4,0.00,99,0,1,6.43,99,0,30,0.00,14,0,0.00,99,0,0.00,0,0,0.00,0,0.00,8,0,0.00,7,0,0.00,0.00,0,0.00,0,0,0,0.00,0,0,0.00,0,0.00,0,N/A,N/A,N/A,N/A,0.00,0,0.00,0,0.00,0.00,0,81.82,0.00,15,0,1.00,6.43,1,10,10,0,0,0,0.00,0.00,0,23,6.61,1.00,6.43,1,0,0.00,0.00,99,0.00,0,0,0,0.00,0.00,0,0.00,0.00,0.00,0.00,0,0,0.00,42,0,0,40,0,0.02,51,0.02,0.13,0.00,9,0.00,0.00,2,0,0.00,0.00,0.00,0.00,5,0,0.00,9,14,99,67,0,41,2,0,0.00,99,0,0.00,0.00,12.86,2.00,2,0,0,80,0.00,0.00,0.00,0,0.00,99,0,0.00,0,0.00,99,0,0.00,0.00,30,0,22,11,0,0,0,0,0,26,40,59,54,0,99,2,7,7,0,0,7,31,0,0
Vitor Hugo Naum dos Santos,26,922953600,1999/04/01,Serie A,2024,Forward,Bragantino,1861,1033,828,Brazil,31,16,15,3,3,0,3,1,2,0,0,5,3,2,24,10,14,6,0,0.29,0.15,0.15,0.26,0,620,1.16,78,60,310,620,0.29,147,112,-1,4,0,6.96,0.1,79,28.42,18.03,28,559,13.77,427,19,21.71,26,0.00,0.00,0.90,28,0.00,3.74,1.12,0.71,22,0.00,0.52,0.00,0.00,0.00,0.35,0.42,0.00,12.00,1.83,0.74,1.00,0.00,0.42,0.15,0.00,0.74,0.00,0.00,0,0,,36,1.16,86,13,0.66,73,23,1.17,94,1,10,21,31,0.00,99,0,11,0.56,38,116,50,5.90,95,0,0.00,99,0,0.00,0,0,0.00,0,1.42,79,31,1.58,65,13,0.66,41.94,0,0.00,0,0,0,0.00,0,0,0.00,43,0.00,0,N/A,N/A,N/A,N/A,0.00,0,0.00,0,4.65,0.00,0,76.39,36.11,40,61,0.35,0.56,11,56,32,0,0,0,0.06,0.10,2,36,215.88,0.71,1.12,22,0,0.00,0.00,99,0.00,0,0,2,0.06,0.10,0,0.00,0.00,0.15,0.10,3,0,8.33,53,69,83,70,44,3.82,77,0.12,0.19,4.65,80,0.15,0.24,55,21,0.68,1.07,1.32,0.84,60,26,0.24,78,62,47,90,0,72,54,0,0.00,99,23,0.00,1.17,10.12,6.42,199,79,28,56,4.02,2.55,39.70,16,0.81,49,0,19.83,0,0.00,99,23,0.74,1.17,89,70,82,30,0,0,0,0,0,73,72,59,82,0,99,16,48,61,6,19,66,28,0,0
Wagner Leonardo,26,932713200,1999/07/23,Serie A,2024,Midfielder,Vitória,3157,1537,1620,Brazil,36,18,18,6,3,3,0,0,0,1,0,9,4,5,41,18,23,6,1,0.17,0,0.17,0.18,0.17,526,1.17,77,88,451,0,0.2,137,514,-1,2,0,6.98,0,45,45.35,44.12,72,1500,38.09,1295,76,39.15,75,0.00,0.00,0.18,6,0.00,0.12,0.97,0.94,32,0.00,0.24,0.00,0.00,0.00,1.35,0.18,0.00,3.80,0.57,0.29,0.29,0.00,0.26,0.13,0.00,2.44,0.00,0.00,0,0,,19,0.56,40,9,0.27,46,10,0.30,34,0,0,36,26,0.00,99,0,46,1.39,87,4,66,0.12,21,0,0.00,99,0,0.00,0,0,0.00,0,0.18,17,10,0.30,20,6,0.18,60.00,0,0.00,0,0,0,0.00,0,0,0.00,42,0.00,0,N/A,N/A,N/A,N/A,0.00,0,0.00,0,4.56,0.00,0,86.33,47.37,62,89,0.21,0.21,7,23,76,1,0,0,0.94,0.97,32,96,237.40,5.24,5.38,178,0,0.00,0.00,99,0.00,0,1,0,0.00,0.00,0,0.00,0.00,0.06,0.06,2,0,26.32,94,99,98,66,42,3.03,27,0.09,0.09,3.86,58,0.11,0.12,11,8,0.24,0.24,0.48,0.47,12,16,0.14,59,65,98,67,0,51,87,0,0.00,99,83,0.00,2.51,6.53,6.35,216,127,24,15,3.84,3.74,58.80,8,0.24,76,0,25.00,0,0.00,99,1,0.03,0.03,31,99,14,11,0,0,0,0,0,57,75,78,74,0,99,47,70,39,5,14,48,4,0,0
Walace,30,796978800,1995/04/04,Serie A,2024,Midfielder,Cruzeiro,464,425,39,Brazil,11,7,4,0,0,0,0,0,0,0,0,4,3,1,2,2,0,2,0,0,0,0,0,0,0,0.39,232,42,232,0,0.39,356,361,-1,21,0,6.75,0,45,55.28,25.91,90,285,23.27,256,94,49.66,90,0.00,0.00,0.09,1,0.00,0.09,1.94,0.91,10,0.00,0.27,0.00,0.00,0.00,0.55,0.27,0.00,0.00,0.58,0.27,0.36,0.00,0.00,0.02,0.00,0.09,0.00,0.00,0,0,,3,0.27,41,0,0.00,15,3,0.58,64,1,5,6,67,0.00,99,0,6,1.16,76,1,30,0.19,26,0,0.00,99,0,0.00,0,0,0.00,0,0.19,17,4,0.78,36,3,0.58,75.00,0,0.00,0,0,0,0.00,0,0,0.00,99,0.00,0,N/A,N/A,N/A,N/A,0.00,0,0.00,0,0.17,0.00,0,89.82,0.00,15,20,0.55,1.16,6,50,90,0,0,0,0.00,0.00,0,23,74.20,0.45,0.97,5,0,0.00,0.00,99,0.00,0,0,0,0.00,0.00,0,0.00,0.00,0.00,0.00,0,0,0.00,42,6,11,40,98,0.56,39,0.05,0.11,0.17,24,0.02,0.03,66,7,0.64,1.36,2.13,1.00,93,11,0.03,24,25,43,67,0,41,6,0,0.00,99,1,0.00,0.19,9.89,4.64,51,21,30,54,4.07,1.91,41.18,3,0.58,60,0,0.00,0,0.00,99,0,0.00,0.00,30,14,57,30,0,0,0,0,0,26,40,59,54,0,99,81,29,80,2,18,63,20,0,0
Walisson Moreira Farias Maia,34,682758000,1991/08/21,Serie A,2024,Defender,Criciúma,942,370,572,Brazil,16,7,9,0,0,0,1,0,1,0,0,3,2,1,19,4,15,4,0,0.1,0.1,0,0,0,0,1.82,50,59,236,942,0.38,463,178,184,32,0,6.69,0.06,66,34.40,21.73,41,326,16.47,247,16,26.06,36,0.00,0.00,0.20,3,0.00,0.07,1.06,0.67,10,0.00,0.07,0.00,0.00,0.00,1.00,0.07,0.00,0.00,0.53,0.33,0.07,0.00,0.00,0.02,0.00,1.60,0.00,0.00,0,0,,5,0.33,35,0,0.00,15,5,0.53,60,1,6,10,29,0.00,99,0,15,1.58,92,1,99,0.11,20,0,0.00,99,0,0.00,0,0,0.00,0,0.32,24,1,0.11,12,1,0.11,100.00,0,0.00,0,0,0,0.00,0,0,0.00,4,0.00,0,N/A,N/A,N/A,N/A,0.00,0,0.00,0,0.28,0.00,0,75.77,0.00,15,64,0.33,0.53,5,16,99,0,0,0,0.53,0.84,8,93,100.39,3.13,4.96,47,0,0.00,0.00,99,0.00,0,0,0,0.00,0.00,0,0.00,0.00,0.00,0.00,0,0,0.00,42,31,27,40,4,1.22,51,0.08,0.13,0.28,24,0.02,0.03,21,4,0.27,0.42,1.06,0.67,40,10,0.03,24,20,96,67,0,41,88,0,0.00,99,24,0.00,2.53,6.33,4.00,60,39,31,14,4.11,2.60,65.00,1,0.11,84,0,100.00,0,0.00,99,1,0.07,0.11,45,32,63,30,0,0,0,0,0,43,40,59,54,0,99,27,30,78,4,25,84,33,0,0
Wallace Davi Nunes da Silva Dias,18,1178780400,2007/05/10,Serie A,2024,Midfielder,Fluminense,0,0,0,Brazil,0,0,0,0,0,0,0,0,0,0,0,0,0,0,0,0,0,0,0,0,0,0,0,0,0,0,0,0,0,0,0,-1,-1,-1,-1,N/A,N/A,N/A,N/A,N/A,N/A,N/A,N/A,N/A,N/A,N/A,N/A,N/A,N/A,N/A,N/A,N/A,N/A,N/A,N/A,N/A,N/A,N/A,N/A,N/A,N/A,N/A,N/A,N/A,N/A,N/A,N/A,N/A,N/A,N/A,N/A,N/A,N/A,N/A,N/A,N/A,N/A,N/A,N/A,N/A,N/A,N/A,N/A,N/A,N/A,N/A,N/A,N/A,N/A,N/A,N/A,N/A,N/A,N/A,N/A,N/A,N/A,N/A,N/A,N/A,N/A,N/A,N/A,N/A,N/A,N/A,N/A,N/A,N/A,N/A,N/A,N/A,N/A,N/A,N/A,N/A,N/A,N/A,N/A,N/A,N/A,N/A,N/A,N/A,N/A,N/A,N/A,N/A,N/A,N/A,N/A,N/A,N/A,N/A,N/A,N/A,N/A,N/A,N/A,N/A,N/A,N/A,N/A,N/A,N/A,N/A,N/A,N/A,N/A,N/A,N/A,N/A,N/A,N/A,N/A,N/A,N/A,N/A,N/A,N/A,N/A,N/A,N/A,N/A,N/A,N/A,N/A,N/A,N/A,N/A,N/A,N/A,N/A,N/A,N/A,N/A,N/A,N/A,N/A,N/A,N/A,N/A,N/A,N/A,N/A,N/A,N/A,N/A,N/A,N/A,N/A,N/A,N/A,N/A,N/A,N/A,N/A,N/A,N/A,N/A,N/A,N/A,N/A,N/A,N/A,N/A,N/A,N/A,N/A,N/A,N/A,N/A,N/A,N/A,N/A,N/A,N/A,N/A,N/A,N/A,N/A,N/A,N/A,N/A,N/A,N/A,N/A,N/A,N/A,N/A,N/A,N/A,N/A,N/A,N/A,N/A,N/A,N/A,N/A,N/A,N/A,N/A,N/A,N/A,N/A,N/A,N/A,N/A,N/A,N/A,N/A,N/A,N/A,N/A,N/A,N/A,N/A,N/A,N/A
Wallace Yan de Souza Barreto,20,1107849600,2005/02/08,Serie A,2024,Midfielder,Flamengo,16,0,16,Brazil,1,0,1,0,0,0,0,0,0,0,0,0,0,0,1,0,1,0,0,0,0,0,0,0,0,5.63,16,16,0,0,0,-1,-1,-1,25,0,6.63,0,45,5.62,1.00,0,1,1.00,1,99,5.62,0,0.00,0.00,0.00,0,0.00,1.00,0.00,0.00,0,0.00,0.00,0.00,0.00,0.00,0.00,0.00,0.00,0.00,5.62,1.00,1.00,0.00,0.00,0.05,0.00,0.00,0.00,0.00,0,0,,1,1.00,99,0,0.00,15,1,5.62,99,0,1,0,4,0.00,99,0,0,0.00,9,1,30,5.62,94,0,0.00,99,0,0.00,0,0,0.00,0,0.00,8,1,5.62,97,0,0.00,0.00,0,0.00,0,0,0,0.00,0,0,0.00,0,0.00,0,N/A,N/A,N/A,N/A,0.00,0,0.00,0,0.05,0.00,0,100.00,0.00,15,99,0.00,0.00,0,10,10,0,0,0,0.00,0.00,0,23,6.63,0.00,0.00,0,0,0.00,0.00,99,0.00,0,0,0,0.00,0.00,0,0.00,0.00,0.00,0.00,0,0,0.00,42,0,0,40,0,0.00,0,0.00,0.00,0.05,85,0.05,0.28,2,0,0.00,0.00,0.00,0.00,5,0,0.28,83,14,1,67,0,41,2,0,0.00,99,0,0.00,0.00,5.62,1.00,1,0,0,10,0.00,0.00,0.00,0,0.00,99,0,0.00,0,0.00,99,0,0.00,0.00,30,0,22,11,0,0,0,0,0,26,40,59,54,0,99,2,7,7,0,0,7,64,0,0
Walter Kannemann,34,668937600,1991/03/14,Serie A,2024,Defender,Grêmio,1004,540,464,Argentina,13,7,6,0,0,0,2,1,1,0,0,3,2,1,13,7,6,8,1,0.18,0.18,0,0,0,0,1.17,77,77,112,502,0.81,393,86,117,19,0,6.91,0.15,85,30.32,26.58,32,319,21.25,255,37,24.23,32,0.00,0.00,0.17,2,0.00,0.00,1.71,1.50,18,0.00,0.25,0.00,0.00,0.00,1.58,0.33,0.00,0.00,0.76,0.42,0.33,0.00,0.25,0.05,0.00,2.08,0.00,0.00,0,0,,8,0.67,50,3,0.29,49,5,0.48,56,7,0,13,59,0.00,99,0,19,1.81,96,0,30,0.00,14,0,0.00,99,0,0.00,0,0,0.00,0,0.19,17,4,0.38,21,4,0.38,100.00,0,0.00,0,0,0,0.00,0,0,0.00,42,0.00,0,N/A,N/A,N/A,N/A,0.00,0,0.00,0,0.62,0.00,0,79.94,37.50,45,37,0.75,0.86,9,37,99,0,0,0,0.58,0.67,7,87,82.90,4.33,4.94,52,1,0.00,0.10,4,0.08,0,0,0,0.00,0.00,0,0.00,0.00,0.00,0.00,0,0,0.00,42,35,18,40,42,1.76,69,0.15,0.17,0.62,39,0.05,0.06,43,9,0.75,0.86,2.00,1.75,90,21,0.06,38,54,95,67,0,41,85,0,0.00,99,25,0.00,2.38,8.74,7.67,92,55,61,38,5.23,4.58,59.78,3,0.29,74,0,0.00,0,0.00,99,0,0.00,0.00,30,45,14,97,0,0,0,0,0,59,40,59,54,0,99,39,10,98,6,46,99,4,0,0
Walter Leandro Capeloza Artune,38,564220800,1987/11/18,Serie A,2024,Goalkeeper,Cuiabá,3240,1530,1710,Brazil,36,17,19,0,0,0,0,0,0,0,0,9,5,4,44,19,25,7,0,0,0,0,0,0,0,1.22,74,90,463,0,0.19,497,432,135,19,0,7.23,0,45,25.31,24.71,21,865,17.89,626,12,18.32,20,0.00,0.00,0.03,1,0.00,0.00,0.03,0.03,1,0.00,0.00,0.00,0.00,3.49,0.00,0.06,4.77,0.00,0.00,0.00,0.06,0.00,0.00,0.00,0.00,0.23,0.00,0.00,0,0,,0,0.00,8,0,0.00,15,0,0.00,9,0,0,36,5,0.00,99,0,0,0.00,9,0,30,0.00,14,0,0.00,99,0,0.00,0,0,0.00,0,0.03,8,2,0.06,9,2,0.06,100.00,0,0.00,0,122,56,3.57,62,167,0.00,34,4.89,68,N/A,N/A,N/A,N/A,73.05,0,0.00,0,0.00,0.00,0,72.37,0.00,15,99,0.00,0.00,0,12,99,0,0,63,0.00,0.00,0,23,253.16,0.94,0.97,33,1,0.00,0.03,16,0.03,1,0,0,0.00,0.00,22,0.63,0.64,0.00,0.00,0,0,0.00,42,99,98,40,35,1.31,6,0.04,0.04,0.00,9,0.00,0.00,3,2,0.06,0.06,0.03,0.03,6,1,0.00,9,92,43,67,79,41,9,0,0.00,99,8,0.00,0.23,0.41,0.40,14,13,3,3,0.38,0.37,92.86,0,0.00,99,0,0.00,0,0.00,99,0,0.00,0.00,30,99,14,11,0,0,0,0,0,26,40,59,54,0,99,47,71,37,6,17,60,1,0,0
Wanderson,31,781513200,1994/10/07,Serie A,2024,Forward,Internacional,1014,536,478,Brazil,23,12,11,2,2,0,2,2,0,0,0,8,5,3,8,4,4,2,0,0.36,0.18,0.18,0.34,0,507,0.71,127,44,507,507,0.18,124,82,-1,8,0,6.90,0.09,85,24.65,12.09,20,266,10.64,234,85,21.69,26,0.00,0.00,0.86,19,0.00,2.05,0.93,0.45,10,0.00,0.64,0.00,0.00,0.00,0.27,0.77,0.00,7.00,1.30,0.18,1.50,0.00,0.45,0.12,0.00,0.05,0.00,0.00,0,0,,14,0.64,71,10,0.93,86,4,0.37,42,3,13,10,24,0.00,99,0,6,0.56,38,45,58,4.17,86,0,0.00,99,0,0.00,0,0,0.00,0,1.76,88,33,3.06,84,17,1.58,51.52,0,0.00,0,0,0,0.00,0,0,0.00,91,0.00,0,N/A,N/A,N/A,N/A,0.00,0,0.00,0,2.63,0.00,0,87.97,71.43,96,61,0.27,0.56,6,87,58,0,0,0,0.00,0.00,0,23,151.79,0.18,0.37,4,0,0.00,0.00,99,0.00,0,0,0,0.00,0.00,0,0.00,0.00,0.19,0.09,2,0,14.29,72,35,55,65,91,2.32,84,0.11,0.22,2.63,80,0.12,0.24,57,12,0.55,1.11,1.30,0.64,59,14,0.24,78,52,11,67,0,77,3,0,0.00,99,1,0.00,0.09,8.99,4.41,97,40,22,41,3.71,1.82,41.24,14,1.30,25,0,22.22,0,0.00,99,10,0.45,0.93,84,32,91,63,0,0,0,0,0,80,77,59,88,0,99,79,74,34,2,9,26,11,0,0
Welington Damascena Santos,24,982569600,2001/02/19,Serie A,2024,Defender,São Paulo,1696,941,755,Brazil,22,13,9,0,0,0,1,1,0,0,0,8,6,2,14,4,10,5,0,0.05,0.05,0,0,0,0,0.74,121,77,339,1696,0.27,450,252,22,27,0,6.28,0.05,52,40.91,33.10,60,695,28.57,600,76,35.32,64,0.00,0.00,0.71,15,0.00,3.00,2.12,1.71,36,0.00,0.57,0.00,0.00,0.00,0.81,0.52,0.00,0.00,0.41,0.24,1.14,0.00,0.10,0.02,0.00,1.19,0.00,0.00,0,0,,7,0.33,26,2,0.12,25,5,0.29,32,1,3,19,75,0.00,99,0,17,1.00,67,63,75,3.71,82,0,0.00,99,0,0.00,0,0,0.00,0,0.88,54,24,1.41,59,11,0.65,45.83,0,0.00,0,0,0,0.00,0,0,0.00,88,0.00,0,N/A,N/A,N/A,N/A,0.00,0,0.00,0,0.52,0.00,0,86.33,28.57,27,51,0.52,0.65,11,55,43,0,0,0,0.19,0.24,4,57,131.97,1.14,1.41,24,1,0.00,0.06,9,0.05,0,0,0,0.00,0.00,0,0.00,0.00,0.00,0.00,0,0,0.00,42,65,50,40,88,2.28,51,0.11,0.13,0.52,24,0.02,0.03,66,23,1.10,1.35,1.24,1.00,54,21,0.03,24,4,56,67,0,41,63,0,0.00,99,25,0.00,1.47,10.12,8.19,172,95,68,56,5.59,4.52,55.23,12,0.71,55,0,28.57,0,0.00,99,18,0.86,1.06,86,64,41,30,0,0,0,0,0,32,40,59,54,0,99,81,53,57,5,23,79,6,0,0
Weliton Santos do Amaral,20,1113375600,2005/04/13,Serie A,2024,Midfielder,Flamengo,0,0,0,Brazil,0,0,0,0,0,0,0,0,0,0,0,0,0,0,0,0,0,0,0,0,0,0,0,0,0,0,0,0,0,0,0,-1,-1,-1,-1,N/A,N/A,N/A,N/A,N/A,N/A,N/A,N/A,N/A,N/A,N/A,N/A,N/A,N/A,N/A,N/A,N/A,N/A,N/A,N/A,N/A,N/A,N/A,N/A,N/A,N/A,N/A,N/A,N/A,N/A,N/A,N/A,N/A,N/A,N/A,N/A,N/A,N/A,N/A,N/A,N/A,N/A,N/A,N/A,N/A,N/A,N/A,N/A,N/A,N/A,N/A,N/A,N/A,N/A,N/A,N/A,N/A,N/A,N/A,N/A,N/A,N/A,N/A,N/A,N/A,N/A,N/A,N/A,N/A,N/A,N/A,N/A,N/A,N/A,N/A,N/A,N/A,N/A,N/A,N/A,N/A,N/A,N/A,N/A,N/A,N/A,N/A,N/A,N/A,N/A,N/A,N/A,N/A,N/A,N/A,N/A,N/A,N/A,N/A,N/A,N/A,N/A,N/A,N/A,N/A,N/A,N/A,N/A,N/A,N/A,N/A,N/A,N/A,N/A,N/A,N/A,N/A,N/A,N/A,N/A,N/A,N/A,N/A,N/A,N/A,N/A,N/A,N/A,N/A,N/A,N/A,N/A,N/A,N/A,N/A,N/A,N/A,N/A,N/A,N/A,N/A,N/A,N/A,N/A,N/A,N/A,N/A,N/A,N/A,N/A,N/A,N/A,N/A,N/A,N/A,N/A,N/A,N/A,N/A,N/A,N/A,N/A,N/A,N/A,N/A,N/A,N/A,N/A,N/A,N/A,N/A,N/A,N/A,N/A,N/A,N/A,N/A,N/A,N/A,N/A,N/A,N/A,N/A,N/A,N/A,N/A,N/A,N/A,N/A,N/A,N/A,N/A,N/A,N/A,N/A,N/A,N/A,N/A,N/A,N/A,N/A,N/A,N/A,N/A,N/A,N/A,N/A,N/A,N/A,N/A,N/A,N/A,N/A,N/A,N/A,N/A,N/A,N/A,N/A,N/A,N/A,N/A,N/A,N/A
Wellington Soares da Silva,33,708850800,1992/06/18,Serie A,2024,Forward,São Paulo,1044,522,522,Brazil,25,12,13,1,0,1,5,4,1,0,0,8,5,3,7,0,7,3,0,0.52,0.43,0.09,0,0.17,1044,0.6,149,42,348,209,0.26,206,5,-1,10,0,6.94,0.2,99,37.87,16.71,52,401,14.38,345,74,32.58,56,0.00,0.00,1.12,27,0.00,3.42,0.85,0.38,9,0.00,0.46,0.00,0.00,0.00,0.00,0.33,0.00,16.00,1.51,0.38,0.58,0.00,0.29,0.08,0.00,0.25,0.00,0.00,0,0,,16,0.67,78,7,0.66,73,9,0.85,81,4,15,10,21,0.00,99,0,0,0.00,9,82,72,7.74,99,0,0.00,99,0,0.00,0,0,0.00,0,2.55,96,14,1.32,57,8,0.76,57.14,0,0.00,0,0,0,0.00,0,0,0.00,95,0.00,0,N/A,N/A,N/A,N/A,0.00,0,0.00,0,2.02,0.00,0,86.03,43.75,57,32,0.42,0.94,10,64,70,0,0,0,0.04,0.09,1,32,166.53,0.33,0.76,8,0,0.00,0.00,99,0.00,0,0,0,0.00,0.00,0,0.00,0.00,0.28,0.12,3,0,6.25,48,38,62,83,95,4.69,99,0.20,0.44,2.02,72,0.08,0.19,84,20,0.83,1.89,0.85,0.38,27,9,0.19,70,59,32,67,0,84,28,0,0.00,99,6,0.00,0.57,8.03,3.54,85,43,30,30,4.06,1.79,50.59,11,1.04,36,0,28.05,0,0.00,99,23,0.96,2.17,99,32,95,77,0,0,0,0,0,94,60,78,54,0,99,72,56,54,3,12,41,27,0,0
Werik Silva Pinto,24,1003302000,2001/10/17,Serie A,2024,Forward,Criciúma,51,23,28,Brazil,6,3,3,0,0,0,0,0,0,0,0,2,2,0,0,0,0,2,1,0,0,0,0,0,0,0,0,9,26,0,3.53,-1,-1,-1,18,0,6.39,0,45,22.94,2.17,17,13,1.50,9,7,15.88,14,0.00,0.00,0.33,2,0.00,0.00,0.00,0.00,0,0.00,0.17,0.00,0.00,0.00,0.00,0.17,0.00,0.00,1.76,0.17,0.50,0.00,0.00,0.01,0.00,0.33,0.00,0.00,0,0,,1,0.17,85,0,0.00,15,1,1.76,99,0,6,0,4,0.00,99,0,0,0.00,9,0,30,0.00,14,0,0.00,99,0,0.00,0,0,0.00,0,3.53,99,3,5.29,97,1,1.76,33.33,0,0.00,0,0,0,0.00,0,0,0.00,99,0.00,0,N/A,N/A,N/A,N/A,0.00,0,0.00,0,0.05,0.00,0,69.23,0.00,15,99,0.00,0.00,0,89,20,0,0,0,0.00,0.00,0,23,38.33,0.17,1.76,1,0,0.00,0.00,99,0.00,0,0,0,0.00,0.00,0,0.00,0.00,1.76,0.17,1,0,0.00,42,0,3,40,0,0.11,77,0.02,0.19,0.05,49,0.01,0.09,80,1,0.17,1.76,7.06,0.67,99,4,0.09,49,7,64,67,0,99,98,0,0.00,99,2,0.00,3.53,24.71,2.33,14,4,91,99,7.06,0.67,28.57,1,1.76,14,0,0.00,0,0.00,99,0,0.00,0.00,30,0,63,11,0,0,0,0,0,26,40,59,54,0,99,76,7,99,1,17,60,45,0,0
Werton de Almeida Rêgo,22,1063695600,2003/09/16,Serie A,2024,Forward,Flamengo,48,48,0,Brazil,2,2,0,0,0,0,0,0,0,0,0,0,0,0,0,0,0,0,0,0,0,0,0,0,0,0,0,24,0,0,0,-1,-1,-1,29,0,6.71,0,45,8.18,1.00,0,1,1.00,1,99,8.18,0,0.00,0.00,0.00,0,0.00,0.00,8.18,1.00,1,0.00,0.00,0.00,0.00,0.00,0.00,1.00,0.00,0.00,0.00,0.00,2.00,0.00,0.00,0.00,0.00,0.00,0.00,0.00,0,0,,0,0.00,8,0,0.00,15,0,0.00,9,1,2,0,99,0.00,99,0,0,0.00,9,0,30,0.00,14,0,0.00,99,0,0.00,0,0,0.00,0,0.00,8,2,16.36,99,1,8.18,50.00,0,0.00,0,0,0,0.00,0,0,0.00,99,0.00,0,N/A,N/A,N/A,N/A,0.00,0,0.00,0,0.00,0.00,0,100.00,0.00,15,0,1.00,8.18,1,99,57,0,0,0,0.00,0.00,0,23,6.71,0.00,0.00,0,0,0.00,0.00,99,0.00,0,0,0,0.00,0.00,0,0.00,0.00,0.00,0.00,0,0,0.00,42,0,0,40,0,0.00,0,0.00,0.00,0.00,9,0.00,0.00,99,2,2.00,16.36,0.00,0.00,5,0,0.00,9,21,1,67,0,41,2,0,0.00,99,0,0.00,0.00,57.27,7.00,7,4,99,99,32.73,4.00,57.14,0,0.00,99,0,0.00,0,0.00,99,0,0.00,0.00,30,0,31,30,0,0,0,0,0,26,40,59,54,0,99,2,7,7,0,0,7,26,0,0
Wesley Da Costa Silva,21,1073203200,2004/01/04,Serie A,2024,Defender,Grêmio,0,0,0,Brazil,0,0,0,0,0,0,0,0,0,0,0,0,0,0,0,0,0,0,0,0,0,0,0,0,0,0,0,0,0,0,0,-1,-1,-1,-1,N/A,N/A,N/A,N/A,N/A,N/A,N/A,N/A,N/A,N/A,N/A,N/A,N/A,N/A,N/A,N/A,N/A,N/A,N/A,N/A,N/A,N/A,N/A,N/A,N/A,N/A,N/A,N/A,N/A,N/A,N/A,N/A,N/A,N/A,N/A,N/A,N/A,N/A,N/A,N/A,N/A,N/A,N/A,N/A,N/A,N/A,N/A,N/A,N/A,N/A,N/A,N/A,N/A,N/A,N/A,N/A,N/A,N/A,N/A,N/A,N/A,N/A,N/A,N/A,N/A,N/A,N/A,N/A,N/A,N/A,N/A,N/A,N/A,N/A,N/A,N/A,N/A,N/A,N/A,N/A,N/A,N/A,N/A,N/A,N/A,N/A,N/A,N/A,N/A,N/A,N/A,N/A,N/A,N/A,N/A,N/A,N/A,N/A,N/A,N/A,N/A,N/A,N/A,N/A,N/A,N/A,N/A,N/A,N/A,N/A,N/A,N/A,N/A,N/A,N/A,N/A,N/A,N/A,N/A,N/A,N/A,N/A,N/A,N/A,N/A,N/A,N/A,N/A,N/A,N/A,N/A,N/A,N/A,N/A,N/A,N/A,N/A,N/A,N/A,N/A,N/A,N/A,N/A,N/A,N/A,N/A,N/A,N/A,N/A,N/A,N/A,N/A,N/A,N/A,N/A,N/A,N/A,N/A,N/A,N/A,N/A,N/A,N/A,N/A,N/A,N/A,N/A,N/A,N/A,N/A,N/A,N/A,N/A,N/A,N/A,N/A,N/A,N/A,N/A,N/A,N/A,N/A,N/A,N/A,N/A,N/A,N/A,N/A,N/A,N/A,N/A,N/A,N/A,N/A,N/A,N/A,N/A,N/A,N/A,N/A,N/A,N/A,N/A,N/A,N/A,N/A,N/A,N/A,N/A,N/A,N/A,N/A,N/A,N/A,N/A,N/A,N/A,N/A,N/A,N/A,N/A,N/A,N/A,N/A
Wesley David de Oliveira Andrade,25,952934400,2000/03/13,Serie A,2024,Defender,Cruzeiro,164,44,120,Brazil,4,1,3,0,0,0,0,0,0,0,0,1,0,1,3,0,3,0,0,0,0,0,0,0,0,1.65,55,41,0,0,0,-1,-1,-1,32,0,4.94,0,45,45.55,20.75,72,83,18.25,73,85,40.06,77,0.00,0.00,0.50,2,0.00,2.00,1.10,0.50,2,0.00,0.50,0.00,0.00,0.00,0.00,0.25,0.00,0.00,0.55,0.25,0.50,0.00,0.00,0.01,0.00,0.25,0.00,0.00,0,0,,1,0.25,37,0,0.00,15,1,0.55,62,4,2,2,30,0.00,99,0,0,0.00,9,8,66,4.39,88,0,0.00,99,0,0.00,0,0,0.00,0,1.10,64,2,1.10,48,1,0.55,50.00,0,0.00,0,0,0,0.00,0,0,0.00,7,0.00,0,N/A,N/A,N/A,N/A,0.00,0,0.00,0,0.06,0.00,0,87.95,0.00,15,1,1.00,2.20,4,48,57,0,0,0,0.00,0.00,0,23,19.75,1.00,2.20,4,0,0.00,0.00,99,0.00,0,0,0,0.00,0.00,0,0.00,0.00,0.00,0.00,0,0,0.00,42,0,0,40,7,0.23,51,0.06,0.13,0.06,24,0.01,0.03,89,4,1.00,2.20,1.10,0.50,43,2,0.03,24,0,72,67,0,41,27,0,0.00,99,1,0.00,0.55,10.43,4.75,19,8,38,60,4.39,2.00,42.11,2,1.10,33,0,25.00,0,0.00,99,2,0.50,1.10,87,1,31,77,0,0,0,0,0,26,40,59,54,0,99,47,7,7,0,0,7,2,0,0
Wesley França,22,1062831600,2003/09/06,Serie A,2024,Defender,Flamengo,2339,1319,1020,Brazil,31,17,14,1,1,0,2,1,1,0,0,7,3,4,29,17,12,1,0,0.12,0.08,0.04,0.07,0,2339,1.12,81,75,2339,1170,0.04,278,210,109,22,0,7.10,0.06,62,41.89,34.55,63,1002,30.41,882,86,36.87,68,0.00,0.00,0.86,25,0.00,2.38,2.63,2.17,63,0.00,0.83,0.00,0.00,0.00,1.28,0.93,0.00,0.00,0.59,0.28,2.14,0.00,0.21,0.04,0.00,1.38,0.00,0.00,0,0,,14,0.48,42,6,0.25,43,8,0.33,38,2,6,25,88,0.00,99,0,37,1.55,91,69,60,2.88,74,0,0.00,99,0,0.00,0,0,0.00,0,1.05,63,62,2.59,81,27,1.13,43.55,0,0.00,0,0,0,0.00,0,0,0.00,49,0.00,0,N/A,N/A,N/A,N/A,0.00,0,0.00,0,1.28,0.00,0,88.02,42.86,55,14,1.03,1.25,30,79,36,0,0,0,0.41,0.50,12,79,206.00,2.00,2.42,58,0,0.00,0.00,99,0.00,0,0,1,0.03,0.04,0,0.00,0.00,0.08,0.07,2,1,0.00,42,84,83,97,51,3.76,66,0.13,0.16,1.28,35,0.04,0.05,84,46,1.59,1.92,1.42,1.17,66,34,0.05,34,82,75,72,0,58,70,0,0.00,99,40,0.00,1.67,13.59,11.21,325,176,95,84,7.36,6.07,54.15,24,1.00,38,0,23.19,0,0.00,99,16,0.55,0.67,74,80,63,46,0,0,0,0,0,46,45,59,57,0,99,39,99,9,1,3,8,43,0,0
Wesley Gassova Ribeiro Teixeira,20,1110009600,2005/03/05,Serie A,2024,Midfielder,Corinthians,1444,712,732,Brazil,23,11,12,2,2,0,1,1,0,0,0,5,3,2,20,8,12,2,0,0.19,0.06,0.12,0.25,0,722,1.25,72,63,722,1444,0.12,183,243,-1,8,0,6.95,0.04,54,20.26,13.67,12,287,11.19,235,47,16.59,16,0.00,0.00,1.14,24,0.00,2.00,0.92,0.62,13,0.00,1.52,0.00,0.00,0.00,0.24,2.62,0.00,9.00,1.27,0.29,5.24,0.00,0.57,0.15,0.00,0.05,0.00,0.00,0,0,,18,0.86,69,12,0.85,82,6,0.42,50,2,6,17,24,0.00,99,0,5,0.35,26,42,45,2.96,74,0,0.00,99,0,0.00,0,0,0.00,0,1.69,87,110,7.76,99,55,3.88,50.00,0,0.00,0,0,0,0.00,0,0,0.00,31,0.00,0,N/A,N/A,N/A,N/A,0.00,0,0.00,0,3.17,0.00,0,81.88,66.67,95,52,0.43,0.64,9,99,57,0,0,0,0.00,0.00,0,23,145.86,0.00,0.00,0,0,0.00,0.00,99,0.00,0,0,0,0.00,0.00,0,0.00,0.00,0.28,0.19,4,0,11.11,61,55,55,74,31,1.93,57,0.09,0.14,3.17,77,0.15,0.22,91,33,1.57,2.33,0.92,0.62,31,13,0.22,75,61,1,67,0,84,2,0,0.00,99,1,0.00,0.07,15.32,10.33,217,102,92,93,7.20,4.86,47.00,32,2.26,4,0,16.67,0,0.00,99,7,0.33,0.49,67,60,63,46,0,1,0,4,0,61,66,59,81,0,99,36,88,20,2,9,26,36,0,0
Wesley Ribeiro Silva,26,922780800,1999/03/30,Serie A,2024,Forward,Internacional,2526,1302,1224,Brazil,33,17,16,11,7,4,1,1,0,0,0,11,6,5,24,11,13,11,0,0.43,0.04,0.39,0.48,0.29,230,0.86,105,77,230,2526,0.39,31,269,-1,1,0,7.20,0.03,50,27.67,23.84,26,763,18.25,584,20,21.18,25,0.00,0.00,1.09,35,0.00,2.12,1.41,1.22,39,0.00,1.25,0.00,0.00,0.00,0.47,2.59,0.00,5.18,2.07,0.78,4.41,0.00,1.00,0.37,0.00,1.41,0.00,0.00,0,0,,57,1.78,92,32,1.16,94,25,0.91,83,9,3,30,43,0.00,99,0,15,0.54,36,68,84,2.47,69,0,0.00,99,0,0.00,0,0,0.00,0,1.27,73,141,5.11,96,83,3.01,58.87,0,0.00,0,0,0,0.00,0,0,0.00,79,0.00,0,N/A,N/A,N/A,N/A,0.00,0,0.00,0,11.71,0.00,0,76.54,56.14,83,22,0.94,1.09,30,98,73,0,0,0,0.12,0.15,4,43,230.43,0.31,0.36,10,0,0.00,0.00,99,0.00,0,0,4,0.12,0.15,0,0.00,0.00,0.33,0.28,9,3,19.30,84,89,91,46,79,2.80,33,0.09,0.10,11.71,96,0.37,0.42,96,77,2.41,2.79,2.03,1.75,91,56,0.42,94,90,9,96,0,86,68,0,0.00,99,45,0.00,1.63,16.93,14.59,467,243,99,98,8.81,7.59,52.03,40,1.45,21,0,32.35,0,0.00,99,22,0.69,0.80,79,90,41,99,0,1,0,3,0,88,94,87,94,0,99,76,28,80,11,33,95,21,0,0
Weverton Pereira da Silva,37,566380800,1987/12/13,Serie A,2024,Goalkeeper,Palmeiras,3330,1620,1710,Brazil,37,18,19,0,0,0,1,1,0,0,0,16,8,8,31,14,17,2,0,0.03,0.03,0,0,0,0,0.84,107,90,1665,3330,0.05,481,277,35,30,0,7.27,0.03,46,25.51,25.51,22,893,16.66,583,4,16.66,16,0.00,0.00,0.06,2,0.00,0.00,0.03,0.03,1,0.00,0.03,0.00,0.00,3.34,0.00,0.00,4.20,0.00,0.00,0.00,0.00,0.00,0.00,0.00,0.00,0.20,0.00,0.00,0,0,,0,0.00,8,0,0.00,15,0,0.00,9,0,0,37,5,0.00,99,0,0,0.00,9,0,30,0.00,14,0,0.00,99,0,0.00,0,0,0.00,0,0.06,9,0,0.00,7,0,0.00,0.00,0,0.00,0,117,94,3.34,56,147,0.00,82,4.20,26,N/A,N/A,N/A,N/A,79.59,0,0.00,0,0.00,0.00,0,65.29,0.00,15,95,0.03,0.03,1,10,10,0,0,68,0.03,0.03,1,24,254.36,0.57,0.57,20,0,0.00,0.00,99,0.00,0,0,0,0.00,0.00,13,0.37,0.37,0.00,0.00,0,0,0.00,42,99,99,40,81,2.05,13,0.06,0.06,0.00,9,0.00,0.00,12,9,0.26,0.26,0.00,0.00,5,0,0.00,9,93,22,67,39,41,7,0,0.00,99,7,0.00,0.20,0.57,0.57,20,17,6,5,0.49,0.49,85.00,1,0.03,88,0,0.00,0,0.00,99,0,0.00,0.00,30,99,14,11,0,0,0,0,0,27,40,59,54,0,99,91,98,9,2,5,13,21,0,0
Wilker Ángel,32,732441600,1993/03/18,Serie A,2024,Defender,Criciúma,986,450,536,Venezuela,13,5,8,1,1,0,0,0,0,0,0,2,0,2,13,5,8,3,0,0.09,0,0.09,0.2,0,986,1.19,76,76,329,0,0.27,215,485,127,13,0,6.99,0,45,29.14,23.73,29,261,18.45,203,26,22.67,29,0.00,0.00,0.00,0,0.00,0.00,1.00,0.82,9,0.00,0.18,0.00,0.00,0.00,0.91,0.00,0.00,8.00,0.89,0.27,0.00,0.00,0.45,0.13,0.00,2.18,0.00,0.00,0,0,,8,0.73,56,5,0.56,69,3,0.33,38,1,1,12,27,0.00,99,0,10,1.12,74,0,30,0.00,14,0,0.00,99,0,0.00,0,0,0.00,0,0.00,8,0,0.00,7,0,0.00,0.00,0,0.00,0,0,0,0.00,0,0,0.00,38,0.00,0,N/A,N/A,N/A,N/A,0.00,0,0.00,0,1.44,0.00,0,77.78,62.50,91,70,0.36,0.45,4,10,10,0,0,0,1.18,1.45,13,99,76.86,4.91,6.03,54,0,0.00,0.00,99,0.00,0,0,0,0.00,0.00,0,0.00,0.00,0.11,0.09,1,0,12.50,68,34,18,81,40,0.41,10,0.04,0.05,1.44,66,0.13,0.16,10,2,0.18,0.22,1.45,1.18,68,13,0.16,64,67,99,67,0,65,91,0,0.00,99,24,0.00,2.68,6.70,5.45,60,34,24,17,3.80,3.09,56.67,2,0.22,77,0,0.00,0,0.00,99,0,0.00,0.00,30,41,22,30,0,0,0,0,0,42,60,59,76,0,99,14,51,57,3,23,79,4,0,0
Willean Bernardo Willemen,28,853401600,1997/01/16,Serie A,2024,Midfielder,Vitória,1786,750,1036,Brazil,28,13,15,0,0,0,0,0,0,0,0,4,0,4,24,10,14,5,0,0,0,0,0,0,0,1.21,74,64,357,0,0.25,359,287,-1,22,0,6.84,0,45,35.47,24.35,45,633,18.85,490,25,27.46,42,0.00,0.00,0.73,19,0.00,2.04,3.25,2.23,58,0.00,0.69,0.00,0.00,0.00,0.92,1.96,0.00,0.00,0.50,0.23,3.19,0.00,0.12,0.03,0.00,1.15,0.00,0.00,0,0,,9,0.35,33,3,0.17,32,6,0.34,39,2,8,20,97,0.00,99,0,24,1.34,84,53,69,2.97,75,0,0.00,99,0,0.00,0,0,0.00,0,1.06,63,83,4.65,94,51,2.86,61.45,0,0.00,0,0,0,0.00,0,0,0.00,35,0.00,0,N/A,N/A,N/A,N/A,0.00,0,0.00,0,0.72,0.00,0,77.41,33.33,37,7,1.08,1.57,28,98,77,0,0,0,0.27,0.39,7,73,177.72,1.96,2.86,51,0,0.00,0.00,99,0.00,0,0,0,0.00,0.00,0,0.00,0.00,0.11,0.08,2,0,0.00,42,67,74,40,35,1.82,33,0.07,0.10,0.72,30,0.03,0.04,46,16,0.62,0.90,0.95,0.65,33,17,0.04,29,42,80,67,0,65,70,0,0.00,99,30,0.00,1.68,15.80,10.85,282,154,99,95,8.63,5.92,54.61,18,1.01,37,0,26.42,0,0.00,99,14,0.54,0.78,78,67,73,46,0,0,0,0,0,26,40,59,54,0,99,12,57,51,5,18,63,97,0,0
William de Asevedo Furtado,30,796892400,1995/04/03,Serie A,2024,Defender,Cruzeiro,2964,1576,1388,Brazil,34,18,16,5,4,1,5,3,2,3,0,11,5,6,29,14,15,8,0,0.3,0.15,0.15,0.23,0.06,593,0.88,102,87,371,593,0.24,145,113,44,3,0,7.32,0.15,79,40.33,38.90,59,1167,30.90,927,34,32.04,54,0.00,0.00,1.07,32,0.00,5.37,2.94,2.83,85,0.00,0.70,0.00,0.00,0.00,1.40,1.03,0.00,6.40,1.11,0.67,2.37,0.00,0.40,0.18,0.00,1.00,0.00,0.00,0,0,,32,1.07,64,12,0.41,60,20,0.69,71,1,1,33,93,0.00,99,0,42,1.45,88,161,42,5.56,94,0,0.00,99,0,0.00,0,0,0.00,0,1.11,65,71,2.45,79,31,1.07,43.66,0,0.00,0,0,0,0.00,0,0,0.00,77,0.00,0,N/A,N/A,N/A,N/A,0.00,0,0.00,0,5.38,0.00,0,79.43,37.50,45,18,1.13,1.18,34,77,37,3,0,0,0.23,0.24,7,57,219.46,1.63,1.69,49,0,0.00,0.00,99,0.00,0,3,1,0.03,0.03,0,0.00,0.00,0.00,0.00,0,0,15.62,75,96,94,69,76,5.94,82,0.20,0.21,3.28,55,0.11,0.11,34,20,0.67,0.69,1.31,1.27,59,38,0.19,70,96,63,68,0,41,49,0,0.00,99,30,0.00,1.04,11.27,10.87,326,166,72,68,5.74,5.53,50.92,21,0.73,54,0,15.53,0,0.00,99,25,0.83,0.86,82,95,22,30,0,0,0,0,0,74,72,60,79,0,99,72,59,49,8,24,82,12,0,0
William Gomes Carvalho Santos,19,1142409600,2006/03/15,Serie A,2024,Midfielder,São Paulo,488,194,294,Brazil,11,6,5,3,1,2,1,1,0,0,0,1,0,1,6,4,2,2,0,0.74,0.18,0.55,0.46,0.61,163,1.11,81,44,244,488,0.37,10,90,-1,6,0,6.72,0.09,85,19.55,9.64,10,106,7.64,84,34,15.49,13,0.00,0.00,0.55,6,0.00,2.09,1.29,0.64,7,0.00,0.55,0.00,0.00,0.00,0.09,1.18,0.00,5.67,3.14,0.82,3.64,0.00,0.73,0.30,0.00,0.27,0.00,0.00,0,0,,17,1.55,99,8,1.48,98,9,1.66,99,1,7,4,39,0.00,99,0,1,0.18,15,23,91,4.24,88,0,0.00,99,0,0.00,0,0,0.00,0,1.11,65,40,7.38,99,13,2.40,32.50,0,0.00,0,0,0,0.00,0,0,0.00,51,0.00,0,N/A,N/A,N/A,N/A,0.00,0,0.00,0,3.26,0.00,0,79.25,47.06,61,1,1.09,2.21,12,95,17,0,0,0,0.00,0.00,0,23,73.97,0.00,0.00,0,0,0.00,0.00,99,0.00,0,0,1,0.09,0.18,0,0.00,0.00,0.55,0.27,3,0,17.65,82,8,11,42,51,0.98,73,0.09,0.18,3.26,99,0.30,0.60,7,1,0.09,0.18,0.92,0.45,31,5,0.60,99,22,1,97,0,94,27,0,0.00,99,3,0.00,0.55,15.12,7.45,82,24,40,92,4.43,2.18,29.27,6,1.11,33,0,39.13,0,0.00,99,9,0.82,1.66,96,6,68,30,0,0,0,0,0,99,99,99,93,0,99,5,31,77,2,18,63,39,0,0
Willian da Silva Santos,22,1064214000,2003/09/22,Serie A,2024,Midfielder,Bragantino,10,5,5,Brazil,2,1,1,0,0,0,0,0,0,0,0,0,0,0,0,0,0,0,0,0,0,0,0,0,0,0,0,5,0,0,0,-1,-1,-1,23,0,6.62,0,45,54.00,3.00,88,6,1.50,3,0,27.00,39,0.00,0.00,0.00,0,0.00,0.00,0.00,0.00,0,0.00,0.00,0.00,0.00,0.00,0.00,0.00,0.00,0.00,9.00,0.00,0.00,0.00,0.50,0.06,0.00,0.00,0.00,0.00,0,0,,1,0.50,99,1,9.00,99,0,0.00,9,0,2,0,4,0.00,99,0,0,0.00,9,0,30,0.00,14,0,0.00,99,0,0.00,0,0,0.00,0,0.00,8,0,0.00,7,0,0.00,0.00,0,0.00,0,0,0,0.00,0,0,0.00,99,0.00,0,N/A,N/A,N/A,N/A,0.00,0,0.00,0,0.11,0.00,0,50.00,100.00,99,99,0.00,0.00,0,10,10,0,0,0,0.00,0.00,0,23,13.25,0.00,0.00,0,0,0.00,0.00,99,0.00,0,0,0,0.00,0.00,0,0.00,0.00,0.00,0.00,0,0,0.00,42,0,0,40,0,0.01,27,0.01,0.09,0.11,99,0.06,0.99,99,1,0.50,9.00,9.00,0.50,99,1,0.99,99,14,1,67,0,41,2,0,0.00,99,0,0.00,0.00,18.00,1.00,2,1,99,99,9.00,0.50,50.00,0,0.00,99,0,0.00,0,0.00,99,0,0.00,0.00,30,0,31,11,0,0,0,0,0,26,40,59,54,0,99,2,7,7,0,0,7,53,0,0
Willian Osmar de Oliveira Silva,32,737535600,1993/05/16,Serie A,2024,Midfielder,Vitória,2652,1267,1385,Brazil,35,17,18,5,4,1,1,0,1,0,0,9,4,5,36,16,20,8,0,0.2,0.03,0.17,0.28,0.06,530,1.22,74,76,332,2652,0.27,133,273,-1,4,0,6.99,0.03,46,32.28,27.33,36,902,22.79,752,58,26.91,39,0.00,0.00,0.91,30,0.00,0.09,1.79,1.52,50,0.00,0.67,0.00,0.00,0.00,1.03,0.12,0.00,6.40,1.15,0.58,0.36,0.00,0.39,0.17,0.00,1.30,0.00,0.00,0,0,,32,0.97,64,13,0.47,63,19,0.68,71,2,5,30,62,0.00,99,0,34,1.22,79,3,98,0.11,20,0,0.00,99,0,0.00,0,0,0.00,0,1.07,63,12,0.43,24,4,0.14,33.33,0,0.00,0,0,0,0.00,0,0,0.00,34,0.00,0,N/A,N/A,N/A,N/A,0.00,0,0.00,0,5.55,0.00,0,83.37,40.62,51,28,0.85,1.00,28,20,20,0,0,0,0.21,0.25,7,58,230.62,1.24,1.47,41,0,0.00,0.00,99,0.00,0,0,1,0.03,0.04,0,0.00,0.00,0.04,0.03,1,1,15.62,75,92,97,66,35,3.39,45,0.10,0.12,5.55,73,0.17,0.20,69,40,1.21,1.43,1.57,1.33,73,44,0.20,71,67,58,72,0,46,65,0,0.00,99,43,0.00,1.54,9.84,8.33,275,137,53,54,4.90,4.15,49.82,22,0.79,50,0,66.67,0,0.00,99,2,0.06,0.07,38,90,57,46,0,1,0,3,0,63,75,60,83,0,99,51,52,57,8,23,79,29,0,0
Yago Eduardo Noal Lopes,18,1170662400,2007/02/05,Serie A,2024,Midfielder,Internacional,0,0,0,Brazil,0,0,0,0,0,0,0,0,0,0,0,0,0,0,0,0,0,0,0,0,0,0,0,0,0,0,0,0,0,0,0,-1,-1,-1,-1,N/A,N/A,N/A,N/A,N/A,N/A,N/A,N/A,N/A,N/A,N/A,N/A,N/A,N/A,N/A,N/A,N/A,N/A,N/A,N/A,N/A,N/A,N/A,N/A,N/A,N/A,N/A,N/A,N/A,N/A,N/A,N/A,N/A,N/A,N/A,N/A,N/A,N/A,N/A,N/A,N/A,N/A,N/A,N/A,N/A,N/A,N/A,N/A,N/A,N/A,N/A,N/A,N/A,N/A,N/A,N/A,N/A,N/A,N/A,N/A,N/A,N/A,N/A,N/A,N/A,N/A,N/A,N/A,N/A,N/A,N/A,N/A,N/A,N/A,N/A,N/A,N/A,N/A,N/A,N/A,N/A,N/A,N/A,N/A,N/A,N/A,N/A,N/A,N/A,N/A,N/A,N/A,N/A,N/A,N/A,N/A,N/A,N/A,N/A,N/A,N/A,N/A,N/A,N/A,N/A,N/A,N/A,N/A,N/A,N/A,N/A,N/A,N/A,N/A,N/A,N/A,N/A,N/A,N/A,N/A,N/A,N/A,N/A,N/A,N/A,N/A,N/A,N/A,N/A,N/A,N/A,N/A,N/A,N/A,N/A,N/A,N/A,N/A,N/A,N/A,N/A,N/A,N/A,N/A,N/A,N/A,N/A,N/A,N/A,N/A,N/A,N/A,N/A,N/A,N/A,N/A,N/A,N/A,N/A,N/A,N/A,N/A,N/A,N/A,N/A,N/A,N/A,N/A,N/A,N/A,N/A,N/A,N/A,N/A,N/A,N/A,N/A,N/A,N/A,N/A,N/A,N/A,N/A,N/A,N/A,N/A,N/A,N/A,N/A,N/A,N/A,N/A,N/A,N/A,N/A,N/A,N/A,N/A,N/A,N/A,N/A,N/A,N/A,N/A,N/A,N/A,N/A,N/A,N/A,N/A,N/A,N/A,N/A,N/A,N/A,N/A,N/A,N/A,N/A,N/A,N/A,N/A,N/A,N/A
Yago Felipe da Costa Rocha,30,791798400,1995/02/03,Serie A,2024,Midfielder,Bahia,72,43,29,Brazil,9,5,4,0,0,0,0,0,0,0,0,5,4,1,0,0,0,3,0,0,0,0,0,0,0,0,0,8,24,0,3.75,-1,-1,-1,21,0,5.70,0,45,72.39,5.29,99,37,4.29,30,42,58.70,99,0.00,0.00,0.00,0,0.00,0.00,5.87,0.43,3,0.00,0.00,0.00,0.00,0.00,0.00,0.00,0.00,0.00,1.96,0.14,0.00,0.00,0.00,0.01,0.00,0.14,0.00,0.00,0,0,,1,0.14,89,0,0.00,15,1,1.96,99,0,9,0,99,0.00,99,0,0,0.00,9,0,30,0.00,14,0,0.00,99,0,0.00,0,0,0.00,0,0.00,8,0,0.00,7,0,0.00,0.00,0,0.00,0,0,0,0.00,0,0,0.00,99,0.00,0,N/A,N/A,N/A,N/A,0.00,0,0.00,0,0.04,0.00,0,81.08,0.00,15,0,0.71,9.78,5,10,10,0,0,0,0.00,0.00,0,23,39.92,0.29,3.91,2,0,0.00,0.00,99,0.00,0,0,0,0.00,0.00,0,0.00,0.00,0.00,0.00,0,0,0.00,42,0,6,40,0,0.06,45,0.01,0.12,0.04,44,0.01,0.08,85,1,0.14,1.96,11.74,0.86,99,6,0.08,43,0,87,67,0,41,76,0,0.00,99,1,0.00,1.96,31.30,2.29,16,5,99,99,9.78,0.71,31.25,0,0.00,99,0,0.00,0,0.00,99,0,0.00,0.00,30,0,78,11,0,0,0,0,0,26,40,59,54,0,99,99,7,99,3,33,95,20,0,0
Yago Pikachu,33,707727600,1992/06/05,Serie A,2024,Forward,Fortaleza,1634,787,847,Brazil,32,16,16,2,2,0,4,3,1,0,0,10,8,2,21,2,19,6,0,0.33,0.22,0.11,0.23,0,817,1.16,78,51,272,409,0.33,193,50,-1,9,0,6.83,0.12,92,26.47,13.64,23,382,11.36,318,57,22.03,27,0.00,0.00,0.64,18,0.00,1.43,0.97,0.50,14,0.00,0.50,0.00,0.00,0.00,0.50,0.32,0.00,9.00,1.25,0.39,0.79,0.00,0.25,0.09,0.00,0.14,0.00,0.00,0,0,,18,0.64,68,7,0.48,64,11,0.76,76,2,14,18,26,0.00,99,0,14,0.97,65,40,52,2.77,73,0,0.00,99,0,0.00,0,0,0.00,0,1.25,72,22,1.52,63,9,0.62,40.91,0,0.00,0,0,0,0.00,0,0,0.00,43,0.00,0,N/A,N/A,N/A,N/A,0.00,0,0.00,0,2.56,0.00,0,83.25,38.89,47,35,0.46,0.90,13,54,30,0,0,0,0.00,0.00,0,23,191.32,0.21,0.42,6,1,0.00,0.07,8,0.04,0,0,0,0.00,0.00,0,0.00,0.00,0.14,0.07,2,0,11.11,61,63,88,77,44,3.72,92,0.13,0.26,2.56,70,0.09,0.18,89,32,1.14,2.22,0.76,0.39,22,11,0.18,68,41,13,67,0,70,11,0,0.00,99,4,0.00,0.28,8.38,4.32,121,59,30,34,4.09,2.11,48.76,14,0.97,39,0,20.00,0,0.00,99,8,0.29,0.55,68,62,93,46,0,0,0,0,0,78,64,59,79,0,99,68,39,70,5,16,54,22,0,0
Yan da Cruz Souto,24,1002265200,2001/10/05,Serie A,2024,Defender,Juventude,237,89,148,Brazil,4,2,2,1,0,1,0,0,0,0,0,0,0,0,5,3,2,0,0,0.38,0,0.38,0,0.61,237,1.9,47,59,0,0,0,-1,-1,-1,16,0,6.85,0,45,43.29,28.50,67,114,22.25,89,27,33.80,59,0.00,0.00,0.25,1,0.00,0.25,1.52,1.00,4,0.00,0.25,0.00,0.00,0.00,0.25,0.25,0.00,3.00,1.14,0.25,0.25,0.00,0.50,0.23,0.00,1.25,0.00,0.00,0,0,,3,0.75,64,2,0.76,79,1,0.38,43,3,2,2,49,0.00,99,0,1,0.38,27,1,99,0.38,34,0,0.00,99,0,0.00,0,0,0.00,0,0.38,28,1,0.38,21,1,0.38,100.00,0,0.00,0,0,0,0.00,0,0,0.00,3,0.00,0,N/A,N/A,N/A,N/A,0.00,0,0.00,0,0.90,0.00,0,78.07,66.67,95,44,0.50,0.76,2,37,99,0,0,0,0.25,0.38,1,72,27.38,3.25,4.94,13,0,0.00,0.00,99,0.00,0,0,0,0.00,0.00,0,0.00,0.00,0.00,0.00,0,0,33.33,99,0,0,46,3,0.19,17,0.05,0.07,0.90,91,0.23,0.34,2,0,0.00,0.00,0.38,0.25,9,1,0.34,89,44,95,67,0,41,75,0,0.00,99,5,0.00,1.90,7.59,5.00,20,10,24,25,3.80,2.50,50.00,1,0.38,69,0,100.00,0,0.00,99,1,0.25,0.38,60,1,31,63,0,0,0,0,0,82,94,99,54,0,99,2,7,7,0,0,7,70,0,0
Yannick Bolasie Yala,36,611996400,1989/05/24,Serie A,2024,Forward,Criciúma,2381,1440,941,Congo DR,34,19,15,8,5,3,4,0,4,0,0,6,4,2,38,20,18,4,0,0.45,0.15,0.3,0.31,0.29,298,1.44,63,70,595,595,0.15,56,114,-1,1,0,7.02,0.12,79,16.59,12.65,5,392,9.32,289,13,12.23,5,0.00,0.00,0.55,17,0.00,1.74,0.80,0.61,19,0.00,1.13,0.00,0.00,0.00,0.13,0.71,0.00,7.00,2.37,0.74,1.74,0.00,1.06,0.33,0.00,1.26,0.00,0.00,0,0,,56,1.81,96,33,1.40,98,23,0.97,87,1,7,27,20,0.00,99,0,4,0.17,15,54,47,2.29,67,0,0.00,99,0,0.00,0,0,0.00,0,0.72,43,54,2.29,77,22,0.93,40.74,0,0.00,0,0,0,0.00,0,0,0.00,16,0.00,0,N/A,N/A,N/A,N/A,0.00,0,0.00,0,10.16,0.00,0,73.72,58.93,86,76,0.29,0.38,9,72,29,0,0,0,0.06,0.08,2,29,217.47,0.45,0.59,14,0,0.00,0.00,99,0.00,0,0,1,0.03,0.04,0,0.00,0.00,0.51,0.39,12,0,14.29,72,86,94,51,16,2.99,51,0.10,0.13,10.16,97,0.33,0.43,54,25,0.81,1.06,1.35,1.03,61,32,0.43,95,72,23,72,0,92,69,0,0.00,99,39,0.00,1.65,10.92,8.32,258,104,39,66,4.40,3.35,40.31,35,1.48,19,0,18.52,0,0.00,99,10,0.32,0.42,63,85,68,30,0,3,0,9,0,90,89,87,85,0,99,23,79,29,4,12,41,11,0,0
Yarlen Faustino Augusto,19,1140422400,2006/02/20,Serie A,2024,Midfielder,Botafogo,74,29,45,Brazil,4,2,2,0,0,0,0,0,0,0,0,2,1,1,0,0,0,1,0,0,0,0,0,0,0,0,0,19,74,0,1.22,-1,-1,-1,29,0,6.46,0,45,13.38,2.75,0,11,1.25,5,0,6.08,0,0.00,0.00,0.00,0,0.00,0.00,3.65,0.75,3,0.00,1.00,0.00,0.00,0.00,0.25,0.00,0.00,0.00,1.22,0.25,0.75,0.00,0.00,0.01,0.00,0.25,0.00,0.00,0,0,,1,0.25,66,0,0.00,15,1,1.22,96,0,4,0,98,0.00,99,0,1,1.22,79,0,30,0.00,14,0,0.00,99,0,0.00,0,0,0.00,0,0.00,8,3,3.65,88,0,0.00,0.00,0,0.00,0,0,0,0.00,0,0,0.00,99,0.00,0,N/A,N/A,N/A,N/A,0.00,0,0.00,0,0.04,0.00,0,45.45,0.00,15,0,0.50,2.43,2,10,10,0,0,0,0.00,0.00,0,23,25.82,0.25,1.22,1,0,0.00,0.00,99,0.00,0,0,0,0.00,0.00,0,0.00,0.00,0.00,0.00,0,0,0.00,42,0,0,40,0,0.01,0,0.00,0.01,0.04,35,0.01,0.05,2,0,0.00,0.00,2.43,0.50,96,2,0.05,34,8,51,67,0,41,56,0,0.00,99,1,0.00,1.22,23.11,4.75,19,4,52,99,4.86,1.00,21.05,4,4.86,0,0,0.00,0,0.00,99,0,0.00,0.00,30,0,50,11,0,0,0,0,0,26,40,59,54,0,99,96,8,99,1,25,84,67,0,0
Yeferson Andrés Rodallega Paz,25,974966400,2000/11/23,Serie A,2024,Defender,Atlético GO,104,14,90,Colombia,2,1,1,0,0,0,0,0,0,0,0,0,0,0,3,1,2,0,0,0,0,0,0,0,0,2.6,35,52,0,0,0,-1,-1,-1,32,0,6.18,0,45,34.62,20.00,43,40,15.50,31,25,26.83,39,0.00,0.00,0.00,0,0.00,2.00,0.87,0.50,1,0.00,0.00,0.00,0.00,0.00,0.00,0.00,0.00,0.00,0.00,0.00,0.00,0.00,0.00,0.00,0.00,0.00,0.00,0.00,0,0,,0,0.00,8,0,0.00,15,0,0.00,9,0,1,1,22,0.00,99,0,0,0.00,9,4,66,3.46,80,0,0.00,99,0,0.00,0,0,0.00,0,0.00,8,0,0.00,7,0,0.00,0.00,0,0.00,0,0,0,0.00,0,0,0.00,0,0.00,0,N/A,N/A,N/A,N/A,0.00,0,0.00,0,0.00,0.00,0,77.50,0.00,15,36,0.50,0.87,1,10,10,0,0,0,0.00,0.00,0,23,12.35,3.50,6.06,7,0,0.00,0.00,99,0.00,0,0,0,0.00,0.00,0,0.00,0.00,0.00,0.00,0,0,0.00,42,0,0,40,0,0.06,10,0.03,0.05,0.00,9,0.00,0.00,2,0,0.00,0.00,0.00,0.00,5,0,0.00,9,3,99,67,0,41,2,0,0.00,99,0,0.00,0.00,2.60,1.50,3,1,7,7,0.87,0.50,33.33,0,0.00,99,0,25.00,0,0.00,99,1,0.50,0.87,82,1,22,11,0,0,0,0,0,26,40,59,54,0,99,2,7,7,0,0,7,17,0,0
Yeferson Julio Soteldo Martínez,28,867654000,1997/06/30,Serie A,2024,Midfielder,Grêmio,1696,974,722,Venezuela,24,14,10,5,5,0,2,1,1,0,0,5,4,1,21,9,12,3,0,0.37,0.11,0.27,0.46,0,339,1.11,81,71,565,848,0.16,64,159,-1,3,0,7.04,0.08,70,29.98,23.33,32,560,19.42,466,57,24.95,33,0.00,0.00,2.04,49,0.00,3.25,0.54,0.42,10,0.00,2.17,0.00,0.00,0.00,0.29,2.38,0.00,3.40,0.91,0.29,4.67,0.00,0.42,0.19,0.00,0.00,0.00,0.00,0,0,,17,0.71,57,10,0.54,68,7,0.37,42,4,5,19,12,0.00,99,0,7,0.37,26,78,70,4.18,87,0,0.00,99,0,0.00,0,0,0.00,0,2.62,97,112,6.00,99,57,3.05,50.89,0,0.00,0,0,0,0.00,0,0,0.00,51,0.00,0,N/A,N/A,N/A,N/A,0.00,0,0.00,0,4.56,0.00,0,83.21,58.82,86,52,0.50,0.64,12,98,57,0,0,0,0.08,0.11,2,38,169.08,0.12,0.16,3,0,0.00,0.00,99,0.00,0,0,2,0.08,0.11,0,0.00,0.00,0.16,0.12,3,0,29.41,96,65,58,54,51,3.82,80,0.16,0.20,4.56,80,0.19,0.24,86,38,1.58,2.03,0.37,0.29,9,7,0.24,78,75,3,91,0,73,2,0,0.00,99,0,0.00,0.00,12.74,9.92,238,105,68,79,5.62,4.38,44.12,52,2.78,1,0,26.92,0,0.00,99,21,0.88,1.12,87,64,57,77,0,0,0,0,0,82,88,59,93,0,99,32,78,30,2,8,21,7,0,0
Yerson Candelo,33,698918400,1992/02/24,Serie A,2024,Midfielder,Criciúma,26,12,14,Colombia,2,1,1,0,0,0,0,0,0,0,0,1,0,1,0,0,0,0,0,0,0,0,0,0,0,0,0,13,0,0,0,-1,-1,-1,27,0,6.88,0,45,45.00,6.50,71,13,5.50,11,65,38.08,71,0.00,0.00,1.00,2,0.00,1.50,6.92,1.00,2,0.00,0.00,0.00,0.00,0.00,0.50,0.00,0.00,0.00,0.00,0.00,0.00,0.00,0.00,0.00,0.00,0.00,0.00,0.00,0,0,,0,0.00,8,0,0.00,15,0,0.00,9,0,2,0,99,0.00,99,0,1,3.46,99,3,86,10.38,99,0,0.00,99,0,0.00,0,0,0.00,0,6.92,99,0,0.00,7,0,0.00,0.00,0,0.00,0,0,0,0.00,0,0,0.00,99,0.00,0,N/A,N/A,N/A,N/A,0.00,0,0.00,0,0.00,0.00,0,84.62,0.00,15,99,0.00,0.00,0,10,10,0,0,0,0.00,0.00,0,23,13.75,0.00,0.00,0,0,0.00,0.00,99,0.00,0,0,0,0.00,0.00,0,0.00,0.00,0.00,0.00,0,0,0.00,42,0,0,40,0,0.08,93,0.04,0.28,0.00,9,0.00,0.00,2,0,0.00,0.00,0.00,0.00,5,0,0.00,9,49,1,67,0,41,2,0,0.00,99,0,0.00,0.00,6.92,1.00,2,2,90,18,6.92,1.00,100.00,0,0.00,99,0,33.33,0,0.00,99,1,0.50,3.46,99,0,31,11,0,0,0,0,0,26,40,59,54,0,99,96,7,7,0,0,7,19,0,0
Yony González,31,773910000,1994/07/11,Serie A,2024,Midfielder,Atlético GO,260,121,139,Colombia,9,5,4,0,0,0,0,0,0,0,0,0,0,0,5,1,4,0,0,0,0,0,0,0,0,1.73,52,29,0,0,0,-1,-1,-1,25,0,6.75,0,45,23.66,6.57,19,46,4.71,33,10,16.97,17,0.00,0.00,0.14,1,0.00,1.29,1.03,0.29,2,0.00,0.29,0.00,0.00,0.00,0.14,0.43,0.00,0.00,1.03,0.14,0.57,0.00,0.14,0.03,0.00,0.43,0.00,0.00,0,0,,2,0.29,61,1,0.51,65,1,0.51,58,1,8,1,28,0.00,99,0,1,0.51,34,9,86,4.63,89,0,0.00,99,0,0.00,0,0,0.00,0,0.51,34,4,2.06,75,3,1.54,75.00,0,0.00,0,0,0,0.00,0,0,0.00,5,0.00,0,N/A,N/A,N/A,N/A,0.00,0,0.00,0,0.20,0.00,0,71.74,50.00,74,99,0.00,0.00,0,86,90,0,0,0,0.14,0.51,1,80,47.23,0.29,1.03,2,0,0.00,0.00,99,0.00,0,0,0,0.00,0.00,0,0.00,0.00,0.51,0.14,1,0,0.00,42,0,6,40,5,0.11,13,0.02,0.06,0.20,52,0.03,0.10,98,6,0.86,3.09,2.06,0.57,91,4,0.10,51,25,45,67,0,92,65,0,0.00,99,3,0.00,1.54,12.86,3.57,25,14,92,80,7.20,2.00,56.00,2,1.03,37,0,33.33,0,0.00,99,3,0.43,1.54,94,1,73,30,0,0,0,0,0,26,40,59,54,0,99,2,7,7,0,0,7,21,0,0
Young Navarro Moraes,23,1015488000,2002/03/07,Serie A,2024,Goalkeeper,São Paulo,0,0,0,Brazil,0,0,0,0,0,0,0,0,0,0,0,0,0,0,0,0,0,1,0,0,0,0,0,0,0,0,0,0,0,0,0,-1,-1,-1,-1,N/A,N/A,N/A,N/A,N/A,N/A,N/A,N/A,N/A,N/A,N/A,N/A,N/A,N/A,N/A,N/A,N/A,N/A,N/A,N/A,N/A,N/A,N/A,N/A,N/A,N/A,N/A,N/A,N/A,N/A,N/A,N/A,N/A,N/A,N/A,N/A,N/A,N/A,N/A,N/A,N/A,N/A,N/A,N/A,N/A,N/A,N/A,N/A,N/A,N/A,N/A,N/A,N/A,N/A,N/A,N/A,N/A,N/A,N/A,N/A,N/A,N/A,N/A,N/A,N/A,N/A,N/A,N/A,N/A,N/A,N/A,N/A,N/A,N/A,N/A,N/A,N/A,N/A,N/A,N/A,N/A,N/A,N/A,N/A,N/A,N/A,N/A,N/A,N/A,N/A,N/A,N/A,N/A,N/A,N/A,N/A,N/A,N/A,N/A,N/A,N/A,N/A,N/A,N/A,N/A,N/A,N/A,N/A,N/A,N/A,N/A,N/A,N/A,N/A,N/A,N/A,N/A,N/A,N/A,N/A,N/A,N/A,N/A,N/A,N/A,N/A,N/A,N/A,N/A,N/A,N/A,N/A,N/A,N/A,N/A,N/A,N/A,N/A,N/A,N/A,N/A,N/A,N/A,N/A,N/A,N/A,N/A,N/A,N/A,N/A,N/A,N/A,N/A,N/A,N/A,N/A,N/A,N/A,N/A,N/A,N/A,N/A,N/A,N/A,N/A,N/A,N/A,N/A,N/A,N/A,N/A,N/A,N/A,N/A,N/A,N/A,N/A,N/A,N/A,N/A,N/A,N/A,N/A,N/A,N/A,N/A,N/A,N/A,N/A,N/A,N/A,N/A,N/A,N/A,N/A,N/A,N/A,N/A,N/A,N/A,N/A,N/A,N/A,N/A,N/A,N/A,N/A,N/A,N/A,N/A,N/A,N/A,N/A,N/A,N/A,N/A,N/A,N/A,N/A,N/A,N/A,N/A,N/A,N/A
Yuri Alberto Monteiro da Silva,24,984902400,2001/03/18,Serie A,2024,Forward,Corinthians,2209,1137,1072,Brazil,29,14,15,15,7,8,5,4,1,3,0,6,4,2,30,12,18,8,1,0.81,0.2,0.61,0.55,0.67,147,1.22,74,76,245,442,0.37,4,65,-1,1,0,7.28,0.17,89,15.58,13.37,3,361,9.96,269,15,11.61,3,0.00,0.00,0.78,21,0.00,0.30,0.47,0.41,11,0.00,0.96,0.00,0.00,0.00,0.26,0.67,0.00,4.07,2.63,0.89,1.56,0.00,1.37,0.54,0.00,1.07,0.00,0.00,0,0,,61,2.26,98,37,1.60,99,24,1.04,89,3,4,25,10,0.00,99,0,7,0.30,24,8,30,0.35,33,0,0.00,99,0,0.00,0,0,0.00,0,0.91,56,42,1.81,70,18,0.78,42.86,0,0.00,0,0,0,0.00,0,0,0.00,34,0.00,0,N/A,N/A,N/A,N/A,0.00,0,0.00,0,14.70,0.00,0,74.52,60.66,88,91,0.15,0.17,4,66,35,3,0,0,0.04,0.04,1,25,196.64,0.48,0.56,13,0,0.00,0.00,99,0.00,0,3,2,0.07,0.09,0,0.00,0.00,0.69,0.59,16,1,24.59,90,80,76,40,35,4.28,73,0.16,0.18,12.60,99,0.47,0.54,72,35,1.30,1.51,1.42,1.22,66,33,0.63,99,94,21,88,0,96,58,0,0.00,99,29,0.00,1.25,10.27,8.81,238,93,28,58,4.01,3.44,39.08,26,1.12,33,0,0.00,0,0.00,99,0,0.00,0.00,30,80,50,63,0,2,0,7,0,99,99,99,97,0,99,32,32,77,6,21,73,9,0,0
Yuri Sena dos Reis Batista,24,978508800,2001/01/03,Serie A,2024,Goalkeeper,Vitória,0,0,0,Brazil,0,0,0,0,0,0,0,0,0,0,0,0,0,0,0,0,0,0,0,0,0,0,0,0,0,0,0,0,0,0,0,-1,-1,-1,-1,N/A,N/A,N/A,N/A,N/A,N/A,N/A,N/A,N/A,N/A,N/A,N/A,N/A,N/A,N/A,N/A,N/A,N/A,N/A,N/A,N/A,N/A,N/A,N/A,N/A,N/A,N/A,N/A,N/A,N/A,N/A,N/A,N/A,N/A,N/A,N/A,N/A,N/A,N/A,N/A,N/A,N/A,N/A,N/A,N/A,N/A,N/A,N/A,N/A,N/A,N/A,N/A,N/A,N/A,N/A,N/A,N/A,N/A,N/A,N/A,N/A,N/A,N/A,N/A,N/A,N/A,N/A,N/A,N/A,N/A,N/A,N/A,N/A,N/A,N/A,N/A,N/A,N/A,N/A,N/A,N/A,N/A,N/A,N/A,N/A,N/A,N/A,N/A,N/A,N/A,N/A,N/A,N/A,N/A,N/A,N/A,N/A,N/A,N/A,N/A,N/A,N/A,N/A,N/A,N/A,N/A,N/A,N/A,N/A,N/A,N/A,N/A,N/A,N/A,N/A,N/A,N/A,N/A,N/A,N/A,N/A,N/A,N/A,N/A,N/A,N/A,N/A,N/A,N/A,N/A,N/A,N/A,N/A,N/A,N/A,N/A,N/A,N/A,N/A,N/A,N/A,N/A,N/A,N/A,N/A,N/A,N/A,N/A,N/A,N/A,N/A,N/A,N/A,N/A,N/A,N/A,N/A,N/A,N/A,N/A,N/A,N/A,N/A,N/A,N/A,N/A,N/A,N/A,N/A,N/A,N/A,N/A,N/A,N/A,N/A,N/A,N/A,N/A,N/A,N/A,N/A,N/A,N/A,N/A,N/A,N/A,N/A,N/A,N/A,N/A,N/A,N/A,N/A,N/A,N/A,N/A,N/A,N/A,N/A,N/A,N/A,N/A,N/A,N/A,N/A,N/A,N/A,N/A,N/A,N/A,N/A,N/A,N/A,N/A,N/A,N/A,N/A,N/A,N/A,N/A,N/A,N/A,N/A,N/A
Zé Ivaldo,28,856512000,1997/02/21,Serie A,2024,Defender,Cruzeiro,2359,1355,1004,Brazil,29,16,13,1,1,0,0,0,0,0,0,9,6,3,23,10,13,8,0,0.04,0,0.04,0.07,0,2359,0.88,103,81,295,0,0.31,285,415,45,13,0,6.74,0,45,50.39,45.80,82,1145,36.60,915,36,40.27,77,0.00,0.00,0.16,4,0.00,0.44,1.14,1.04,26,0.00,0.16,0.00,0.00,0.00,0.68,0.28,0.00,21.00,0.92,0.48,0.48,0.00,0.36,0.10,0.00,1.76,0.00,0.00,0,0,,21,0.84,57,9,0.40,58,12,0.53,60,3,3,26,33,0.00,99,0,17,0.75,52,11,71,0.48,37,0,0.00,99,0,0.00,0,0,0.00,0,0.18,17,12,0.53,29,7,0.31,58.33,0,0.00,0,0,0,0.00,0,0,0.00,77,0.00,0,N/A,N/A,N/A,N/A,0.00,0,0.00,0,2.47,0.00,0,79.91,42.86,55,71,0.40,0.44,10,31,72,0,0,0,0.72,0.79,18,91,168.39,3.88,4.27,97,1,0.00,0.04,15,0.04,0,0,0,0.00,0.00,0,0.00,0.00,0.13,0.12,3,0,4.76,45,85,76,97,78,2.40,39,0.10,0.11,2.47,55,0.10,0.11,35,16,0.64,0.70,1.19,1.08,50,27,0.11,53,24,89,67,0,69,76,0,0.00,99,44,0.00,1.94,6.95,6.32,158,92,29,19,4.05,3.68,58.23,4,0.18,79,0,27.27,0,0.00,99,3,0.12,0.13,46,83,41,63,0,0,0,0,0,30,45,59,57,0,99,68,45,66,8,28,87,5,0,0
Zé Rafael,32,740214000,1993/06/16,Serie A,2024,Midfielder,Palmeiras,951,583,368,Brazil,18,9,9,0,0,0,2,2,0,0,0,8,4,4,11,6,5,7,1,0.19,0.19,0,0,0,0,1.04,86,53,119,476,0.76,337,75,-1,18,0,6.78,0.11,87,39.84,23.39,57,421,20.89,376,93,35.58,65,0.00,0.00,0.72,13,0.00,0.22,2.56,1.50,27,0.00,1.06,0.00,0.00,0.00,0.67,0.28,0.00,0.00,0.66,0.28,0.78,0.00,0.11,0.03,0.00,0.56,0.00,0.00,0,0,,7,0.39,45,2,0.19,36,5,0.47,55,3,7,11,87,0.00,99,0,12,1.14,75,4,66,0.38,34,0,0.00,99,0,0.00,0,0,0.00,0,1.23,71,14,1.32,57,5,0.47,35.71,0,0.00,0,0,0,0.00,0,0,0.00,58,0.00,0,N/A,N/A,N/A,N/A,0.00,0,0.00,0,0.52,0.00,0,89.31,28.57,27,3,1.06,1.80,19,44,23,0,0,0,0.11,0.19,2,49,122.08,0.33,0.57,6,0,0.00,0.00,99,0.00,0,0,0,0.00,0.00,0,0.00,0.00,0.00,0.00,0,1,0.00,42,32,36,40,57,2.43,86,0.14,0.23,0.52,35,0.03,0.05,79,18,1.00,1.70,2.74,1.61,99,29,0.05,34,31,22,67,0,41,46,0,0.00,99,10,0.00,0.95,14.38,8.44,152,60,70,88,5.68,3.33,39.47,19,1.80,12,0,25.00,0,0.00,99,1,0.06,0.09,42,37,68,63,0,0,0,0,0,61,40,59,54,0,99,93,11,97,6,33,95,8,0,0
