full_name;age;birthday;birthday_GMT;league;season;position;Current Club;minutes_played_overall;minutes_played_home;minutes_played_away;nationality;appearances_overall;appearances_home;appearances_away;goals_overall;goals_home;goals_away;assists_overall;assists_home;assists_away;penalty_goals;penalty_misses;clean_sheets_overall;clean_sheets_home;clean_sheets_away;conceded_overall;conceded_home;conceded_away;yellow_cards_overall;red_cards_overall;goals_involved_per_90_overall;assists_per_90_overall;goals_per_90_overall;goals_per_90_home;goals_per_90_away;min_per_goal_overall;conceded_per_90_overall;min_per_conceded_overall;min_per_match;min_per_card_overall;min_per_assist_overall;cards_per_90_overall;rank_in_league_top_attackers;rank_in_league_top_midfielders;rank_in_league_top_defenders;rank_in_club_top_scorer;annual_salary_eur;average_rating_overall;assists_per_game_overall;assists_per90_percentile_overall;passes_per_90_overall;passes_per_game_overall;passes_per90_percentile_overall;passes_total_overall;passes_completed_per_game_overall;passes_completed_total_overall;pass_completion_rate_percentile_overall;passes_completed_per_90_overall;passes_completed_per90_percentile_overall;short_passes_per_game_overall;long_passes_per_game_overall;key_passes_per_game_overall;key_passes_total_overall;through_passes_per_game_overall;crosses_per_game_overall;tackles_per_90_overall;tackles_per_game_overall;tackles_total_overall;tackles_successful_per_game_overall;dispossesed_per_game_overall;possession_regained_per_game_overall;pressures_per_game_overall;saves_per_game_overall;interceptions_per_game_overall;dribbles_successful_per_game_overall;shots_faced_per_game_overall;shots_per_goal_scored_overall;shots_per_90_overall;shots_off_target_per_game_overall;dribbles_per_game_overall;distance_travelled_per_game_overall;shots_on_target_per_game_overall;xg_per_game_overall;chances_created_per_game_overall;aerial_duels_won_per_game_overall;aerial_duels_per_game_overall;possession_regained_per_90_overall;possession_regained_total_overall;possession_regained_per90_percentile_overall;additional_info;shots_total_overall;shots_per_game_overall;shots_per90_percentile_overall;shots_on_target_total_overall;shots_on_target_per_90_overall;shots_on_target_per90_percentile_overall;shots_off_target_total_overall;shots_off_target_per_90_overall;shots_off_target_per90_percentile_overall;games_subbed_out;games_subbed_in;games_started;tackles_per90_percentile_overall;tackles_successful_per_90_overall;tackles_successful_per90_percentile_overall;tackles_successful_total_overall;interceptions_total_overall;interceptions_per_90_overall;interceptions_per90_percentile_overall;crosses_total_overall;cross_completion_rate_percentile_overall;crosses_per_90_overall;crosses_per90_percentile_overall;through_passes_total_overall;through_passes_per_90_overall;through_passes_per90_percentile_overall;long_passes_total_overall;long_passes_per_90_overall;long_passes_per90_percentile_overall;short_passes_total_overall;short_passes_per_90_overall;short_passes_per90_percentile_overall;key_passes_per_90_overall;key_passes_per90_percentile_overall;dribbles_total_overall;dribbles_per_90_overall;dribbles_per90_percentile_overall;dribbles_successful_total_overall;dribbles_successful_per_90_overall;dribbles_successful_percentage_overall;chances_created_total_overall;chances_created_per_90_overall;chances_created_per90_percentile_overall;saves_total_overall;save_percentage_percentile_overall;saves_per_90_overall;saves_per90_percentile_overall;shots_faced_total_overall;shots_per_goal_conceded_overall;conceded_per90_percentile_overall;shots_faced_per_90_overall;shots_faced_per90_percentile_overall;xg_faced_per_90_overall;xg_faced_per90_percentile_overall;xg_faced_per_game_overall;xg_faced_total_overall;save_percentage_overall;pressures_total_overall;pressures_per_90_overall;pressures_per90_percentile_overall;xg_total_overall;market_value;market_value_percentile;pass_completion_rate_overall;shot_accuraccy_percentage_overall;shot_accuraccy_percentage_percentile_overall;dribbled_past_per90_percentile_overall;dribbled_past_per_game_overall;dribbled_past_per_90_overall;dribbled_past_total_overall;dribbles_successful_per90_percentile_overall;dribbles_successful_percentage_percentile_overall;pen_scored_total_overall;pen_missed_total_overall;inside_box_saves_total_overall;blocks_per_game_overall;blocks_per_90_overall;blocks_total_overall;blocks_per90_percentile_overall;ratings_total_overall;clearances_per_game_overall;clearances_per_90_overall;clearances_total_overall;pen_committed_total_overall;pen_save_percentage_overall;pen_committed_per_90_overall;pen_committed_per90_percentile_overall;pen_committed_per_game_overall;pens_saved_total_overall;pens_taken_total_overall;hit_woodwork_total_overall;hit_woodwork_per_game_overall;hit_woodwork_per_90_overall;punches_total_overall;punches_per_game_overall;punches_per_90_overall;offsides_per_90_overall;offsides_per_game_overall;offsides_total_overall;penalties_won_total_overall;shot_conversion_rate_overall;shot_conversion_rate_percentile_overall;minutes_played_percentile_overall;matches_played_percentile_overall;min_per_goal_percentile_overall;min_per_conceded_percentile_overall;xa_total_overall;xa_per90_percentile_overall;xa_per_game_overall;xa_per_90_overall;npxg_total_overall;npxg_per90_percentile_overall;npxg_per_game_overall;npxg_per_90_overall;fouls_drawn_per90_percentile_overall;fouls_drawn_total_overall;fouls_drawn_per_game_overall;fouls_drawn_per_90_overall;fouls_committed_per_90_overall;fouls_committed_per_game_overall;fouls_committed_per90_percentile_overall;fouls_committed_total_overall;xg_per_90_overall;xg_per90_percentile_overall;average_rating_percentile_overall;clearances_per90_percentile_overall;hit_woodwork_per90_percentile_overall;punches_per90_percentile_overall;offsides_per90_percentile_overall;aerial_duels_won_per90_percentile_overall;aerial_duels_total_overall;aerial_duels_per_90_overall;aerial_duels_per90_percentile_overall;aerial_duels_won_total_overall;aerial_duels_won_percentage_overall;aerial_duels_won_per_90_overall;duels_per_90_overall;duels_per_game_overall;duels_total_overall;duels_won_total_overall;duels_won_per90_percentile_overall;duels_per90_percentile_overall;duels_won_per_90_overall;duels_won_per_game_overall;duels_won_percentage_overall;dispossesed_total_overall;dispossesed_per_90_overall;dispossesed_per90_percentile_overall;progressive_passes_total_overall;cross_completion_rate_overall;distance_travelled_total_overall;distance_travelled_per_90_overall;distance_travelled_per90_percentile_overall;accurate_crosses_total_overall;accurate_crosses_per_game_overall;accurate_crosses_per_90_overall;accurate_crosses_per90_percentile_overall;games_started_percentile_overall;games_subbed_in_percentile_overall;games_subbed_out_percentile_overall;hattricks_total_overall;two_goals_in_a_game_total_overall;three_goals_in_a_game_total_overall;two_goals_in_a_game_percentage_overall;three_goals_in_a_game_percentage_overall;goals_involved_per90_percentile_overall;goals_per90_percentile_overall;goals_per90_percentile_away;goals_per90_percentile_home;man_of_the_match_total_overall;annual_salary_eur_percentile;clean_sheets_percentage_percentile_overall;min_per_card_percentile_overall;cards_per90_percentile_overall;booked_over05_overall;booked_over05_percentage_overall;booked_over05_percentage_percentile_overall;shirt_number;annual_salary_gbp;annual_salary_usd
Abner Salles da Silva;21;1082358000;19/04/2004;Serie A;2025;Midfielder;Juventude;1315;654;661;Brazil;19;9;10;0;0;0;1;1;0;0;0;4;3;1;24;6;18;3;0;0.07;0.07;0;0;0;0;1.64;55;69;438;1315;0.21;428;203;-1;32;93780;4.88;0.05;63;37.51;21.08;49;548;18.04;469;62;32.10;51;0.00;0.00;0.19;5;0.00;0.00;1.23;0.69;18;0.00;0.04;0.00;0.00;0.00;0.69;0.15;0.27;0.00;0.21;0.08;0.23;0.00;0.04;0.01;0.00;1.12;0.00;0.00;0;0;;3;0.12;11;1;0.07;17;2;0.14;13;2;6;13;38;0.00;99;0;18;1.23;82;0;27;0.00;12;0;0.00;99;0;0.00;0;0;0.00;0;0.34;26;6;0.41;24;4;0.27;66.67;0;0.00;0;0;0;0.00;0;7;0.00;12;0.48;26;N/A;N/A;N/A;N/A;0.00;0;0.00;0;0.23;0.00;0;85.58;33.33;48;19;0.62;1.10;16;32;89;0;0;0;0.50;0.89;13;94;126.78;3.73;6.64;97;0;0.00;0.00;99;0.00;0;0;0;0.00;0.00;0;0.00;0.00;0.07;0.04;1;0;0.00;42;53;45;40;12;1.88;53;0.07;0.13;0.23;15;0.01;0.02;13;5;0.19;0.34;1.10;0.62;37;16;0.02;15;19;98;67;0;53;81;0;0.00;99;29;0.00;1.98;6.57;3.69;96;56;27;18;3.83;2.15;58.33;1;0.07;87;0;0.00;0;0.00;99;0;0.00;0.00;27;48;65;39;0;0;0;0;0;38;40;63;53;0;22;28;65;46;3;16;57;23;N/A;N/A
Abner Salles da Silva;21;1082358000;19/04/2004;Serie A;2025;Midfielder;Juventude;1315;654;661;Brazil;19;9;10;0;0;0;1;1;0;0;0;4;3;1;24;6;18;3;0;0.07;0.07;0;0;0;0;1.64;55;69;438;1315;0.21;428;203;-1;32;93780;4.88;0.05;63;37.51;21.08;49;548;18.04;469;62;32.10;51;0.00;0.00;0.19;5;0.00;0.00;1.23;0.69;18;0.00;0.04;0.00;0.00;0.00;0.69;0.15;0.27;0.00;0.21;0.08;0.23;0.00;0.04;0.01;0.00;1.12;0.00;0.00;0;0;;3;0.12;11;1;0.07;17;2;0.14;13;2;6;13;38;0.00;99;0;18;1.23;82;0;27;0.00;12;0;0.00;99;0;0.00;0;0;0.00;0;0.34;26;6;0.41;24;4;0.27;66.67;0;0.00;0;0;0;0.00;0;7;0.00;12;0.48;26;N/A;N/A;N/A;N/A;0.00;0;0.00;0;0.23;0.00;0;85.58;33.33;48;19;0.62;1.10;16;32;89;0;0;0;0.50;0.89;13;94;126.78;3.73;6.64;97;0;0.00;0.00;99;0.00;0;0;0;0.00;0.00;0;0.00;0.00;0.07;0.04;1;0;0.00;42;53;45;40;12;1.88;53;0.07;0.13;0.23;15;0.01;0.02;13;5;0.19;0.34;1.10;0.62;37;16;0.02;15;19;98;67;0;53;81;0;0.00;99;29;0.00;1.98;6.57;3.69;96;56;27;18;3.83;2.15;58.33;1;0.07;87;0;0.00;0;0.00;99;0;0.00;0.00;27;48;65;39;0;0;0;0;0;38;40;63;53;0;22;28;65;46;3;16;57;23;N/A;N/A
Abner Salles da Silva;21;1082358000;19/04/2004;Serie A;2025;Midfielder;Juventude;1315;654;661;Brazil;19;9;10;0;0;0;1;1;0;0;0;4;3;1;24;6;18;3;0;0.07;0.07;0;0;0;0;1.64;55;69;438;1315;0.21;428;203;-1;32;93780;4.88;0.05;63;37.51;21.08;49;548;18.04;469;62;32.10;51;0.00;0.00;0.19;5;0.00;0.00;1.23;0.69;18;0.00;0.04;0.00;0.00;0.00;0.69;0.15;0.27;0.00;0.21;0.08;0.23;0.00;0.04;0.01;0.00;1.12;0.00;0.00;0;0;;3;0.12;11;1;0.07;17;2;0.14;13;2;6;13;38;0.00;99;0;18;1.23;82;0;27;0.00;12;0;0.00;99;0;0.00;0;0;0.00;0;0.34;26;6;0.41;24;4;0.27;66.67;0;0.00;0;0;0;0.00;0;7;0.00;12;0.48;26;N/A;N/A;N/A;N/A;0.00;0;0.00;0;0.23;0.00;0;85.58;33.33;48;19;0.62;1.10;16;32;89;0;0;0;0.50;0.89;13;94;126.78;3.73;6.64;97;0;0.00;0.00;99;0.00;0;0;0;0.00;0.00;0;0.00;0.00;0.07;0.04;1;0;0.00;42;53;45;40;12;1.88;53;0.07;0.13;0.23;15;0.01;0.02;13;5;0.19;0.34;1.10;0.62;37;16;0.02;15;19;98;67;0;53;81;0;0.00;99;29;0.00;1.98;6.57;3.69;96;56;27;18;3.83;2.15;58.33;1;0.07;87;0;0.00;0;0.00;99;0;0.00;0.00;27;48;65;39;0;0;0;0;0;38;40;63;53;0;22;28;65;46;3;16;57;23;N/A;N/A
Abner Salles da Silva;21;1082358000;19/04/2004;Serie A;2025;Midfielder;Juventude;1315;654;661;Brazil;19;9;10;0;0;0;1;1;0;0;0;4;3;1;24;6;18;3;0;0.07;0.07;0;0;0;0;1.64;55;69;438;1315;0.21;428;203;-1;32;93780;4.88;0.05;63;37.51;21.08;49;548;18.04;469;62;32.10;51;0.00;0.00;0.19;5;0.00;0.00;1.23;0.69;18;0.00;0.04;0.00;0.00;0.00;0.69;0.15;0.27;0.00;0.21;0.08;0.23;0.00;0.04;0.01;0.00;1.12;0.00;0.00;0;0;;3;0.12;11;1;0.07;17;2;0.14;13;2;6;13;38;0.00;99;0;18;1.23;82;0;27;0.00;12;0;0.00;99;0;0.00;0;0;0.00;0;0.34;26;6;0.41;24;4;0.27;66.67;0;0.00;0;0;0;0.00;0;7;0.00;12;0.48;26;N/A;N/A;N/A;N/A;0.00;0;0.00;0;0.23;0.00;0;85.58;33.33;48;19;0.62;1.10;16;32;89;0;0;0;0.50;0.89;13;94;126.78;3.73;6.64;97;0;0.00;0.00;99;0.00;0;0;0;0.00;0.00;0;0.00;0.00;0.07;0.04;1;0;0.00;42;53;45;40;12;1.88;53;0.07;0.13;0.23;15;0.01;0.02;13;5;0.19;0.34;1.10;0.62;37;16;0.02;15;19;98;67;0;53;81;0;0.00;99;29;0.00;1.98;6.57;3.69;96;56;27;18;3.83;2.15;58.33;1;0.07;87;0;0.00;0;0.00;99;0;0.00;0.00;27;48;65;39;0;0;0;0;0;38;40;63;53;0;22;28;65;46;3;16;57;23;N/A;N/A
Adam Fernando Bareiro Gamarra;29;838364400;26/07/1996;Serie A;2025;Forward;Fortaleza;885;457;428;Paraguay;21;11;10;7;1;6;2;1;1;1;0;4;3;1;11;6;5;8;1;0.92;0.2;0.71;0.2;1.26;126;1.12;80;42;111;443;0.81;4;84;-1;2;446290;6.53;0.1;86;19.53;8.73;10;192;5.64;124;4;12.61;7;0.00;0.00;0.27;6;0.00;0.09;1.22;0.55;12;0.00;0.55;0.00;0.00;0.00;0.00;0.23;0.45;4.00;2.85;0.41;0.59;0.00;0.86;0.32;0.00;2.32;0.00;0.00;0;0;;28;1.27;97;19;1.93;99;9;0.92;73;5;11;10;38;0.00;99;0;0;0.00;9;2;27;0.20;26;0;0.00;99;0;0.00;0;0;0.00;0;0.61;41;13;1.32;58;5;0.51;38.46;0;0.00;0;0;0;0.00;0;10;0.00;54;1.02;74;N/A;N/A;N/A;N/A;0.00;0;0.00;0;6.99;0.00;0;64.58;67.86;97;61;0.23;0.51;5;52;31;1;1;0;0.14;0.31;3;61;143.55;0.50;1.12;11;0;0.00;0.00;99;0.00;0;2;1;0.05;0.10;0;0.00;0.00;0.20;0.09;2;0;25.00;95;30;52;41;53;1.68;71;0.08;0.17;5.59;99;0.25;0.57;88;23;1.05;2.34;3.25;1.45;99;32;0.71;99;51;43;90;0;75;99;0;0.00;99;51;0.00;5.19;20.14;9.00;198;89;99;99;9.05;4.05;44.95;12;1.22;25;0;0.00;0;0.00;99;0;0.00;0.00;27;35;86;76;0;0;0;0;0;99;99;99;74;0;62;21;10;99;7;33;95;27;N/A;N/A
Adam Fernando Bareiro Gamarra;29;838364400;26/07/1996;Serie A;2025;Forward;Fortaleza;885;457;428;Paraguay;21;11;10;7;1;6;2;1;1;1;0;4;3;1;11;6;5;8;1;0.92;0.2;0.71;0.2;1.26;126;1.12;80;42;111;443;0.81;4;84;-1;2;446290;6.53;0.1;86;19.53;8.73;10;192;5.64;124;4;12.61;7;0.00;0.00;0.27;6;0.00;0.09;1.22;0.55;12;0.00;0.55;0.00;0.00;0.00;0.00;0.23;0.45;4.00;2.85;0.41;0.59;0.00;0.86;0.32;0.00;2.32;0.00;0.00;0;0;;28;1.27;97;19;1.93;99;9;0.92;73;5;11;10;38;0.00;99;0;0;0.00;9;2;27;0.20;26;0;0.00;99;0;0.00;0;0;0.00;0;0.61;41;13;1.32;58;5;0.51;38.46;0;0.00;0;0;0;0.00;0;10;0.00;54;1.02;74;N/A;N/A;N/A;N/A;0.00;0;0.00;0;6.99;0.00;0;64.58;67.86;97;61;0.23;0.51;5;52;31;1;1;0;0.14;0.31;3;61;143.55;0.50;1.12;11;0;0.00;0.00;99;0.00;0;2;1;0.05;0.10;0;0.00;0.00;0.20;0.09;2;0;25.00;95;30;52;41;53;1.68;71;0.08;0.17;5.59;99;0.25;0.57;88;23;1.05;2.34;3.25;1.45;99;32;0.71;99;51;43;90;0;75;99;0;0.00;99;51;0.00;5.19;20.14;9.00;198;89;99;99;9.05;4.05;44.95;12;1.22;25;0;0.00;0;0.00;99;0;0.00;0.00;27;35;86;76;0;0;0;0;0;99;99;99;74;0;62;21;10;99;7;33;95;27;N/A;N/A
Adam Fernando Bareiro Gamarra;29;838364400;26/07/1996;Serie A;2025;Forward;Fortaleza;885;457;428;Paraguay;21;11;10;7;1;6;2;1;1;1;0;4;3;1;11;6;5;8;1;0.92;0.2;0.71;0.2;1.26;126;1.12;80;42;111;443;0.81;4;84;-1;2;446290;6.53;0.1;86;19.53;8.73;10;192;5.64;124;4;12.61;7;0.00;0.00;0.27;6;0.00;0.09;1.22;0.55;12;0.00;0.55;0.00;0.00;0.00;0.00;0.23;0.45;4.00;2.85;0.41;0.59;0.00;0.86;0.32;0.00;2.32;0.00;0.00;0;0;;28;1.27;97;19;1.93;99;9;0.92;73;5;11;10;38;0.00;99;0;0;0.00;9;2;27;0.20;26;0;0.00;99;0;0.00;0;0;0.00;0;0.61;41;13;1.32;58;5;0.51;38.46;0;0.00;0;0;0;0.00;0;10;0.00;54;1.02;74;N/A;N/A;N/A;N/A;0.00;0;0.00;0;6.99;0.00;0;64.58;67.86;97;61;0.23;0.51;5;52;31;1;1;0;0.14;0.31;3;61;143.55;0.50;1.12;11;0;0.00;0.00;99;0.00;0;2;1;0.05;0.10;0;0.00;0.00;0.20;0.09;2;0;25.00;95;30;52;41;53;1.68;71;0.08;0.17;5.59;99;0.25;0.57;88;23;1.05;2.34;3.25;1.45;99;32;0.71;99;51;43;90;0;75;99;0;0.00;99;51;0.00;5.19;20.14;9.00;198;89;99;99;9.05;4.05;44.95;12;1.22;25;0;0.00;0;0.00;99;0;0.00;0.00;27;35;86;76;0;0;0;0;0;99;99;99;74;0;62;21;10;99;7;33;95;27;N/A;N/A
Adam Fernando Bareiro Gamarra;29;838364400;26/07/1996;Serie A;2025;Forward;Fortaleza;885;457;428;Paraguay;21;11;10;7;1;6;2;1;1;1;0;4;3;1;11;6;5;8;1;0.92;0.2;0.71;0.2;1.26;126;1.12;80;42;111;443;0.81;4;84;-1;2;446290;6.53;0.1;86;19.53;8.73;10;192;5.64;124;4;12.61;7;0.00;0.00;0.27;6;0.00;0.09;1.22;0.55;12;0.00;0.55;0.00;0.00;0.00;0.00;0.23;0.45;4.00;2.85;0.41;0.59;0.00;0.86;0.32;0.00;2.32;0.00;0.00;0;0;;28;1.27;97;19;1.93;99;9;0.92;73;5;11;10;38;0.00;99;0;0;0.00;9;2;27;0.20;26;0;0.00;99;0;0.00;0;0;0.00;0;0.61;41;13;1.32;58;5;0.51;38.46;0;0.00;0;0;0;0.00;0;10;0.00;54;1.02;74;N/A;N/A;N/A;N/A;0.00;0;0.00;0;6.99;0.00;0;64.58;67.86;97;61;0.23;0.51;5;52;31;1;1;0;0.14;0.31;3;61;143.55;0.50;1.12;11;0;0.00;0.00;99;0.00;0;2;1;0.05;0.10;0;0.00;0.00;0.20;0.09;2;0;25.00;95;30;52;41;53;1.68;71;0.08;0.17;5.59;99;0.25;0.57;88;23;1.05;2.34;3.25;1.45;99;32;0.71;99;51;43;90;0;75;99;0;0.00;99;51;0.00;5.19;20.14;9.00;198;89;99;99;9.05;4.05;44.95;12;1.22;25;0;0.00;0;0.00;99;0;0.00;0.00;27;35;86;76;0;0;0;0;0;99;99;99;74;0;62;21;10;99;7;33;95;27;N/A;N/A
Adam Fernando Bareiro Gamarra;29;838364400;26/07/1996;Serie A;2025;Forward;Fortaleza;885;457;428;Paraguay;21;11;10;7;1;6;2;1;1;1;0;4;3;1;11;6;5;8;1;0.92;0.2;0.71;0.2;1.26;126;1.12;80;42;111;443;0.81;4;84;-1;2;446290;6.53;0.1;86;19.53;8.73;10;192;5.64;124;4;12.61;7;0.00;0.00;0.27;6;0.00;0.09;1.22;0.55;12;0.00;0.55;0.00;0.00;0.00;0.00;0.23;0.45;4.00;2.85;0.41;0.59;0.00;0.86;0.32;0.00;2.32;0.00;0.00;0;0;;28;1.27;97;19;1.93;99;9;0.92;73;5;11;10;38;0.00;99;0;0;0.00;9;2;27;0.20;26;0;0.00;99;0;0.00;0;0;0.00;0;0.61;41;13;1.32;58;5;0.51;38.46;0;0.00;0;0;0;0.00;0;10;0.00;54;1.02;74;N/A;N/A;N/A;N/A;0.00;0;0.00;0;6.99;0.00;0;64.58;67.86;97;61;0.23;0.51;5;52;31;1;1;0;0.14;0.31;3;61;143.55;0.50;1.12;11;0;0.00;0.00;99;0.00;0;2;1;0.05;0.10;0;0.00;0.00;0.20;0.09;2;0;25.00;95;30;52;41;53;1.68;71;0.08;0.17;5.59;99;0.25;0.57;88;23;1.05;2.34;3.25;1.45;99;32;0.71;99;51;43;90;0;75;99;0;0.00;99;51;0.00;5.19;20.14;9.00;198;89;99;99;9.05;4.05;44.95;12;1.22;25;0;0.00;0;0.00;99;0;0.00;0.00;27;35;86;76;0;0;0;0;0;99;99;99;74;0;62;21;10;99;7;33;95;27;N/A;N/A
Ademir da Silva Santos Junior;30;792921600;16/02/1995;Serie A;2025;Forward;Bahia;2040;1058;982;Brazil;29;16;13;2;1;1;6;5;1;0;0;13;10;3;19;7;12;7;0;0.35;0.26;0.09;0.09;0.09;1020;0.84;107;70;291;340;0.31;219;50;-1;8;565363;7.25;0.21;92;25.64;19.34;24;561;16.03;465;44;21.25;26;0.00;0.00;1.17;34;0.00;3.79;1.55;1.17;34;0.00;1.07;0.00;0.00;0.00;0.17;1.55;0.34;23.50;2.15;1.03;3.17;0.00;0.59;0.17;0.00;0.52;0.00;0.00;0;0;;47;1.62;87;17;0.78;82;30;1.37;89;2;3;26;53;0.00;99;0;5;0.23;19;110;51;5.03;92;0;0.00;99;0;0.00;0;0;0.00;0;1.55;82;92;4.21;94;45;2.06;48.91;0;0.00;0;0;0;0.00;0;10;0.00;81;0.46;24;N/A;N/A;N/A;N/A;0.00;0;0.00;0;4.99;0.00;0;82.89;36.17;53;15;0.90;1.19;26;94;52;0;0;0;0.00;0.00;0;20;210.12;0.31;0.41;9;0;0.00;0.00;99;0.00;0;0;0;0.00;0.00;0;0.00;0.00;0.27;0.21;6;3;4.26;44;77;77;82;81;5.76;90;0.20;0.26;4.99;77;0.17;0.23;89;52;1.79;2.38;1.28;0.97;47;28;0.23;75;97;10;67;0;83;37;0;0.00;99;15;0.00;0.69;14.90;11.24;326;145;89;93;6.63;5.00;44.48;31;1.42;18;0;285.45;0;0.00;99;314;10.83;14.35;74;84;46;39;0;0;0;0;0;79;61;70;60;0;75;90;40;71;7;24;80;7;N/A;N/A
Ademir da Silva Santos Junior;30;792921600;16/02/1995;Serie A;2025;Forward;Bahia;2040;1058;982;Brazil;29;16;13;2;1;1;6;5;1;0;0;13;10;3;19;7;12;7;0;0.35;0.26;0.09;0.09;0.09;1020;0.84;107;70;291;340;0.31;219;50;-1;8;565363;7.25;0.21;92;25.64;19.34;24;561;16.03;465;44;21.25;26;0.00;0.00;1.17;34;0.00;3.79;1.55;1.17;34;0.00;1.07;0.00;0.00;0.00;0.17;1.55;0.34;23.50;2.15;1.03;3.17;0.00;0.59;0.17;0.00;0.52;0.00;0.00;0;0;;47;1.62;87;17;0.78;82;30;1.37;89;2;3;26;53;0.00;99;0;5;0.23;19;110;51;5.03;92;0;0.00;99;0;0.00;0;0;0.00;0;1.55;82;92;4.21;94;45;2.06;48.91;0;0.00;0;0;0;0.00;0;10;0.00;81;0.46;24;N/A;N/A;N/A;N/A;0.00;0;0.00;0;4.99;0.00;0;82.89;36.17;53;15;0.90;1.19;26;94;52;0;0;0;0.00;0.00;0;20;210.12;0.31;0.41;9;0;0.00;0.00;99;0.00;0;0;0;0.00;0.00;0;0.00;0.00;0.27;0.21;6;3;4.26;44;77;77;82;81;5.76;90;0.20;0.26;4.99;77;0.17;0.23;89;52;1.79;2.38;1.28;0.97;47;28;0.23;75;97;10;67;0;83;37;0;0.00;99;15;0.00;0.69;14.90;11.24;326;145;89;93;6.63;5.00;44.48;31;1.42;18;0;285.45;0;0.00;99;314;10.83;14.35;74;84;46;39;0;0;0;0;0;79;61;70;60;0;75;90;40;71;7;24;80;7;N/A;N/A
Ademir da Silva Santos Junior;30;792921600;16/02/1995;Serie A;2025;Forward;Bahia;2040;1058;982;Brazil;29;16;13;2;1;1;6;5;1;0;0;13;10;3;19;7;12;7;0;0.35;0.26;0.09;0.09;0.09;1020;0.84;107;70;291;340;0.31;219;50;-1;8;565363;7.25;0.21;92;25.64;19.34;24;561;16.03;465;44;21.25;26;0.00;0.00;1.17;34;0.00;3.79;1.55;1.17;34;0.00;1.07;0.00;0.00;0.00;0.17;1.55;0.34;23.50;2.15;1.03;3.17;0.00;0.59;0.17;0.00;0.52;0.00;0.00;0;0;;47;1.62;87;17;0.78;82;30;1.37;89;2;3;26;53;0.00;99;0;5;0.23;19;110;51;5.03;92;0;0.00;99;0;0.00;0;0;0.00;0;1.55;82;92;4.21;94;45;2.06;48.91;0;0.00;0;0;0;0.00;0;10;0.00;81;0.46;24;N/A;N/A;N/A;N/A;0.00;0;0.00;0;4.99;0.00;0;82.89;36.17;53;15;0.90;1.19;26;94;52;0;0;0;0.00;0.00;0;20;210.12;0.31;0.41;9;0;0.00;0.00;99;0.00;0;0;0;0.00;0.00;0;0.00;0.00;0.27;0.21;6;3;4.26;44;77;77;82;81;5.76;90;0.20;0.26;4.99;77;0.17;0.23;89;52;1.79;2.38;1.28;0.97;47;28;0.23;75;97;10;67;0;83;37;0;0.00;99;15;0.00;0.69;14.90;11.24;326;145;89;93;6.63;5.00;44.48;31;1.42;18;0;285.45;0;0.00;99;314;10.83;14.35;74;84;46;39;0;0;0;0;0;79;61;70;60;0;75;90;40;71;7;24;80;7;N/A;N/A
Aderlan de Lima Silva;35;650962800;18/08/1990;Serie A;2025;Defender;Sport Recife;1008;432;576;Brazil;16;7;9;0;0;0;0;0;0;0;0;2;2;0;23;11;12;5;0;0;0;0;0;0;0;2.05;44;63;202;0;0.45;358;282;185;15;0;5.17;0;48;33.04;18.50;39;370;14.55;291;25;25.98;37;0.00;0.00;0.45;9;0.00;1.45;1.43;0.80;16;0.00;0.15;0.00;0.00;0.00;0.65;0.15;1.15;0.00;0.36;0.20;0.40;0.00;0.00;0.01;0.00;0.30;0.00;0.00;0;0;;4;0.20;19;0;0.00;13;4;0.36;31;5;5;11;47;0.00;99;0;13;1.16;78;29;68;2.59;72;0;0.00;99;0;0.00;0;0;0.00;0;0.80;49;8;0.71;35;3;0.27;37.50;0;0.00;0;0;0;0.00;0;23;0.00;3;2.05;91;N/A;N/A;N/A;N/A;0.00;0;0.00;0;0.21;0.00;0;78.65;0.00;13;3;0.90;1.61;18;32;29;0;0;0;0.35;0.62;7;84;103.45;1.70;3.04;34;1;0.00;0.09;6;0.05;0;0;0;0.00;0.00;0;0.00;0.00;0.18;0.10;2;0;0.00;42;38;31;40;3;1.05;26;0.05;0.09;0.21;15;0.01;0.02;55;13;0.65;1.16;1.52;0.85;62;17;0.02;15;24;75;67;0;72;28;0;0.00;99;6;0.00;0.54;8.12;4.55;91;38;20;35;3.39;1.90;41.76;3;0.27;75;0;627.59;0;0.00;99;182;9.10;16.25;78;40;58;76;0;0;0;0;0;27;40;63;53;0;17;8;21;89;5;31;92;13;0;0
Aderlan de Lima Silva;35;650962800;18/08/1990;Serie A;2025;Defender;Sport Recife;1008;432;576;Brazil;16;7;9;0;0;0;0;0;0;0;0;2;2;0;23;11;12;5;0;0;0;0;0;0;0;2.05;44;63;202;0;0.45;358;282;185;15;0;5.17;0;48;33.04;18.50;39;370;14.55;291;25;25.98;37;0.00;0.00;0.45;9;0.00;1.45;1.43;0.80;16;0.00;0.15;0.00;0.00;0.00;0.65;0.15;1.15;0.00;0.36;0.20;0.40;0.00;0.00;0.01;0.00;0.30;0.00;0.00;0;0;;4;0.20;19;0;0.00;13;4;0.36;31;5;5;11;47;0.00;99;0;13;1.16;78;29;68;2.59;72;0;0.00;99;0;0.00;0;0;0.00;0;0.80;49;8;0.71;35;3;0.27;37.50;0;0.00;0;0;0;0.00;0;23;0.00;3;2.05;91;N/A;N/A;N/A;N/A;0.00;0;0.00;0;0.21;0.00;0;78.65;0.00;13;3;0.90;1.61;18;32;29;0;0;0;0.35;0.62;7;84;103.45;1.70;3.04;34;1;0.00;0.09;6;0.05;0;0;0;0.00;0.00;0;0.00;0.00;0.18;0.10;2;0;0.00;42;38;31;40;3;1.05;26;0.05;0.09;0.21;15;0.01;0.02;55;13;0.65;1.16;1.52;0.85;62;17;0.02;15;24;75;67;0;72;28;0;0.00;99;6;0.00;0.54;8.12;4.55;91;38;20;35;3.39;1.90;41.76;3;0.27;75;0;627.59;0;0.00;99;182;9.10;16.25;78;40;58;76;0;0;0;0;0;27;40;63;53;0;17;8;21;89;5;31;92;13;0;0
Aderlan de Lima Silva;35;650962800;18/08/1990;Serie A;2025;Defender;Sport Recife;1008;432;576;Brazil;16;7;9;0;0;0;0;0;0;0;0;2;2;0;23;11;12;5;0;0;0;0;0;0;0;2.05;44;63;202;0;0.45;358;282;185;15;0;5.17;0;48;33.04;18.50;39;370;14.55;291;25;25.98;37;0.00;0.00;0.45;9;0.00;1.45;1.43;0.80;16;0.00;0.15;0.00;0.00;0.00;0.65;0.15;1.15;0.00;0.36;0.20;0.40;0.00;0.00;0.01;0.00;0.30;0.00;0.00;0;0;;4;0.20;19;0;0.00;13;4;0.36;31;5;5;11;47;0.00;99;0;13;1.16;78;29;68;2.59;72;0;0.00;99;0;0.00;0;0;0.00;0;0.80;49;8;0.71;35;3;0.27;37.50;0;0.00;0;0;0;0.00;0;23;0.00;3;2.05;91;N/A;N/A;N/A;N/A;0.00;0;0.00;0;0.21;0.00;0;78.65;0.00;13;3;0.90;1.61;18;32;29;0;0;0;0.35;0.62;7;84;103.45;1.70;3.04;34;1;0.00;0.09;6;0.05;0;0;0;0.00;0.00;0;0.00;0.00;0.18;0.10;2;0;0.00;42;38;31;40;3;1.05;26;0.05;0.09;0.21;15;0.01;0.02;55;13;0.65;1.16;1.52;0.85;62;17;0.02;15;24;75;67;0;72;28;0;0.00;99;6;0.00;0.54;8.12;4.55;91;38;20;35;3.39;1.90;41.76;3;0.27;75;0;627.59;0;0.00;99;182;9.10;16.25;78;40;58;76;0;0;0;0;0;27;40;63;53;0;17;8;21;89;5;31;92;13;0;0
Aderlan de Lima Silva;35;650962800;18/08/1990;Serie A;2025;Defender;Sport Recife;1008;432;576;Brazil;16;7;9;0;0;0;0;0;0;0;0;2;2;0;23;11;12;5;0;0;0;0;0;0;0;2.05;44;63;202;0;0.45;358;282;185;15;0;5.17;0;48;33.04;18.50;39;370;14.55;291;25;25.98;37;0.00;0.00;0.45;9;0.00;1.45;1.43;0.80;16;0.00;0.15;0.00;0.00;0.00;0.65;0.15;1.15;0.00;0.36;0.20;0.40;0.00;0.00;0.01;0.00;0.30;0.00;0.00;0;0;;4;0.20;19;0;0.00;13;4;0.36;31;5;5;11;47;0.00;99;0;13;1.16;78;29;68;2.59;72;0;0.00;99;0;0.00;0;0;0.00;0;0.80;49;8;0.71;35;3;0.27;37.50;0;0.00;0;0;0;0.00;0;23;0.00;3;2.05;91;N/A;N/A;N/A;N/A;0.00;0;0.00;0;0.21;0.00;0;78.65;0.00;13;3;0.90;1.61;18;32;29;0;0;0;0.35;0.62;7;84;103.45;1.70;3.04;34;1;0.00;0.09;6;0.05;0;0;0;0.00;0.00;0;0.00;0.00;0.18;0.10;2;0;0.00;42;38;31;40;3;1.05;26;0.05;0.09;0.21;15;0.01;0.02;55;13;0.65;1.16;1.52;0.85;62;17;0.02;15;24;75;67;0;72;28;0;0.00;99;6;0.00;0.54;8.12;4.55;91;38;20;35;3.39;1.90;41.76;3;0.27;75;0;627.59;0;0.00;99;182;9.10;16.25;78;40;58;76;0;0;0;0;0;27;40;63;53;0;17;8;21;89;5;31;92;13;0;0
Aderlan de Lima Silva;35;650962800;18/08/1990;Serie A;2025;Defender;Sport Recife;1008;432;576;Brazil;16;7;9;0;0;0;0;0;0;0;0;2;2;0;23;11;12;5;0;0;0;0;0;0;0;2.05;44;63;202;0;0.45;358;282;185;15;0;5.17;0;48;33.04;18.50;39;370;14.55;291;25;25.98;37;0.00;0.00;0.45;9;0.00;1.45;1.43;0.80;16;0.00;0.15;0.00;0.00;0.00;0.65;0.15;1.15;0.00;0.36;0.20;0.40;0.00;0.00;0.01;0.00;0.30;0.00;0.00;0;0;;4;0.20;19;0;0.00;13;4;0.36;31;5;5;11;47;0.00;99;0;13;1.16;78;29;68;2.59;72;0;0.00;99;0;0.00;0;0;0.00;0;0.80;49;8;0.71;35;3;0.27;37.50;0;0.00;0;0;0;0.00;0;23;0.00;3;2.05;91;N/A;N/A;N/A;N/A;0.00;0;0.00;0;0.21;0.00;0;78.65;0.00;13;3;0.90;1.61;18;32;29;0;0;0;0.35;0.62;7;84;103.45;1.70;3.04;34;1;0.00;0.09;6;0.05;0;0;0;0.00;0.00;0;0.00;0.00;0.18;0.10;2;0;0.00;42;38;31;40;3;1.05;26;0.05;0.09;0.21;15;0.01;0.02;55;13;0.65;1.16;1.52;0.85;62;17;0.02;15;24;75;67;0;72;28;0;0.00;99;6;0.00;0.54;8.12;4.55;91;38;20;35;3.39;1.90;41.76;3;0.27;75;0;627.59;0;0.00;99;182;9.10;16.25;78;40;58;76;0;0;0;0;0;27;40;63;53;0;17;8;21;89;5;31;92;13;0;0
Adonis Uriel Frías;27;890121600;17/03/1998;Serie A;2025;Defender;Santos;1111;720;391;Argentina;13;8;5;0;0;0;0;0;0;0;0;5;4;1;9;4;5;2;0;0;0;0;0;0;0;0.73;123;85;556;0;0.16;375;365;28;17;772982;5.53;0;48;42.53;32.81;64;525;29.81;477;93;38.64;71;0.00;0.00;0.38;6;0.00;0.12;1.22;0.94;15;0.00;0.12;0.00;0.00;0.00;1.12;0.12;0.62;0.00;0.49;0.25;0.25;0.00;0.12;0.03;0.00;1.62;0.00;0.00;0;0;;6;0.38;27;2;0.16;31;4;0.32;28;0;1;12;38;0.00;99;0;18;1.46;92;2;27;0.16;23;0;0.00;99;0;0.00;0;0;0.00;0;0.49;33;4;0.32;20;2;0.16;50.00;0;0.00;0;0;0;0.00;0;10;0.00;88;0.81;59;N/A;N/A;N/A;N/A;0.00;0;0.00;0;0.52;0.00;0;90.86;33.33;48;70;0.31;0.41;5;23;62;0;0;0;0.50;0.65;8;85;88.53;2.94;3.81;47;0;0.00;0.00;99;0.00;0;0;0;0.00;0.00;0;0.00;0.00;0.00;0.00;0;0;0.00;42;44;20;40;88;1.07;26;0.07;0.09;0.52;26;0.03;0.04;20;6;0.38;0.49;1.46;1.12;58;18;0.04;26;29;81;67;0;40;85;0;0.00;99;26;0.00;2.11;6.97;5.38;86;49;32;21;3.97;3.06;56.98;2;0.16;82;0;0.00;0;0.00;99;0;0.00;0.00;27;45;29;9;0;0;0;0;0;27;40;63;53;0;85;78;76;34;2;15;55;98;N/A;N/A
Adonis Uriel Frías;27;890121600;17/03/1998;Serie A;2025;Defender;Santos;1111;720;391;Argentina;13;8;5;0;0;0;0;0;0;0;0;5;4;1;9;4;5;2;0;0;0;0;0;0;0;0.73;123;85;556;0;0.16;375;365;28;17;772982;5.53;0;48;42.53;32.81;64;525;29.81;477;93;38.64;71;0.00;0.00;0.38;6;0.00;0.12;1.22;0.94;15;0.00;0.12;0.00;0.00;0.00;1.12;0.12;0.62;0.00;0.49;0.25;0.25;0.00;0.12;0.03;0.00;1.62;0.00;0.00;0;0;;6;0.38;27;2;0.16;31;4;0.32;28;0;1;12;38;0.00;99;0;18;1.46;92;2;27;0.16;23;0;0.00;99;0;0.00;0;0;0.00;0;0.49;33;4;0.32;20;2;0.16;50.00;0;0.00;0;0;0;0.00;0;10;0.00;88;0.81;59;N/A;N/A;N/A;N/A;0.00;0;0.00;0;0.52;0.00;0;90.86;33.33;48;70;0.31;0.41;5;23;62;0;0;0;0.50;0.65;8;85;88.53;2.94;3.81;47;0;0.00;0.00;99;0.00;0;0;0;0.00;0.00;0;0.00;0.00;0.00;0.00;0;0;0.00;42;44;20;40;88;1.07;26;0.07;0.09;0.52;26;0.03;0.04;20;6;0.38;0.49;1.46;1.12;58;18;0.04;26;29;81;67;0;40;85;0;0.00;99;26;0.00;2.11;6.97;5.38;86;49;32;21;3.97;3.06;56.98;2;0.16;82;0;0.00;0;0.00;99;0;0.00;0.00;27;45;29;9;0;0;0;0;0;27;40;63;53;0;85;78;76;34;2;15;55;98;N/A;N/A
Adonis Uriel Frías;27;890121600;17/03/1998;Serie A;2025;Defender;Santos;1111;720;391;Argentina;13;8;5;0;0;0;0;0;0;0;0;5;4;1;9;4;5;2;0;0;0;0;0;0;0;0.73;123;85;556;0;0.16;375;365;28;17;772982;5.53;0;48;42.53;32.81;64;525;29.81;477;93;38.64;71;0.00;0.00;0.38;6;0.00;0.12;1.22;0.94;15;0.00;0.12;0.00;0.00;0.00;1.12;0.12;0.62;0.00;0.49;0.25;0.25;0.00;0.12;0.03;0.00;1.62;0.00;0.00;0;0;;6;0.38;27;2;0.16;31;4;0.32;28;0;1;12;38;0.00;99;0;18;1.46;92;2;27;0.16;23;0;0.00;99;0;0.00;0;0;0.00;0;0.49;33;4;0.32;20;2;0.16;50.00;0;0.00;0;0;0;0.00;0;10;0.00;88;0.81;59;N/A;N/A;N/A;N/A;0.00;0;0.00;0;0.52;0.00;0;90.86;33.33;48;70;0.31;0.41;5;23;62;0;0;0;0.50;0.65;8;85;88.53;2.94;3.81;47;0;0.00;0.00;99;0.00;0;0;0;0.00;0.00;0;0.00;0.00;0.00;0.00;0;0;0.00;42;44;20;40;88;1.07;26;0.07;0.09;0.52;26;0.03;0.04;20;6;0.38;0.49;1.46;1.12;58;18;0.04;26;29;81;67;0;40;85;0;0.00;99;26;0.00;2.11;6.97;5.38;86;49;32;21;3.97;3.06;56.98;2;0.16;82;0;0.00;0;0.00;99;0;0.00;0.00;27;45;29;9;0;0;0;0;0;27;40;63;53;0;85;78;76;34;2;15;55;98;N/A;N/A
Adonis Uriel Frías;27;890121600;17/03/1998;Serie A;2025;Defender;Santos;1111;720;391;Argentina;13;8;5;0;0;0;0;0;0;0;0;5;4;1;9;4;5;2;0;0;0;0;0;0;0;0.73;123;85;556;0;0.16;375;365;28;17;772982;5.53;0;48;42.53;32.81;64;525;29.81;477;93;38.64;71;0.00;0.00;0.38;6;0.00;0.12;1.22;0.94;15;0.00;0.12;0.00;0.00;0.00;1.12;0.12;0.62;0.00;0.49;0.25;0.25;0.00;0.12;0.03;0.00;1.62;0.00;0.00;0;0;;6;0.38;27;2;0.16;31;4;0.32;28;0;1;12;38;0.00;99;0;18;1.46;92;2;27;0.16;23;0;0.00;99;0;0.00;0;0;0.00;0;0.49;33;4;0.32;20;2;0.16;50.00;0;0.00;0;0;0;0.00;0;10;0.00;88;0.81;59;N/A;N/A;N/A;N/A;0.00;0;0.00;0;0.52;0.00;0;90.86;33.33;48;70;0.31;0.41;5;23;62;0;0;0;0.50;0.65;8;85;88.53;2.94;3.81;47;0;0.00;0.00;99;0.00;0;0;0;0.00;0.00;0;0.00;0.00;0.00;0.00;0;0;0.00;42;44;20;40;88;1.07;26;0.07;0.09;0.52;26;0.03;0.04;20;6;0.38;0.49;1.46;1.12;58;18;0.04;26;29;81;67;0;40;85;0;0.00;99;26;0.00;2.11;6.97;5.38;86;49;32;21;3.97;3.06;56.98;2;0.16;82;0;0.00;0;0.00;99;0;0.00;0.00;27;45;29;9;0;0;0;0;0;27;40;63;53;0;85;78;76;34;2;15;55;98;N/A;N/A
Adonis Uriel Frías;27;890121600;17/03/1998;Serie A;2025;Defender;Santos;1111;720;391;Argentina;13;8;5;0;0;0;0;0;0;0;0;5;4;1;9;4;5;2;0;0;0;0;0;0;0;0.73;123;85;556;0;0.16;375;365;28;17;772982;5.53;0;48;42.53;32.81;64;525;29.81;477;93;38.64;71;0.00;0.00;0.38;6;0.00;0.12;1.22;0.94;15;0.00;0.12;0.00;0.00;0.00;1.12;0.12;0.62;0.00;0.49;0.25;0.25;0.00;0.12;0.03;0.00;1.62;0.00;0.00;0;0;;6;0.38;27;2;0.16;31;4;0.32;28;0;1;12;38;0.00;99;0;18;1.46;92;2;27;0.16;23;0;0.00;99;0;0.00;0;0;0.00;0;0.49;33;4;0.32;20;2;0.16;50.00;0;0.00;0;0;0;0.00;0;10;0.00;88;0.81;59;N/A;N/A;N/A;N/A;0.00;0;0.00;0;0.52;0.00;0;90.86;33.33;48;70;0.31;0.41;5;23;62;0;0;0;0.50;0.65;8;85;88.53;2.94;3.81;47;0;0.00;0.00;99;0.00;0;0;0;0.00;0.00;0;0.00;0.00;0.00;0.00;0;0;0.00;42;44;20;40;88;1.07;26;0.07;0.09;0.52;26;0.03;0.04;20;6;0.38;0.49;1.46;1.12;58;18;0.04;26;29;81;67;0;40;85;0;0.00;99;26;0.00;2.11;6.97;5.38;86;49;32;21;3.97;3.06;56.98;2;0.16;82;0;0.00;0;0.00;99;0;0.00;0.00;27;45;29;9;0;0;0;0;0;27;40;63;53;0;85;78;76;34;2;15;55;98;N/A;N/A
Adriano Martins da Fonseca;28;859881600;01/04/1997;Serie A;2025;Defender;Juventude;362;180;182;Brazil;5;2;3;0;0;0;0;0;0;0;0;1;1;0;8;1;7;1;0;0;0;0;0;0;0;1.99;45;72;362;0;0.25;429;409;182;31;150048;6.78;0;48;46.99;37.80;76;189;33.40;167;80;41.52;77;0.00;0.00;0.00;0;0.00;0.00;0.99;0.80;4;0.00;0.20;0.00;0.00;0.00;1.20;0.00;0.00;0.00;0.25;0.20;0.00;0.00;0.00;0.01;0.00;2.00;0.00;0.00;0;0;;1;0.20;12;0;0.00;13;1;0.25;23;1;0;5;27;0.00;99;0;6;1.49;92;0;27;0.00;12;0;0.00;99;0;0.00;0;0;0.00;0;0.00;6;0;0.00;7;0;0.00;0.00;0;0.00;0;0;0;0.00;0;0;0.00;4;0.00;0;N/A;N/A;N/A;N/A;0.00;0;0.00;0;0.04;0.00;0;88.36;0.00;13;99;0.00;0.00;0;10;10;0;0;0;0.40;0.50;2;79;33.89;5.00;6.22;25;0;0.00;0.00;99;0.00;0;0;0;0.00;0.00;0;0.00;0.00;0.25;0.20;1;0;0.00;42;0;1;40;4;0.39;34;0.08;0.10;0.04;11;0.01;0.01;8;1;0.20;0.25;0.75;0.60;18;3;0.01;11;65;96;67;0;81;92;0;0.00;99;10;0.00;2.49;7.21;5.80;29;15;25;24;3.73;3.00;51.72;1;0.25;76;0;0.00;0;0.00;99;0;0.00;0.00;27;11;18;26;0;0;0;0;0;27;40;63;53;0;28;25;53;57;1;20;71;3;N/A;N/A
Adriano Martins da Fonseca;28;859881600;01/04/1997;Serie A;2025;Defender;Juventude;362;180;182;Brazil;5;2;3;0;0;0;0;0;0;0;0;1;1;0;8;1;7;1;0;0;0;0;0;0;0;1.99;45;72;362;0;0.25;429;409;182;31;150048;6.78;0;48;46.99;37.80;76;189;33.40;167;80;41.52;77;0.00;0.00;0.00;0;0.00;0.00;0.99;0.80;4;0.00;0.20;0.00;0.00;0.00;1.20;0.00;0.00;0.00;0.25;0.20;0.00;0.00;0.00;0.01;0.00;2.00;0.00;0.00;0;0;;1;0.20;12;0;0.00;13;1;0.25;23;1;0;5;27;0.00;99;0;6;1.49;92;0;27;0.00;12;0;0.00;99;0;0.00;0;0;0.00;0;0.00;6;0;0.00;7;0;0.00;0.00;0;0.00;0;0;0;0.00;0;0;0.00;4;0.00;0;N/A;N/A;N/A;N/A;0.00;0;0.00;0;0.04;0.00;0;88.36;0.00;13;99;0.00;0.00;0;10;10;0;0;0;0.40;0.50;2;79;33.89;5.00;6.22;25;0;0.00;0.00;99;0.00;0;0;0;0.00;0.00;0;0.00;0.00;0.25;0.20;1;0;0.00;42;0;1;40;4;0.39;34;0.08;0.10;0.04;11;0.01;0.01;8;1;0.20;0.25;0.75;0.60;18;3;0.01;11;65;96;67;0;81;92;0;0.00;99;10;0.00;2.49;7.21;5.80;29;15;25;24;3.73;3.00;51.72;1;0.25;76;0;0.00;0;0.00;99;0;0.00;0.00;27;11;18;26;0;0;0;0;0;27;40;63;53;0;28;25;53;57;1;20;71;3;N/A;N/A
Adriano Martins da Fonseca;28;859881600;01/04/1997;Serie A;2025;Defender;Juventude;362;180;182;Brazil;5;2;3;0;0;0;0;0;0;0;0;1;1;0;8;1;7;1;0;0;0;0;0;0;0;1.99;45;72;362;0;0.25;429;409;182;31;150048;6.78;0;48;46.99;37.80;76;189;33.40;167;80;41.52;77;0.00;0.00;0.00;0;0.00;0.00;0.99;0.80;4;0.00;0.20;0.00;0.00;0.00;1.20;0.00;0.00;0.00;0.25;0.20;0.00;0.00;0.00;0.01;0.00;2.00;0.00;0.00;0;0;;1;0.20;12;0;0.00;13;1;0.25;23;1;0;5;27;0.00;99;0;6;1.49;92;0;27;0.00;12;0;0.00;99;0;0.00;0;0;0.00;0;0.00;6;0;0.00;7;0;0.00;0.00;0;0.00;0;0;0;0.00;0;0;0.00;4;0.00;0;N/A;N/A;N/A;N/A;0.00;0;0.00;0;0.04;0.00;0;88.36;0.00;13;99;0.00;0.00;0;10;10;0;0;0;0.40;0.50;2;79;33.89;5.00;6.22;25;0;0.00;0.00;99;0.00;0;0;0;0.00;0.00;0;0.00;0.00;0.25;0.20;1;0;0.00;42;0;1;40;4;0.39;34;0.08;0.10;0.04;11;0.01;0.01;8;1;0.20;0.25;0.75;0.60;18;3;0.01;11;65;96;67;0;81;92;0;0.00;99;10;0.00;2.49;7.21;5.80;29;15;25;24;3.73;3.00;51.72;1;0.25;76;0;0.00;0;0.00;99;0;0.00;0.00;27;11;18;26;0;0;0;0;0;27;40;63;53;0;28;25;53;57;1;20;71;3;N/A;N/A
Adriano Martins da Fonseca;28;859881600;01/04/1997;Serie A;2025;Defender;Juventude;362;180;182;Brazil;5;2;3;0;0;0;0;0;0;0;0;1;1;0;8;1;7;1;0;0;0;0;0;0;0;1.99;45;72;362;0;0.25;429;409;182;31;150048;6.78;0;48;46.99;37.80;76;189;33.40;167;80;41.52;77;0.00;0.00;0.00;0;0.00;0.00;0.99;0.80;4;0.00;0.20;0.00;0.00;0.00;1.20;0.00;0.00;0.00;0.25;0.20;0.00;0.00;0.00;0.01;0.00;2.00;0.00;0.00;0;0;;1;0.20;12;0;0.00;13;1;0.25;23;1;0;5;27;0.00;99;0;6;1.49;92;0;27;0.00;12;0;0.00;99;0;0.00;0;0;0.00;0;0.00;6;0;0.00;7;0;0.00;0.00;0;0.00;0;0;0;0.00;0;0;0.00;4;0.00;0;N/A;N/A;N/A;N/A;0.00;0;0.00;0;0.04;0.00;0;88.36;0.00;13;99;0.00;0.00;0;10;10;0;0;0;0.40;0.50;2;79;33.89;5.00;6.22;25;0;0.00;0.00;99;0.00;0;0;0;0.00;0.00;0;0.00;0.00;0.25;0.20;1;0;0.00;42;0;1;40;4;0.39;34;0.08;0.10;0.04;11;0.01;0.01;8;1;0.20;0.25;0.75;0.60;18;3;0.01;11;65;96;67;0;81;92;0;0.00;99;10;0.00;2.49;7.21;5.80;29;15;25;24;3.73;3.00;51.72;1;0.25;76;0;0.00;0;0.00;99;0;0.00;0.00;27;11;18;26;0;0;0;0;0;27;40;63;53;0;28;25;53;57;1;20;71;3;N/A;N/A
Adriano Martins da Fonseca;28;859881600;01/04/1997;Serie A;2025;Defender;Juventude;362;180;182;Brazil;5;2;3;0;0;0;0;0;0;0;0;1;1;0;8;1;7;1;0;0;0;0;0;0;0;1.99;45;72;362;0;0.25;429;409;182;31;150048;6.78;0;48;46.99;37.80;76;189;33.40;167;80;41.52;77;0.00;0.00;0.00;0;0.00;0.00;0.99;0.80;4;0.00;0.20;0.00;0.00;0.00;1.20;0.00;0.00;0.00;0.25;0.20;0.00;0.00;0.00;0.01;0.00;2.00;0.00;0.00;0;0;;1;0.20;12;0;0.00;13;1;0.25;23;1;0;5;27;0.00;99;0;6;1.49;92;0;27;0.00;12;0;0.00;99;0;0.00;0;0;0.00;0;0.00;6;0;0.00;7;0;0.00;0.00;0;0.00;0;0;0;0.00;0;0;0.00;4;0.00;0;N/A;N/A;N/A;N/A;0.00;0;0.00;0;0.04;0.00;0;88.36;0.00;13;99;0.00;0.00;0;10;10;0;0;0;0.40;0.50;2;79;33.89;5.00;6.22;25;0;0.00;0.00;99;0.00;0;0;0;0.00;0.00;0;0.00;0.00;0.25;0.20;1;0;0.00;42;0;1;40;4;0.39;34;0.08;0.10;0.04;11;0.01;0.01;8;1;0.20;0.25;0.75;0.60;18;3;0.01;11;65;96;67;0;81;92;0;0.00;99;10;0.00;2.49;7.21;5.80;29;15;25;24;3.73;3.00;51.72;1;0.25;76;0;0.00;0;0.00;99;0;0.00;0.00;27;11;18;26;0;0;0;0;0;27;40;63;53;0;28;25;53;57;1;20;71;3;N/A;N/A
Adriel Gomes do Nascimento;56;N/A;N/A;Serie A;2025;Midfielder;Sport Recife;145;55;90;;5;3;2;0;0;0;0;0;0;0;0;0;0;0;5;3;2;1;0;0;0;0;0;0;0;3.1;29;29;145;0;0.62;-1;-1;-1;24;8881;3.21;0;48;31.96;9.50;35;38;8.00;32;53;26.92;38;0.00;0.00;0.00;0;0.00;0.00;2.52;0.75;3;0.00;0.25;0.00;0.00;0.00;0.25;0.00;0.50;0.00;0.84;0.25;0.00;0.00;0.00;0.01;0.00;0.75;0.00;0.00;0;0;;1;0.25;51;0;0.00;13;1;0.84;69;3;4;1;88;0.00;99;0;1;0.84;58;0;27;0.00;12;0;0.00;99;0;0.00;0;0;0.00;0;0.00;6;0;0.00;7;0;0.00;0.00;0;0.00;0;0;0;0.00;0;2;0.00;0;1.68;90;N/A;N/A;N/A;N/A;0.00;0;0.00;0;0.05;0.00;0;84.21;0.00;13;99;0.00;0.00;0;10;10;0;0;0;0.00;0.00;0;20;12.85;0.25;0.84;1;0;0.00;0.00;99;0.00;0;0;0;0.00;0.00;0;0.00;0.00;0.00;0.00;0;0;0.00;42;0;1;40;0;0.07;12;0.02;0.06;0.05;26;0.01;0.04;1;0;0.00;0.00;4.21;1.25;99;5;0.04;26;3;31;67;0;40;92;0;0.00;99;3;0.00;2.52;10.93;3.25;13;6;61;69;5.05;1.50;46.15;1;0.84;42;0;0.00;0;0.00;99;0;0.00;0.00;27;0;52;53;0;0;0;0;0;27;40;63;53;0;18;1;12;97;1;20;71;54;N/A;N/A
Adriel Gomes do Nascimento;56;N/A;N/A;Serie A;2025;Midfielder;Sport Recife;145;55;90;;5;3;2;0;0;0;0;0;0;0;0;0;0;0;5;3;2;1;0;0;0;0;0;0;0;3.1;29;29;145;0;0.62;-1;-1;-1;24;8881;3.21;0;48;31.96;9.50;35;38;8.00;32;53;26.92;38;0.00;0.00;0.00;0;0.00;0.00;2.52;0.75;3;0.00;0.25;0.00;0.00;0.00;0.25;0.00;0.50;0.00;0.84;0.25;0.00;0.00;0.00;0.01;0.00;0.75;0.00;0.00;0;0;;1;0.25;51;0;0.00;13;1;0.84;69;3;4;1;88;0.00;99;0;1;0.84;58;0;27;0.00;12;0;0.00;99;0;0.00;0;0;0.00;0;0.00;6;0;0.00;7;0;0.00;0.00;0;0.00;0;0;0;0.00;0;2;0.00;0;1.68;90;N/A;N/A;N/A;N/A;0.00;0;0.00;0;0.05;0.00;0;84.21;0.00;13;99;0.00;0.00;0;10;10;0;0;0;0.00;0.00;0;20;12.85;0.25;0.84;1;0;0.00;0.00;99;0.00;0;0;0;0.00;0.00;0;0.00;0.00;0.00;0.00;0;0;0.00;42;0;1;40;0;0.07;12;0.02;0.06;0.05;26;0.01;0.04;1;0;0.00;0.00;4.21;1.25;99;5;0.04;26;3;31;67;0;40;92;0;0.00;99;3;0.00;2.52;10.93;3.25;13;6;61;69;5.05;1.50;46.15;1;0.84;42;0;0.00;0;0.00;99;0;0.00;0.00;27;0;52;53;0;0;0;0;0;27;40;63;53;0;18;1;12;97;1;20;71;54;N/A;N/A
Adriel Gomes do Nascimento;56;N/A;N/A;Serie A;2025;Midfielder;Sport Recife;145;55;90;;5;3;2;0;0;0;0;0;0;0;0;0;0;0;5;3;2;1;0;0;0;0;0;0;0;3.1;29;29;145;0;0.62;-1;-1;-1;24;8881;3.21;0;48;31.96;9.50;35;38;8.00;32;53;26.92;38;0.00;0.00;0.00;0;0.00;0.00;2.52;0.75;3;0.00;0.25;0.00;0.00;0.00;0.25;0.00;0.50;0.00;0.84;0.25;0.00;0.00;0.00;0.01;0.00;0.75;0.00;0.00;0;0;;1;0.25;51;0;0.00;13;1;0.84;69;3;4;1;88;0.00;99;0;1;0.84;58;0;27;0.00;12;0;0.00;99;0;0.00;0;0;0.00;0;0.00;6;0;0.00;7;0;0.00;0.00;0;0.00;0;0;0;0.00;0;2;0.00;0;1.68;90;N/A;N/A;N/A;N/A;0.00;0;0.00;0;0.05;0.00;0;84.21;0.00;13;99;0.00;0.00;0;10;10;0;0;0;0.00;0.00;0;20;12.85;0.25;0.84;1;0;0.00;0.00;99;0.00;0;0;0;0.00;0.00;0;0.00;0.00;0.00;0.00;0;0;0.00;42;0;1;40;0;0.07;12;0.02;0.06;0.05;26;0.01;0.04;1;0;0.00;0.00;4.21;1.25;99;5;0.04;26;3;31;67;0;40;92;0;0.00;99;3;0.00;2.52;10.93;3.25;13;6;61;69;5.05;1.50;46.15;1;0.84;42;0;0.00;0;0.00;99;0;0.00;0.00;27;0;52;53;0;0;0;0;0;27;40;63;53;0;18;1;12;97;1;20;71;54;N/A;N/A
Adriel Gomes do Nascimento;56;N/A;N/A;Serie A;2025;Midfielder;Sport Recife;145;55;90;;5;3;2;0;0;0;0;0;0;0;0;0;0;0;5;3;2;1;0;0;0;0;0;0;0;3.1;29;29;145;0;0.62;-1;-1;-1;24;8881;3.21;0;48;31.96;9.50;35;38;8.00;32;53;26.92;38;0.00;0.00;0.00;0;0.00;0.00;2.52;0.75;3;0.00;0.25;0.00;0.00;0.00;0.25;0.00;0.50;0.00;0.84;0.25;0.00;0.00;0.00;0.01;0.00;0.75;0.00;0.00;0;0;;1;0.25;51;0;0.00;13;1;0.84;69;3;4;1;88;0.00;99;0;1;0.84;58;0;27;0.00;12;0;0.00;99;0;0.00;0;0;0.00;0;0.00;6;0;0.00;7;0;0.00;0.00;0;0.00;0;0;0;0.00;0;2;0.00;0;1.68;90;N/A;N/A;N/A;N/A;0.00;0;0.00;0;0.05;0.00;0;84.21;0.00;13;99;0.00;0.00;0;10;10;0;0;0;0.00;0.00;0;20;12.85;0.25;0.84;1;0;0.00;0.00;99;0.00;0;0;0;0.00;0.00;0;0.00;0.00;0.00;0.00;0;0;0.00;42;0;1;40;0;0.07;12;0.02;0.06;0.05;26;0.01;0.04;1;0;0.00;0.00;4.21;1.25;99;5;0.04;26;3;31;67;0;40;92;0;0.00;99;3;0.00;2.52;10.93;3.25;13;6;61;69;5.05;1.50;46.15;1;0.84;42;0;0.00;0;0.00;99;0;0.00;0.00;27;0;52;53;0;0;0;0;0;27;40;63;53;0;18;1;12;97;1;20;71;54;N/A;N/A
Adriel Gomes do Nascimento;56;N/A;N/A;Serie A;2025;Midfielder;Sport Recife;145;55;90;;5;3;2;0;0;0;0;0;0;0;0;0;0;0;5;3;2;1;0;0;0;0;0;0;0;3.1;29;29;145;0;0.62;-1;-1;-1;24;8881;3.21;0;48;31.96;9.50;35;38;8.00;32;53;26.92;38;0.00;0.00;0.00;0;0.00;0.00;2.52;0.75;3;0.00;0.25;0.00;0.00;0.00;0.25;0.00;0.50;0.00;0.84;0.25;0.00;0.00;0.00;0.01;0.00;0.75;0.00;0.00;0;0;;1;0.25;51;0;0.00;13;1;0.84;69;3;4;1;88;0.00;99;0;1;0.84;58;0;27;0.00;12;0;0.00;99;0;0.00;0;0;0.00;0;0.00;6;0;0.00;7;0;0.00;0.00;0;0.00;0;0;0;0.00;0;2;0.00;0;1.68;90;N/A;N/A;N/A;N/A;0.00;0;0.00;0;0.05;0.00;0;84.21;0.00;13;99;0.00;0.00;0;10;10;0;0;0;0.00;0.00;0;20;12.85;0.25;0.84;1;0;0.00;0.00;99;0.00;0;0;0;0.00;0.00;0;0.00;0.00;0.00;0.00;0;0;0.00;42;0;1;40;0;0.07;12;0.02;0.06;0.05;26;0.01;0.04;1;0;0.00;0.00;4.21;1.25;99;5;0.04;26;3;31;67;0;40;92;0;0.00;99;3;0.00;2.52;10.93;3.25;13;6;61;69;5.05;1.50;46.15;1;0.84;42;0;0.00;0;0.00;99;0;0.00;0.00;27;0;52;53;0;0;0;0;0;27;40;63;53;0;18;1;12;97;1;20;71;54;N/A;N/A
Adson Soares;25;970815600;06/10/2000;Serie A;2025;Midfielder;Vasco da Gama;200;87;113;Brazil;10;5;5;0;0;0;0;0;0;0;0;1;1;0;2;0;2;0;0;0;0;0;0;0;0;0.9;100;20;0;0;0;-1;-1;-1;34;444050;6.01;0;48;60.30;13.40;94;134;11.90;119;83;53.55;94;0.00;0.00;0.40;4;0.00;0.70;1.80;0.40;4;0.00;0.40;0.00;0.00;0.00;0.00;0.30;0.00;0.00;0.90;0.10;1.00;0.00;0.10;0.02;0.00;0.10;0.00;0.00;0;0;;2;0.20;54;1;0.45;63;1;0.45;43;0;10;0;64;0.00;99;0;0;0.00;9;7;29;3.15;79;0;0.00;99;0;0.00;0;0;0.00;0;1.80;89;10;4.50;96;3;1.35;30.00;0;0.00;0;0;0;0.00;0;0;0.00;76;0.00;0;N/A;N/A;N/A;N/A;0.00;0;0.00;0;0.20;0.00;0;88.81;50.00;84;99;0.00;0.00;0;85;19;0;0;0;0.00;0.00;0;20;60.14;0.40;1.80;4;0;0.00;0.00;99;0.00;0;0;0;0.00;0.00;0;0.00;0.00;0.00;0.00;0;0;0.00;42;0;10;40;76;0.42;76;0.04;0.19;0.20;49;0.02;0.09;60;3;0.30;1.35;0.45;0.10;9;1;0.09;48;40;59;67;0;40;22;0;0.00;99;1;0.00;0.45;12.60;2.80;28;11;58;83;4.95;1.10;39.29;4;1.80;8;0;14.29;0;0.00;99;1;0.10;0.45;37;0;83;9;0;0;0;0;0;27;40;63;53;0;61;4;9;9;0;0;10;28;N/A;N/A
Adson Soares;25;970815600;06/10/2000;Serie A;2025;Midfielder;Vasco da Gama;200;87;113;Brazil;10;5;5;0;0;0;0;0;0;0;0;1;1;0;2;0;2;0;0;0;0;0;0;0;0;0.9;100;20;0;0;0;-1;-1;-1;34;444050;6.01;0;48;60.30;13.40;94;134;11.90;119;83;53.55;94;0.00;0.00;0.40;4;0.00;0.70;1.80;0.40;4;0.00;0.40;0.00;0.00;0.00;0.00;0.30;0.00;0.00;0.90;0.10;1.00;0.00;0.10;0.02;0.00;0.10;0.00;0.00;0;0;;2;0.20;54;1;0.45;63;1;0.45;43;0;10;0;64;0.00;99;0;0;0.00;9;7;29;3.15;79;0;0.00;99;0;0.00;0;0;0.00;0;1.80;89;10;4.50;96;3;1.35;30.00;0;0.00;0;0;0;0.00;0;0;0.00;76;0.00;0;N/A;N/A;N/A;N/A;0.00;0;0.00;0;0.20;0.00;0;88.81;50.00;84;99;0.00;0.00;0;85;19;0;0;0;0.00;0.00;0;20;60.14;0.40;1.80;4;0;0.00;0.00;99;0.00;0;0;0;0.00;0.00;0;0.00;0.00;0.00;0.00;0;0;0.00;42;0;10;40;76;0.42;76;0.04;0.19;0.20;49;0.02;0.09;60;3;0.30;1.35;0.45;0.10;9;1;0.09;48;40;59;67;0;40;22;0;0.00;99;1;0.00;0.45;12.60;2.80;28;11;58;83;4.95;1.10;39.29;4;1.80;8;0;14.29;0;0.00;99;1;0.10;0.45;37;0;83;9;0;0;0;0;0;27;40;63;53;0;61;4;9;9;0;0;10;28;N/A;N/A
Adson Soares;25;970815600;06/10/2000;Serie A;2025;Midfielder;Vasco da Gama;200;87;113;Brazil;10;5;5;0;0;0;0;0;0;0;0;1;1;0;2;0;2;0;0;0;0;0;0;0;0;0.9;100;20;0;0;0;-1;-1;-1;34;444050;6.01;0;48;60.30;13.40;94;134;11.90;119;83;53.55;94;0.00;0.00;0.40;4;0.00;0.70;1.80;0.40;4;0.00;0.40;0.00;0.00;0.00;0.00;0.30;0.00;0.00;0.90;0.10;1.00;0.00;0.10;0.02;0.00;0.10;0.00;0.00;0;0;;2;0.20;54;1;0.45;63;1;0.45;43;0;10;0;64;0.00;99;0;0;0.00;9;7;29;3.15;79;0;0.00;99;0;0.00;0;0;0.00;0;1.80;89;10;4.50;96;3;1.35;30.00;0;0.00;0;0;0;0.00;0;0;0.00;76;0.00;0;N/A;N/A;N/A;N/A;0.00;0;0.00;0;0.20;0.00;0;88.81;50.00;84;99;0.00;0.00;0;85;19;0;0;0;0.00;0.00;0;20;60.14;0.40;1.80;4;0;0.00;0.00;99;0.00;0;0;0;0.00;0.00;0;0.00;0.00;0.00;0.00;0;0;0.00;42;0;10;40;76;0.42;76;0.04;0.19;0.20;49;0.02;0.09;60;3;0.30;1.35;0.45;0.10;9;1;0.09;48;40;59;67;0;40;22;0;0.00;99;1;0.00;0.45;12.60;2.80;28;11;58;83;4.95;1.10;39.29;4;1.80;8;0;14.29;0;0.00;99;1;0.10;0.45;37;0;83;9;0;0;0;0;0;27;40;63;53;0;61;4;9;9;0;0;10;28;N/A;N/A
Adson Soares;25;970815600;06/10/2000;Serie A;2025;Midfielder;Vasco da Gama;200;87;113;Brazil;10;5;5;0;0;0;0;0;0;0;0;1;1;0;2;0;2;0;0;0;0;0;0;0;0;0.9;100;20;0;0;0;-1;-1;-1;34;444050;6.01;0;48;60.30;13.40;94;134;11.90;119;83;53.55;94;0.00;0.00;0.40;4;0.00;0.70;1.80;0.40;4;0.00;0.40;0.00;0.00;0.00;0.00;0.30;0.00;0.00;0.90;0.10;1.00;0.00;0.10;0.02;0.00;0.10;0.00;0.00;0;0;;2;0.20;54;1;0.45;63;1;0.45;43;0;10;0;64;0.00;99;0;0;0.00;9;7;29;3.15;79;0;0.00;99;0;0.00;0;0;0.00;0;1.80;89;10;4.50;96;3;1.35;30.00;0;0.00;0;0;0;0.00;0;0;0.00;76;0.00;0;N/A;N/A;N/A;N/A;0.00;0;0.00;0;0.20;0.00;0;88.81;50.00;84;99;0.00;0.00;0;85;19;0;0;0;0.00;0.00;0;20;60.14;0.40;1.80;4;0;0.00;0.00;99;0.00;0;0;0;0.00;0.00;0;0.00;0.00;0.00;0.00;0;0;0.00;42;0;10;40;76;0.42;76;0.04;0.19;0.20;49;0.02;0.09;60;3;0.30;1.35;0.45;0.10;9;1;0.09;48;40;59;67;0;40;22;0;0.00;99;1;0.00;0.45;12.60;2.80;28;11;58;83;4.95;1.10;39.29;4;1.80;8;0;14.29;0;0.00;99;1;0.10;0.45;37;0;83;9;0;0;0;0;0;27;40;63;53;0;61;4;9;9;0;0;10;28;N/A;N/A
Adson Soares;25;970815600;06/10/2000;Serie A;2025;Midfielder;Vasco da Gama;200;87;113;Brazil;10;5;5;0;0;0;0;0;0;0;0;1;1;0;2;0;2;0;0;0;0;0;0;0;0;0.9;100;20;0;0;0;-1;-1;-1;34;444050;6.01;0;48;60.30;13.40;94;134;11.90;119;83;53.55;94;0.00;0.00;0.40;4;0.00;0.70;1.80;0.40;4;0.00;0.40;0.00;0.00;0.00;0.00;0.30;0.00;0.00;0.90;0.10;1.00;0.00;0.10;0.02;0.00;0.10;0.00;0.00;0;0;;2;0.20;54;1;0.45;63;1;0.45;43;0;10;0;64;0.00;99;0;0;0.00;9;7;29;3.15;79;0;0.00;99;0;0.00;0;0;0.00;0;1.80;89;10;4.50;96;3;1.35;30.00;0;0.00;0;0;0;0.00;0;0;0.00;76;0.00;0;N/A;N/A;N/A;N/A;0.00;0;0.00;0;0.20;0.00;0;88.81;50.00;84;99;0.00;0.00;0;85;19;0;0;0;0.00;0.00;0;20;60.14;0.40;1.80;4;0;0.00;0.00;99;0.00;0;0;0;0.00;0.00;0;0.00;0.00;0.00;0.00;0;0;0.00;42;0;10;40;76;0.42;76;0.04;0.19;0.20;49;0.02;0.09;60;3;0.30;1.35;0.45;0.10;9;1;0.09;48;40;59;67;0;40;22;0;0.00;99;1;0.00;0.45;12.60;2.80;28;11;58;83;4.95;1.10;39.29;4;1.80;8;0;14.29;0;0.00;99;1;0.10;0.45;37;0;83;9;0;0;0;0;0;27;40;63;53;0;61;4;9;9;0;0;10;28;N/A;N/A
Agustín Canobbio Graviz;27;907225200;01/10/1998;Serie A;2025;Midfielder;Fluminense;2126;1100;1026;Uruguay;30;15;15;4;3;1;2;1;1;1;0;14;10;4;19;3;16;6;0;0.25;0.08;0.17;0.25;0.09;532;0.8;112;71;354;1063;0.25;142;194;-1;4;892581;6.93;0.07;65;28.87;22.73;30;682;19.07;572;52;24.21;32;0.00;0.00;0.90;27;0.00;2.40;2.24;1.77;53;0.00;0.90;0.00;0.00;0.00;0.43;0.73;0.33;11.50;1.95;1.00;2.00;0.00;0.53;0.20;0.00;0.47;0.00;0.00;0;0;;46;1.53;83;16;0.68;77;30;1.27;87;1;3;27;82;0.00;99;0;13;0.55;37;72;57;3.05;77;0;0.00;99;0;0.00;0;0;0.00;0;1.14;68;60;2.54;80;22;0.93;36.67;0;0.00;0;0;0;0.00;0;10;0.00;84;0.42;22;N/A;N/A;N/A;N/A;0.00;0;0.00;0;6.10;0.00;0;83.87;34.78;49;11;1.00;1.27;30;73;27;1;0;0;0.07;0.08;2;27;207.98;0.77;0.97;23;0;0.00;0.00;99;0.00;0;1;4;0.13;0.17;0;0.00;0.00;0.25;0.20;6;1;8.70;58;80;81;65;84;3.31;58;0.11;0.14;5.40;77;0.18;0.23;86;53;1.77;2.24;1.86;1.47;78;44;0.26;80;79;38;98;0;81;31;0;0.00;99;14;0.00;0.59;12.45;9.80;294;143;81;82;6.05;4.77;48.64;27;1.14;28;0;406.94;0;0.00;99;293;9.77;12.40;70;85;46;26;0;0;0;0;0;70;76;70;80;0;88;92;52;57;6;20;71;17;N/A;N/A
Agustín Canobbio Graviz;27;907225200;01/10/1998;Serie A;2025;Midfielder;Fluminense;2126;1100;1026;Uruguay;30;15;15;4;3;1;2;1;1;1;0;14;10;4;19;3;16;6;0;0.25;0.08;0.17;0.25;0.09;532;0.8;112;71;354;1063;0.25;142;194;-1;4;892581;6.93;0.07;65;28.87;22.73;30;682;19.07;572;52;24.21;32;0.00;0.00;0.90;27;0.00;2.40;2.24;1.77;53;0.00;0.90;0.00;0.00;0.00;0.43;0.73;0.33;11.50;1.95;1.00;2.00;0.00;0.53;0.20;0.00;0.47;0.00;0.00;0;0;;46;1.53;83;16;0.68;77;30;1.27;87;1;3;27;82;0.00;99;0;13;0.55;37;72;57;3.05;77;0;0.00;99;0;0.00;0;0;0.00;0;1.14;68;60;2.54;80;22;0.93;36.67;0;0.00;0;0;0;0.00;0;10;0.00;84;0.42;22;N/A;N/A;N/A;N/A;0.00;0;0.00;0;6.10;0.00;0;83.87;34.78;49;11;1.00;1.27;30;73;27;1;0;0;0.07;0.08;2;27;207.98;0.77;0.97;23;0;0.00;0.00;99;0.00;0;1;4;0.13;0.17;0;0.00;0.00;0.25;0.20;6;1;8.70;58;80;81;65;84;3.31;58;0.11;0.14;5.40;77;0.18;0.23;86;53;1.77;2.24;1.86;1.47;78;44;0.26;80;79;38;98;0;81;31;0;0.00;99;14;0.00;0.59;12.45;9.80;294;143;81;82;6.05;4.77;48.64;27;1.14;28;0;406.94;0;0.00;99;293;9.77;12.40;70;85;46;26;0;0;0;0;0;70;76;70;80;0;88;92;52;57;6;20;71;17;N/A;N/A
Agustín Canobbio Graviz;27;907225200;01/10/1998;Serie A;2025;Midfielder;Fluminense;2126;1100;1026;Uruguay;30;15;15;4;3;1;2;1;1;1;0;14;10;4;19;3;16;6;0;0.25;0.08;0.17;0.25;0.09;532;0.8;112;71;354;1063;0.25;142;194;-1;4;892581;6.93;0.07;65;28.87;22.73;30;682;19.07;572;52;24.21;32;0.00;0.00;0.90;27;0.00;2.40;2.24;1.77;53;0.00;0.90;0.00;0.00;0.00;0.43;0.73;0.33;11.50;1.95;1.00;2.00;0.00;0.53;0.20;0.00;0.47;0.00;0.00;0;0;;46;1.53;83;16;0.68;77;30;1.27;87;1;3;27;82;0.00;99;0;13;0.55;37;72;57;3.05;77;0;0.00;99;0;0.00;0;0;0.00;0;1.14;68;60;2.54;80;22;0.93;36.67;0;0.00;0;0;0;0.00;0;10;0.00;84;0.42;22;N/A;N/A;N/A;N/A;0.00;0;0.00;0;6.10;0.00;0;83.87;34.78;49;11;1.00;1.27;30;73;27;1;0;0;0.07;0.08;2;27;207.98;0.77;0.97;23;0;0.00;0.00;99;0.00;0;1;4;0.13;0.17;0;0.00;0.00;0.25;0.20;6;1;8.70;58;80;81;65;84;3.31;58;0.11;0.14;5.40;77;0.18;0.23;86;53;1.77;2.24;1.86;1.47;78;44;0.26;80;79;38;98;0;81;31;0;0.00;99;14;0.00;0.59;12.45;9.80;294;143;81;82;6.05;4.77;48.64;27;1.14;28;0;406.94;0;0.00;99;293;9.77;12.40;70;85;46;26;0;0;0;0;0;70;76;70;80;0;88;92;52;57;6;20;71;17;N/A;N/A
Agustín Canobbio Graviz;27;907225200;01/10/1998;Serie A;2025;Midfielder;Fluminense;2126;1100;1026;Uruguay;30;15;15;4;3;1;2;1;1;1;0;14;10;4;19;3;16;6;0;0.25;0.08;0.17;0.25;0.09;532;0.8;112;71;354;1063;0.25;142;194;-1;4;892581;6.93;0.07;65;28.87;22.73;30;682;19.07;572;52;24.21;32;0.00;0.00;0.90;27;0.00;2.40;2.24;1.77;53;0.00;0.90;0.00;0.00;0.00;0.43;0.73;0.33;11.50;1.95;1.00;2.00;0.00;0.53;0.20;0.00;0.47;0.00;0.00;0;0;;46;1.53;83;16;0.68;77;30;1.27;87;1;3;27;82;0.00;99;0;13;0.55;37;72;57;3.05;77;0;0.00;99;0;0.00;0;0;0.00;0;1.14;68;60;2.54;80;22;0.93;36.67;0;0.00;0;0;0;0.00;0;10;0.00;84;0.42;22;N/A;N/A;N/A;N/A;0.00;0;0.00;0;6.10;0.00;0;83.87;34.78;49;11;1.00;1.27;30;73;27;1;0;0;0.07;0.08;2;27;207.98;0.77;0.97;23;0;0.00;0.00;99;0.00;0;1;4;0.13;0.17;0;0.00;0.00;0.25;0.20;6;1;8.70;58;80;81;65;84;3.31;58;0.11;0.14;5.40;77;0.18;0.23;86;53;1.77;2.24;1.86;1.47;78;44;0.26;80;79;38;98;0;81;31;0;0.00;99;14;0.00;0.59;12.45;9.80;294;143;81;82;6.05;4.77;48.64;27;1.14;28;0;406.94;0;0.00;99;293;9.77;12.40;70;85;46;26;0;0;0;0;0;70;76;70;80;0;88;92;52;57;6;20;71;17;N/A;N/A
Agustín Canobbio Graviz;27;907225200;01/10/1998;Serie A;2025;Midfielder;Fluminense;2126;1100;1026;Uruguay;30;15;15;4;3;1;2;1;1;1;0;14;10;4;19;3;16;6;0;0.25;0.08;0.17;0.25;0.09;532;0.8;112;71;354;1063;0.25;142;194;-1;4;892581;6.93;0.07;65;28.87;22.73;30;682;19.07;572;52;24.21;32;0.00;0.00;0.90;27;0.00;2.40;2.24;1.77;53;0.00;0.90;0.00;0.00;0.00;0.43;0.73;0.33;11.50;1.95;1.00;2.00;0.00;0.53;0.20;0.00;0.47;0.00;0.00;0;0;;46;1.53;83;16;0.68;77;30;1.27;87;1;3;27;82;0.00;99;0;13;0.55;37;72;57;3.05;77;0;0.00;99;0;0.00;0;0;0.00;0;1.14;68;60;2.54;80;22;0.93;36.67;0;0.00;0;0;0;0.00;0;10;0.00;84;0.42;22;N/A;N/A;N/A;N/A;0.00;0;0.00;0;6.10;0.00;0;83.87;34.78;49;11;1.00;1.27;30;73;27;1;0;0;0.07;0.08;2;27;207.98;0.77;0.97;23;0;0.00;0.00;99;0.00;0;1;4;0.13;0.17;0;0.00;0.00;0.25;0.20;6;1;8.70;58;80;81;65;84;3.31;58;0.11;0.14;5.40;77;0.18;0.23;86;53;1.77;2.24;1.86;1.47;78;44;0.26;80;79;38;98;0;81;31;0;0.00;99;14;0.00;0.59;12.45;9.80;294;143;81;82;6.05;4.77;48.64;27;1.14;28;0;406.94;0;0.00;99;293;9.77;12.40;70;85;46;26;0;0;0;0;0;70;76;70;80;0;88;92;52;57;6;20;71;17;N/A;N/A
Agustín Daniel Rossi;30;808988400;21/08/1995;Serie A;2025;Goalkeeper;Flamengo;3330;1710;1620;Argentina;37;19;18;0;0;0;0;0;0;0;0;18;13;5;20;6;14;2;0;0;0;0;0;0;0;0.54;167;90;1665;0;0.05;533;530;10;26;1190108;7.06;0;48;25.43;25.43;23;941;20.97;776;41;20.97;25;0.00;0.00;0.00;0;0.00;0.00;0.03;0.03;1;0.00;0.00;0.00;0.00;2.46;0.00;0.03;3.11;0.00;0.00;0.00;0.03;0.00;0.00;0.00;0.00;0.22;0.00;0.00;0;0;;0;0.00;8;0;0.00;13;0;0.00;9;0;0;37;5;0.00;99;0;0;0.00;9;0;27;0.00;12;0;0.00;99;0;0.00;0;0;0.00;0;0.00;6;1;0.03;8;1;0.03;100.00;0;0.00;0;91;83;2.46;17;115;0.00;95;3.11;93;N/A;N/A;N/A;N/A;79.13;0;0.00;0;0.00;0.00;0;82.47;0.00;13;93;0.05;0.05;2;11;99;0;0;56;0.00;0.00;0;20;261.33;0.78;0.78;29;0;0.00;0.00;99;0.00;3;0;0;0.00;0.00;16;0.43;0.43;0.00;0.00;0;0;0.00;42;99;99;40;95;1.75;9;0.05;0.05;0.00;8;0.00;0.00;10;10;0.27;0.27;0.00;0.00;5;0;0.00;8;90;28;67;32;40;9;0;0.00;99;8;0.00;0.22;0.62;0.62;23;17;3;5;0.46;0.46;73.91;0;0.00;99;0;0.00;0;0.00;99;0;0.00;0.00;27;99;18;9;0;0;0;0;0;27;40;63;53;0;93;94;99;10;2;5;17;1;N/A;N/A
Agustín Daniel Rossi;30;808988400;21/08/1995;Serie A;2025;Goalkeeper;Flamengo;3330;1710;1620;Argentina;37;19;18;0;0;0;0;0;0;0;0;18;13;5;20;6;14;2;0;0;0;0;0;0;0;0.54;167;90;1665;0;0.05;533;530;10;26;1190108;7.06;0;48;25.43;25.43;23;941;20.97;776;41;20.97;25;0.00;0.00;0.00;0;0.00;0.00;0.03;0.03;1;0.00;0.00;0.00;0.00;2.46;0.00;0.03;3.11;0.00;0.00;0.00;0.03;0.00;0.00;0.00;0.00;0.22;0.00;0.00;0;0;;0;0.00;8;0;0.00;13;0;0.00;9;0;0;37;5;0.00;99;0;0;0.00;9;0;27;0.00;12;0;0.00;99;0;0.00;0;0;0.00;0;0.00;6;1;0.03;8;1;0.03;100.00;0;0.00;0;91;83;2.46;17;115;0.00;95;3.11;93;N/A;N/A;N/A;N/A;79.13;0;0.00;0;0.00;0.00;0;82.47;0.00;13;93;0.05;0.05;2;11;99;0;0;56;0.00;0.00;0;20;261.33;0.78;0.78;29;0;0.00;0.00;99;0.00;3;0;0;0.00;0.00;16;0.43;0.43;0.00;0.00;0;0;0.00;42;99;99;40;95;1.75;9;0.05;0.05;0.00;8;0.00;0.00;10;10;0.27;0.27;0.00;0.00;5;0;0.00;8;90;28;67;32;40;9;0;0.00;99;8;0.00;0.22;0.62;0.62;23;17;3;5;0.46;0.46;73.91;0;0.00;99;0;0.00;0;0.00;99;0;0.00;0.00;27;99;18;9;0;0;0;0;0;27;40;63;53;0;93;94;99;10;2;5;17;1;N/A;N/A
Agustín Daniel Rossi;30;808988400;21/08/1995;Serie A;2025;Goalkeeper;Flamengo;3330;1710;1620;Argentina;37;19;18;0;0;0;0;0;0;0;0;18;13;5;20;6;14;2;0;0;0;0;0;0;0;0.54;167;90;1665;0;0.05;533;530;10;26;1190108;7.06;0;48;25.43;25.43;23;941;20.97;776;41;20.97;25;0.00;0.00;0.00;0;0.00;0.00;0.03;0.03;1;0.00;0.00;0.00;0.00;2.46;0.00;0.03;3.11;0.00;0.00;0.00;0.03;0.00;0.00;0.00;0.00;0.22;0.00;0.00;0;0;;0;0.00;8;0;0.00;13;0;0.00;9;0;0;37;5;0.00;99;0;0;0.00;9;0;27;0.00;12;0;0.00;99;0;0.00;0;0;0.00;0;0.00;6;1;0.03;8;1;0.03;100.00;0;0.00;0;91;83;2.46;17;115;0.00;95;3.11;93;N/A;N/A;N/A;N/A;79.13;0;0.00;0;0.00;0.00;0;82.47;0.00;13;93;0.05;0.05;2;11;99;0;0;56;0.00;0.00;0;20;261.33;0.78;0.78;29;0;0.00;0.00;99;0.00;3;0;0;0.00;0.00;16;0.43;0.43;0.00;0.00;0;0;0.00;42;99;99;40;95;1.75;9;0.05;0.05;0.00;8;0.00;0.00;10;10;0.27;0.27;0.00;0.00;5;0;0.00;8;90;28;67;32;40;9;0;0.00;99;8;0.00;0.22;0.62;0.62;23;17;3;5;0.46;0.46;73.91;0;0.00;99;0;0.00;0;0.00;99;0;0.00;0.00;27;99;18;9;0;0;0;0;0;27;40;63;53;0;93;94;99;10;2;5;17;1;N/A;N/A
Agustín Daniel Rossi;30;808988400;21/08/1995;Serie A;2025;Goalkeeper;Flamengo;3330;1710;1620;Argentina;37;19;18;0;0;0;0;0;0;0;0;18;13;5;20;6;14;2;0;0;0;0;0;0;0;0.54;167;90;1665;0;0.05;533;530;10;26;1190108;7.06;0;48;25.43;25.43;23;941;20.97;776;41;20.97;25;0.00;0.00;0.00;0;0.00;0.00;0.03;0.03;1;0.00;0.00;0.00;0.00;2.46;0.00;0.03;3.11;0.00;0.00;0.00;0.03;0.00;0.00;0.00;0.00;0.22;0.00;0.00;0;0;;0;0.00;8;0;0.00;13;0;0.00;9;0;0;37;5;0.00;99;0;0;0.00;9;0;27;0.00;12;0;0.00;99;0;0.00;0;0;0.00;0;0.00;6;1;0.03;8;1;0.03;100.00;0;0.00;0;91;83;2.46;17;115;0.00;95;3.11;93;N/A;N/A;N/A;N/A;79.13;0;0.00;0;0.00;0.00;0;82.47;0.00;13;93;0.05;0.05;2;11;99;0;0;56;0.00;0.00;0;20;261.33;0.78;0.78;29;0;0.00;0.00;99;0.00;3;0;0;0.00;0.00;16;0.43;0.43;0.00;0.00;0;0;0.00;42;99;99;40;95;1.75;9;0.05;0.05;0.00;8;0.00;0.00;10;10;0.27;0.27;0.00;0.00;5;0;0.00;8;90;28;67;32;40;9;0;0.00;99;8;0.00;0.22;0.62;0.62;23;17;3;5;0.46;0.46;73.91;0;0.00;99;0;0.00;0;0.00;99;0;0.00;0.00;27;99;18;9;0;0;0;0;0;27;40;63;53;0;93;94;99;10;2;5;17;1;N/A;N/A
Agustín Daniel Rossi;30;808988400;21/08/1995;Serie A;2025;Goalkeeper;Flamengo;3330;1710;1620;Argentina;37;19;18;0;0;0;0;0;0;0;0;18;13;5;20;6;14;2;0;0;0;0;0;0;0;0.54;167;90;1665;0;0.05;533;530;10;26;1190108;7.06;0;48;25.43;25.43;23;941;20.97;776;41;20.97;25;0.00;0.00;0.00;0;0.00;0.00;0.03;0.03;1;0.00;0.00;0.00;0.00;2.46;0.00;0.03;3.11;0.00;0.00;0.00;0.03;0.00;0.00;0.00;0.00;0.22;0.00;0.00;0;0;;0;0.00;8;0;0.00;13;0;0.00;9;0;0;37;5;0.00;99;0;0;0.00;9;0;27;0.00;12;0;0.00;99;0;0.00;0;0;0.00;0;0.00;6;1;0.03;8;1;0.03;100.00;0;0.00;0;91;83;2.46;17;115;0.00;95;3.11;93;N/A;N/A;N/A;N/A;79.13;0;0.00;0;0.00;0.00;0;82.47;0.00;13;93;0.05;0.05;2;11;99;0;0;56;0.00;0.00;0;20;261.33;0.78;0.78;29;0;0.00;0.00;99;0.00;3;0;0;0.00;0.00;16;0.43;0.43;0.00;0.00;0;0;0.00;42;99;99;40;95;1.75;9;0.05;0.05;0.00;8;0.00;0.00;10;10;0.27;0.27;0.00;0.00;5;0;0.00;8;90;28;67;32;40;9;0;0.00;99;8;0.00;0.22;0.62;0.62;23;17;3;5;0.46;0.46;73.91;0;0.00;99;0;0.00;0;0.00;99;0;0.00;0.00;27;99;18;9;0;0;0;0;0;27;40;63;53;0;93;94;99;10;2;5;17;1;N/A;N/A
Agustín Giay;21;1074240000;16/01/2004;Serie A;2025;Midfielder;Palmeiras;1972;1015;957;Argentina;29;16;13;0;0;0;0;0;0;0;0;12;9;3;19;7;12;2;1;0;0;0;0;0;0;0.87;104;68;657;0;0.14;554;553;-1;29;563160;5.48;0;48;42.90;26.86;66;940;22.66;793;54;36.19;64;0.00;0.00;0.60;21;0.00;1.14;2.65;1.66;58;0.00;0.29;0.00;0.00;0.00;0.43;0.17;0.29;0.00;0.32;0.17;0.69;0.00;0.03;0.01;0.00;0.66;0.00;0.00;0;0;;7;0.20;17;1;0.05;15;6;0.27;25;3;8;21;92;0.00;99;0;15;0.68;46;40;50;1.83;62;0;0.00;99;0;0.00;0;0;0.00;0;0.96;59;24;1.10;50;6;0.27;25.00;0;0.00;0;0;0;0.00;0;10;0.00;78;0.46;24;N/A;N/A;N/A;N/A;0.00;0;0.00;0;0.48;0.00;0;84.36;14.29;16;24;0.63;1.00;22;32;16;0;0;0;0.23;0.37;8;68;191.93;1.14;1.83;40;1;0.00;0.05;12;0.03;0;0;0;0.00;0.00;0;0.00;0.00;0.05;0.03;1;0;0.00;42;75;77;40;79;2.26;34;0.06;0.10;0.48;15;0.01;0.02;69;35;1.00;1.60;1.69;1.06;71;37;0.02;15;28;59;67;0;48;55;0;0.00;99;23;0.00;1.05;10.22;6.40;224;121;72;63;5.52;3.46;54.02;10;0.46;64;0;252.50;0;0.00;99;101;2.89;4.61;49;72;74;53;0;0;0;0;0;27;40;63;53;0;75;84;81;29;1;3;12;4;N/A;N/A
Agustín Giay;21;1074240000;16/01/2004;Serie A;2025;Midfielder;Palmeiras;1972;1015;957;Argentina;29;16;13;0;0;0;0;0;0;0;0;12;9;3;19;7;12;2;1;0;0;0;0;0;0;0.87;104;68;657;0;0.14;554;553;-1;29;563160;5.48;0;48;42.90;26.86;66;940;22.66;793;54;36.19;64;0.00;0.00;0.60;21;0.00;1.14;2.65;1.66;58;0.00;0.29;0.00;0.00;0.00;0.43;0.17;0.29;0.00;0.32;0.17;0.69;0.00;0.03;0.01;0.00;0.66;0.00;0.00;0;0;;7;0.20;17;1;0.05;15;6;0.27;25;3;8;21;92;0.00;99;0;15;0.68;46;40;50;1.83;62;0;0.00;99;0;0.00;0;0;0.00;0;0.96;59;24;1.10;50;6;0.27;25.00;0;0.00;0;0;0;0.00;0;10;0.00;78;0.46;24;N/A;N/A;N/A;N/A;0.00;0;0.00;0;0.48;0.00;0;84.36;14.29;16;24;0.63;1.00;22;32;16;0;0;0;0.23;0.37;8;68;191.93;1.14;1.83;40;1;0.00;0.05;12;0.03;0;0;0;0.00;0.00;0;0.00;0.00;0.05;0.03;1;0;0.00;42;75;77;40;79;2.26;34;0.06;0.10;0.48;15;0.01;0.02;69;35;1.00;1.60;1.69;1.06;71;37;0.02;15;28;59;67;0;48;55;0;0.00;99;23;0.00;1.05;10.22;6.40;224;121;72;63;5.52;3.46;54.02;10;0.46;64;0;252.50;0;0.00;99;101;2.89;4.61;49;72;74;53;0;0;0;0;0;27;40;63;53;0;75;84;81;29;1;3;12;4;N/A;N/A
Agustín Giay;21;1074240000;16/01/2004;Serie A;2025;Midfielder;Palmeiras;1972;1015;957;Argentina;29;16;13;0;0;0;0;0;0;0;0;12;9;3;19;7;12;2;1;0;0;0;0;0;0;0.87;104;68;657;0;0.14;554;553;-1;29;563160;5.48;0;48;42.90;26.86;66;940;22.66;793;54;36.19;64;0.00;0.00;0.60;21;0.00;1.14;2.65;1.66;58;0.00;0.29;0.00;0.00;0.00;0.43;0.17;0.29;0.00;0.32;0.17;0.69;0.00;0.03;0.01;0.00;0.66;0.00;0.00;0;0;;7;0.20;17;1;0.05;15;6;0.27;25;3;8;21;92;0.00;99;0;15;0.68;46;40;50;1.83;62;0;0.00;99;0;0.00;0;0;0.00;0;0.96;59;24;1.10;50;6;0.27;25.00;0;0.00;0;0;0;0.00;0;10;0.00;78;0.46;24;N/A;N/A;N/A;N/A;0.00;0;0.00;0;0.48;0.00;0;84.36;14.29;16;24;0.63;1.00;22;32;16;0;0;0;0.23;0.37;8;68;191.93;1.14;1.83;40;1;0.00;0.05;12;0.03;0;0;0;0.00;0.00;0;0.00;0.00;0.05;0.03;1;0;0.00;42;75;77;40;79;2.26;34;0.06;0.10;0.48;15;0.01;0.02;69;35;1.00;1.60;1.69;1.06;71;37;0.02;15;28;59;67;0;48;55;0;0.00;99;23;0.00;1.05;10.22;6.40;224;121;72;63;5.52;3.46;54.02;10;0.46;64;0;252.50;0;0.00;99;101;2.89;4.61;49;72;74;53;0;0;0;0;0;27;40;63;53;0;75;84;81;29;1;3;12;4;N/A;N/A
Agustín Giay;21;1074240000;16/01/2004;Serie A;2025;Midfielder;Palmeiras;1972;1015;957;Argentina;29;16;13;0;0;0;0;0;0;0;0;12;9;3;19;7;12;2;1;0;0;0;0;0;0;0.87;104;68;657;0;0.14;554;553;-1;29;563160;5.48;0;48;42.90;26.86;66;940;22.66;793;54;36.19;64;0.00;0.00;0.60;21;0.00;1.14;2.65;1.66;58;0.00;0.29;0.00;0.00;0.00;0.43;0.17;0.29;0.00;0.32;0.17;0.69;0.00;0.03;0.01;0.00;0.66;0.00;0.00;0;0;;7;0.20;17;1;0.05;15;6;0.27;25;3;8;21;92;0.00;99;0;15;0.68;46;40;50;1.83;62;0;0.00;99;0;0.00;0;0;0.00;0;0.96;59;24;1.10;50;6;0.27;25.00;0;0.00;0;0;0;0.00;0;10;0.00;78;0.46;24;N/A;N/A;N/A;N/A;0.00;0;0.00;0;0.48;0.00;0;84.36;14.29;16;24;0.63;1.00;22;32;16;0;0;0;0.23;0.37;8;68;191.93;1.14;1.83;40;1;0.00;0.05;12;0.03;0;0;0;0.00;0.00;0;0.00;0.00;0.05;0.03;1;0;0.00;42;75;77;40;79;2.26;34;0.06;0.10;0.48;15;0.01;0.02;69;35;1.00;1.60;1.69;1.06;71;37;0.02;15;28;59;67;0;48;55;0;0.00;99;23;0.00;1.05;10.22;6.40;224;121;72;63;5.52;3.46;54.02;10;0.46;64;0;252.50;0;0.00;99;101;2.89;4.61;49;72;74;53;0;0;0;0;0;27;40;63;53;0;75;84;81;29;1;3;12;4;N/A;N/A
Agustín Giay;21;1074240000;16/01/2004;Serie A;2025;Midfielder;Palmeiras;1972;1015;957;Argentina;29;16;13;0;0;0;0;0;0;0;0;12;9;3;19;7;12;2;1;0;0;0;0;0;0;0.87;104;68;657;0;0.14;554;553;-1;29;563160;5.48;0;48;42.90;26.86;66;940;22.66;793;54;36.19;64;0.00;0.00;0.60;21;0.00;1.14;2.65;1.66;58;0.00;0.29;0.00;0.00;0.00;0.43;0.17;0.29;0.00;0.32;0.17;0.69;0.00;0.03;0.01;0.00;0.66;0.00;0.00;0;0;;7;0.20;17;1;0.05;15;6;0.27;25;3;8;21;92;0.00;99;0;15;0.68;46;40;50;1.83;62;0;0.00;99;0;0.00;0;0;0.00;0;0.96;59;24;1.10;50;6;0.27;25.00;0;0.00;0;0;0;0.00;0;10;0.00;78;0.46;24;N/A;N/A;N/A;N/A;0.00;0;0.00;0;0.48;0.00;0;84.36;14.29;16;24;0.63;1.00;22;32;16;0;0;0;0.23;0.37;8;68;191.93;1.14;1.83;40;1;0.00;0.05;12;0.03;0;0;0;0.00;0.00;0;0.00;0.00;0.05;0.03;1;0;0.00;42;75;77;40;79;2.26;34;0.06;0.10;0.48;15;0.01;0.02;69;35;1.00;1.60;1.69;1.06;71;37;0.02;15;28;59;67;0;48;55;0;0.00;99;23;0.00;1.05;10.22;6.40;224;121;72;63;5.52;3.46;54.02;10;0.46;64;0;252.50;0;0.00;99;101;2.89;4.61;49;72;74;53;0;0;0;0;0;27;40;63;53;0;75;84;81;29;1;3;12;4;N/A;N/A
Agustín Maximiliano Rogel Paita;28;877071600;17/10/1997;Serie A;2025;Defender;Internacional;450;180;270;Uruguay;5;2;3;0;0;0;0;0;0;0;0;2;1;1;6;1;5;0;0;0;0;0;0;0;0;1.2;75;90;0;0;0;520;531;103;29;0;6.90;0;48;45.80;45.80;73;229;41.80;209;94;41.80;77;0.00;0.00;0.00;0;0.00;0.00;2.00;2.00;10;0.00;0.20;0.00;0.00;0.00;0.00;0.00;0.00;0.00;0.00;0.00;0.20;0.00;0.00;0.00;0.00;2.00;0.00;0.00;0;0;;0;0.00;8;0;0.00;13;0;0.00;9;0;0;5;73;0.00;99;0;0;0.00;9;0;27;0.00;12;0;0.00;99;0;0.00;0;0;0.00;0;0.00;6;1;0.20;16;0;0.00;0.00;0;0.00;0;0;0;0.00;0;0;0.00;44;0.00;0;N/A;N/A;N/A;N/A;0.00;0;0.00;0;0.00;0.00;0;91.27;0.00;13;52;0.60;0.60;3;10;10;0;0;0;0.80;0.80;4;91;34.49;5.40;5.40;27;0;0.00;0.00;99;0.00;0;0;0;0.00;0.00;0;0.00;0.00;0.00;0.00;0;0;0.00;42;6;1;40;44;0.41;19;0.08;0.08;0.00;8;0.00;0.00;6;1;0.20;0.20;1.20;1.20;42;6;0.00;8;76;91;67;0;40;82;0;0.00;99;10;0.00;2.00;7.40;7.40;37;21;37;26;4.20;4.20;56.76;1;0.20;79;0;0.00;0;0.00;99;0;0.00;0.00;27;11;18;9;0;0;0;0;0;27;40;63;53;0;17;82;9;9;0;0;10;3;0;0
Agustín Maximiliano Rogel Paita;28;877071600;17/10/1997;Serie A;2025;Defender;Internacional;450;180;270;Uruguay;5;2;3;0;0;0;0;0;0;0;0;2;1;1;6;1;5;0;0;0;0;0;0;0;0;1.2;75;90;0;0;0;520;531;103;29;0;6.90;0;48;45.80;45.80;73;229;41.80;209;94;41.80;77;0.00;0.00;0.00;0;0.00;0.00;2.00;2.00;10;0.00;0.20;0.00;0.00;0.00;0.00;0.00;0.00;0.00;0.00;0.00;0.20;0.00;0.00;0.00;0.00;2.00;0.00;0.00;0;0;;0;0.00;8;0;0.00;13;0;0.00;9;0;0;5;73;0.00;99;0;0;0.00;9;0;27;0.00;12;0;0.00;99;0;0.00;0;0;0.00;0;0.00;6;1;0.20;16;0;0.00;0.00;0;0.00;0;0;0;0.00;0;0;0.00;44;0.00;0;N/A;N/A;N/A;N/A;0.00;0;0.00;0;0.00;0.00;0;91.27;0.00;13;52;0.60;0.60;3;10;10;0;0;0;0.80;0.80;4;91;34.49;5.40;5.40;27;0;0.00;0.00;99;0.00;0;0;0;0.00;0.00;0;0.00;0.00;0.00;0.00;0;0;0.00;42;6;1;40;44;0.41;19;0.08;0.08;0.00;8;0.00;0.00;6;1;0.20;0.20;1.20;1.20;42;6;0.00;8;76;91;67;0;40;82;0;0.00;99;10;0.00;2.00;7.40;7.40;37;21;37;26;4.20;4.20;56.76;1;0.20;79;0;0.00;0;0.00;99;0;0.00;0.00;27;11;18;9;0;0;0;0;0;27;40;63;53;0;17;82;9;9;0;0;10;3;0;0
Agustín Maximiliano Rogel Paita;28;877071600;17/10/1997;Serie A;2025;Defender;Internacional;450;180;270;Uruguay;5;2;3;0;0;0;0;0;0;0;0;2;1;1;6;1;5;0;0;0;0;0;0;0;0;1.2;75;90;0;0;0;520;531;103;29;0;6.90;0;48;45.80;45.80;73;229;41.80;209;94;41.80;77;0.00;0.00;0.00;0;0.00;0.00;2.00;2.00;10;0.00;0.20;0.00;0.00;0.00;0.00;0.00;0.00;0.00;0.00;0.00;0.20;0.00;0.00;0.00;0.00;2.00;0.00;0.00;0;0;;0;0.00;8;0;0.00;13;0;0.00;9;0;0;5;73;0.00;99;0;0;0.00;9;0;27;0.00;12;0;0.00;99;0;0.00;0;0;0.00;0;0.00;6;1;0.20;16;0;0.00;0.00;0;0.00;0;0;0;0.00;0;0;0.00;44;0.00;0;N/A;N/A;N/A;N/A;0.00;0;0.00;0;0.00;0.00;0;91.27;0.00;13;52;0.60;0.60;3;10;10;0;0;0;0.80;0.80;4;91;34.49;5.40;5.40;27;0;0.00;0.00;99;0.00;0;0;0;0.00;0.00;0;0.00;0.00;0.00;0.00;0;0;0.00;42;6;1;40;44;0.41;19;0.08;0.08;0.00;8;0.00;0.00;6;1;0.20;0.20;1.20;1.20;42;6;0.00;8;76;91;67;0;40;82;0;0.00;99;10;0.00;2.00;7.40;7.40;37;21;37;26;4.20;4.20;56.76;1;0.20;79;0;0.00;0;0.00;99;0;0.00;0.00;27;11;18;9;0;0;0;0;0;27;40;63;53;0;17;82;9;9;0;0;10;3;0;0
Agustín Maximiliano Rogel Paita;28;877071600;17/10/1997;Serie A;2025;Defender;Internacional;450;180;270;Uruguay;5;2;3;0;0;0;0;0;0;0;0;2;1;1;6;1;5;0;0;0;0;0;0;0;0;1.2;75;90;0;0;0;520;531;103;29;0;6.90;0;48;45.80;45.80;73;229;41.80;209;94;41.80;77;0.00;0.00;0.00;0;0.00;0.00;2.00;2.00;10;0.00;0.20;0.00;0.00;0.00;0.00;0.00;0.00;0.00;0.00;0.00;0.20;0.00;0.00;0.00;0.00;2.00;0.00;0.00;0;0;;0;0.00;8;0;0.00;13;0;0.00;9;0;0;5;73;0.00;99;0;0;0.00;9;0;27;0.00;12;0;0.00;99;0;0.00;0;0;0.00;0;0.00;6;1;0.20;16;0;0.00;0.00;0;0.00;0;0;0;0.00;0;0;0.00;44;0.00;0;N/A;N/A;N/A;N/A;0.00;0;0.00;0;0.00;0.00;0;91.27;0.00;13;52;0.60;0.60;3;10;10;0;0;0;0.80;0.80;4;91;34.49;5.40;5.40;27;0;0.00;0.00;99;0.00;0;0;0;0.00;0.00;0;0.00;0.00;0.00;0.00;0;0;0.00;42;6;1;40;44;0.41;19;0.08;0.08;0.00;8;0.00;0.00;6;1;0.20;0.20;1.20;1.20;42;6;0.00;8;76;91;67;0;40;82;0;0.00;99;10;0.00;2.00;7.40;7.40;37;21;37;26;4.20;4.20;56.76;1;0.20;79;0;0.00;0;0.00;99;0;0.00;0.00;27;11;18;9;0;0;0;0;0;27;40;63;53;0;17;82;9;9;0;0;10;3;0;0
Agustín Maximiliano Rogel Paita;28;877071600;17/10/1997;Serie A;2025;Defender;Internacional;450;180;270;Uruguay;5;2;3;0;0;0;0;0;0;0;0;2;1;1;6;1;5;0;0;0;0;0;0;0;0;1.2;75;90;0;0;0;520;531;103;29;0;6.90;0;48;45.80;45.80;73;229;41.80;209;94;41.80;77;0.00;0.00;0.00;0;0.00;0.00;2.00;2.00;10;0.00;0.20;0.00;0.00;0.00;0.00;0.00;0.00;0.00;0.00;0.00;0.20;0.00;0.00;0.00;0.00;2.00;0.00;0.00;0;0;;0;0.00;8;0;0.00;13;0;0.00;9;0;0;5;73;0.00;99;0;0;0.00;9;0;27;0.00;12;0;0.00;99;0;0.00;0;0;0.00;0;0.00;6;1;0.20;16;0;0.00;0.00;0;0.00;0;0;0;0.00;0;0;0.00;44;0.00;0;N/A;N/A;N/A;N/A;0.00;0;0.00;0;0.00;0.00;0;91.27;0.00;13;52;0.60;0.60;3;10;10;0;0;0;0.80;0.80;4;91;34.49;5.40;5.40;27;0;0.00;0.00;99;0.00;0;0;0;0.00;0.00;0;0.00;0.00;0.00;0.00;0;0;0.00;42;6;1;40;44;0.41;19;0.08;0.08;0.00;8;0.00;0.00;6;1;0.20;0.20;1.20;1.20;42;6;0.00;8;76;91;67;0;40;82;0;0.00;99;10;0.00;2.00;7.40;7.40;37;21;37;26;4.20;4.20;56.76;1;0.20;79;0;0.00;0;0.00;99;0;0.00;0.00;27;11;18;9;0;0;0;0;0;27;40;63;53;0;17;82;9;9;0;0;10;3;0;0
Aitor Cantalapiedra Fernández;29;823939200;10/02/1996;Serie A;2025;Forward;Vitória;1289;606;683;Spain;19;9;10;3;0;3;3;1;2;0;0;8;6;2;24;2;22;2;0;0.42;0.21;0.21;0;0.4;430;1.68;54;68;645;430;0.14;112;78;-1;5;0;6.58;0.16;87;23.21;16.75;17;335;12.75;255;17;17.67;18;0.00;0.00;1.40;28;0.00;4.30;0.69;0.50;10;0.00;0.60;0.00;0.00;0.00;0.20;0.25;1.15;8.00;1.66;0.65;0.70;0.00;0.55;0.19;0.00;0.35;0.00;0.00;0;0;;24;1.20;76;11;0.76;81;13;0.90;72;8;1;18;16;0.00;99;0;4;0.28;23;86;59;5.96;96;0;0.00;99;0;0.00;0;0;0.00;0;1.94;92;14;0.97;44;5;0.35;35.71;0;0.00;0;0;0;0.00;0;23;0.00;11;1.59;89;N/A;N/A;N/A;N/A;0.00;0;0.00;0;3.84;0.00;0;76.12;45.83;75;82;0.20;0.28;4;38;26;0;0;0;0.05;0.07;1;26;131.68;0.40;0.55;8;0;0.00;0.00;99;0.00;0;0;0;0.00;0.00;0;0.00;0.00;0.21;0.15;3;0;12.50;74;52;45;59;11;3.32;84;0.17;0.23;3.84;83;0.19;0.27;56;17;0.85;1.18;0.35;0.25;8;5;0.27;81;54;16;67;0;77;24;0;0.00;99;7;0.00;0.48;5.89;4.25;85;38;10;12;2.63;1.90;44.71;12;0.83;42;0;439.53;0;0.00;99;378;18.90;26.19;91;65;29;96;0;0;0;0;0;85;81;95;53;0;17;85;81;29;2;11;40;17;0;0
Aitor Cantalapiedra Fernández;29;823939200;10/02/1996;Serie A;2025;Forward;Vitória;1289;606;683;Spain;19;9;10;3;0;3;3;1;2;0;0;8;6;2;24;2;22;2;0;0.42;0.21;0.21;0;0.4;430;1.68;54;68;645;430;0.14;112;78;-1;5;0;6.58;0.16;87;23.21;16.75;17;335;12.75;255;17;17.67;18;0.00;0.00;1.40;28;0.00;4.30;0.69;0.50;10;0.00;0.60;0.00;0.00;0.00;0.20;0.25;1.15;8.00;1.66;0.65;0.70;0.00;0.55;0.19;0.00;0.35;0.00;0.00;0;0;;24;1.20;76;11;0.76;81;13;0.90;72;8;1;18;16;0.00;99;0;4;0.28;23;86;59;5.96;96;0;0.00;99;0;0.00;0;0;0.00;0;1.94;92;14;0.97;44;5;0.35;35.71;0;0.00;0;0;0;0.00;0;23;0.00;11;1.59;89;N/A;N/A;N/A;N/A;0.00;0;0.00;0;3.84;0.00;0;76.12;45.83;75;82;0.20;0.28;4;38;26;0;0;0;0.05;0.07;1;26;131.68;0.40;0.55;8;0;0.00;0.00;99;0.00;0;0;0;0.00;0.00;0;0.00;0.00;0.21;0.15;3;0;12.50;74;52;45;59;11;3.32;84;0.17;0.23;3.84;83;0.19;0.27;56;17;0.85;1.18;0.35;0.25;8;5;0.27;81;54;16;67;0;77;24;0;0.00;99;7;0.00;0.48;5.89;4.25;85;38;10;12;2.63;1.90;44.71;12;0.83;42;0;439.53;0;0.00;99;378;18.90;26.19;91;65;29;96;0;0;0;0;0;85;81;95;53;0;17;85;81;29;2;11;40;17;0;0
Aitor Cantalapiedra Fernández;29;823939200;10/02/1996;Serie A;2025;Forward;Vitória;1289;606;683;Spain;19;9;10;3;0;3;3;1;2;0;0;8;6;2;24;2;22;2;0;0.42;0.21;0.21;0;0.4;430;1.68;54;68;645;430;0.14;112;78;-1;5;0;6.58;0.16;87;23.21;16.75;17;335;12.75;255;17;17.67;18;0.00;0.00;1.40;28;0.00;4.30;0.69;0.50;10;0.00;0.60;0.00;0.00;0.00;0.20;0.25;1.15;8.00;1.66;0.65;0.70;0.00;0.55;0.19;0.00;0.35;0.00;0.00;0;0;;24;1.20;76;11;0.76;81;13;0.90;72;8;1;18;16;0.00;99;0;4;0.28;23;86;59;5.96;96;0;0.00;99;0;0.00;0;0;0.00;0;1.94;92;14;0.97;44;5;0.35;35.71;0;0.00;0;0;0;0.00;0;23;0.00;11;1.59;89;N/A;N/A;N/A;N/A;0.00;0;0.00;0;3.84;0.00;0;76.12;45.83;75;82;0.20;0.28;4;38;26;0;0;0;0.05;0.07;1;26;131.68;0.40;0.55;8;0;0.00;0.00;99;0.00;0;0;0;0.00;0.00;0;0.00;0.00;0.21;0.15;3;0;12.50;74;52;45;59;11;3.32;84;0.17;0.23;3.84;83;0.19;0.27;56;17;0.85;1.18;0.35;0.25;8;5;0.27;81;54;16;67;0;77;24;0;0.00;99;7;0.00;0.48;5.89;4.25;85;38;10;12;2.63;1.90;44.71;12;0.83;42;0;439.53;0;0.00;99;378;18.90;26.19;91;65;29;96;0;0;0;0;0;85;81;95;53;0;17;85;81;29;2;11;40;17;0;0
Aitor Cantalapiedra Fernández;29;823939200;10/02/1996;Serie A;2025;Forward;Vitória;1289;606;683;Spain;19;9;10;3;0;3;3;1;2;0;0;8;6;2;24;2;22;2;0;0.42;0.21;0.21;0;0.4;430;1.68;54;68;645;430;0.14;112;78;-1;5;0;6.58;0.16;87;23.21;16.75;17;335;12.75;255;17;17.67;18;0.00;0.00;1.40;28;0.00;4.30;0.69;0.50;10;0.00;0.60;0.00;0.00;0.00;0.20;0.25;1.15;8.00;1.66;0.65;0.70;0.00;0.55;0.19;0.00;0.35;0.00;0.00;0;0;;24;1.20;76;11;0.76;81;13;0.90;72;8;1;18;16;0.00;99;0;4;0.28;23;86;59;5.96;96;0;0.00;99;0;0.00;0;0;0.00;0;1.94;92;14;0.97;44;5;0.35;35.71;0;0.00;0;0;0;0.00;0;23;0.00;11;1.59;89;N/A;N/A;N/A;N/A;0.00;0;0.00;0;3.84;0.00;0;76.12;45.83;75;82;0.20;0.28;4;38;26;0;0;0;0.05;0.07;1;26;131.68;0.40;0.55;8;0;0.00;0.00;99;0.00;0;0;0;0.00;0.00;0;0.00;0.00;0.21;0.15;3;0;12.50;74;52;45;59;11;3.32;84;0.17;0.23;3.84;83;0.19;0.27;56;17;0.85;1.18;0.35;0.25;8;5;0.27;81;54;16;67;0;77;24;0;0.00;99;7;0.00;0.48;5.89;4.25;85;38;10;12;2.63;1.90;44.71;12;0.83;42;0;439.53;0;0.00;99;378;18.90;26.19;91;65;29;96;0;0;0;0;0;85;81;95;53;0;17;85;81;29;2;11;40;17;0;0
Aitor Cantalapiedra Fernández;29;823939200;10/02/1996;Serie A;2025;Forward;Vitória;1289;606;683;Spain;19;9;10;3;0;3;3;1;2;0;0;8;6;2;24;2;22;2;0;0.42;0.21;0.21;0;0.4;430;1.68;54;68;645;430;0.14;112;78;-1;5;0;6.58;0.16;87;23.21;16.75;17;335;12.75;255;17;17.67;18;0.00;0.00;1.40;28;0.00;4.30;0.69;0.50;10;0.00;0.60;0.00;0.00;0.00;0.20;0.25;1.15;8.00;1.66;0.65;0.70;0.00;0.55;0.19;0.00;0.35;0.00;0.00;0;0;;24;1.20;76;11;0.76;81;13;0.90;72;8;1;18;16;0.00;99;0;4;0.28;23;86;59;5.96;96;0;0.00;99;0;0.00;0;0;0.00;0;1.94;92;14;0.97;44;5;0.35;35.71;0;0.00;0;0;0;0.00;0;23;0.00;11;1.59;89;N/A;N/A;N/A;N/A;0.00;0;0.00;0;3.84;0.00;0;76.12;45.83;75;82;0.20;0.28;4;38;26;0;0;0;0.05;0.07;1;26;131.68;0.40;0.55;8;0;0.00;0.00;99;0.00;0;0;0;0.00;0.00;0;0.00;0.00;0.21;0.15;3;0;12.50;74;52;45;59;11;3.32;84;0.17;0.23;3.84;83;0.19;0.27;56;17;0.85;1.18;0.35;0.25;8;5;0.27;81;54;16;67;0;77;24;0;0.00;99;7;0.00;0.48;5.89;4.25;85;38;10;12;2.63;1.90;44.71;12;0.83;42;0;439.53;0;0.00;99;378;18.90;26.19;91;65;29;96;0;0;0;0;0;85;81;95;53;0;17;85;81;29;2;11;40;17;0;0
Alan Javier Franco;29;845017200;11/10/1996;Serie A;2025;Defender;São Paulo;2290;1293;997;Argentina;29;16;13;0;0;0;0;0;0;0;0;10;8;2;32;11;21;7;0;0;0;0;0;0;0;1.26;72;79;327;0;0.28;449;436;120;36;947306;6.10;0;48;55.18;45.29;90;1404;39.87;1236;78;48.58;90;0.00;0.00;0.16;5;0.00;0.03;1.34;1.10;34;0.00;0.23;0.00;0.00;0.00;0.81;0.39;0.61;0.00;0.20;0.16;0.55;0.00;0.00;0.01;0.00;1.29;0.00;0.00;0;0;;5;0.16;10;0;0.00;13;5;0.20;18;1;1;28;42;0.00;99;0;25;0.98;67;1;27;0.04;13;0;0.00;99;0;0.00;0;0;0.00;0;0.20;18;17;0.67;34;12;0.47;70.59;0;0.00;0;0;0;0.00;0;19;0.00;37;0.75;55;N/A;N/A;N/A;N/A;0.00;0;0.00;0;0.24;0.00;0;88.03;0.00;13;57;0.45;0.55;14;47;91;0;0;0;0.58;0.71;18;88;189.18;4.03;4.91;125;2;0.00;0.08;7;0.06;0;0;0;0.00;0.00;0;0.00;0.00;0.08;0.06;2;0;0.00;42;83;77;40;38;2.69;41;0.09;0.11;0.24;11;0.01;0.01;22;13;0.42;0.51;1.30;1.06;49;33;0.01;11;42;87;67;0;56;73;0;0.00;99;40;0.00;1.57;7.00;5.74;178;97;26;22;3.81;3.13;54.49;7;0.28;75;0;0.00;0;0.00;99;0;0.00;0.00;27;87;29;26;0;0;0;0;0;27;40;63;53;0;89;68;46;64;7;24;80;28;N/A;N/A
Alan Javier Franco;29;845017200;11/10/1996;Serie A;2025;Defender;São Paulo;2290;1293;997;Argentina;29;16;13;0;0;0;0;0;0;0;0;10;8;2;32;11;21;7;0;0;0;0;0;0;0;1.26;72;79;327;0;0.28;449;436;120;36;947306;6.10;0;48;55.18;45.29;90;1404;39.87;1236;78;48.58;90;0.00;0.00;0.16;5;0.00;0.03;1.34;1.10;34;0.00;0.23;0.00;0.00;0.00;0.81;0.39;0.61;0.00;0.20;0.16;0.55;0.00;0.00;0.01;0.00;1.29;0.00;0.00;0;0;;5;0.16;10;0;0.00;13;5;0.20;18;1;1;28;42;0.00;99;0;25;0.98;67;1;27;0.04;13;0;0.00;99;0;0.00;0;0;0.00;0;0.20;18;17;0.67;34;12;0.47;70.59;0;0.00;0;0;0;0.00;0;19;0.00;37;0.75;55;N/A;N/A;N/A;N/A;0.00;0;0.00;0;0.24;0.00;0;88.03;0.00;13;57;0.45;0.55;14;47;91;0;0;0;0.58;0.71;18;88;189.18;4.03;4.91;125;2;0.00;0.08;7;0.06;0;0;0;0.00;0.00;0;0.00;0.00;0.08;0.06;2;0;0.00;42;83;77;40;38;2.69;41;0.09;0.11;0.24;11;0.01;0.01;22;13;0.42;0.51;1.30;1.06;49;33;0.01;11;42;87;67;0;56;73;0;0.00;99;40;0.00;1.57;7.00;5.74;178;97;26;22;3.81;3.13;54.49;7;0.28;75;0;0.00;0;0.00;99;0;0.00;0.00;27;87;29;26;0;0;0;0;0;27;40;63;53;0;89;68;46;64;7;24;80;28;N/A;N/A
Alan Javier Franco;29;845017200;11/10/1996;Serie A;2025;Defender;São Paulo;2290;1293;997;Argentina;29;16;13;0;0;0;0;0;0;0;0;10;8;2;32;11;21;7;0;0;0;0;0;0;0;1.26;72;79;327;0;0.28;449;436;120;36;947306;6.10;0;48;55.18;45.29;90;1404;39.87;1236;78;48.58;90;0.00;0.00;0.16;5;0.00;0.03;1.34;1.10;34;0.00;0.23;0.00;0.00;0.00;0.81;0.39;0.61;0.00;0.20;0.16;0.55;0.00;0.00;0.01;0.00;1.29;0.00;0.00;0;0;;5;0.16;10;0;0.00;13;5;0.20;18;1;1;28;42;0.00;99;0;25;0.98;67;1;27;0.04;13;0;0.00;99;0;0.00;0;0;0.00;0;0.20;18;17;0.67;34;12;0.47;70.59;0;0.00;0;0;0;0.00;0;19;0.00;37;0.75;55;N/A;N/A;N/A;N/A;0.00;0;0.00;0;0.24;0.00;0;88.03;0.00;13;57;0.45;0.55;14;47;91;0;0;0;0.58;0.71;18;88;189.18;4.03;4.91;125;2;0.00;0.08;7;0.06;0;0;0;0.00;0.00;0;0.00;0.00;0.08;0.06;2;0;0.00;42;83;77;40;38;2.69;41;0.09;0.11;0.24;11;0.01;0.01;22;13;0.42;0.51;1.30;1.06;49;33;0.01;11;42;87;67;0;56;73;0;0.00;99;40;0.00;1.57;7.00;5.74;178;97;26;22;3.81;3.13;54.49;7;0.28;75;0;0.00;0;0.00;99;0;0.00;0.00;27;87;29;26;0;0;0;0;0;27;40;63;53;0;89;68;46;64;7;24;80;28;N/A;N/A
Alan Javier Franco;29;845017200;11/10/1996;Serie A;2025;Defender;São Paulo;2290;1293;997;Argentina;29;16;13;0;0;0;0;0;0;0;0;10;8;2;32;11;21;7;0;0;0;0;0;0;0;1.26;72;79;327;0;0.28;449;436;120;36;947306;6.10;0;48;55.18;45.29;90;1404;39.87;1236;78;48.58;90;0.00;0.00;0.16;5;0.00;0.03;1.34;1.10;34;0.00;0.23;0.00;0.00;0.00;0.81;0.39;0.61;0.00;0.20;0.16;0.55;0.00;0.00;0.01;0.00;1.29;0.00;0.00;0;0;;5;0.16;10;0;0.00;13;5;0.20;18;1;1;28;42;0.00;99;0;25;0.98;67;1;27;0.04;13;0;0.00;99;0;0.00;0;0;0.00;0;0.20;18;17;0.67;34;12;0.47;70.59;0;0.00;0;0;0;0.00;0;19;0.00;37;0.75;55;N/A;N/A;N/A;N/A;0.00;0;0.00;0;0.24;0.00;0;88.03;0.00;13;57;0.45;0.55;14;47;91;0;0;0;0.58;0.71;18;88;189.18;4.03;4.91;125;2;0.00;0.08;7;0.06;0;0;0;0.00;0.00;0;0.00;0.00;0.08;0.06;2;0;0.00;42;83;77;40;38;2.69;41;0.09;0.11;0.24;11;0.01;0.01;22;13;0.42;0.51;1.30;1.06;49;33;0.01;11;42;87;67;0;56;73;0;0.00;99;40;0.00;1.57;7.00;5.74;178;97;26;22;3.81;3.13;54.49;7;0.28;75;0;0.00;0;0.00;99;0;0.00;0.00;27;87;29;26;0;0;0;0;0;27;40;63;53;0;89;68;46;64;7;24;80;28;N/A;N/A
Alan Javier Franco;29;845017200;11/10/1996;Serie A;2025;Defender;São Paulo;2290;1293;997;Argentina;29;16;13;0;0;0;0;0;0;0;0;10;8;2;32;11;21;7;0;0;0;0;0;0;0;1.26;72;79;327;0;0.28;449;436;120;36;947306;6.10;0;48;55.18;45.29;90;1404;39.87;1236;78;48.58;90;0.00;0.00;0.16;5;0.00;0.03;1.34;1.10;34;0.00;0.23;0.00;0.00;0.00;0.81;0.39;0.61;0.00;0.20;0.16;0.55;0.00;0.00;0.01;0.00;1.29;0.00;0.00;0;0;;5;0.16;10;0;0.00;13;5;0.20;18;1;1;28;42;0.00;99;0;25;0.98;67;1;27;0.04;13;0;0.00;99;0;0.00;0;0;0.00;0;0.20;18;17;0.67;34;12;0.47;70.59;0;0.00;0;0;0;0.00;0;19;0.00;37;0.75;55;N/A;N/A;N/A;N/A;0.00;0;0.00;0;0.24;0.00;0;88.03;0.00;13;57;0.45;0.55;14;47;91;0;0;0;0.58;0.71;18;88;189.18;4.03;4.91;125;2;0.00;0.08;7;0.06;0;0;0;0.00;0.00;0;0.00;0.00;0.08;0.06;2;0;0.00;42;83;77;40;38;2.69;41;0.09;0.11;0.24;11;0.01;0.01;22;13;0.42;0.51;1.30;1.06;49;33;0.01;11;42;87;67;0;56;73;0;0.00;99;40;0.00;1.57;7.00;5.74;178;97;26;22;3.81;3.13;54.49;7;0.28;75;0;0.00;0;0.00;99;0;0.00;0.00;27;87;29;26;0;0;0;0;0;27;40;63;53;0;89;68;46;64;7;24;80;28;N/A;N/A
Alan Luciano Ruschel;36;619858800;23/08/1989;Serie A;2025;Defender;Juventude;1229;674;555;Brazil;21;11;10;0;0;0;0;0;0;0;0;4;3;1;24;10;14;7;1;0;0;0;0;0;0;1.76;51;59;154;0;0.59;430;410;170;30;150048;4.73;0;48;30.32;14.79;32;414;12.07;338;38;24.75;34;0.00;0.00;0.54;15;0.00;1.36;1.90;0.93;26;0.00;0.25;0.00;0.00;0.00;0.54;0.25;0.36;0.00;0.22;0.07;0.61;0.00;0.04;0.01;0.00;0.46;0.00;0.00;0;0;;3;0.11;12;1;0.07;17;2;0.15;14;3;7;14;67;0.00;99;0;15;1.10;75;38;61;2.78;74;0;0.00;99;0;0.00;0;0;0.00;0;1.10;66;17;1.24;54;7;0.51;41.18;0;0.00;0;0;0;0.00;0;10;0.00;9;0.73;53;N/A;N/A;N/A;N/A;0.00;0;0.00;0;0.26;0.00;0;81.64;33.33;48;54;0.29;0.59;8;52;36;0;0;0;0.14;0.29;4;59;132.54;0.93;1.90;26;1;0.00;0.07;8;0.04;0;0;0;0.00;0.00;0;0.00;0.00;0.22;0.11;3;0;0.00;42;48;52;40;9;1.45;41;0.05;0.11;0.26;15;0.01;0.02;82;28;1.00;2.05;1.32;0.64;50;18;0.02;15;17;61;67;0;77;52;0;0.00;99;13;0.00;0.95;9.52;4.64;130;74;70;53;5.42;2.64;56.92;7;0.51;60;0;460.53;0;0.00;99;175;6.25;12.82;71;51;70;53;0;0;0;0;0;27;40;63;53;0;28;21;14;96;6;29;90;28;N/A;N/A
Alan Luciano Ruschel;36;619858800;23/08/1989;Serie A;2025;Defender;Juventude;1229;674;555;Brazil;21;11;10;0;0;0;0;0;0;0;0;4;3;1;24;10;14;7;1;0;0;0;0;0;0;1.76;51;59;154;0;0.59;430;410;170;30;150048;4.73;0;48;30.32;14.79;32;414;12.07;338;38;24.75;34;0.00;0.00;0.54;15;0.00;1.36;1.90;0.93;26;0.00;0.25;0.00;0.00;0.00;0.54;0.25;0.36;0.00;0.22;0.07;0.61;0.00;0.04;0.01;0.00;0.46;0.00;0.00;0;0;;3;0.11;12;1;0.07;17;2;0.15;14;3;7;14;67;0.00;99;0;15;1.10;75;38;61;2.78;74;0;0.00;99;0;0.00;0;0;0.00;0;1.10;66;17;1.24;54;7;0.51;41.18;0;0.00;0;0;0;0.00;0;10;0.00;9;0.73;53;N/A;N/A;N/A;N/A;0.00;0;0.00;0;0.26;0.00;0;81.64;33.33;48;54;0.29;0.59;8;52;36;0;0;0;0.14;0.29;4;59;132.54;0.93;1.90;26;1;0.00;0.07;8;0.04;0;0;0;0.00;0.00;0;0.00;0.00;0.22;0.11;3;0;0.00;42;48;52;40;9;1.45;41;0.05;0.11;0.26;15;0.01;0.02;82;28;1.00;2.05;1.32;0.64;50;18;0.02;15;17;61;67;0;77;52;0;0.00;99;13;0.00;0.95;9.52;4.64;130;74;70;53;5.42;2.64;56.92;7;0.51;60;0;460.53;0;0.00;99;175;6.25;12.82;71;51;70;53;0;0;0;0;0;27;40;63;53;0;28;21;14;96;6;29;90;28;N/A;N/A
Alan Luciano Ruschel;36;619858800;23/08/1989;Serie A;2025;Defender;Juventude;1229;674;555;Brazil;21;11;10;0;0;0;0;0;0;0;0;4;3;1;24;10;14;7;1;0;0;0;0;0;0;1.76;51;59;154;0;0.59;430;410;170;30;150048;4.73;0;48;30.32;14.79;32;414;12.07;338;38;24.75;34;0.00;0.00;0.54;15;0.00;1.36;1.90;0.93;26;0.00;0.25;0.00;0.00;0.00;0.54;0.25;0.36;0.00;0.22;0.07;0.61;0.00;0.04;0.01;0.00;0.46;0.00;0.00;0;0;;3;0.11;12;1;0.07;17;2;0.15;14;3;7;14;67;0.00;99;0;15;1.10;75;38;61;2.78;74;0;0.00;99;0;0.00;0;0;0.00;0;1.10;66;17;1.24;54;7;0.51;41.18;0;0.00;0;0;0;0.00;0;10;0.00;9;0.73;53;N/A;N/A;N/A;N/A;0.00;0;0.00;0;0.26;0.00;0;81.64;33.33;48;54;0.29;0.59;8;52;36;0;0;0;0.14;0.29;4;59;132.54;0.93;1.90;26;1;0.00;0.07;8;0.04;0;0;0;0.00;0.00;0;0.00;0.00;0.22;0.11;3;0;0.00;42;48;52;40;9;1.45;41;0.05;0.11;0.26;15;0.01;0.02;82;28;1.00;2.05;1.32;0.64;50;18;0.02;15;17;61;67;0;77;52;0;0.00;99;13;0.00;0.95;9.52;4.64;130;74;70;53;5.42;2.64;56.92;7;0.51;60;0;460.53;0;0.00;99;175;6.25;12.82;71;51;70;53;0;0;0;0;0;27;40;63;53;0;28;21;14;96;6;29;90;28;N/A;N/A
Alan Luciano Ruschel;36;619858800;23/08/1989;Serie A;2025;Defender;Juventude;1229;674;555;Brazil;21;11;10;0;0;0;0;0;0;0;0;4;3;1;24;10;14;7;1;0;0;0;0;0;0;1.76;51;59;154;0;0.59;430;410;170;30;150048;4.73;0;48;30.32;14.79;32;414;12.07;338;38;24.75;34;0.00;0.00;0.54;15;0.00;1.36;1.90;0.93;26;0.00;0.25;0.00;0.00;0.00;0.54;0.25;0.36;0.00;0.22;0.07;0.61;0.00;0.04;0.01;0.00;0.46;0.00;0.00;0;0;;3;0.11;12;1;0.07;17;2;0.15;14;3;7;14;67;0.00;99;0;15;1.10;75;38;61;2.78;74;0;0.00;99;0;0.00;0;0;0.00;0;1.10;66;17;1.24;54;7;0.51;41.18;0;0.00;0;0;0;0.00;0;10;0.00;9;0.73;53;N/A;N/A;N/A;N/A;0.00;0;0.00;0;0.26;0.00;0;81.64;33.33;48;54;0.29;0.59;8;52;36;0;0;0;0.14;0.29;4;59;132.54;0.93;1.90;26;1;0.00;0.07;8;0.04;0;0;0;0.00;0.00;0;0.00;0.00;0.22;0.11;3;0;0.00;42;48;52;40;9;1.45;41;0.05;0.11;0.26;15;0.01;0.02;82;28;1.00;2.05;1.32;0.64;50;18;0.02;15;17;61;67;0;77;52;0;0.00;99;13;0.00;0.95;9.52;4.64;130;74;70;53;5.42;2.64;56.92;7;0.51;60;0;460.53;0;0.00;99;175;6.25;12.82;71;51;70;53;0;0;0;0;0;27;40;63;53;0;28;21;14;96;6;29;90;28;N/A;N/A
Alan Luciano Ruschel;36;619858800;23/08/1989;Serie A;2025;Defender;Juventude;1229;674;555;Brazil;21;11;10;0;0;0;0;0;0;0;0;4;3;1;24;10;14;7;1;0;0;0;0;0;0;1.76;51;59;154;0;0.59;430;410;170;30;150048;4.73;0;48;30.32;14.79;32;414;12.07;338;38;24.75;34;0.00;0.00;0.54;15;0.00;1.36;1.90;0.93;26;0.00;0.25;0.00;0.00;0.00;0.54;0.25;0.36;0.00;0.22;0.07;0.61;0.00;0.04;0.01;0.00;0.46;0.00;0.00;0;0;;3;0.11;12;1;0.07;17;2;0.15;14;3;7;14;67;0.00;99;0;15;1.10;75;38;61;2.78;74;0;0.00;99;0;0.00;0;0;0.00;0;1.10;66;17;1.24;54;7;0.51;41.18;0;0.00;0;0;0;0.00;0;10;0.00;9;0.73;53;N/A;N/A;N/A;N/A;0.00;0;0.00;0;0.26;0.00;0;81.64;33.33;48;54;0.29;0.59;8;52;36;0;0;0;0.14;0.29;4;59;132.54;0.93;1.90;26;1;0.00;0.07;8;0.04;0;0;0;0.00;0.00;0;0.00;0.00;0.22;0.11;3;0;0.00;42;48;52;40;9;1.45;41;0.05;0.11;0.26;15;0.01;0.02;82;28;1.00;2.05;1.32;0.64;50;18;0.02;15;17;61;67;0;77;52;0;0.00;99;13;0.00;0.95;9.52;4.64;130;74;70;53;5.42;2.64;56.92;7;0.51;60;0;460.53;0;0.00;99;175;6.25;12.82;71;51;70;53;0;0;0;0;0;27;40;63;53;0;28;21;14;96;6;29;90;28;N/A;N/A
Alan Max Benítez Domínguez;31;759484800;25/01/1994;Serie A;2025;Defender;Internacional;546;255;291;Paraguay;11;5;6;0;0;0;0;0;0;0;0;2;2;0;9;5;4;0;0;0;0;0;0;0;0;1.48;61;50;0;0;0;348;307;152;16;267584;2.88;0;48;42.12;11.13;63;256;9.04;208;36;34.22;58;0.00;0.00;0.35;8;0.00;0.57;1.81;0.48;11;0.00;0.13;0.00;0.00;0.00;0.13;0.13;0.13;0.00;0.66;0.04;0.22;0.00;0.13;0.02;0.00;0.17;0.00;0.00;0;0;;4;0.17;42;3;0.49;65;1;0.16;15;2;6;5;64;0.00;99;0;3;0.49;33;13;87;2.14;67;0;0.00;99;0;0.00;0;0;0.00;0;1.32;74;5;0.82;39;3;0.49;60.00;0;0.00;0;0;0;0.00;0;3;0.00;19;0.49;26;N/A;N/A;N/A;N/A;0.00;0;0.00;0;0.43;0.00;0;81.25;75.00;99;17;0.30;1.15;7;49;80;0;0;0;0.04;0.16;1;42;66.29;0.87;3.29;20;0;0.00;0.00;99;0.00;0;0;0;0.00;0.00;0;0.00;0.00;0.00;0.00;0;0;0.00;42;11;14;40;19;0.67;41;0.03;0.11;0.43;41;0.02;0.07;1;0;0.00;0.00;0.82;0.22;22;5;0.07;40;2;77;67;0;40;34;0;0.00;99;4;0.00;0.66;6.75;1.78;41;18;12;19;2.96;0.78;43.90;3;0.49;62;0;1546.15;0;0.00;99;201;8.74;33.07;95;11;65;39;0;0;0;0;0;27;40;63;53;0;39;19;9;9;0;0;10;23;N/A;N/A
Alan Max Benítez Domínguez;31;759484800;25/01/1994;Serie A;2025;Defender;Internacional;546;255;291;Paraguay;11;5;6;0;0;0;0;0;0;0;0;2;2;0;9;5;4;0;0;0;0;0;0;0;0;1.48;61;50;0;0;0;348;307;152;16;267584;2.88;0;48;42.12;11.13;63;256;9.04;208;36;34.22;58;0.00;0.00;0.35;8;0.00;0.57;1.81;0.48;11;0.00;0.13;0.00;0.00;0.00;0.13;0.13;0.13;0.00;0.66;0.04;0.22;0.00;0.13;0.02;0.00;0.17;0.00;0.00;0;0;;4;0.17;42;3;0.49;65;1;0.16;15;2;6;5;64;0.00;99;0;3;0.49;33;13;87;2.14;67;0;0.00;99;0;0.00;0;0;0.00;0;1.32;74;5;0.82;39;3;0.49;60.00;0;0.00;0;0;0;0.00;0;3;0.00;19;0.49;26;N/A;N/A;N/A;N/A;0.00;0;0.00;0;0.43;0.00;0;81.25;75.00;99;17;0.30;1.15;7;49;80;0;0;0;0.04;0.16;1;42;66.29;0.87;3.29;20;0;0.00;0.00;99;0.00;0;0;0;0.00;0.00;0;0.00;0.00;0.00;0.00;0;0;0.00;42;11;14;40;19;0.67;41;0.03;0.11;0.43;41;0.02;0.07;1;0;0.00;0.00;0.82;0.22;22;5;0.07;40;2;77;67;0;40;34;0;0.00;99;4;0.00;0.66;6.75;1.78;41;18;12;19;2.96;0.78;43.90;3;0.49;62;0;1546.15;0;0.00;99;201;8.74;33.07;95;11;65;39;0;0;0;0;0;27;40;63;53;0;39;19;9;9;0;0;10;23;N/A;N/A
Alan Patrick;34;674118000;13/05/1991;Serie A;2025;Midfielder;Internacional;2519;1355;1164;Brazil;30;16;14;11;8;3;7;4;3;6;0;5;5;0;38;14;24;6;0;0.64;0.25;0.39;0.53;0.23;229;1.36;66;84;420;360;0.21;33;57;-1;1;2015519;7.48;0.23;92;42.37;39.53;64;1186;34.30;1029;69;36.76;66;0.00;0.00;3.33;100;0.00;4.57;1.00;0.93;28;0.00;1.87;0.00;0.00;0.00;0.13;0.97;0.93;3.91;1.54;0.80;2.23;0.00;0.63;0.34;0.00;0.40;0.00;0.00;0;0;;43;1.43;72;19;0.68;77;24;0.86;70;3;0;30;27;0.00;99;0;4;0.14;14;137;63;4.89;91;0;0.00;99;0;0.00;0;0;0.00;0;3.57;99;67;2.39;79;29;1.04;43.28;0;0.00;0;0;0;0.00;0;28;0.00;28;1.00;74;N/A;N/A;N/A;N/A;0.00;0;0.00;0;10.20;0.00;0;86.76;44.19;71;48;0.60;0.64;18;77;41;6;1;0;0.13;0.14;4;38;224.30;0.37;0.39;11;0;0.00;0.00;99;0.00;0;7;3;0.10;0.11;0;0.00;0.00;0.21;0.20;6;0;25.58;95;89;81;46;28;10.39;98;0.35;0.37;5.30;71;0.18;0.19;68;44;1.47;1.57;0.93;0.87;28;26;0.36;90;99;10;91;0;77;21;0;0.00;99;12;0.00;0.43;10.04;9.37;281;110;31;60;3.93;3.67;39.15;56;2.00;5;0;502.19;0;0.00;99;688;22.93;24.58;90;90;18;53;0;0;0;0;0;97;95;83;95;0;97;16;63;46;6;20;71;10;N/A;N/A
Alan Patrick;34;674118000;13/05/1991;Serie A;2025;Midfielder;Internacional;2519;1355;1164;Brazil;30;16;14;11;8;3;7;4;3;6;0;5;5;0;38;14;24;6;0;0.64;0.25;0.39;0.53;0.23;229;1.36;66;84;420;360;0.21;33;57;-1;1;2015519;7.48;0.23;92;42.37;39.53;64;1186;34.30;1029;69;36.76;66;0.00;0.00;3.33;100;0.00;4.57;1.00;0.93;28;0.00;1.87;0.00;0.00;0.00;0.13;0.97;0.93;3.91;1.54;0.80;2.23;0.00;0.63;0.34;0.00;0.40;0.00;0.00;0;0;;43;1.43;72;19;0.68;77;24;0.86;70;3;0;30;27;0.00;99;0;4;0.14;14;137;63;4.89;91;0;0.00;99;0;0.00;0;0;0.00;0;3.57;99;67;2.39;79;29;1.04;43.28;0;0.00;0;0;0;0.00;0;28;0.00;28;1.00;74;N/A;N/A;N/A;N/A;0.00;0;0.00;0;10.20;0.00;0;86.76;44.19;71;48;0.60;0.64;18;77;41;6;1;0;0.13;0.14;4;38;224.30;0.37;0.39;11;0;0.00;0.00;99;0.00;0;7;3;0.10;0.11;0;0.00;0.00;0.21;0.20;6;0;25.58;95;89;81;46;28;10.39;98;0.35;0.37;5.30;71;0.18;0.19;68;44;1.47;1.57;0.93;0.87;28;26;0.36;90;99;10;91;0;77;21;0;0.00;99;12;0.00;0.43;10.04;9.37;281;110;31;60;3.93;3.67;39.15;56;2.00;5;0;502.19;0;0.00;99;688;22.93;24.58;90;90;18;53;0;0;0;0;0;97;95;83;95;0;97;16;63;46;6;20;71;10;N/A;N/A
Alan Patrick;34;674118000;13/05/1991;Serie A;2025;Midfielder;Internacional;2519;1355;1164;Brazil;30;16;14;11;8;3;7;4;3;6;0;5;5;0;38;14;24;6;0;0.64;0.25;0.39;0.53;0.23;229;1.36;66;84;420;360;0.21;33;57;-1;1;2015519;7.48;0.23;92;42.37;39.53;64;1186;34.30;1029;69;36.76;66;0.00;0.00;3.33;100;0.00;4.57;1.00;0.93;28;0.00;1.87;0.00;0.00;0.00;0.13;0.97;0.93;3.91;1.54;0.80;2.23;0.00;0.63;0.34;0.00;0.40;0.00;0.00;0;0;;43;1.43;72;19;0.68;77;24;0.86;70;3;0;30;27;0.00;99;0;4;0.14;14;137;63;4.89;91;0;0.00;99;0;0.00;0;0;0.00;0;3.57;99;67;2.39;79;29;1.04;43.28;0;0.00;0;0;0;0.00;0;28;0.00;28;1.00;74;N/A;N/A;N/A;N/A;0.00;0;0.00;0;10.20;0.00;0;86.76;44.19;71;48;0.60;0.64;18;77;41;6;1;0;0.13;0.14;4;38;224.30;0.37;0.39;11;0;0.00;0.00;99;0.00;0;7;3;0.10;0.11;0;0.00;0.00;0.21;0.20;6;0;25.58;95;89;81;46;28;10.39;98;0.35;0.37;5.30;71;0.18;0.19;68;44;1.47;1.57;0.93;0.87;28;26;0.36;90;99;10;91;0;77;21;0;0.00;99;12;0.00;0.43;10.04;9.37;281;110;31;60;3.93;3.67;39.15;56;2.00;5;0;502.19;0;0.00;99;688;22.93;24.58;90;90;18;53;0;0;0;0;0;97;95;83;95;0;97;16;63;46;6;20;71;10;N/A;N/A
Alan Patrick;34;674118000;13/05/1991;Serie A;2025;Midfielder;Internacional;2519;1355;1164;Brazil;30;16;14;11;8;3;7;4;3;6;0;5;5;0;38;14;24;6;0;0.64;0.25;0.39;0.53;0.23;229;1.36;66;84;420;360;0.21;33;57;-1;1;2015519;7.48;0.23;92;42.37;39.53;64;1186;34.30;1029;69;36.76;66;0.00;0.00;3.33;100;0.00;4.57;1.00;0.93;28;0.00;1.87;0.00;0.00;0.00;0.13;0.97;0.93;3.91;1.54;0.80;2.23;0.00;0.63;0.34;0.00;0.40;0.00;0.00;0;0;;43;1.43;72;19;0.68;77;24;0.86;70;3;0;30;27;0.00;99;0;4;0.14;14;137;63;4.89;91;0;0.00;99;0;0.00;0;0;0.00;0;3.57;99;67;2.39;79;29;1.04;43.28;0;0.00;0;0;0;0.00;0;28;0.00;28;1.00;74;N/A;N/A;N/A;N/A;0.00;0;0.00;0;10.20;0.00;0;86.76;44.19;71;48;0.60;0.64;18;77;41;6;1;0;0.13;0.14;4;38;224.30;0.37;0.39;11;0;0.00;0.00;99;0.00;0;7;3;0.10;0.11;0;0.00;0.00;0.21;0.20;6;0;25.58;95;89;81;46;28;10.39;98;0.35;0.37;5.30;71;0.18;0.19;68;44;1.47;1.57;0.93;0.87;28;26;0.36;90;99;10;91;0;77;21;0;0.00;99;12;0.00;0.43;10.04;9.37;281;110;31;60;3.93;3.67;39.15;56;2.00;5;0;502.19;0;0.00;99;688;22.93;24.58;90;90;18;53;0;0;0;0;0;97;95;83;95;0;97;16;63;46;6;20;71;10;N/A;N/A
Alan Patrick;34;674118000;13/05/1991;Serie A;2025;Midfielder;Internacional;2519;1355;1164;Brazil;30;16;14;11;8;3;7;4;3;6;0;5;5;0;38;14;24;6;0;0.64;0.25;0.39;0.53;0.23;229;1.36;66;84;420;360;0.21;33;57;-1;1;2015519;7.48;0.23;92;42.37;39.53;64;1186;34.30;1029;69;36.76;66;0.00;0.00;3.33;100;0.00;4.57;1.00;0.93;28;0.00;1.87;0.00;0.00;0.00;0.13;0.97;0.93;3.91;1.54;0.80;2.23;0.00;0.63;0.34;0.00;0.40;0.00;0.00;0;0;;43;1.43;72;19;0.68;77;24;0.86;70;3;0;30;27;0.00;99;0;4;0.14;14;137;63;4.89;91;0;0.00;99;0;0.00;0;0;0.00;0;3.57;99;67;2.39;79;29;1.04;43.28;0;0.00;0;0;0;0.00;0;28;0.00;28;1.00;74;N/A;N/A;N/A;N/A;0.00;0;0.00;0;10.20;0.00;0;86.76;44.19;71;48;0.60;0.64;18;77;41;6;1;0;0.13;0.14;4;38;224.30;0.37;0.39;11;0;0.00;0.00;99;0.00;0;7;3;0.10;0.11;0;0.00;0.00;0.21;0.20;6;0;25.58;95;89;81;46;28;10.39;98;0.35;0.37;5.30;71;0.18;0.19;68;44;1.47;1.57;0.93;0.87;28;26;0.36;90;99;10;91;0;77;21;0;0.00;99;12;0.00;0.43;10.04;9.37;281;110;31;60;3.93;3.67;39.15;56;2.00;5;0;502.19;0;0.00;99;688;22.93;24.58;90;90;18;53;0;0;0;0;0;97;95;83;95;0;97;16;63;46;6;20;71;10;N/A;N/A
Alan Rodríguez;25;948787200;25/01/2000;Serie A;2025;Midfielder;Internacional;944;446;498;Uruguay;15;8;7;0;0;0;1;0;1;0;0;1;1;0;21;6;15;2;0;0.1;0.1;0;0;0;0;2;45;63;472;944;0.19;339;172;-1;17;770639;6.70;0.07;71;37.52;26.27;49;394;21.93;329;48;31.33;50;0.00;0.00;0.80;12;0.00;0.67;3.14;2.20;33;0.00;1.60;0.00;0.00;0.00;0.67;0.87;1.27;0.00;0.95;0.47;1.73;0.00;0.20;0.04;0.00;0.53;0.00;0.00;0;0;;10;0.67;56;3;0.29;48;7;0.67;61;8;4;11;96;0.00;99;0;10;0.95;66;10;91;0.95;51;0;0.00;99;0;0.00;0;0;0.00;0;1.14;68;26;2.48;80;13;1.24;50.00;0;0.00;0;0;0;0.00;0;19;0.00;4;1.81;90;N/A;N/A;N/A;N/A;0.00;0;0.00;0;0.65;0.00;0;83.50;30.00;40;21;0.73;1.05;11;83;62;0;0;0;0.20;0.29;3;59;100.55;0.53;0.76;8;0;0.00;0.00;99;0.00;0;0;1;0.07;0.10;0;0.00;0.00;0.10;0.07;1;0;0.00;42;33;27;40;4;1.73;66;0.12;0.16;0.65;35;0.04;0.06;54;12;0.80;1.14;1.14;0.80;40;12;0.06;35;61;27;90;0;61;42;0;0.00;99;8;0.00;0.76;13.14;9.20;138;66;85;86;6.29;4.40;47.83;24;2.29;2;0;2010.00;0;0.00;99;201;13.40;19.14;83;40;52;96;0;0;0;0;0;46;40;63;53;0;84;2;69;41;2;13;48;14;N/A;N/A
Alan Rodríguez;25;948787200;25/01/2000;Serie A;2025;Midfielder;Internacional;944;446;498;Uruguay;15;8;7;0;0;0;1;0;1;0;0;1;1;0;21;6;15;2;0;0.1;0.1;0;0;0;0;2;45;63;472;944;0.19;339;172;-1;17;770639;6.70;0.07;71;37.52;26.27;49;394;21.93;329;48;31.33;50;0.00;0.00;0.80;12;0.00;0.67;3.14;2.20;33;0.00;1.60;0.00;0.00;0.00;0.67;0.87;1.27;0.00;0.95;0.47;1.73;0.00;0.20;0.04;0.00;0.53;0.00;0.00;0;0;;10;0.67;56;3;0.29;48;7;0.67;61;8;4;11;96;0.00;99;0;10;0.95;66;10;91;0.95;51;0;0.00;99;0;0.00;0;0;0.00;0;1.14;68;26;2.48;80;13;1.24;50.00;0;0.00;0;0;0;0.00;0;19;0.00;4;1.81;90;N/A;N/A;N/A;N/A;0.00;0;0.00;0;0.65;0.00;0;83.50;30.00;40;21;0.73;1.05;11;83;62;0;0;0;0.20;0.29;3;59;100.55;0.53;0.76;8;0;0.00;0.00;99;0.00;0;0;1;0.07;0.10;0;0.00;0.00;0.10;0.07;1;0;0.00;42;33;27;40;4;1.73;66;0.12;0.16;0.65;35;0.04;0.06;54;12;0.80;1.14;1.14;0.80;40;12;0.06;35;61;27;90;0;61;42;0;0.00;99;8;0.00;0.76;13.14;9.20;138;66;85;86;6.29;4.40;47.83;24;2.29;2;0;2010.00;0;0.00;99;201;13.40;19.14;83;40;52;96;0;0;0;0;0;46;40;63;53;0;84;2;69;41;2;13;48;14;N/A;N/A
Alan Rodríguez;25;948787200;25/01/2000;Serie A;2025;Midfielder;Internacional;944;446;498;Uruguay;15;8;7;0;0;0;1;0;1;0;0;1;1;0;21;6;15;2;0;0.1;0.1;0;0;0;0;2;45;63;472;944;0.19;339;172;-1;17;770639;6.70;0.07;71;37.52;26.27;49;394;21.93;329;48;31.33;50;0.00;0.00;0.80;12;0.00;0.67;3.14;2.20;33;0.00;1.60;0.00;0.00;0.00;0.67;0.87;1.27;0.00;0.95;0.47;1.73;0.00;0.20;0.04;0.00;0.53;0.00;0.00;0;0;;10;0.67;56;3;0.29;48;7;0.67;61;8;4;11;96;0.00;99;0;10;0.95;66;10;91;0.95;51;0;0.00;99;0;0.00;0;0;0.00;0;1.14;68;26;2.48;80;13;1.24;50.00;0;0.00;0;0;0;0.00;0;19;0.00;4;1.81;90;N/A;N/A;N/A;N/A;0.00;0;0.00;0;0.65;0.00;0;83.50;30.00;40;21;0.73;1.05;11;83;62;0;0;0;0.20;0.29;3;59;100.55;0.53;0.76;8;0;0.00;0.00;99;0.00;0;0;1;0.07;0.10;0;0.00;0.00;0.10;0.07;1;0;0.00;42;33;27;40;4;1.73;66;0.12;0.16;0.65;35;0.04;0.06;54;12;0.80;1.14;1.14;0.80;40;12;0.06;35;61;27;90;0;61;42;0;0.00;99;8;0.00;0.76;13.14;9.20;138;66;85;86;6.29;4.40;47.83;24;2.29;2;0;2010.00;0;0.00;99;201;13.40;19.14;83;40;52;96;0;0;0;0;0;46;40;63;53;0;84;2;69;41;2;13;48;14;N/A;N/A
Alan Rodríguez;25;948787200;25/01/2000;Serie A;2025;Midfielder;Internacional;944;446;498;Uruguay;15;8;7;0;0;0;1;0;1;0;0;1;1;0;21;6;15;2;0;0.1;0.1;0;0;0;0;2;45;63;472;944;0.19;339;172;-1;17;770639;6.70;0.07;71;37.52;26.27;49;394;21.93;329;48;31.33;50;0.00;0.00;0.80;12;0.00;0.67;3.14;2.20;33;0.00;1.60;0.00;0.00;0.00;0.67;0.87;1.27;0.00;0.95;0.47;1.73;0.00;0.20;0.04;0.00;0.53;0.00;0.00;0;0;;10;0.67;56;3;0.29;48;7;0.67;61;8;4;11;96;0.00;99;0;10;0.95;66;10;91;0.95;51;0;0.00;99;0;0.00;0;0;0.00;0;1.14;68;26;2.48;80;13;1.24;50.00;0;0.00;0;0;0;0.00;0;19;0.00;4;1.81;90;N/A;N/A;N/A;N/A;0.00;0;0.00;0;0.65;0.00;0;83.50;30.00;40;21;0.73;1.05;11;83;62;0;0;0;0.20;0.29;3;59;100.55;0.53;0.76;8;0;0.00;0.00;99;0.00;0;0;1;0.07;0.10;0;0.00;0.00;0.10;0.07;1;0;0.00;42;33;27;40;4;1.73;66;0.12;0.16;0.65;35;0.04;0.06;54;12;0.80;1.14;1.14;0.80;40;12;0.06;35;61;27;90;0;61;42;0;0.00;99;8;0.00;0.76;13.14;9.20;138;66;85;86;6.29;4.40;47.83;24;2.29;2;0;2010.00;0;0.00;99;201;13.40;19.14;83;40;52;96;0;0;0;0;0;46;40;63;53;0;84;2;69;41;2;13;48;14;N/A;N/A
Alan Rodríguez;25;948787200;25/01/2000;Serie A;2025;Midfielder;Internacional;944;446;498;Uruguay;15;8;7;0;0;0;1;0;1;0;0;1;1;0;21;6;15;2;0;0.1;0.1;0;0;0;0;2;45;63;472;944;0.19;339;172;-1;17;770639;6.70;0.07;71;37.52;26.27;49;394;21.93;329;48;31.33;50;0.00;0.00;0.80;12;0.00;0.67;3.14;2.20;33;0.00;1.60;0.00;0.00;0.00;0.67;0.87;1.27;0.00;0.95;0.47;1.73;0.00;0.20;0.04;0.00;0.53;0.00;0.00;0;0;;10;0.67;56;3;0.29;48;7;0.67;61;8;4;11;96;0.00;99;0;10;0.95;66;10;91;0.95;51;0;0.00;99;0;0.00;0;0;0.00;0;1.14;68;26;2.48;80;13;1.24;50.00;0;0.00;0;0;0;0.00;0;19;0.00;4;1.81;90;N/A;N/A;N/A;N/A;0.00;0;0.00;0;0.65;0.00;0;83.50;30.00;40;21;0.73;1.05;11;83;62;0;0;0;0.20;0.29;3;59;100.55;0.53;0.76;8;0;0.00;0.00;99;0.00;0;0;1;0.07;0.10;0;0.00;0.00;0.10;0.07;1;0;0.00;42;33;27;40;4;1.73;66;0.12;0.16;0.65;35;0.04;0.06;54;12;0.80;1.14;1.14;0.80;40;12;0.06;35;61;27;90;0;61;42;0;0.00;99;8;0.00;0.76;13.14;9.20;138;66;85;86;6.29;4.40;47.83;24;2.29;2;0;2010.00;0;0.00;99;201;13.40;19.14;83;40;52;96;0;0;0;0;0;46;40;63;53;0;84;2;69;41;2;13;48;14;N/A;N/A
Alan Steven Franco Palma;27;903682800;21/08/1998;Serie A;2025;Midfielder;Atlético Mineiro;2631;1258;1373;Ecuador;30;14;16;1;1;0;0;0;0;0;0;11;8;3;27;9;18;4;0;0.03;0;0.03;0.07;0;2631;0.92;97;88;658;0;0.14;317;393;-1;17;952190;6.84;0;48;45.09;43.93;70;1318;39.90;1197;93;40.95;76;0.00;0.00;0.43;13;0.00;0.13;1.57;1.53;46;0.00;0.17;0.00;0.00;0.00;1.00;0.07;0.50;9.00;0.31;0.27;0.23;0.00;0.03;0.04;0.00;0.80;0.00;0.00;0;0;;9;0.30;16;1;0.03;14;8;0.27;25;4;0;30;54;0.00;99;0;30;1.03;70;4;93;0.14;21;0;0.00;99;0;0.00;0;0;0.00;0;0.44;29;7;0.24;18;2;0.07;28.57;0;0.00;0;0;0;0.00;0;15;0.00;74;0.51;30;N/A;N/A;N/A;N/A;0.00;0;0.00;0;1.10;0.00;0;90.82;11.11;15;70;0.40;0.41;12;14;18;0;0;0;0.33;0.34;10;65;205.18;1.27;1.30;38;0;0.00;0.00;99;0.00;0;0;0;0.00;0.00;0;0.00;0.00;0.00;0.00;0;0;11.11;68;91;81;98;73;2.66;26;0.09;0.09;1.10;26;0.04;0.04;28;19;0.63;0.65;1.47;1.43;59;43;0.04;26;73;49;67;0;40;45;0;0.00;99;24;0.00;0.82;5.88;5.73;172;91;14;12;3.11;3.03;52.91;5;0.17;81;0;2500.00;0;0.00;99;100;3.33;3.42;45;90;18;66;0;0;0;0;0;28;43;63;57;0;90;75;82;29;4;13;48;21;N/A;N/A
Alan Steven Franco Palma;27;903682800;21/08/1998;Serie A;2025;Midfielder;Atlético Mineiro;2631;1258;1373;Ecuador;30;14;16;1;1;0;0;0;0;0;0;11;8;3;27;9;18;4;0;0.03;0;0.03;0.07;0;2631;0.92;97;88;658;0;0.14;317;393;-1;17;952190;6.84;0;48;45.09;43.93;70;1318;39.90;1197;93;40.95;76;0.00;0.00;0.43;13;0.00;0.13;1.57;1.53;46;0.00;0.17;0.00;0.00;0.00;1.00;0.07;0.50;9.00;0.31;0.27;0.23;0.00;0.03;0.04;0.00;0.80;0.00;0.00;0;0;;9;0.30;16;1;0.03;14;8;0.27;25;4;0;30;54;0.00;99;0;30;1.03;70;4;93;0.14;21;0;0.00;99;0;0.00;0;0;0.00;0;0.44;29;7;0.24;18;2;0.07;28.57;0;0.00;0;0;0;0.00;0;15;0.00;74;0.51;30;N/A;N/A;N/A;N/A;0.00;0;0.00;0;1.10;0.00;0;90.82;11.11;15;70;0.40;0.41;12;14;18;0;0;0;0.33;0.34;10;65;205.18;1.27;1.30;38;0;0.00;0.00;99;0.00;0;0;0;0.00;0.00;0;0.00;0.00;0.00;0.00;0;0;11.11;68;91;81;98;73;2.66;26;0.09;0.09;1.10;26;0.04;0.04;28;19;0.63;0.65;1.47;1.43;59;43;0.04;26;73;49;67;0;40;45;0;0.00;99;24;0.00;0.82;5.88;5.73;172;91;14;12;3.11;3.03;52.91;5;0.17;81;0;2500.00;0;0.00;99;100;3.33;3.42;45;90;18;66;0;0;0;0;0;28;43;63;57;0;90;75;82;29;4;13;48;21;N/A;N/A
Alan Steven Franco Palma;27;903682800;21/08/1998;Serie A;2025;Midfielder;Atlético Mineiro;2631;1258;1373;Ecuador;30;14;16;1;1;0;0;0;0;0;0;11;8;3;27;9;18;4;0;0.03;0;0.03;0.07;0;2631;0.92;97;88;658;0;0.14;317;393;-1;17;952190;6.84;0;48;45.09;43.93;70;1318;39.90;1197;93;40.95;76;0.00;0.00;0.43;13;0.00;0.13;1.57;1.53;46;0.00;0.17;0.00;0.00;0.00;1.00;0.07;0.50;9.00;0.31;0.27;0.23;0.00;0.03;0.04;0.00;0.80;0.00;0.00;0;0;;9;0.30;16;1;0.03;14;8;0.27;25;4;0;30;54;0.00;99;0;30;1.03;70;4;93;0.14;21;0;0.00;99;0;0.00;0;0;0.00;0;0.44;29;7;0.24;18;2;0.07;28.57;0;0.00;0;0;0;0.00;0;15;0.00;74;0.51;30;N/A;N/A;N/A;N/A;0.00;0;0.00;0;1.10;0.00;0;90.82;11.11;15;70;0.40;0.41;12;14;18;0;0;0;0.33;0.34;10;65;205.18;1.27;1.30;38;0;0.00;0.00;99;0.00;0;0;0;0.00;0.00;0;0.00;0.00;0.00;0.00;0;0;11.11;68;91;81;98;73;2.66;26;0.09;0.09;1.10;26;0.04;0.04;28;19;0.63;0.65;1.47;1.43;59;43;0.04;26;73;49;67;0;40;45;0;0.00;99;24;0.00;0.82;5.88;5.73;172;91;14;12;3.11;3.03;52.91;5;0.17;81;0;2500.00;0;0.00;99;100;3.33;3.42;45;90;18;66;0;0;0;0;0;28;43;63;57;0;90;75;82;29;4;13;48;21;N/A;N/A
Alan Steven Franco Palma;27;903682800;21/08/1998;Serie A;2025;Midfielder;Atlético Mineiro;2631;1258;1373;Ecuador;30;14;16;1;1;0;0;0;0;0;0;11;8;3;27;9;18;4;0;0.03;0;0.03;0.07;0;2631;0.92;97;88;658;0;0.14;317;393;-1;17;952190;6.84;0;48;45.09;43.93;70;1318;39.90;1197;93;40.95;76;0.00;0.00;0.43;13;0.00;0.13;1.57;1.53;46;0.00;0.17;0.00;0.00;0.00;1.00;0.07;0.50;9.00;0.31;0.27;0.23;0.00;0.03;0.04;0.00;0.80;0.00;0.00;0;0;;9;0.30;16;1;0.03;14;8;0.27;25;4;0;30;54;0.00;99;0;30;1.03;70;4;93;0.14;21;0;0.00;99;0;0.00;0;0;0.00;0;0.44;29;7;0.24;18;2;0.07;28.57;0;0.00;0;0;0;0.00;0;15;0.00;74;0.51;30;N/A;N/A;N/A;N/A;0.00;0;0.00;0;1.10;0.00;0;90.82;11.11;15;70;0.40;0.41;12;14;18;0;0;0;0.33;0.34;10;65;205.18;1.27;1.30;38;0;0.00;0.00;99;0.00;0;0;0;0.00;0.00;0;0.00;0.00;0.00;0.00;0;0;11.11;68;91;81;98;73;2.66;26;0.09;0.09;1.10;26;0.04;0.04;28;19;0.63;0.65;1.47;1.43;59;43;0.04;26;73;49;67;0;40;45;0;0.00;99;24;0.00;0.82;5.88;5.73;172;91;14;12;3.11;3.03;52.91;5;0.17;81;0;2500.00;0;0.00;99;100;3.33;3.42;45;90;18;66;0;0;0;0;0;28;43;63;57;0;90;75;82;29;4;13;48;21;N/A;N/A
Aldemir dos Santos Ferreira;28;883555200;31/12/1997;Serie A;2025;Forward;São Paulo;1544;829;715;Brazil;27;13;14;5;4;1;4;1;3;0;1;9;6;3;15;6;9;4;0;0.52;0.23;0.29;0.43;0.13;309;0.87;103;57;386;386;0.23;65;68;-1;2;710480;6.54;0.15;89;34.27;19.60;42;588;15.97;479;37;27.92;41;0.00;0.00;0.83;25;0.00;1.53;1.34;0.77;23;0.00;0.87;0.00;0.00;0.00;0.20;1.77;0.30;6.60;1.92;0.67;3.37;0.00;0.43;0.19;0.00;0.37;0.00;0.00;0;0;;33;1.10;83;13;0.76;81;20;1.17;84;2;7;20;42;0.00;99;0;6;0.35;25;46;43;2.68;73;0;0.00;99;0;0.00;0;0;0.00;0;1.46;79;101;5.89;99;53;3.09;52.48;0;0.00;0;0;0;0.00;0;9;0.00;78;0.52;32;N/A;N/A;N/A;N/A;0.00;0;0.00;0;5.59;0.00;0;81.46;39.39;61;27;0.53;0.93;16;99;64;0;2;0;0.03;0.06;1;25;196.19;0.33;0.58;10;1;0.00;0.06;10;0.03;0;2;2;0.07;0.12;0;0.00;0.00;0.12;0.07;2;1;15.15;79;64;70;52;77;4.27;88;0.14;0.25;4.19;79;0.14;0.24;94;48;1.60;2.80;0.93;0.53;28;16;0.33;88;52;17;94;0;65;34;0;0.00;99;11;0.00;0.64;14.63;8.37;251;133;97;92;7.75;4.43;52.99;26;1.52;15;0;119.57;0;0.00;99;55;1.83;3.21;44;70;70;39;0;0;0;0;0;92;89;75;92;0;80;67;58;52;4;15;55;11;N/A;N/A
Aldemir dos Santos Ferreira;28;883555200;31/12/1997;Serie A;2025;Forward;São Paulo;1544;829;715;Brazil;27;13;14;5;4;1;4;1;3;0;1;9;6;3;15;6;9;4;0;0.52;0.23;0.29;0.43;0.13;309;0.87;103;57;386;386;0.23;65;68;-1;2;710480;6.54;0.15;89;34.27;19.60;42;588;15.97;479;37;27.92;41;0.00;0.00;0.83;25;0.00;1.53;1.34;0.77;23;0.00;0.87;0.00;0.00;0.00;0.20;1.77;0.30;6.60;1.92;0.67;3.37;0.00;0.43;0.19;0.00;0.37;0.00;0.00;0;0;;33;1.10;83;13;0.76;81;20;1.17;84;2;7;20;42;0.00;99;0;6;0.35;25;46;43;2.68;73;0;0.00;99;0;0.00;0;0;0.00;0;1.46;79;101;5.89;99;53;3.09;52.48;0;0.00;0;0;0;0.00;0;9;0.00;78;0.52;32;N/A;N/A;N/A;N/A;0.00;0;0.00;0;5.59;0.00;0;81.46;39.39;61;27;0.53;0.93;16;99;64;0;2;0;0.03;0.06;1;25;196.19;0.33;0.58;10;1;0.00;0.06;10;0.03;0;2;2;0.07;0.12;0;0.00;0.00;0.12;0.07;2;1;15.15;79;64;70;52;77;4.27;88;0.14;0.25;4.19;79;0.14;0.24;94;48;1.60;2.80;0.93;0.53;28;16;0.33;88;52;17;94;0;65;34;0;0.00;99;11;0.00;0.64;14.63;8.37;251;133;97;92;7.75;4.43;52.99;26;1.52;15;0;119.57;0;0.00;99;55;1.83;3.21;44;70;70;39;0;0;0;0;0;92;89;75;92;0;80;67;58;52;4;15;55;11;N/A;N/A
Aldemir dos Santos Ferreira;28;883555200;31/12/1997;Serie A;2025;Forward;São Paulo;1544;829;715;Brazil;27;13;14;5;4;1;4;1;3;0;1;9;6;3;15;6;9;4;0;0.52;0.23;0.29;0.43;0.13;309;0.87;103;57;386;386;0.23;65;68;-1;2;710480;6.54;0.15;89;34.27;19.60;42;588;15.97;479;37;27.92;41;0.00;0.00;0.83;25;0.00;1.53;1.34;0.77;23;0.00;0.87;0.00;0.00;0.00;0.20;1.77;0.30;6.60;1.92;0.67;3.37;0.00;0.43;0.19;0.00;0.37;0.00;0.00;0;0;;33;1.10;83;13;0.76;81;20;1.17;84;2;7;20;42;0.00;99;0;6;0.35;25;46;43;2.68;73;0;0.00;99;0;0.00;0;0;0.00;0;1.46;79;101;5.89;99;53;3.09;52.48;0;0.00;0;0;0;0.00;0;9;0.00;78;0.52;32;N/A;N/A;N/A;N/A;0.00;0;0.00;0;5.59;0.00;0;81.46;39.39;61;27;0.53;0.93;16;99;64;0;2;0;0.03;0.06;1;25;196.19;0.33;0.58;10;1;0.00;0.06;10;0.03;0;2;2;0.07;0.12;0;0.00;0.00;0.12;0.07;2;1;15.15;79;64;70;52;77;4.27;88;0.14;0.25;4.19;79;0.14;0.24;94;48;1.60;2.80;0.93;0.53;28;16;0.33;88;52;17;94;0;65;34;0;0.00;99;11;0.00;0.64;14.63;8.37;251;133;97;92;7.75;4.43;52.99;26;1.52;15;0;119.57;0;0.00;99;55;1.83;3.21;44;70;70;39;0;0;0;0;0;92;89;75;92;0;80;67;58;52;4;15;55;11;N/A;N/A
Aldemir dos Santos Ferreira;28;883555200;31/12/1997;Serie A;2025;Forward;São Paulo;1544;829;715;Brazil;27;13;14;5;4;1;4;1;3;0;1;9;6;3;15;6;9;4;0;0.52;0.23;0.29;0.43;0.13;309;0.87;103;57;386;386;0.23;65;68;-1;2;710480;6.54;0.15;89;34.27;19.60;42;588;15.97;479;37;27.92;41;0.00;0.00;0.83;25;0.00;1.53;1.34;0.77;23;0.00;0.87;0.00;0.00;0.00;0.20;1.77;0.30;6.60;1.92;0.67;3.37;0.00;0.43;0.19;0.00;0.37;0.00;0.00;0;0;;33;1.10;83;13;0.76;81;20;1.17;84;2;7;20;42;0.00;99;0;6;0.35;25;46;43;2.68;73;0;0.00;99;0;0.00;0;0;0.00;0;1.46;79;101;5.89;99;53;3.09;52.48;0;0.00;0;0;0;0.00;0;9;0.00;78;0.52;32;N/A;N/A;N/A;N/A;0.00;0;0.00;0;5.59;0.00;0;81.46;39.39;61;27;0.53;0.93;16;99;64;0;2;0;0.03;0.06;1;25;196.19;0.33;0.58;10;1;0.00;0.06;10;0.03;0;2;2;0.07;0.12;0;0.00;0.00;0.12;0.07;2;1;15.15;79;64;70;52;77;4.27;88;0.14;0.25;4.19;79;0.14;0.24;94;48;1.60;2.80;0.93;0.53;28;16;0.33;88;52;17;94;0;65;34;0;0.00;99;11;0.00;0.64;14.63;8.37;251;133;97;92;7.75;4.43;52.99;26;1.52;15;0;119.57;0;0.00;99;55;1.83;3.21;44;70;70;39;0;0;0;0;0;92;89;75;92;0;80;67;58;52;4;15;55;11;N/A;N/A
Aldemir dos Santos Ferreira;28;883555200;31/12/1997;Serie A;2025;Forward;São Paulo;1544;829;715;Brazil;27;13;14;5;4;1;4;1;3;0;1;9;6;3;15;6;9;4;0;0.52;0.23;0.29;0.43;0.13;309;0.87;103;57;386;386;0.23;65;68;-1;2;710480;6.54;0.15;89;34.27;19.60;42;588;15.97;479;37;27.92;41;0.00;0.00;0.83;25;0.00;1.53;1.34;0.77;23;0.00;0.87;0.00;0.00;0.00;0.20;1.77;0.30;6.60;1.92;0.67;3.37;0.00;0.43;0.19;0.00;0.37;0.00;0.00;0;0;;33;1.10;83;13;0.76;81;20;1.17;84;2;7;20;42;0.00;99;0;6;0.35;25;46;43;2.68;73;0;0.00;99;0;0.00;0;0;0.00;0;1.46;79;101;5.89;99;53;3.09;52.48;0;0.00;0;0;0;0.00;0;9;0.00;78;0.52;32;N/A;N/A;N/A;N/A;0.00;0;0.00;0;5.59;0.00;0;81.46;39.39;61;27;0.53;0.93;16;99;64;0;2;0;0.03;0.06;1;25;196.19;0.33;0.58;10;1;0.00;0.06;10;0.03;0;2;2;0.07;0.12;0;0.00;0.00;0.12;0.07;2;1;15.15;79;64;70;52;77;4.27;88;0.14;0.25;4.19;79;0.14;0.24;94;48;1.60;2.80;0.93;0.53;28;16;0.33;88;52;17;94;0;65;34;0;0.00;99;11;0.00;0.64;14.63;8.37;251;133;97;92;7.75;4.43;52.99;26;1.52;15;0;119.57;0;0.00;99;55;1.83;3.21;44;70;70;39;0;0;0;0;0;92;89;75;92;0;80;67;58;52;4;15;55;11;N/A;N/A
Alesson dos Santos Batista;26;919152000;16/02/1999;Serie A;2025;Midfielder;Mirassol;1461;793;668;Brazil;26;14;12;6;5;1;5;3;2;0;0;8;5;3;15;7;8;1;0;0.68;0.31;0.37;0.57;0.13;244;0.92;97;56;1461;292;0.06;39;29;-1;4;0;6.81;0.19;95;23.47;14.65;18;381;12.08;314;41;19.34;21;0.00;0.00;0.96;25;0.00;1.65;1.54;0.96;25;0.00;1.31;0.00;0.00;0.00;0.27;1.08;0.58;4.83;1.79;0.65;2.46;0.00;0.46;0.23;0.00;0.54;0.00;0.00;0;0;;29;1.12;79;12;0.74;80;17;1.05;78;6;10;16;53;0.00;99;0;7;0.43;29;43;80;2.65;73;0;0.00;99;0;0.00;0;0;0.00;0;1.54;81;64;3.94;92;28;1.72;43.75;0;0.00;0;0;0;0.00;0;15;0.00;74;0.92;68;N/A;N/A;N/A;N/A;0.00;0;0.00;0;5.90;0.00;0;82.41;41.38;65;4;1.00;1.60;26;90;42;0;0;0;0.00;0.00;0;20;177.06;0.27;0.43;7;0;0.00;0.00;99;0.00;0;0;1;0.04;0.06;0;0.00;0.00;0.74;0.46;12;0;20.69;88;61;68;47;73;4.47;92;0.17;0.28;5.90;92;0.23;0.36;61;22;0.85;1.36;1.91;1.19;81;31;0.36;90;68;12;79;0;96;47;0;0.00;99;14;0.00;0.86;13.98;8.73;227;88;70;91;5.42;3.38;38.77;34;2.09;3;0;997.67;0;0.00;99;429;16.50;26.43;91;60;83;85;0;0;0;0;0;97;94;75;96;0;17;58;98;12;1;4;13;77;0;0
Alesson dos Santos Batista;26;919152000;16/02/1999;Serie A;2025;Midfielder;Mirassol;1461;793;668;Brazil;26;14;12;6;5;1;5;3;2;0;0;8;5;3;15;7;8;1;0;0.68;0.31;0.37;0.57;0.13;244;0.92;97;56;1461;292;0.06;39;29;-1;4;0;6.81;0.19;95;23.47;14.65;18;381;12.08;314;41;19.34;21;0.00;0.00;0.96;25;0.00;1.65;1.54;0.96;25;0.00;1.31;0.00;0.00;0.00;0.27;1.08;0.58;4.83;1.79;0.65;2.46;0.00;0.46;0.23;0.00;0.54;0.00;0.00;0;0;;29;1.12;79;12;0.74;80;17;1.05;78;6;10;16;53;0.00;99;0;7;0.43;29;43;80;2.65;73;0;0.00;99;0;0.00;0;0;0.00;0;1.54;81;64;3.94;92;28;1.72;43.75;0;0.00;0;0;0;0.00;0;15;0.00;74;0.92;68;N/A;N/A;N/A;N/A;0.00;0;0.00;0;5.90;0.00;0;82.41;41.38;65;4;1.00;1.60;26;90;42;0;0;0;0.00;0.00;0;20;177.06;0.27;0.43;7;0;0.00;0.00;99;0.00;0;0;1;0.04;0.06;0;0.00;0.00;0.74;0.46;12;0;20.69;88;61;68;47;73;4.47;92;0.17;0.28;5.90;92;0.23;0.36;61;22;0.85;1.36;1.91;1.19;81;31;0.36;90;68;12;79;0;96;47;0;0.00;99;14;0.00;0.86;13.98;8.73;227;88;70;91;5.42;3.38;38.77;34;2.09;3;0;997.67;0;0.00;99;429;16.50;26.43;91;60;83;85;0;0;0;0;0;97;94;75;96;0;17;58;98;12;1;4;13;77;0;0
Alesson dos Santos Batista;26;919152000;16/02/1999;Serie A;2025;Midfielder;Mirassol;1461;793;668;Brazil;26;14;12;6;5;1;5;3;2;0;0;8;5;3;15;7;8;1;0;0.68;0.31;0.37;0.57;0.13;244;0.92;97;56;1461;292;0.06;39;29;-1;4;0;6.81;0.19;95;23.47;14.65;18;381;12.08;314;41;19.34;21;0.00;0.00;0.96;25;0.00;1.65;1.54;0.96;25;0.00;1.31;0.00;0.00;0.00;0.27;1.08;0.58;4.83;1.79;0.65;2.46;0.00;0.46;0.23;0.00;0.54;0.00;0.00;0;0;;29;1.12;79;12;0.74;80;17;1.05;78;6;10;16;53;0.00;99;0;7;0.43;29;43;80;2.65;73;0;0.00;99;0;0.00;0;0;0.00;0;1.54;81;64;3.94;92;28;1.72;43.75;0;0.00;0;0;0;0.00;0;15;0.00;74;0.92;68;N/A;N/A;N/A;N/A;0.00;0;0.00;0;5.90;0.00;0;82.41;41.38;65;4;1.00;1.60;26;90;42;0;0;0;0.00;0.00;0;20;177.06;0.27;0.43;7;0;0.00;0.00;99;0.00;0;0;1;0.04;0.06;0;0.00;0.00;0.74;0.46;12;0;20.69;88;61;68;47;73;4.47;92;0.17;0.28;5.90;92;0.23;0.36;61;22;0.85;1.36;1.91;1.19;81;31;0.36;90;68;12;79;0;96;47;0;0.00;99;14;0.00;0.86;13.98;8.73;227;88;70;91;5.42;3.38;38.77;34;2.09;3;0;997.67;0;0.00;99;429;16.50;26.43;91;60;83;85;0;0;0;0;0;97;94;75;96;0;17;58;98;12;1;4;13;77;0;0
Alesson dos Santos Batista;26;919152000;16/02/1999;Serie A;2025;Midfielder;Mirassol;1461;793;668;Brazil;26;14;12;6;5;1;5;3;2;0;0;8;5;3;15;7;8;1;0;0.68;0.31;0.37;0.57;0.13;244;0.92;97;56;1461;292;0.06;39;29;-1;4;0;6.81;0.19;95;23.47;14.65;18;381;12.08;314;41;19.34;21;0.00;0.00;0.96;25;0.00;1.65;1.54;0.96;25;0.00;1.31;0.00;0.00;0.00;0.27;1.08;0.58;4.83;1.79;0.65;2.46;0.00;0.46;0.23;0.00;0.54;0.00;0.00;0;0;;29;1.12;79;12;0.74;80;17;1.05;78;6;10;16;53;0.00;99;0;7;0.43;29;43;80;2.65;73;0;0.00;99;0;0.00;0;0;0.00;0;1.54;81;64;3.94;92;28;1.72;43.75;0;0.00;0;0;0;0.00;0;15;0.00;74;0.92;68;N/A;N/A;N/A;N/A;0.00;0;0.00;0;5.90;0.00;0;82.41;41.38;65;4;1.00;1.60;26;90;42;0;0;0;0.00;0.00;0;20;177.06;0.27;0.43;7;0;0.00;0.00;99;0.00;0;0;1;0.04;0.06;0;0.00;0.00;0.74;0.46;12;0;20.69;88;61;68;47;73;4.47;92;0.17;0.28;5.90;92;0.23;0.36;61;22;0.85;1.36;1.91;1.19;81;31;0.36;90;68;12;79;0;96;47;0;0.00;99;14;0.00;0.86;13.98;8.73;227;88;70;91;5.42;3.38;38.77;34;2.09;3;0;997.67;0;0.00;99;429;16.50;26.43;91;60;83;85;0;0;0;0;0;97;94;75;96;0;17;58;98;12;1;4;13;77;0;0
Alesson dos Santos Batista;26;919152000;16/02/1999;Serie A;2025;Midfielder;Mirassol;1461;793;668;Brazil;26;14;12;6;5;1;5;3;2;0;0;8;5;3;15;7;8;1;0;0.68;0.31;0.37;0.57;0.13;244;0.92;97;56;1461;292;0.06;39;29;-1;4;0;6.81;0.19;95;23.47;14.65;18;381;12.08;314;41;19.34;21;0.00;0.00;0.96;25;0.00;1.65;1.54;0.96;25;0.00;1.31;0.00;0.00;0.00;0.27;1.08;0.58;4.83;1.79;0.65;2.46;0.00;0.46;0.23;0.00;0.54;0.00;0.00;0;0;;29;1.12;79;12;0.74;80;17;1.05;78;6;10;16;53;0.00;99;0;7;0.43;29;43;80;2.65;73;0;0.00;99;0;0.00;0;0;0.00;0;1.54;81;64;3.94;92;28;1.72;43.75;0;0.00;0;0;0;0.00;0;15;0.00;74;0.92;68;N/A;N/A;N/A;N/A;0.00;0;0.00;0;5.90;0.00;0;82.41;41.38;65;4;1.00;1.60;26;90;42;0;0;0;0.00;0.00;0;20;177.06;0.27;0.43;7;0;0.00;0.00;99;0.00;0;0;1;0.04;0.06;0;0.00;0.00;0.74;0.46;12;0;20.69;88;61;68;47;73;4.47;92;0.17;0.28;5.90;92;0.23;0.36;61;22;0.85;1.36;1.91;1.19;81;31;0.36;90;68;12;79;0;96;47;0;0.00;99;14;0.00;0.86;13.98;8.73;227;88;70;91;5.42;3.38;38.77;34;2.09;3;0;997.67;0;0.00;99;429;16.50;26.43;91;60;83;85;0;0;0;0;0;97;94;75;96;0;17;58;98;12;1;4;13;77;0;0
Alex Paulo Menezes Santana;30;800348400;13/05/1995;Serie A;2025;Midfielder;Grêmio;492;154;338;Brazil;11;3;8;0;0;0;0;0;0;0;0;1;1;0;8;1;7;4;0;0;0;0;0;0;0;1.46;62;45;123;0;0.73;482;504;-1;31;0;4.83;0;48;42.62;15.53;65;233;13.93;209;88;38.23;70;0.00;0.00;0.07;1;0.00;0.07;0.73;0.27;4;0.00;0.53;0.00;0.00;0.00;0.33;0.27;0.20;0.00;1.10;0.33;0.33;0.00;0.07;0.03;0.00;0.40;0.00;0.00;0;0;;6;0.40;61;1;0.18;35;5;0.91;73;2;6;5;17;0.00;99;0;5;0.91;63;1;27;0.18;24;0;0.00;99;0;0.00;0;0;0.00;0;0.18;16;5;0.91;42;4;0.73;80.00;0;0.00;0;0;0;0.00;0;3;0.00;19;0.55;34;N/A;N/A;N/A;N/A;0.00;0;0.00;0;0.44;0.00;0;89.70;16.67;17;39;0.27;0.73;4;66;94;0;0;0;0.07;0.18;1;45;72.51;0.60;1.65;9;0;0.00;0.00;99;0.00;0;0;1;0.07;0.18;0;0.00;0.00;0.18;0.07;1;0;0.00;42;7;14;40;20;0.48;26;0.03;0.09;0.44;45;0.03;0.08;81;11;0.73;2.01;2.01;0.73;83;11;0.08;44;18;56;98;0;72;58;0;0.00;99;6;0.00;1.10;9.70;3.53;53;25;47;54;4.57;1.67;47.17;8;1.46;16;0;0.00;0;0.00;99;0;0.00;0.00;27;11;65;39;0;0;0;0;0;27;40;63;53;0;17;3;11;99;4;36;97;80;0;0
Alex Paulo Menezes Santana;30;800348400;13/05/1995;Serie A;2025;Midfielder;Grêmio;492;154;338;Brazil;11;3;8;0;0;0;0;0;0;0;0;1;1;0;8;1;7;4;0;0;0;0;0;0;0;1.46;62;45;123;0;0.73;482;504;-1;31;0;4.83;0;48;42.62;15.53;65;233;13.93;209;88;38.23;70;0.00;0.00;0.07;1;0.00;0.07;0.73;0.27;4;0.00;0.53;0.00;0.00;0.00;0.33;0.27;0.20;0.00;1.10;0.33;0.33;0.00;0.07;0.03;0.00;0.40;0.00;0.00;0;0;;6;0.40;61;1;0.18;35;5;0.91;73;2;6;5;17;0.00;99;0;5;0.91;63;1;27;0.18;24;0;0.00;99;0;0.00;0;0;0.00;0;0.18;16;5;0.91;42;4;0.73;80.00;0;0.00;0;0;0;0.00;0;3;0.00;19;0.55;34;N/A;N/A;N/A;N/A;0.00;0;0.00;0;0.44;0.00;0;89.70;16.67;17;39;0.27;0.73;4;66;94;0;0;0;0.07;0.18;1;45;72.51;0.60;1.65;9;0;0.00;0.00;99;0.00;0;0;1;0.07;0.18;0;0.00;0.00;0.18;0.07;1;0;0.00;42;7;14;40;20;0.48;26;0.03;0.09;0.44;45;0.03;0.08;81;11;0.73;2.01;2.01;0.73;83;11;0.08;44;18;56;98;0;72;58;0;0.00;99;6;0.00;1.10;9.70;3.53;53;25;47;54;4.57;1.67;47.17;8;1.46;16;0;0.00;0;0.00;99;0;0.00;0.00;27;11;65;39;0;0;0;0;0;27;40;63;53;0;17;3;11;99;4;36;97;80;0;0
Alex Paulo Menezes Santana;30;800348400;13/05/1995;Serie A;2025;Midfielder;Grêmio;492;154;338;Brazil;11;3;8;0;0;0;0;0;0;0;0;1;1;0;8;1;7;4;0;0;0;0;0;0;0;1.46;62;45;123;0;0.73;482;504;-1;31;0;4.83;0;48;42.62;15.53;65;233;13.93;209;88;38.23;70;0.00;0.00;0.07;1;0.00;0.07;0.73;0.27;4;0.00;0.53;0.00;0.00;0.00;0.33;0.27;0.20;0.00;1.10;0.33;0.33;0.00;0.07;0.03;0.00;0.40;0.00;0.00;0;0;;6;0.40;61;1;0.18;35;5;0.91;73;2;6;5;17;0.00;99;0;5;0.91;63;1;27;0.18;24;0;0.00;99;0;0.00;0;0;0.00;0;0.18;16;5;0.91;42;4;0.73;80.00;0;0.00;0;0;0;0.00;0;3;0.00;19;0.55;34;N/A;N/A;N/A;N/A;0.00;0;0.00;0;0.44;0.00;0;89.70;16.67;17;39;0.27;0.73;4;66;94;0;0;0;0.07;0.18;1;45;72.51;0.60;1.65;9;0;0.00;0.00;99;0.00;0;0;1;0.07;0.18;0;0.00;0.00;0.18;0.07;1;0;0.00;42;7;14;40;20;0.48;26;0.03;0.09;0.44;45;0.03;0.08;81;11;0.73;2.01;2.01;0.73;83;11;0.08;44;18;56;98;0;72;58;0;0.00;99;6;0.00;1.10;9.70;3.53;53;25;47;54;4.57;1.67;47.17;8;1.46;16;0;0.00;0;0.00;99;0;0.00;0.00;27;11;65;39;0;0;0;0;0;27;40;63;53;0;17;3;11;99;4;36;97;80;0;0
Alex Paulo Menezes Santana;30;800348400;13/05/1995;Serie A;2025;Midfielder;Grêmio;492;154;338;Brazil;11;3;8;0;0;0;0;0;0;0;0;1;1;0;8;1;7;4;0;0;0;0;0;0;0;1.46;62;45;123;0;0.73;482;504;-1;31;0;4.83;0;48;42.62;15.53;65;233;13.93;209;88;38.23;70;0.00;0.00;0.07;1;0.00;0.07;0.73;0.27;4;0.00;0.53;0.00;0.00;0.00;0.33;0.27;0.20;0.00;1.10;0.33;0.33;0.00;0.07;0.03;0.00;0.40;0.00;0.00;0;0;;6;0.40;61;1;0.18;35;5;0.91;73;2;6;5;17;0.00;99;0;5;0.91;63;1;27;0.18;24;0;0.00;99;0;0.00;0;0;0.00;0;0.18;16;5;0.91;42;4;0.73;80.00;0;0.00;0;0;0;0.00;0;3;0.00;19;0.55;34;N/A;N/A;N/A;N/A;0.00;0;0.00;0;0.44;0.00;0;89.70;16.67;17;39;0.27;0.73;4;66;94;0;0;0;0.07;0.18;1;45;72.51;0.60;1.65;9;0;0.00;0.00;99;0.00;0;0;1;0.07;0.18;0;0.00;0.00;0.18;0.07;1;0;0.00;42;7;14;40;20;0.48;26;0.03;0.09;0.44;45;0.03;0.08;81;11;0.73;2.01;2.01;0.73;83;11;0.08;44;18;56;98;0;72;58;0;0.00;99;6;0.00;1.10;9.70;3.53;53;25;47;54;4.57;1.67;47.17;8;1.46;16;0;0.00;0;0.00;99;0;0.00;0.00;27;11;65;39;0;0;0;0;0;27;40;63;53;0;17;3;11;99;4;36;97;80;0;0
Alex Paulo Menezes Santana;30;800348400;13/05/1995;Serie A;2025;Midfielder;Grêmio;492;154;338;Brazil;11;3;8;0;0;0;0;0;0;0;0;1;1;0;8;1;7;4;0;0;0;0;0;0;0;1.46;62;45;123;0;0.73;482;504;-1;31;0;4.83;0;48;42.62;15.53;65;233;13.93;209;88;38.23;70;0.00;0.00;0.07;1;0.00;0.07;0.73;0.27;4;0.00;0.53;0.00;0.00;0.00;0.33;0.27;0.20;0.00;1.10;0.33;0.33;0.00;0.07;0.03;0.00;0.40;0.00;0.00;0;0;;6;0.40;61;1;0.18;35;5;0.91;73;2;6;5;17;0.00;99;0;5;0.91;63;1;27;0.18;24;0;0.00;99;0;0.00;0;0;0.00;0;0.18;16;5;0.91;42;4;0.73;80.00;0;0.00;0;0;0;0.00;0;3;0.00;19;0.55;34;N/A;N/A;N/A;N/A;0.00;0;0.00;0;0.44;0.00;0;89.70;16.67;17;39;0.27;0.73;4;66;94;0;0;0;0.07;0.18;1;45;72.51;0.60;1.65;9;0;0.00;0.00;99;0.00;0;0;1;0.07;0.18;0;0.00;0.00;0.18;0.07;1;0;0.00;42;7;14;40;20;0.48;26;0.03;0.09;0.44;45;0.03;0.08;81;11;0.73;2.01;2.01;0.73;83;11;0.08;44;18;56;98;0;72;58;0;0.00;99;6;0.00;1.10;9.70;3.53;53;25;47;54;4.57;1.67;47.17;8;1.46;16;0;0.00;0;0.00;99;0;0.00;0.00;27;11;65;39;0;0;0;0;0;27;40;63;53;0;17;3;11;99;4;36;97;80;0;0
Alex Roberto Santana Rafael;36;626688000;10/11/1989;Serie A;2025;Goalkeeper;Mirassol;630;360;270;Brazil;7;4;3;0;0;0;0;0;0;0;0;0;0;0;10;5;5;2;0;0;0;0;0;0;0;1.43;63;90;315;0;0.29;455;458;149;23;225216;1.95;0;48;24.29;6.80;20;170;5.04;126;12;18.00;19;0.00;0.00;0.04;1;0.00;0.00;0.00;0.00;0;0.00;0.00;0.00;0.00;0.72;0.00;0.00;1.16;0.00;0.00;0.00;0.00;0.00;0.00;0.00;0.00;0.08;0.00;0.00;0;0;;0;0.00;8;0;0.00;13;0;0.00;9;0;0;7;4;0.00;99;0;0;0.00;9;0;27;0.00;12;0;0.00;99;0;0.00;0;0;0.00;0;0.14;13;0;0.00;7;0;0.00;0.00;0;0.00;0;18;11;2.57;20;29;0.00;22;4.14;95;N/A;N/A;N/A;N/A;62.07;0;0.00;0;0.00;0.00;0;74.12;0.00;13;99;0.00;0.00;0;10;10;0;0;10;0.00;0.00;0;20;48.85;0.60;2.14;15;0;0.00;0.00;99;0.00;0;0;0;0.00;0.00;5;0.20;0.71;0.00;0.00;0;0;0.00;42;15;5;40;22;0.35;9;0.01;0.05;0.00;8;0.00;0.00;4;1;0.04;0.14;0.00;0.00;5;0;0.00;8;0;66;67;76;40;12;0;0.00;99;2;0.00;0.29;0.43;0.12;3;2;2;3;0.29;0.08;66.67;0;0.00;99;0;0.00;0;0.00;99;0;0.00;0.00;27;20;18;9;0;0;0;0;0;27;40;63;53;0;36;1;45;66;2;29;90;23;N/A;N/A
Alex Roberto Santana Rafael;36;626688000;10/11/1989;Serie A;2025;Goalkeeper;Mirassol;630;360;270;Brazil;7;4;3;0;0;0;0;0;0;0;0;0;0;0;10;5;5;2;0;0;0;0;0;0;0;1.43;63;90;315;0;0.29;455;458;149;23;225216;1.95;0;48;24.29;6.80;20;170;5.04;126;12;18.00;19;0.00;0.00;0.04;1;0.00;0.00;0.00;0.00;0;0.00;0.00;0.00;0.00;0.72;0.00;0.00;1.16;0.00;0.00;0.00;0.00;0.00;0.00;0.00;0.00;0.08;0.00;0.00;0;0;;0;0.00;8;0;0.00;13;0;0.00;9;0;0;7;4;0.00;99;0;0;0.00;9;0;27;0.00;12;0;0.00;99;0;0.00;0;0;0.00;0;0.14;13;0;0.00;7;0;0.00;0.00;0;0.00;0;18;11;2.57;20;29;0.00;22;4.14;95;N/A;N/A;N/A;N/A;62.07;0;0.00;0;0.00;0.00;0;74.12;0.00;13;99;0.00;0.00;0;10;10;0;0;10;0.00;0.00;0;20;48.85;0.60;2.14;15;0;0.00;0.00;99;0.00;0;0;0;0.00;0.00;5;0.20;0.71;0.00;0.00;0;0;0.00;42;15;5;40;22;0.35;9;0.01;0.05;0.00;8;0.00;0.00;4;1;0.04;0.14;0.00;0.00;5;0;0.00;8;0;66;67;76;40;12;0;0.00;99;2;0.00;0.29;0.43;0.12;3;2;2;3;0.29;0.08;66.67;0;0.00;99;0;0.00;0;0.00;99;0;0.00;0.00;27;20;18;9;0;0;0;0;0;27;40;63;53;0;36;1;45;66;2;29;90;23;N/A;N/A
Alex Roberto Santana Rafael;36;626688000;10/11/1989;Serie A;2025;Goalkeeper;Mirassol;630;360;270;Brazil;7;4;3;0;0;0;0;0;0;0;0;0;0;0;10;5;5;2;0;0;0;0;0;0;0;1.43;63;90;315;0;0.29;455;458;149;23;225216;1.95;0;48;24.29;6.80;20;170;5.04;126;12;18.00;19;0.00;0.00;0.04;1;0.00;0.00;0.00;0.00;0;0.00;0.00;0.00;0.00;0.72;0.00;0.00;1.16;0.00;0.00;0.00;0.00;0.00;0.00;0.00;0.00;0.08;0.00;0.00;0;0;;0;0.00;8;0;0.00;13;0;0.00;9;0;0;7;4;0.00;99;0;0;0.00;9;0;27;0.00;12;0;0.00;99;0;0.00;0;0;0.00;0;0.14;13;0;0.00;7;0;0.00;0.00;0;0.00;0;18;11;2.57;20;29;0.00;22;4.14;95;N/A;N/A;N/A;N/A;62.07;0;0.00;0;0.00;0.00;0;74.12;0.00;13;99;0.00;0.00;0;10;10;0;0;10;0.00;0.00;0;20;48.85;0.60;2.14;15;0;0.00;0.00;99;0.00;0;0;0;0.00;0.00;5;0.20;0.71;0.00;0.00;0;0;0.00;42;15;5;40;22;0.35;9;0.01;0.05;0.00;8;0.00;0.00;4;1;0.04;0.14;0.00;0.00;5;0;0.00;8;0;66;67;76;40;12;0;0.00;99;2;0.00;0.29;0.43;0.12;3;2;2;3;0.29;0.08;66.67;0;0.00;99;0;0.00;0;0.00;99;0;0.00;0.00;27;20;18;9;0;0;0;0;0;27;40;63;53;0;36;1;45;66;2;29;90;23;N/A;N/A
Alex Roberto Santana Rafael;36;626688000;10/11/1989;Serie A;2025;Goalkeeper;Mirassol;630;360;270;Brazil;7;4;3;0;0;0;0;0;0;0;0;0;0;0;10;5;5;2;0;0;0;0;0;0;0;1.43;63;90;315;0;0.29;455;458;149;23;225216;1.95;0;48;24.29;6.80;20;170;5.04;126;12;18.00;19;0.00;0.00;0.04;1;0.00;0.00;0.00;0.00;0;0.00;0.00;0.00;0.00;0.72;0.00;0.00;1.16;0.00;0.00;0.00;0.00;0.00;0.00;0.00;0.00;0.08;0.00;0.00;0;0;;0;0.00;8;0;0.00;13;0;0.00;9;0;0;7;4;0.00;99;0;0;0.00;9;0;27;0.00;12;0;0.00;99;0;0.00;0;0;0.00;0;0.14;13;0;0.00;7;0;0.00;0.00;0;0.00;0;18;11;2.57;20;29;0.00;22;4.14;95;N/A;N/A;N/A;N/A;62.07;0;0.00;0;0.00;0.00;0;74.12;0.00;13;99;0.00;0.00;0;10;10;0;0;10;0.00;0.00;0;20;48.85;0.60;2.14;15;0;0.00;0.00;99;0.00;0;0;0;0.00;0.00;5;0.20;0.71;0.00;0.00;0;0;0.00;42;15;5;40;22;0.35;9;0.01;0.05;0.00;8;0.00;0.00;4;1;0.04;0.14;0.00;0.00;5;0;0.00;8;0;66;67;76;40;12;0;0.00;99;2;0.00;0.29;0.43;0.12;3;2;2;3;0.29;0.08;66.67;0;0.00;99;0;0.00;0;0.00;99;0;0.00;0.00;27;20;18;9;0;0;0;0;0;27;40;63;53;0;36;1;45;66;2;29;90;23;N/A;N/A
Alex Roberto Santana Rafael;36;626688000;10/11/1989;Serie A;2025;Goalkeeper;Mirassol;630;360;270;Brazil;7;4;3;0;0;0;0;0;0;0;0;0;0;0;10;5;5;2;0;0;0;0;0;0;0;1.43;63;90;315;0;0.29;455;458;149;23;225216;1.95;0;48;24.29;6.80;20;170;5.04;126;12;18.00;19;0.00;0.00;0.04;1;0.00;0.00;0.00;0.00;0;0.00;0.00;0.00;0.00;0.72;0.00;0.00;1.16;0.00;0.00;0.00;0.00;0.00;0.00;0.00;0.00;0.08;0.00;0.00;0;0;;0;0.00;8;0;0.00;13;0;0.00;9;0;0;7;4;0.00;99;0;0;0.00;9;0;27;0.00;12;0;0.00;99;0;0.00;0;0;0.00;0;0.14;13;0;0.00;7;0;0.00;0.00;0;0.00;0;18;11;2.57;20;29;0.00;22;4.14;95;N/A;N/A;N/A;N/A;62.07;0;0.00;0;0.00;0.00;0;74.12;0.00;13;99;0.00;0.00;0;10;10;0;0;10;0.00;0.00;0;20;48.85;0.60;2.14;15;0;0.00;0.00;99;0.00;0;0;0;0.00;0.00;5;0.20;0.71;0.00;0.00;0;0;0.00;42;15;5;40;22;0.35;9;0.01;0.05;0.00;8;0.00;0.00;4;1;0.04;0.14;0.00;0.00;5;0;0.00;8;0;66;67;76;40;12;0;0.00;99;2;0.00;0.29;0.43;0.12;3;2;2;3;0.29;0.08;66.67;0;0.00;99;0;0.00;0;0.00;99;0;0.00;0.00;27;20;18;9;0;0;0;0;0;27;40;63;53;0;36;1;45;66;2;29;90;23;N/A;N/A
Alex Sandro;34;664876800;26/01/1991;Serie A;2025;Defender;Flamengo;1547;873;674;Brazil;20;12;8;0;0;0;0;0;0;0;0;12;9;3;9;3;6;4;0;0;0;0;0;0;0;0.52;172;77;387;0;0.23;532;529;8;31;2608320;5.85;0;48;58.29;41.75;93;1002;37.12;891;84;51.84;93;0.00;0.00;0.42;10;0.00;1.21;0.93;0.67;16;0.00;0.25;0.00;0.00;0.00;0.79;0.58;0.21;0.00;0.35;0.17;0.79;0.00;0.08;0.02;0.00;0.75;0.00;0.00;0;0;;6;0.25;19;2;0.12;24;4;0.23;21;2;1;19;25;0.00;99;0;19;1.11;75;29;80;1.69;59;0;0.00;99;0;0.00;0;0;0.00;0;0.58;39;19;1.11;51;14;0.81;73.68;0;0.00;0;0;0;0.00;0;5;0.00;97;0.29;10;N/A;N/A;N/A;N/A;0.00;0;0.00;0;0.49;0.00;0;88.92;33.33;48;89;0.12;0.17;3;69;92;0;0;0;0.29;0.41;7;72;140.47;2.00;2.79;48;0;0.00;0.00;99;0.00;0;0;0;0.00;0.00;0;0.00;0.00;0.06;0.04;1;0;0.00;42;65;49;40;96;2.54;61;0.11;0.15;0.49;21;0.02;0.03;42;16;0.67;0.93;2.50;1.79;96;43;0.03;21;38;73;67;0;50;55;0;0.00;99;18;0.00;1.05;7.56;5.42;130;62;24;28;3.61;2.58;47.69;6;0.35;72;0;1003.45;0;0.00;99;291;12.12;16.93;80;67;29;39;0;0;0;0;0;27;40;63;53;0;98;99;58;52;4;20;71;26;N/A;N/A
Alex Sandro;34;664876800;26/01/1991;Serie A;2025;Defender;Flamengo;1547;873;674;Brazil;20;12;8;0;0;0;0;0;0;0;0;12;9;3;9;3;6;4;0;0;0;0;0;0;0;0.52;172;77;387;0;0.23;532;529;8;31;2608320;5.85;0;48;58.29;41.75;93;1002;37.12;891;84;51.84;93;0.00;0.00;0.42;10;0.00;1.21;0.93;0.67;16;0.00;0.25;0.00;0.00;0.00;0.79;0.58;0.21;0.00;0.35;0.17;0.79;0.00;0.08;0.02;0.00;0.75;0.00;0.00;0;0;;6;0.25;19;2;0.12;24;4;0.23;21;2;1;19;25;0.00;99;0;19;1.11;75;29;80;1.69;59;0;0.00;99;0;0.00;0;0;0.00;0;0.58;39;19;1.11;51;14;0.81;73.68;0;0.00;0;0;0;0.00;0;5;0.00;97;0.29;10;N/A;N/A;N/A;N/A;0.00;0;0.00;0;0.49;0.00;0;88.92;33.33;48;89;0.12;0.17;3;69;92;0;0;0;0.29;0.41;7;72;140.47;2.00;2.79;48;0;0.00;0.00;99;0.00;0;0;0;0.00;0.00;0;0.00;0.00;0.06;0.04;1;0;0.00;42;65;49;40;96;2.54;61;0.11;0.15;0.49;21;0.02;0.03;42;16;0.67;0.93;2.50;1.79;96;43;0.03;21;38;73;67;0;50;55;0;0.00;99;18;0.00;1.05;7.56;5.42;130;62;24;28;3.61;2.58;47.69;6;0.35;72;0;1003.45;0;0.00;99;291;12.12;16.93;80;67;29;39;0;0;0;0;0;27;40;63;53;0;98;99;58;52;4;20;71;26;N/A;N/A
Alex Sandro;34;664876800;26/01/1991;Serie A;2025;Defender;Flamengo;1547;873;674;Brazil;20;12;8;0;0;0;0;0;0;0;0;12;9;3;9;3;6;4;0;0;0;0;0;0;0;0.52;172;77;387;0;0.23;532;529;8;31;2608320;5.85;0;48;58.29;41.75;93;1002;37.12;891;84;51.84;93;0.00;0.00;0.42;10;0.00;1.21;0.93;0.67;16;0.00;0.25;0.00;0.00;0.00;0.79;0.58;0.21;0.00;0.35;0.17;0.79;0.00;0.08;0.02;0.00;0.75;0.00;0.00;0;0;;6;0.25;19;2;0.12;24;4;0.23;21;2;1;19;25;0.00;99;0;19;1.11;75;29;80;1.69;59;0;0.00;99;0;0.00;0;0;0.00;0;0.58;39;19;1.11;51;14;0.81;73.68;0;0.00;0;0;0;0.00;0;5;0.00;97;0.29;10;N/A;N/A;N/A;N/A;0.00;0;0.00;0;0.49;0.00;0;88.92;33.33;48;89;0.12;0.17;3;69;92;0;0;0;0.29;0.41;7;72;140.47;2.00;2.79;48;0;0.00;0.00;99;0.00;0;0;0;0.00;0.00;0;0.00;0.00;0.06;0.04;1;0;0.00;42;65;49;40;96;2.54;61;0.11;0.15;0.49;21;0.02;0.03;42;16;0.67;0.93;2.50;1.79;96;43;0.03;21;38;73;67;0;50;55;0;0.00;99;18;0.00;1.05;7.56;5.42;130;62;24;28;3.61;2.58;47.69;6;0.35;72;0;1003.45;0;0.00;99;291;12.12;16.93;80;67;29;39;0;0;0;0;0;27;40;63;53;0;98;99;58;52;4;20;71;26;N/A;N/A
Alex Sandro;34;664876800;26/01/1991;Serie A;2025;Defender;Flamengo;1547;873;674;Brazil;20;12;8;0;0;0;0;0;0;0;0;12;9;3;9;3;6;4;0;0;0;0;0;0;0;0.52;172;77;387;0;0.23;532;529;8;31;2608320;5.85;0;48;58.29;41.75;93;1002;37.12;891;84;51.84;93;0.00;0.00;0.42;10;0.00;1.21;0.93;0.67;16;0.00;0.25;0.00;0.00;0.00;0.79;0.58;0.21;0.00;0.35;0.17;0.79;0.00;0.08;0.02;0.00;0.75;0.00;0.00;0;0;;6;0.25;19;2;0.12;24;4;0.23;21;2;1;19;25;0.00;99;0;19;1.11;75;29;80;1.69;59;0;0.00;99;0;0.00;0;0;0.00;0;0.58;39;19;1.11;51;14;0.81;73.68;0;0.00;0;0;0;0.00;0;5;0.00;97;0.29;10;N/A;N/A;N/A;N/A;0.00;0;0.00;0;0.49;0.00;0;88.92;33.33;48;89;0.12;0.17;3;69;92;0;0;0;0.29;0.41;7;72;140.47;2.00;2.79;48;0;0.00;0.00;99;0.00;0;0;0;0.00;0.00;0;0.00;0.00;0.06;0.04;1;0;0.00;42;65;49;40;96;2.54;61;0.11;0.15;0.49;21;0.02;0.03;42;16;0.67;0.93;2.50;1.79;96;43;0.03;21;38;73;67;0;50;55;0;0.00;99;18;0.00;1.05;7.56;5.42;130;62;24;28;3.61;2.58;47.69;6;0.35;72;0;1003.45;0;0.00;99;291;12.12;16.93;80;67;29;39;0;0;0;0;0;27;40;63;53;0;98;99;58;52;4;20;71;26;N/A;N/A
Alex Sandro;34;664876800;26/01/1991;Serie A;2025;Defender;Flamengo;1547;873;674;Brazil;20;12;8;0;0;0;0;0;0;0;0;12;9;3;9;3;6;4;0;0;0;0;0;0;0;0.52;172;77;387;0;0.23;532;529;8;31;2608320;5.85;0;48;58.29;41.75;93;1002;37.12;891;84;51.84;93;0.00;0.00;0.42;10;0.00;1.21;0.93;0.67;16;0.00;0.25;0.00;0.00;0.00;0.79;0.58;0.21;0.00;0.35;0.17;0.79;0.00;0.08;0.02;0.00;0.75;0.00;0.00;0;0;;6;0.25;19;2;0.12;24;4;0.23;21;2;1;19;25;0.00;99;0;19;1.11;75;29;80;1.69;59;0;0.00;99;0;0.00;0;0;0.00;0;0.58;39;19;1.11;51;14;0.81;73.68;0;0.00;0;0;0;0.00;0;5;0.00;97;0.29;10;N/A;N/A;N/A;N/A;0.00;0;0.00;0;0.49;0.00;0;88.92;33.33;48;89;0.12;0.17;3;69;92;0;0;0;0.29;0.41;7;72;140.47;2.00;2.79;48;0;0.00;0.00;99;0.00;0;0;0;0.00;0.00;0;0.00;0.00;0.06;0.04;1;0;0.00;42;65;49;40;96;2.54;61;0.11;0.15;0.49;21;0.02;0.03;42;16;0.67;0.93;2.50;1.79;96;43;0.03;21;38;73;67;0;50;55;0;0.00;99;18;0.00;1.05;7.56;5.42;130;62;24;28;3.61;2.58;47.69;6;0.35;72;0;1003.45;0;0.00;99;291;12.12;16.93;80;67;29;39;0;0;0;0;0;27;40;63;53;0;98;99;58;52;4;20;71;26;N/A;N/A
Alex Teixeira Santos;35;631612800;06/01/1990;Serie A;2025;Forward;Vasco da Gama;109;72;37;Brazil;9;5;4;0;0;0;0;0;0;0;0;1;1;0;2;1;1;1;0;0;0;0;0;0;0;1.65;55;12;109;0;0.83;-1;-1;-1;33;0;4.69;0;48;42.94;4.73;66;52;4.36;48;98;39.63;72;0.00;0.00;0.00;0;0.00;0.00;1.65;0.18;2;0.00;0.09;0.00;0.00;0.00;0.00;0.09;0.00;0.00;1.65;0.00;0.09;0.00;0.18;0.03;0.00;0.00;0.00;0.00;0;0;;2;0.18;76;2;1.65;99;0;0.00;9;0;9;0;57;0.00;99;0;0;0.00;9;0;27;0.00;12;0;0.00;99;0;0.00;0;0;0.00;0;0.00;6;1;0.83;40;1;0.83;100.00;0;0.00;0;0;0;0.00;0;0;0.00;12;0.00;0;N/A;N/A;N/A;N/A;0.00;0;0.00;0;0.31;0.00;0;92.31;100.00;99;99;0.00;0.00;0;69;99;0;0;0;0.09;0.83;1;92;51.64;0.27;2.48;3;0;0.00;0.00;99;0.00;0;0;0;0.00;0.00;0;0.00;0.00;0.00;0.00;0;0;0.00;42;0;7;40;12;0.10;19;0.01;0.08;0.31;82;0.03;0.26;37;1;0.09;0.83;2.48;0.27;95;3;0.26;80;16;70;67;0;40;2;0;0.00;99;0;0.00;0.00;11.56;1.27;14;4;16;73;3.30;0.36;28.57;1;0.83;42;0;0.00;0;0.00;99;0;0.00;0.00;27;0;78;9;0;0;0;0;0;27;40;63;53;0;17;5;10;99;1;11;40;90;0;0
Alex Teixeira Santos;35;631612800;06/01/1990;Serie A;2025;Forward;Vasco da Gama;109;72;37;Brazil;9;5;4;0;0;0;0;0;0;0;0;1;1;0;2;1;1;1;0;0;0;0;0;0;0;1.65;55;12;109;0;0.83;-1;-1;-1;33;0;4.69;0;48;42.94;4.73;66;52;4.36;48;98;39.63;72;0.00;0.00;0.00;0;0.00;0.00;1.65;0.18;2;0.00;0.09;0.00;0.00;0.00;0.00;0.09;0.00;0.00;1.65;0.00;0.09;0.00;0.18;0.03;0.00;0.00;0.00;0.00;0;0;;2;0.18;76;2;1.65;99;0;0.00;9;0;9;0;57;0.00;99;0;0;0.00;9;0;27;0.00;12;0;0.00;99;0;0.00;0;0;0.00;0;0.00;6;1;0.83;40;1;0.83;100.00;0;0.00;0;0;0;0.00;0;0;0.00;12;0.00;0;N/A;N/A;N/A;N/A;0.00;0;0.00;0;0.31;0.00;0;92.31;100.00;99;99;0.00;0.00;0;69;99;0;0;0;0.09;0.83;1;92;51.64;0.27;2.48;3;0;0.00;0.00;99;0.00;0;0;0;0.00;0.00;0;0.00;0.00;0.00;0.00;0;0;0.00;42;0;7;40;12;0.10;19;0.01;0.08;0.31;82;0.03;0.26;37;1;0.09;0.83;2.48;0.27;95;3;0.26;80;16;70;67;0;40;2;0;0.00;99;0;0.00;0.00;11.56;1.27;14;4;16;73;3.30;0.36;28.57;1;0.83;42;0;0.00;0;0.00;99;0;0.00;0.00;27;0;78;9;0;0;0;0;0;27;40;63;53;0;17;5;10;99;1;11;40;90;0;0
Alex Teixeira Santos;35;631612800;06/01/1990;Serie A;2025;Forward;Vasco da Gama;109;72;37;Brazil;9;5;4;0;0;0;0;0;0;0;0;1;1;0;2;1;1;1;0;0;0;0;0;0;0;1.65;55;12;109;0;0.83;-1;-1;-1;33;0;4.69;0;48;42.94;4.73;66;52;4.36;48;98;39.63;72;0.00;0.00;0.00;0;0.00;0.00;1.65;0.18;2;0.00;0.09;0.00;0.00;0.00;0.00;0.09;0.00;0.00;1.65;0.00;0.09;0.00;0.18;0.03;0.00;0.00;0.00;0.00;0;0;;2;0.18;76;2;1.65;99;0;0.00;9;0;9;0;57;0.00;99;0;0;0.00;9;0;27;0.00;12;0;0.00;99;0;0.00;0;0;0.00;0;0.00;6;1;0.83;40;1;0.83;100.00;0;0.00;0;0;0;0.00;0;0;0.00;12;0.00;0;N/A;N/A;N/A;N/A;0.00;0;0.00;0;0.31;0.00;0;92.31;100.00;99;99;0.00;0.00;0;69;99;0;0;0;0.09;0.83;1;92;51.64;0.27;2.48;3;0;0.00;0.00;99;0.00;0;0;0;0.00;0.00;0;0.00;0.00;0.00;0.00;0;0;0.00;42;0;7;40;12;0.10;19;0.01;0.08;0.31;82;0.03;0.26;37;1;0.09;0.83;2.48;0.27;95;3;0.26;80;16;70;67;0;40;2;0;0.00;99;0;0.00;0.00;11.56;1.27;14;4;16;73;3.30;0.36;28.57;1;0.83;42;0;0.00;0;0.00;99;0;0.00;0.00;27;0;78;9;0;0;0;0;0;27;40;63;53;0;17;5;10;99;1;11;40;90;0;0
Alex Telles;33;724406400;15/12/1992;Serie A;2025;Defender;Botafogo;1687;773;914;Brazil;26;12;14;5;3;2;4;2;2;4;0;13;5;8;15;11;4;3;0;0.48;0.21;0.27;0.35;0.2;337;0.8;112;65;562;422;0.16;79;79;36;3;948479;6.36;0.15;87;39.26;24.73;55;742;22.13;664;87;35.13;62;0.00;0.00;1.20;36;0.00;4.27;0.95;0.60;18;0.00;0.30;0.00;0.00;0.00;0.63;0.17;0.33;4.00;1.06;0.43;0.30;0.00;0.23;0.15;0.00;0.43;0.00;0.00;0;0;;20;0.67;60;7;0.37;57;13;0.69;63;5;4;22;26;0.00;99;0;19;1.01;69;128;50;6.77;98;0;0.00;99;0;0.00;0;0;0.00;0;1.90;91;9;0.48;28;5;0.26;55.56;0;0.00;0;0;0;0.00;0;10;0.00;84;0.53;32;N/A;N/A;N/A;N/A;0.00;0;0.00;0;4.43;0.00;0;89.49;35.00;50;73;0.23;0.37;7;30;72;4;0;0;0.17;0.26;5;56;190.72;1.23;1.96;37;0;0.00;0.00;99;0.00;0;4;1;0.03;0.05;0;0.00;0.00;0.05;0.03;1;0;25.00;95;67;68;54;84;4.91;90;0.16;0.26;1.63;49;0.05;0.09;23;10;0.33;0.53;1.11;0.70;38;21;0.23;75;47;62;77;0;48;37;0;0.00;99;13;0.00;0.69;4.97;3.13;94;46;8;8;2.43;1.53;48.94;9;0.48;63;0;259.38;0;0.00;99;332;11.07;17.57;82;75;52;76;0;0;0;0;0;90;87;82;87;0;90;96;77;34;3;12;45;13;N/A;N/A
Alex Telles;33;724406400;15/12/1992;Serie A;2025;Defender;Botafogo;1687;773;914;Brazil;26;12;14;5;3;2;4;2;2;4;0;13;5;8;15;11;4;3;0;0.48;0.21;0.27;0.35;0.2;337;0.8;112;65;562;422;0.16;79;79;36;3;948479;6.36;0.15;87;39.26;24.73;55;742;22.13;664;87;35.13;62;0.00;0.00;1.20;36;0.00;4.27;0.95;0.60;18;0.00;0.30;0.00;0.00;0.00;0.63;0.17;0.33;4.00;1.06;0.43;0.30;0.00;0.23;0.15;0.00;0.43;0.00;0.00;0;0;;20;0.67;60;7;0.37;57;13;0.69;63;5;4;22;26;0.00;99;0;19;1.01;69;128;50;6.77;98;0;0.00;99;0;0.00;0;0;0.00;0;1.90;91;9;0.48;28;5;0.26;55.56;0;0.00;0;0;0;0.00;0;10;0.00;84;0.53;32;N/A;N/A;N/A;N/A;0.00;0;0.00;0;4.43;0.00;0;89.49;35.00;50;73;0.23;0.37;7;30;72;4;0;0;0.17;0.26;5;56;190.72;1.23;1.96;37;0;0.00;0.00;99;0.00;0;4;1;0.03;0.05;0;0.00;0.00;0.05;0.03;1;0;25.00;95;67;68;54;84;4.91;90;0.16;0.26;1.63;49;0.05;0.09;23;10;0.33;0.53;1.11;0.70;38;21;0.23;75;47;62;77;0;48;37;0;0.00;99;13;0.00;0.69;4.97;3.13;94;46;8;8;2.43;1.53;48.94;9;0.48;63;0;259.38;0;0.00;99;332;11.07;17.57;82;75;52;76;0;0;0;0;0;90;87;82;87;0;90;96;77;34;3;12;45;13;N/A;N/A
Alex Telles;33;724406400;15/12/1992;Serie A;2025;Defender;Botafogo;1687;773;914;Brazil;26;12;14;5;3;2;4;2;2;4;0;13;5;8;15;11;4;3;0;0.48;0.21;0.27;0.35;0.2;337;0.8;112;65;562;422;0.16;79;79;36;3;948479;6.36;0.15;87;39.26;24.73;55;742;22.13;664;87;35.13;62;0.00;0.00;1.20;36;0.00;4.27;0.95;0.60;18;0.00;0.30;0.00;0.00;0.00;0.63;0.17;0.33;4.00;1.06;0.43;0.30;0.00;0.23;0.15;0.00;0.43;0.00;0.00;0;0;;20;0.67;60;7;0.37;57;13;0.69;63;5;4;22;26;0.00;99;0;19;1.01;69;128;50;6.77;98;0;0.00;99;0;0.00;0;0;0.00;0;1.90;91;9;0.48;28;5;0.26;55.56;0;0.00;0;0;0;0.00;0;10;0.00;84;0.53;32;N/A;N/A;N/A;N/A;0.00;0;0.00;0;4.43;0.00;0;89.49;35.00;50;73;0.23;0.37;7;30;72;4;0;0;0.17;0.26;5;56;190.72;1.23;1.96;37;0;0.00;0.00;99;0.00;0;4;1;0.03;0.05;0;0.00;0.00;0.05;0.03;1;0;25.00;95;67;68;54;84;4.91;90;0.16;0.26;1.63;49;0.05;0.09;23;10;0.33;0.53;1.11;0.70;38;21;0.23;75;47;62;77;0;48;37;0;0.00;99;13;0.00;0.69;4.97;3.13;94;46;8;8;2.43;1.53;48.94;9;0.48;63;0;259.38;0;0.00;99;332;11.07;17.57;82;75;52;76;0;0;0;0;0;90;87;82;87;0;90;96;77;34;3;12;45;13;N/A;N/A
Alex Telles;33;724406400;15/12/1992;Serie A;2025;Defender;Botafogo;1687;773;914;Brazil;26;12;14;5;3;2;4;2;2;4;0;13;5;8;15;11;4;3;0;0.48;0.21;0.27;0.35;0.2;337;0.8;112;65;562;422;0.16;79;79;36;3;948479;6.36;0.15;87;39.26;24.73;55;742;22.13;664;87;35.13;62;0.00;0.00;1.20;36;0.00;4.27;0.95;0.60;18;0.00;0.30;0.00;0.00;0.00;0.63;0.17;0.33;4.00;1.06;0.43;0.30;0.00;0.23;0.15;0.00;0.43;0.00;0.00;0;0;;20;0.67;60;7;0.37;57;13;0.69;63;5;4;22;26;0.00;99;0;19;1.01;69;128;50;6.77;98;0;0.00;99;0;0.00;0;0;0.00;0;1.90;91;9;0.48;28;5;0.26;55.56;0;0.00;0;0;0;0.00;0;10;0.00;84;0.53;32;N/A;N/A;N/A;N/A;0.00;0;0.00;0;4.43;0.00;0;89.49;35.00;50;73;0.23;0.37;7;30;72;4;0;0;0.17;0.26;5;56;190.72;1.23;1.96;37;0;0.00;0.00;99;0.00;0;4;1;0.03;0.05;0;0.00;0.00;0.05;0.03;1;0;25.00;95;67;68;54;84;4.91;90;0.16;0.26;1.63;49;0.05;0.09;23;10;0.33;0.53;1.11;0.70;38;21;0.23;75;47;62;77;0;48;37;0;0.00;99;13;0.00;0.69;4.97;3.13;94;46;8;8;2.43;1.53;48.94;9;0.48;63;0;259.38;0;0.00;99;332;11.07;17.57;82;75;52;76;0;0;0;0;0;90;87;82;87;0;90;96;77;34;3;12;45;13;N/A;N/A
Alex Telles;33;724406400;15/12/1992;Serie A;2025;Defender;Botafogo;1687;773;914;Brazil;26;12;14;5;3;2;4;2;2;4;0;13;5;8;15;11;4;3;0;0.48;0.21;0.27;0.35;0.2;337;0.8;112;65;562;422;0.16;79;79;36;3;948479;6.36;0.15;87;39.26;24.73;55;742;22.13;664;87;35.13;62;0.00;0.00;1.20;36;0.00;4.27;0.95;0.60;18;0.00;0.30;0.00;0.00;0.00;0.63;0.17;0.33;4.00;1.06;0.43;0.30;0.00;0.23;0.15;0.00;0.43;0.00;0.00;0;0;;20;0.67;60;7;0.37;57;13;0.69;63;5;4;22;26;0.00;99;0;19;1.01;69;128;50;6.77;98;0;0.00;99;0;0.00;0;0;0.00;0;1.90;91;9;0.48;28;5;0.26;55.56;0;0.00;0;0;0;0.00;0;10;0.00;84;0.53;32;N/A;N/A;N/A;N/A;0.00;0;0.00;0;4.43;0.00;0;89.49;35.00;50;73;0.23;0.37;7;30;72;4;0;0;0.17;0.26;5;56;190.72;1.23;1.96;37;0;0.00;0.00;99;0.00;0;4;1;0.03;0.05;0;0.00;0.00;0.05;0.03;1;0;25.00;95;67;68;54;84;4.91;90;0.16;0.26;1.63;49;0.05;0.09;23;10;0.33;0.53;1.11;0.70;38;21;0.23;75;47;62;77;0;48;37;0;0.00;99;13;0.00;0.69;4.97;3.13;94;46;8;8;2.43;1.53;48.94;9;0.48;63;0;259.38;0;0.00;99;332;11.07;17.57;82;75;52;76;0;0;0;0;0;90;87;82;87;0;90;96;77;34;3;12;45;13;N/A;N/A
Alexander Barboza;30;795340800;16/03/1995;Serie A;2025;Defender;Botafogo;2148;1338;810;Argentina;24;15;9;0;0;0;0;0;0;0;0;10;5;5;22;18;4;14;0;0;0;0;0;0;0;0.92;98;90;153;0;0.59;552;549;54;40;948479;6.46;0;48;59.33;54.46;94;1416;45.65;1187;52;49.73;91;0.00;0.00;0.12;3;0.00;0.12;2.09;1.92;50;0.00;0.31;0.00;0.00;0.00;0.85;0.27;0.65;0.00;0.80;0.54;0.38;0.00;0.19;0.06;0.00;2.73;0.00;0.00;0;0;;19;0.73;49;5;0.21;39;14;0.59;57;4;0;24;77;0.00;99;0;22;0.92;64;3;27;0.13;20;0;0.00;99;0;0.00;0;0;0.00;0;0.13;13;10;0.42;25;7;0.29;70.00;0;0.00;0;0;0;0.00;0;17;0.00;74;0.71;51;N/A;N/A;N/A;N/A;0.00;0;0.00;0;1.48;0.00;0;83.83;26.32;33;62;0.46;0.50;12;33;90;0;0;0;0.50;0.54;13;81;167.83;5.92;6.45;154;0;0.00;0.00;99;0.00;0;0;1;0.04;0.04;0;0.00;0.00;0.08;0.08;2;0;0.00;42;80;62;40;74;2.46;34;0.09;0.10;1.48;35;0.06;0.06;3;3;0.12;0.13;2.09;1.92;86;50;0.06;35;49;98;73;0;56;96;0;0.00;99;71;0.00;2.97;9.80;9.00;234;131;71;57;5.49;5.04;55.98;8;0.34;73;0;0.00;0;0.00;99;0;0.00;0.00;27;79;18;66;0;0;0;0;0;27;40;63;53;0;90;85;13;96;14;58;99;20;N/A;N/A
Alexander Barboza;30;795340800;16/03/1995;Serie A;2025;Defender;Botafogo;2148;1338;810;Argentina;24;15;9;0;0;0;0;0;0;0;0;10;5;5;22;18;4;14;0;0;0;0;0;0;0;0.92;98;90;153;0;0.59;552;549;54;40;948479;6.46;0;48;59.33;54.46;94;1416;45.65;1187;52;49.73;91;0.00;0.00;0.12;3;0.00;0.12;2.09;1.92;50;0.00;0.31;0.00;0.00;0.00;0.85;0.27;0.65;0.00;0.80;0.54;0.38;0.00;0.19;0.06;0.00;2.73;0.00;0.00;0;0;;19;0.73;49;5;0.21;39;14;0.59;57;4;0;24;77;0.00;99;0;22;0.92;64;3;27;0.13;20;0;0.00;99;0;0.00;0;0;0.00;0;0.13;13;10;0.42;25;7;0.29;70.00;0;0.00;0;0;0;0.00;0;17;0.00;74;0.71;51;N/A;N/A;N/A;N/A;0.00;0;0.00;0;1.48;0.00;0;83.83;26.32;33;62;0.46;0.50;12;33;90;0;0;0;0.50;0.54;13;81;167.83;5.92;6.45;154;0;0.00;0.00;99;0.00;0;0;1;0.04;0.04;0;0.00;0.00;0.08;0.08;2;0;0.00;42;80;62;40;74;2.46;34;0.09;0.10;1.48;35;0.06;0.06;3;3;0.12;0.13;2.09;1.92;86;50;0.06;35;49;98;73;0;56;96;0;0.00;99;71;0.00;2.97;9.80;9.00;234;131;71;57;5.49;5.04;55.98;8;0.34;73;0;0.00;0;0.00;99;0;0.00;0.00;27;79;18;66;0;0;0;0;0;27;40;63;53;0;90;85;13;96;14;58;99;20;N/A;N/A
Alexander Barboza;30;795340800;16/03/1995;Serie A;2025;Defender;Botafogo;2148;1338;810;Argentina;24;15;9;0;0;0;0;0;0;0;0;10;5;5;22;18;4;14;0;0;0;0;0;0;0;0.92;98;90;153;0;0.59;552;549;54;40;948479;6.46;0;48;59.33;54.46;94;1416;45.65;1187;52;49.73;91;0.00;0.00;0.12;3;0.00;0.12;2.09;1.92;50;0.00;0.31;0.00;0.00;0.00;0.85;0.27;0.65;0.00;0.80;0.54;0.38;0.00;0.19;0.06;0.00;2.73;0.00;0.00;0;0;;19;0.73;49;5;0.21;39;14;0.59;57;4;0;24;77;0.00;99;0;22;0.92;64;3;27;0.13;20;0;0.00;99;0;0.00;0;0;0.00;0;0.13;13;10;0.42;25;7;0.29;70.00;0;0.00;0;0;0;0.00;0;17;0.00;74;0.71;51;N/A;N/A;N/A;N/A;0.00;0;0.00;0;1.48;0.00;0;83.83;26.32;33;62;0.46;0.50;12;33;90;0;0;0;0.50;0.54;13;81;167.83;5.92;6.45;154;0;0.00;0.00;99;0.00;0;0;1;0.04;0.04;0;0.00;0.00;0.08;0.08;2;0;0.00;42;80;62;40;74;2.46;34;0.09;0.10;1.48;35;0.06;0.06;3;3;0.12;0.13;2.09;1.92;86;50;0.06;35;49;98;73;0;56;96;0;0.00;99;71;0.00;2.97;9.80;9.00;234;131;71;57;5.49;5.04;55.98;8;0.34;73;0;0.00;0;0.00;99;0;0.00;0.00;27;79;18;66;0;0;0;0;0;27;40;63;53;0;90;85;13;96;14;58;99;20;N/A;N/A
Alexander Barboza;30;795340800;16/03/1995;Serie A;2025;Defender;Botafogo;2148;1338;810;Argentina;24;15;9;0;0;0;0;0;0;0;0;10;5;5;22;18;4;14;0;0;0;0;0;0;0;0.92;98;90;153;0;0.59;552;549;54;40;948479;6.46;0;48;59.33;54.46;94;1416;45.65;1187;52;49.73;91;0.00;0.00;0.12;3;0.00;0.12;2.09;1.92;50;0.00;0.31;0.00;0.00;0.00;0.85;0.27;0.65;0.00;0.80;0.54;0.38;0.00;0.19;0.06;0.00;2.73;0.00;0.00;0;0;;19;0.73;49;5;0.21;39;14;0.59;57;4;0;24;77;0.00;99;0;22;0.92;64;3;27;0.13;20;0;0.00;99;0;0.00;0;0;0.00;0;0.13;13;10;0.42;25;7;0.29;70.00;0;0.00;0;0;0;0.00;0;17;0.00;74;0.71;51;N/A;N/A;N/A;N/A;0.00;0;0.00;0;1.48;0.00;0;83.83;26.32;33;62;0.46;0.50;12;33;90;0;0;0;0.50;0.54;13;81;167.83;5.92;6.45;154;0;0.00;0.00;99;0.00;0;0;1;0.04;0.04;0;0.00;0.00;0.08;0.08;2;0;0.00;42;80;62;40;74;2.46;34;0.09;0.10;1.48;35;0.06;0.06;3;3;0.12;0.13;2.09;1.92;86;50;0.06;35;49;98;73;0;56;96;0;0.00;99;71;0.00;2.97;9.80;9.00;234;131;71;57;5.49;5.04;55.98;8;0.34;73;0;0.00;0;0.00;99;0;0.00;0.00;27;79;18;66;0;0;0;0;0;27;40;63;53;0;90;85;13;96;14;58;99;20;N/A;N/A
Alexander Ernesto Aravena Guzmán;23;1031295600;06/09/2002;Serie A;2025;Forward;Grêmio;565;147;418;Chile;22;8;14;3;1;2;0;0;0;0;0;3;2;1;7;0;7;1;0;0.48;0;0.48;0.61;0.43;188;1.12;81;26;565;0;0.16;21;444;-1;6;446290;5.22;0;48;27.88;6.25;28;175;5.04;141;33;22.46;29;0.00;0.00;0.25;7;0.00;0.36;1.27;0.29;8;0.00;0.43;0.00;0.00;0.00;0.00;0.11;0.14;5.67;2.71;0.39;0.50;0.00;0.21;0.11;0.00;0.21;0.00;0.00;0;0;;17;0.61;94;6;0.96;91;11;1.75;96;5;19;3;39;0.00;99;0;0;0.00;9;10;91;1.59;58;0;0.00;99;0;0.00;0;0;0.00;0;1.12;66;14;2.23;76;3;0.48;21.43;0;0.00;0;0;0;0.00;0;4;0.00;54;0.64;43;N/A;N/A;N/A;N/A;0.00;0;0.00;0;3.07;0.00;0;80.57;35.29;51;76;0.07;0.32;2;49;13;0;0;0;0.07;0.32;2;63;146.17;0.14;0.64;4;0;0.00;0.00;99;0.00;0;0;1;0.04;0.16;0;0.00;0.00;0.16;0.04;1;0;17.65;84;12;55;43;54;0.59;26;0.02;0.09;3.07;98;0.11;0.49;74;11;0.39;1.75;0.96;0.21;30;6;0.49;97;24;20;97;0;71;52;0;0.00;99;6;0.00;0.96;11.47;2.57;72;28;45;73;4.46;1.00;38.89;12;1.91;6;0;2020.00;0;0.00;99;202;7.21;32.18;94;2;99;76;0;0;0;0;0;90;97;96;97;0;62;10;77;34;1;5;17;16;N/A;N/A
Alexander Ernesto Aravena Guzmán;23;1031295600;06/09/2002;Serie A;2025;Forward;Grêmio;565;147;418;Chile;22;8;14;3;1;2;0;0;0;0;0;3;2;1;7;0;7;1;0;0.48;0;0.48;0.61;0.43;188;1.12;81;26;565;0;0.16;21;444;-1;6;446290;5.22;0;48;27.88;6.25;28;175;5.04;141;33;22.46;29;0.00;0.00;0.25;7;0.00;0.36;1.27;0.29;8;0.00;0.43;0.00;0.00;0.00;0.00;0.11;0.14;5.67;2.71;0.39;0.50;0.00;0.21;0.11;0.00;0.21;0.00;0.00;0;0;;17;0.61;94;6;0.96;91;11;1.75;96;5;19;3;39;0.00;99;0;0;0.00;9;10;91;1.59;58;0;0.00;99;0;0.00;0;0;0.00;0;1.12;66;14;2.23;76;3;0.48;21.43;0;0.00;0;0;0;0.00;0;4;0.00;54;0.64;43;N/A;N/A;N/A;N/A;0.00;0;0.00;0;3.07;0.00;0;80.57;35.29;51;76;0.07;0.32;2;49;13;0;0;0;0.07;0.32;2;63;146.17;0.14;0.64;4;0;0.00;0.00;99;0.00;0;0;1;0.04;0.16;0;0.00;0.00;0.16;0.04;1;0;17.65;84;12;55;43;54;0.59;26;0.02;0.09;3.07;98;0.11;0.49;74;11;0.39;1.75;0.96;0.21;30;6;0.49;97;24;20;97;0;71;52;0;0.00;99;6;0.00;0.96;11.47;2.57;72;28;45;73;4.46;1.00;38.89;12;1.91;6;0;2020.00;0;0.00;99;202;7.21;32.18;94;2;99;76;0;0;0;0;0;90;97;96;97;0;62;10;77;34;1;5;17;16;N/A;N/A
Alexander Ernesto Aravena Guzmán;23;1031295600;06/09/2002;Serie A;2025;Forward;Grêmio;565;147;418;Chile;22;8;14;3;1;2;0;0;0;0;0;3;2;1;7;0;7;1;0;0.48;0;0.48;0.61;0.43;188;1.12;81;26;565;0;0.16;21;444;-1;6;446290;5.22;0;48;27.88;6.25;28;175;5.04;141;33;22.46;29;0.00;0.00;0.25;7;0.00;0.36;1.27;0.29;8;0.00;0.43;0.00;0.00;0.00;0.00;0.11;0.14;5.67;2.71;0.39;0.50;0.00;0.21;0.11;0.00;0.21;0.00;0.00;0;0;;17;0.61;94;6;0.96;91;11;1.75;96;5;19;3;39;0.00;99;0;0;0.00;9;10;91;1.59;58;0;0.00;99;0;0.00;0;0;0.00;0;1.12;66;14;2.23;76;3;0.48;21.43;0;0.00;0;0;0;0.00;0;4;0.00;54;0.64;43;N/A;N/A;N/A;N/A;0.00;0;0.00;0;3.07;0.00;0;80.57;35.29;51;76;0.07;0.32;2;49;13;0;0;0;0.07;0.32;2;63;146.17;0.14;0.64;4;0;0.00;0.00;99;0.00;0;0;1;0.04;0.16;0;0.00;0.00;0.16;0.04;1;0;17.65;84;12;55;43;54;0.59;26;0.02;0.09;3.07;98;0.11;0.49;74;11;0.39;1.75;0.96;0.21;30;6;0.49;97;24;20;97;0;71;52;0;0.00;99;6;0.00;0.96;11.47;2.57;72;28;45;73;4.46;1.00;38.89;12;1.91;6;0;2020.00;0;0.00;99;202;7.21;32.18;94;2;99;76;0;0;0;0;0;90;97;96;97;0;62;10;77;34;1;5;17;16;N/A;N/A
Alexander Ernesto Aravena Guzmán;23;1031295600;06/09/2002;Serie A;2025;Forward;Grêmio;565;147;418;Chile;22;8;14;3;1;2;0;0;0;0;0;3;2;1;7;0;7;1;0;0.48;0;0.48;0.61;0.43;188;1.12;81;26;565;0;0.16;21;444;-1;6;446290;5.22;0;48;27.88;6.25;28;175;5.04;141;33;22.46;29;0.00;0.00;0.25;7;0.00;0.36;1.27;0.29;8;0.00;0.43;0.00;0.00;0.00;0.00;0.11;0.14;5.67;2.71;0.39;0.50;0.00;0.21;0.11;0.00;0.21;0.00;0.00;0;0;;17;0.61;94;6;0.96;91;11;1.75;96;5;19;3;39;0.00;99;0;0;0.00;9;10;91;1.59;58;0;0.00;99;0;0.00;0;0;0.00;0;1.12;66;14;2.23;76;3;0.48;21.43;0;0.00;0;0;0;0.00;0;4;0.00;54;0.64;43;N/A;N/A;N/A;N/A;0.00;0;0.00;0;3.07;0.00;0;80.57;35.29;51;76;0.07;0.32;2;49;13;0;0;0;0.07;0.32;2;63;146.17;0.14;0.64;4;0;0.00;0.00;99;0.00;0;0;1;0.04;0.16;0;0.00;0.00;0.16;0.04;1;0;17.65;84;12;55;43;54;0.59;26;0.02;0.09;3.07;98;0.11;0.49;74;11;0.39;1.75;0.96;0.21;30;6;0.49;97;24;20;97;0;71;52;0;0.00;99;6;0.00;0.96;11.47;2.57;72;28;45;73;4.46;1.00;38.89;12;1.91;6;0;2020.00;0;0.00;99;202;7.21;32.18;94;2;99;76;0;0;0;0;0;90;97;96;97;0;62;10;77;34;1;5;17;16;N/A;N/A
Alexander Ernesto Aravena Guzmán;23;1031295600;06/09/2002;Serie A;2025;Forward;Grêmio;565;147;418;Chile;22;8;14;3;1;2;0;0;0;0;0;3;2;1;7;0;7;1;0;0.48;0;0.48;0.61;0.43;188;1.12;81;26;565;0;0.16;21;444;-1;6;446290;5.22;0;48;27.88;6.25;28;175;5.04;141;33;22.46;29;0.00;0.00;0.25;7;0.00;0.36;1.27;0.29;8;0.00;0.43;0.00;0.00;0.00;0.00;0.11;0.14;5.67;2.71;0.39;0.50;0.00;0.21;0.11;0.00;0.21;0.00;0.00;0;0;;17;0.61;94;6;0.96;91;11;1.75;96;5;19;3;39;0.00;99;0;0;0.00;9;10;91;1.59;58;0;0.00;99;0;0.00;0;0;0.00;0;1.12;66;14;2.23;76;3;0.48;21.43;0;0.00;0;0;0;0.00;0;4;0.00;54;0.64;43;N/A;N/A;N/A;N/A;0.00;0;0.00;0;3.07;0.00;0;80.57;35.29;51;76;0.07;0.32;2;49;13;0;0;0;0.07;0.32;2;63;146.17;0.14;0.64;4;0;0.00;0.00;99;0.00;0;0;1;0.04;0.16;0;0.00;0.00;0.16;0.04;1;0;17.65;84;12;55;43;54;0.59;26;0.02;0.09;3.07;98;0.11;0.49;74;11;0.39;1.75;0.96;0.21;30;6;0.49;97;24;20;97;0;71;52;0;0.00;99;6;0.00;0.96;11.47;2.57;72;28;45;73;4.46;1.00;38.89;12;1.91;6;0;2020.00;0;0.00;99;202;7.21;32.18;94;2;99;76;0;0;0;0;0;90;97;96;97;0;62;10;77;34;1;5;17;16;N/A;N/A
Alexandre Fintelman de Mello Ribeiro da Silva;24;995612400;20/07/2001;Serie A;2025;Goalkeeper;Vitória;0;0;0;Brazil;0;0;0;0;0;0;0;0;0;0;0;0;0;0;0;0;0;0;0;0;0;0;0;0;0;0;0;0;0;0;0;-1;-1;-1;-1;N/A;N/A;N/A;N/A;N/A;N/A;N/A;N/A;N/A;N/A;N/A;N/A;N/A;N/A;N/A;N/A;N/A;N/A;N/A;N/A;N/A;N/A;N/A;N/A;N/A;N/A;N/A;N/A;N/A;N/A;N/A;N/A;N/A;N/A;N/A;N/A;N/A;N/A;N/A;N/A;N/A;N/A;N/A;N/A;N/A;N/A;N/A;N/A;N/A;N/A;N/A;N/A;N/A;N/A;N/A;N/A;N/A;N/A;N/A;N/A;N/A;N/A;N/A;N/A;N/A;N/A;N/A;N/A;N/A;N/A;N/A;N/A;N/A;N/A;N/A;N/A;N/A;N/A;N/A;N/A;N/A;N/A;N/A;N/A;N/A;N/A;N/A;N/A;N/A;N/A;N/A;N/A;N/A;N/A;N/A;N/A;N/A;N/A;N/A;N/A;N/A;N/A;N/A;N/A;N/A;N/A;N/A;N/A;N/A;N/A;N/A;N/A;N/A;N/A;N/A;N/A;N/A;N/A;N/A;N/A;N/A;N/A;N/A;N/A;N/A;N/A;N/A;N/A;N/A;N/A;N/A;N/A;N/A;N/A;N/A;N/A;N/A;N/A;N/A;N/A;N/A;N/A;N/A;N/A;N/A;N/A;N/A;N/A;N/A;N/A;N/A;N/A;N/A;N/A;N/A;N/A;N/A;N/A;N/A;N/A;N/A;N/A;N/A;N/A;N/A;N/A;N/A;N/A;N/A;N/A;N/A;N/A;N/A;N/A;N/A;N/A;N/A;N/A;N/A;N/A;N/A;N/A;N/A;N/A;N/A;N/A;N/A;N/A;N/A;N/A;N/A;N/A;N/A;N/A;N/A;N/A;N/A;N/A;N/A;N/A;N/A;N/A;N/A;N/A;N/A;N/A;N/A;N/A;N/A;N/A;N/A;N/A;N/A;N/A;N/A;N/A;N/A;N/A;N/A;N/A;N/A;N/A;N/A;N/A
Alexandre Fintelman de Mello Ribeiro da Silva;24;995612400;20/07/2001;Serie A;2025;Goalkeeper;Vitória;0;0;0;Brazil;0;0;0;0;0;0;0;0;0;0;0;0;0;0;0;0;0;0;0;0;0;0;0;0;0;0;0;0;0;0;0;-1;-1;-1;-1;N/A;N/A;N/A;N/A;N/A;N/A;N/A;N/A;N/A;N/A;N/A;N/A;N/A;N/A;N/A;N/A;N/A;N/A;N/A;N/A;N/A;N/A;N/A;N/A;N/A;N/A;N/A;N/A;N/A;N/A;N/A;N/A;N/A;N/A;N/A;N/A;N/A;N/A;N/A;N/A;N/A;N/A;N/A;N/A;N/A;N/A;N/A;N/A;N/A;N/A;N/A;N/A;N/A;N/A;N/A;N/A;N/A;N/A;N/A;N/A;N/A;N/A;N/A;N/A;N/A;N/A;N/A;N/A;N/A;N/A;N/A;N/A;N/A;N/A;N/A;N/A;N/A;N/A;N/A;N/A;N/A;N/A;N/A;N/A;N/A;N/A;N/A;N/A;N/A;N/A;N/A;N/A;N/A;N/A;N/A;N/A;N/A;N/A;N/A;N/A;N/A;N/A;N/A;N/A;N/A;N/A;N/A;N/A;N/A;N/A;N/A;N/A;N/A;N/A;N/A;N/A;N/A;N/A;N/A;N/A;N/A;N/A;N/A;N/A;N/A;N/A;N/A;N/A;N/A;N/A;N/A;N/A;N/A;N/A;N/A;N/A;N/A;N/A;N/A;N/A;N/A;N/A;N/A;N/A;N/A;N/A;N/A;N/A;N/A;N/A;N/A;N/A;N/A;N/A;N/A;N/A;N/A;N/A;N/A;N/A;N/A;N/A;N/A;N/A;N/A;N/A;N/A;N/A;N/A;N/A;N/A;N/A;N/A;N/A;N/A;N/A;N/A;N/A;N/A;N/A;N/A;N/A;N/A;N/A;N/A;N/A;N/A;N/A;N/A;N/A;N/A;N/A;N/A;N/A;N/A;N/A;N/A;N/A;N/A;N/A;N/A;N/A;N/A;N/A;N/A;N/A;N/A;N/A;N/A;N/A;N/A;N/A;N/A;N/A;N/A;N/A;N/A;N/A;N/A;N/A;N/A;N/A;N/A;N/A
Alexandre Fintelman de Mello Ribeiro da Silva;24;995612400;20/07/2001;Serie A;2025;Goalkeeper;Vitória;0;0;0;Brazil;0;0;0;0;0;0;0;0;0;0;0;0;0;0;0;0;0;0;0;0;0;0;0;0;0;0;0;0;0;0;0;-1;-1;-1;-1;N/A;N/A;N/A;N/A;N/A;N/A;N/A;N/A;N/A;N/A;N/A;N/A;N/A;N/A;N/A;N/A;N/A;N/A;N/A;N/A;N/A;N/A;N/A;N/A;N/A;N/A;N/A;N/A;N/A;N/A;N/A;N/A;N/A;N/A;N/A;N/A;N/A;N/A;N/A;N/A;N/A;N/A;N/A;N/A;N/A;N/A;N/A;N/A;N/A;N/A;N/A;N/A;N/A;N/A;N/A;N/A;N/A;N/A;N/A;N/A;N/A;N/A;N/A;N/A;N/A;N/A;N/A;N/A;N/A;N/A;N/A;N/A;N/A;N/A;N/A;N/A;N/A;N/A;N/A;N/A;N/A;N/A;N/A;N/A;N/A;N/A;N/A;N/A;N/A;N/A;N/A;N/A;N/A;N/A;N/A;N/A;N/A;N/A;N/A;N/A;N/A;N/A;N/A;N/A;N/A;N/A;N/A;N/A;N/A;N/A;N/A;N/A;N/A;N/A;N/A;N/A;N/A;N/A;N/A;N/A;N/A;N/A;N/A;N/A;N/A;N/A;N/A;N/A;N/A;N/A;N/A;N/A;N/A;N/A;N/A;N/A;N/A;N/A;N/A;N/A;N/A;N/A;N/A;N/A;N/A;N/A;N/A;N/A;N/A;N/A;N/A;N/A;N/A;N/A;N/A;N/A;N/A;N/A;N/A;N/A;N/A;N/A;N/A;N/A;N/A;N/A;N/A;N/A;N/A;N/A;N/A;N/A;N/A;N/A;N/A;N/A;N/A;N/A;N/A;N/A;N/A;N/A;N/A;N/A;N/A;N/A;N/A;N/A;N/A;N/A;N/A;N/A;N/A;N/A;N/A;N/A;N/A;N/A;N/A;N/A;N/A;N/A;N/A;N/A;N/A;N/A;N/A;N/A;N/A;N/A;N/A;N/A;N/A;N/A;N/A;N/A;N/A;N/A;N/A;N/A;N/A;N/A;N/A;N/A
Alexandre Fintelman de Mello Ribeiro da Silva;24;995612400;20/07/2001;Serie A;2025;Goalkeeper;Vitória;0;0;0;Brazil;0;0;0;0;0;0;0;0;0;0;0;0;0;0;0;0;0;0;0;0;0;0;0;0;0;0;0;0;0;0;0;-1;-1;-1;-1;N/A;N/A;N/A;N/A;N/A;N/A;N/A;N/A;N/A;N/A;N/A;N/A;N/A;N/A;N/A;N/A;N/A;N/A;N/A;N/A;N/A;N/A;N/A;N/A;N/A;N/A;N/A;N/A;N/A;N/A;N/A;N/A;N/A;N/A;N/A;N/A;N/A;N/A;N/A;N/A;N/A;N/A;N/A;N/A;N/A;N/A;N/A;N/A;N/A;N/A;N/A;N/A;N/A;N/A;N/A;N/A;N/A;N/A;N/A;N/A;N/A;N/A;N/A;N/A;N/A;N/A;N/A;N/A;N/A;N/A;N/A;N/A;N/A;N/A;N/A;N/A;N/A;N/A;N/A;N/A;N/A;N/A;N/A;N/A;N/A;N/A;N/A;N/A;N/A;N/A;N/A;N/A;N/A;N/A;N/A;N/A;N/A;N/A;N/A;N/A;N/A;N/A;N/A;N/A;N/A;N/A;N/A;N/A;N/A;N/A;N/A;N/A;N/A;N/A;N/A;N/A;N/A;N/A;N/A;N/A;N/A;N/A;N/A;N/A;N/A;N/A;N/A;N/A;N/A;N/A;N/A;N/A;N/A;N/A;N/A;N/A;N/A;N/A;N/A;N/A;N/A;N/A;N/A;N/A;N/A;N/A;N/A;N/A;N/A;N/A;N/A;N/A;N/A;N/A;N/A;N/A;N/A;N/A;N/A;N/A;N/A;N/A;N/A;N/A;N/A;N/A;N/A;N/A;N/A;N/A;N/A;N/A;N/A;N/A;N/A;N/A;N/A;N/A;N/A;N/A;N/A;N/A;N/A;N/A;N/A;N/A;N/A;N/A;N/A;N/A;N/A;N/A;N/A;N/A;N/A;N/A;N/A;N/A;N/A;N/A;N/A;N/A;N/A;N/A;N/A;N/A;N/A;N/A;N/A;N/A;N/A;N/A;N/A;N/A;N/A;N/A;N/A;N/A;N/A;N/A;N/A;N/A;N/A;N/A
Alexandre Fintelman de Mello Ribeiro da Silva;24;995612400;20/07/2001;Serie A;2025;Goalkeeper;Vitória;0;0;0;Brazil;0;0;0;0;0;0;0;0;0;0;0;0;0;0;0;0;0;0;0;0;0;0;0;0;0;0;0;0;0;0;0;-1;-1;-1;-1;N/A;N/A;N/A;N/A;N/A;N/A;N/A;N/A;N/A;N/A;N/A;N/A;N/A;N/A;N/A;N/A;N/A;N/A;N/A;N/A;N/A;N/A;N/A;N/A;N/A;N/A;N/A;N/A;N/A;N/A;N/A;N/A;N/A;N/A;N/A;N/A;N/A;N/A;N/A;N/A;N/A;N/A;N/A;N/A;N/A;N/A;N/A;N/A;N/A;N/A;N/A;N/A;N/A;N/A;N/A;N/A;N/A;N/A;N/A;N/A;N/A;N/A;N/A;N/A;N/A;N/A;N/A;N/A;N/A;N/A;N/A;N/A;N/A;N/A;N/A;N/A;N/A;N/A;N/A;N/A;N/A;N/A;N/A;N/A;N/A;N/A;N/A;N/A;N/A;N/A;N/A;N/A;N/A;N/A;N/A;N/A;N/A;N/A;N/A;N/A;N/A;N/A;N/A;N/A;N/A;N/A;N/A;N/A;N/A;N/A;N/A;N/A;N/A;N/A;N/A;N/A;N/A;N/A;N/A;N/A;N/A;N/A;N/A;N/A;N/A;N/A;N/A;N/A;N/A;N/A;N/A;N/A;N/A;N/A;N/A;N/A;N/A;N/A;N/A;N/A;N/A;N/A;N/A;N/A;N/A;N/A;N/A;N/A;N/A;N/A;N/A;N/A;N/A;N/A;N/A;N/A;N/A;N/A;N/A;N/A;N/A;N/A;N/A;N/A;N/A;N/A;N/A;N/A;N/A;N/A;N/A;N/A;N/A;N/A;N/A;N/A;N/A;N/A;N/A;N/A;N/A;N/A;N/A;N/A;N/A;N/A;N/A;N/A;N/A;N/A;N/A;N/A;N/A;N/A;N/A;N/A;N/A;N/A;N/A;N/A;N/A;N/A;N/A;N/A;N/A;N/A;N/A;N/A;N/A;N/A;N/A;N/A;N/A;N/A;N/A;N/A;N/A;N/A;N/A;N/A;N/A;N/A;N/A;N/A
Alexandro Ezequiel Bernabei;25;969778800;24/09/2000;Serie A;2025;Defender;Internacional;2582;1465;1117;Argentina;30;17;13;0;0;0;4;2;2;0;0;5;5;0;36;14;22;10;1;0.14;0.14;0;0;0;0;1.25;72;86;258;646;0.35;525;129;117;36;832486;6.93;0.13;77;44.93;42.97;70;1289;34.33;1030;30;35.90;63;0.00;0.00;1.70;51;0.00;4.07;2.61;2.50;75;0.00;1.23;0.00;0.00;0.00;1.10;1.17;0.83;0.00;1.05;0.63;2.70;0.00;0.37;0.09;0.00;0.57;0.00;0.00;0;0;;30;1.00;59;11;0.38;57;19;0.66;61;10;1;29;90;0.00;99;0;33;1.15;77;122;51;4.25;89;0;0.00;99;0;0.00;0;0;0.00;0;1.78;89;81;2.82;84;35;1.22;43.21;0;0.00;0;0;0;0.00;0;25;0.00;38;0.87;64;N/A;N/A;N/A;N/A;0.00;0;0.00;0;2.78;0.00;0;79.91;36.67;55;4;1.53;1.60;46;82;41;0;0;0;0.20;0.21;6;48;207.80;2.07;2.16;62;1;0.00;0.03;17;0.03;0;0;0;0.00;0.00;0;0.00;0.00;0.10;0.10;3;1;0.00;42;90;81;40;38;6.31;82;0.21;0.22;2.78;53;0.09;0.10;56;34;1.13;1.19;2.16;2.07;88;62;0.10;52;79;67;67;0;61;31;0;0.00;99;17;0.00;0.59;13.32;12.73;382;161;73;87;5.61;5.37;42.15;37;1.29;23;0;298.36;0;0.00;99;364;12.13;12.69;71;89;29;99;0;0;0;0;0;54;40;63;53;0;87;16;32;79;9;30;91;26;N/A;N/A
Alexandro Ezequiel Bernabei;25;969778800;24/09/2000;Serie A;2025;Defender;Internacional;2582;1465;1117;Argentina;30;17;13;0;0;0;4;2;2;0;0;5;5;0;36;14;22;10;1;0.14;0.14;0;0;0;0;1.25;72;86;258;646;0.35;525;129;117;36;832486;6.93;0.13;77;44.93;42.97;70;1289;34.33;1030;30;35.90;63;0.00;0.00;1.70;51;0.00;4.07;2.61;2.50;75;0.00;1.23;0.00;0.00;0.00;1.10;1.17;0.83;0.00;1.05;0.63;2.70;0.00;0.37;0.09;0.00;0.57;0.00;0.00;0;0;;30;1.00;59;11;0.38;57;19;0.66;61;10;1;29;90;0.00;99;0;33;1.15;77;122;51;4.25;89;0;0.00;99;0;0.00;0;0;0.00;0;1.78;89;81;2.82;84;35;1.22;43.21;0;0.00;0;0;0;0.00;0;25;0.00;38;0.87;64;N/A;N/A;N/A;N/A;0.00;0;0.00;0;2.78;0.00;0;79.91;36.67;55;4;1.53;1.60;46;82;41;0;0;0;0.20;0.21;6;48;207.80;2.07;2.16;62;1;0.00;0.03;17;0.03;0;0;0;0.00;0.00;0;0.00;0.00;0.10;0.10;3;1;0.00;42;90;81;40;38;6.31;82;0.21;0.22;2.78;53;0.09;0.10;56;34;1.13;1.19;2.16;2.07;88;62;0.10;52;79;67;67;0;61;31;0;0.00;99;17;0.00;0.59;13.32;12.73;382;161;73;87;5.61;5.37;42.15;37;1.29;23;0;298.36;0;0.00;99;364;12.13;12.69;71;89;29;99;0;0;0;0;0;54;40;63;53;0;87;16;32;79;9;30;91;26;N/A;N/A
Alexandro Ezequiel Bernabei;25;969778800;24/09/2000;Serie A;2025;Defender;Internacional;2582;1465;1117;Argentina;30;17;13;0;0;0;4;2;2;0;0;5;5;0;36;14;22;10;1;0.14;0.14;0;0;0;0;1.25;72;86;258;646;0.35;525;129;117;36;832486;6.93;0.13;77;44.93;42.97;70;1289;34.33;1030;30;35.90;63;0.00;0.00;1.70;51;0.00;4.07;2.61;2.50;75;0.00;1.23;0.00;0.00;0.00;1.10;1.17;0.83;0.00;1.05;0.63;2.70;0.00;0.37;0.09;0.00;0.57;0.00;0.00;0;0;;30;1.00;59;11;0.38;57;19;0.66;61;10;1;29;90;0.00;99;0;33;1.15;77;122;51;4.25;89;0;0.00;99;0;0.00;0;0;0.00;0;1.78;89;81;2.82;84;35;1.22;43.21;0;0.00;0;0;0;0.00;0;25;0.00;38;0.87;64;N/A;N/A;N/A;N/A;0.00;0;0.00;0;2.78;0.00;0;79.91;36.67;55;4;1.53;1.60;46;82;41;0;0;0;0.20;0.21;6;48;207.80;2.07;2.16;62;1;0.00;0.03;17;0.03;0;0;0;0.00;0.00;0;0.00;0.00;0.10;0.10;3;1;0.00;42;90;81;40;38;6.31;82;0.21;0.22;2.78;53;0.09;0.10;56;34;1.13;1.19;2.16;2.07;88;62;0.10;52;79;67;67;0;61;31;0;0.00;99;17;0.00;0.59;13.32;12.73;382;161;73;87;5.61;5.37;42.15;37;1.29;23;0;298.36;0;0.00;99;364;12.13;12.69;71;89;29;99;0;0;0;0;0;54;40;63;53;0;87;16;32;79;9;30;91;26;N/A;N/A
Alexandro Ezequiel Bernabei;25;969778800;24/09/2000;Serie A;2025;Defender;Internacional;2582;1465;1117;Argentina;30;17;13;0;0;0;4;2;2;0;0;5;5;0;36;14;22;10;1;0.14;0.14;0;0;0;0;1.25;72;86;258;646;0.35;525;129;117;36;832486;6.93;0.13;77;44.93;42.97;70;1289;34.33;1030;30;35.90;63;0.00;0.00;1.70;51;0.00;4.07;2.61;2.50;75;0.00;1.23;0.00;0.00;0.00;1.10;1.17;0.83;0.00;1.05;0.63;2.70;0.00;0.37;0.09;0.00;0.57;0.00;0.00;0;0;;30;1.00;59;11;0.38;57;19;0.66;61;10;1;29;90;0.00;99;0;33;1.15;77;122;51;4.25;89;0;0.00;99;0;0.00;0;0;0.00;0;1.78;89;81;2.82;84;35;1.22;43.21;0;0.00;0;0;0;0.00;0;25;0.00;38;0.87;64;N/A;N/A;N/A;N/A;0.00;0;0.00;0;2.78;0.00;0;79.91;36.67;55;4;1.53;1.60;46;82;41;0;0;0;0.20;0.21;6;48;207.80;2.07;2.16;62;1;0.00;0.03;17;0.03;0;0;0;0.00;0.00;0;0.00;0.00;0.10;0.10;3;1;0.00;42;90;81;40;38;6.31;82;0.21;0.22;2.78;53;0.09;0.10;56;34;1.13;1.19;2.16;2.07;88;62;0.10;52;79;67;67;0;61;31;0;0.00;99;17;0.00;0.59;13.32;12.73;382;161;73;87;5.61;5.37;42.15;37;1.29;23;0;298.36;0;0.00;99;364;12.13;12.69;71;89;29;99;0;0;0;0;0;54;40;63;53;0;87;16;32;79;9;30;91;26;N/A;N/A
Alexandro Ezequiel Bernabei;25;969778800;24/09/2000;Serie A;2025;Defender;Internacional;2582;1465;1117;Argentina;30;17;13;0;0;0;4;2;2;0;0;5;5;0;36;14;22;10;1;0.14;0.14;0;0;0;0;1.25;72;86;258;646;0.35;525;129;117;36;832486;6.93;0.13;77;44.93;42.97;70;1289;34.33;1030;30;35.90;63;0.00;0.00;1.70;51;0.00;4.07;2.61;2.50;75;0.00;1.23;0.00;0.00;0.00;1.10;1.17;0.83;0.00;1.05;0.63;2.70;0.00;0.37;0.09;0.00;0.57;0.00;0.00;0;0;;30;1.00;59;11;0.38;57;19;0.66;61;10;1;29;90;0.00;99;0;33;1.15;77;122;51;4.25;89;0;0.00;99;0;0.00;0;0;0.00;0;1.78;89;81;2.82;84;35;1.22;43.21;0;0.00;0;0;0;0.00;0;25;0.00;38;0.87;64;N/A;N/A;N/A;N/A;0.00;0;0.00;0;2.78;0.00;0;79.91;36.67;55;4;1.53;1.60;46;82;41;0;0;0;0.20;0.21;6;48;207.80;2.07;2.16;62;1;0.00;0.03;17;0.03;0;0;0;0.00;0.00;0;0.00;0.00;0.10;0.10;3;1;0.00;42;90;81;40;38;6.31;82;0.21;0.22;2.78;53;0.09;0.10;56;34;1.13;1.19;2.16;2.07;88;62;0.10;52;79;67;67;0;61;31;0;0.00;99;17;0.00;0.59;13.32;12.73;382;161;73;87;5.61;5.37;42.15;37;1.29;23;0;298.36;0;0.00;99;364;12.13;12.69;71;89;29;99;0;0;0;0;0;54;40;63;53;0;87;16;32;79;9;30;91;26;N/A;N/A
Alexis David Duarte Pereira;25;952848000;12/03/2000;Serie A;2025;Defender;Santos;406;90;316;Paraguay;5;1;4;0;0;0;0;0;0;0;0;0;0;0;9;1;8;1;0;0;0;0;0;0;0;2;45;81;406;0;0.22;344;311;183;22;505411;3.64;0;48;45.89;23.00;73;207;21.00;189;95;41.90;78;0.00;0.00;0.11;1;0.00;0.33;1.77;0.89;8;0.00;0.11;0.00;0.00;0.00;0.33;0.00;1.11;0.00;0.44;0.00;0.22;0.00;0.22;0.03;0.00;0.78;0.00;0.00;0;0;;2;0.22;23;2;0.44;62;0;0.00;9;9;0;5;63;0.00;99;0;3;0.67;46;3;27;0.67;45;0;0.00;99;0;0.00;0;0;0.00;0;0.22;20;2;0.44;25;0;0.00;0.00;0;0.00;0;0;0;0.00;0;10;0.00;4;2.22;92;N/A;N/A;N/A;N/A;0.00;0;0.00;0;0.25;0.00;0;91.30;100.00;99;87;0.11;0.22;1;10;10;0;0;0;0.11;0.22;1;50;32.75;2.89;5.76;26;0;0.00;0.00;99;0.00;0;0;0;0.00;0.00;0;0.00;0.00;0.00;0.00;0;0;0.00;42;3;1;40;4;0.50;41;0.06;0.11;0.25;35;0.03;0.06;41;4;0.44;0.89;1.55;0.78;64;7;0.06;35;5;93;67;0;40;72;0;0.00;99;7;0.00;1.55;8.20;4.11;37;19;38;37;4.21;2.11;51.35;1;0.22;78;0;0.00;0;0.00;99;0;0.00;0.00;27;11;18;98;0;0;0;0;0;27;40;63;53;0;68;1;60;49;1;20;71;23;N/A;N/A
Alexis David Duarte Pereira;25;952848000;12/03/2000;Serie A;2025;Defender;Santos;406;90;316;Paraguay;5;1;4;0;0;0;0;0;0;0;0;0;0;0;9;1;8;1;0;0;0;0;0;0;0;2;45;81;406;0;0.22;344;311;183;22;505411;3.64;0;48;45.89;23.00;73;207;21.00;189;95;41.90;78;0.00;0.00;0.11;1;0.00;0.33;1.77;0.89;8;0.00;0.11;0.00;0.00;0.00;0.33;0.00;1.11;0.00;0.44;0.00;0.22;0.00;0.22;0.03;0.00;0.78;0.00;0.00;0;0;;2;0.22;23;2;0.44;62;0;0.00;9;9;0;5;63;0.00;99;0;3;0.67;46;3;27;0.67;45;0;0.00;99;0;0.00;0;0;0.00;0;0.22;20;2;0.44;25;0;0.00;0.00;0;0.00;0;0;0;0.00;0;10;0.00;4;2.22;92;N/A;N/A;N/A;N/A;0.00;0;0.00;0;0.25;0.00;0;91.30;100.00;99;87;0.11;0.22;1;10;10;0;0;0;0.11;0.22;1;50;32.75;2.89;5.76;26;0;0.00;0.00;99;0.00;0;0;0;0.00;0.00;0;0.00;0.00;0.00;0.00;0;0;0.00;42;3;1;40;4;0.50;41;0.06;0.11;0.25;35;0.03;0.06;41;4;0.44;0.89;1.55;0.78;64;7;0.06;35;5;93;67;0;40;72;0;0.00;99;7;0.00;1.55;8.20;4.11;37;19;38;37;4.21;2.11;51.35;1;0.22;78;0;0.00;0;0.00;99;0;0.00;0.00;27;11;18;98;0;0;0;0;0;27;40;63;53;0;68;1;60;49;1;20;71;23;N/A;N/A
Alexis David Duarte Pereira;25;952848000;12/03/2000;Serie A;2025;Defender;Santos;406;90;316;Paraguay;5;1;4;0;0;0;0;0;0;0;0;0;0;0;9;1;8;1;0;0;0;0;0;0;0;2;45;81;406;0;0.22;344;311;183;22;505411;3.64;0;48;45.89;23.00;73;207;21.00;189;95;41.90;78;0.00;0.00;0.11;1;0.00;0.33;1.77;0.89;8;0.00;0.11;0.00;0.00;0.00;0.33;0.00;1.11;0.00;0.44;0.00;0.22;0.00;0.22;0.03;0.00;0.78;0.00;0.00;0;0;;2;0.22;23;2;0.44;62;0;0.00;9;9;0;5;63;0.00;99;0;3;0.67;46;3;27;0.67;45;0;0.00;99;0;0.00;0;0;0.00;0;0.22;20;2;0.44;25;0;0.00;0.00;0;0.00;0;0;0;0.00;0;10;0.00;4;2.22;92;N/A;N/A;N/A;N/A;0.00;0;0.00;0;0.25;0.00;0;91.30;100.00;99;87;0.11;0.22;1;10;10;0;0;0;0.11;0.22;1;50;32.75;2.89;5.76;26;0;0.00;0.00;99;0.00;0;0;0;0.00;0.00;0;0.00;0.00;0.00;0.00;0;0;0.00;42;3;1;40;4;0.50;41;0.06;0.11;0.25;35;0.03;0.06;41;4;0.44;0.89;1.55;0.78;64;7;0.06;35;5;93;67;0;40;72;0;0.00;99;7;0.00;1.55;8.20;4.11;37;19;38;37;4.21;2.11;51.35;1;0.22;78;0;0.00;0;0.00;99;0;0.00;0.00;27;11;18;98;0;0;0;0;0;27;40;63;53;0;68;1;60;49;1;20;71;23;N/A;N/A
Alexis David Duarte Pereira;25;952848000;12/03/2000;Serie A;2025;Defender;Santos;406;90;316;Paraguay;5;1;4;0;0;0;0;0;0;0;0;0;0;0;9;1;8;1;0;0;0;0;0;0;0;2;45;81;406;0;0.22;344;311;183;22;505411;3.64;0;48;45.89;23.00;73;207;21.00;189;95;41.90;78;0.00;0.00;0.11;1;0.00;0.33;1.77;0.89;8;0.00;0.11;0.00;0.00;0.00;0.33;0.00;1.11;0.00;0.44;0.00;0.22;0.00;0.22;0.03;0.00;0.78;0.00;0.00;0;0;;2;0.22;23;2;0.44;62;0;0.00;9;9;0;5;63;0.00;99;0;3;0.67;46;3;27;0.67;45;0;0.00;99;0;0.00;0;0;0.00;0;0.22;20;2;0.44;25;0;0.00;0.00;0;0.00;0;0;0;0.00;0;10;0.00;4;2.22;92;N/A;N/A;N/A;N/A;0.00;0;0.00;0;0.25;0.00;0;91.30;100.00;99;87;0.11;0.22;1;10;10;0;0;0;0.11;0.22;1;50;32.75;2.89;5.76;26;0;0.00;0.00;99;0.00;0;0;0;0.00;0.00;0;0.00;0.00;0.00;0.00;0;0;0.00;42;3;1;40;4;0.50;41;0.06;0.11;0.25;35;0.03;0.06;41;4;0.44;0.89;1.55;0.78;64;7;0.06;35;5;93;67;0;40;72;0;0.00;99;7;0.00;1.55;8.20;4.11;37;19;38;37;4.21;2.11;51.35;1;0.22;78;0;0.00;0;0.00;99;0;0.00;0.00;27;11;18;98;0;0;0;0;0;27;40;63;53;0;68;1;60;49;1;20;71;23;N/A;N/A
Alexis David Duarte Pereira;25;952848000;12/03/2000;Serie A;2025;Defender;Santos;406;90;316;Paraguay;5;1;4;0;0;0;0;0;0;0;0;0;0;0;9;1;8;1;0;0;0;0;0;0;0;2;45;81;406;0;0.22;344;311;183;22;505411;3.64;0;48;45.89;23.00;73;207;21.00;189;95;41.90;78;0.00;0.00;0.11;1;0.00;0.33;1.77;0.89;8;0.00;0.11;0.00;0.00;0.00;0.33;0.00;1.11;0.00;0.44;0.00;0.22;0.00;0.22;0.03;0.00;0.78;0.00;0.00;0;0;;2;0.22;23;2;0.44;62;0;0.00;9;9;0;5;63;0.00;99;0;3;0.67;46;3;27;0.67;45;0;0.00;99;0;0.00;0;0;0.00;0;0.22;20;2;0.44;25;0;0.00;0.00;0;0.00;0;0;0;0.00;0;10;0.00;4;2.22;92;N/A;N/A;N/A;N/A;0.00;0;0.00;0;0.25;0.00;0;91.30;100.00;99;87;0.11;0.22;1;10;10;0;0;0;0.11;0.22;1;50;32.75;2.89;5.76;26;0;0.00;0.00;99;0.00;0;0;0;0.00;0.00;0;0.00;0.00;0.00;0.00;0;0;0.00;42;3;1;40;4;0.50;41;0.06;0.11;0.25;35;0.03;0.06;41;4;0.44;0.89;1.55;0.78;64;7;0.06;35;5;93;67;0;40;72;0;0.00;99;7;0.00;1.55;8.20;4.11;37;19;38;37;4.21;2.11;51.35;1;0.22;78;0;0.00;0;0.00;99;0;0.00;0.00;27;11;18;98;0;0;0;0;0;27;40;63;53;0;68;1;60;49;1;20;71;23;N/A;N/A
Alexsander Cristhian Gomes da Costa;22;1065596400;08/10/2003;Serie A;2025;Midfielder;Atlético Mineiro;829;452;377;Brazil;14;7;7;1;0;1;0;0;0;0;0;3;2;1;10;5;5;2;0;0.11;0;0.11;0;0.24;829;1.09;83;59;415;0;0.22;200;301;-1;9;505851;5.99;0;48;46.47;26.75;75;428;23.44;375;75;40.71;75;0.00;0.00;0.50;8;0.00;0.31;3.69;2.12;34;0.00;1.19;0.00;0.00;0.00;0.75;0.94;0.56;13.00;1.41;0.56;2.12;0.00;0.25;0.10;0.00;0.19;0.00;0.00;0;0;;13;0.81;69;4;0.43;61;9;0.98;75;8;6;8;99;0.00;99;0;12;1.30;86;5;90;0.54;41;0;0.00;99;0;0.00;0;0;0.00;0;0.87;53;34;3.69;91;15;1.63;44.12;0;0.00;0;0;0;0.00;0;9;0.00;55;0.98;73;N/A;N/A;N/A;N/A;0.00;0;0.00;0;1.65;0.00;0;87.62;30.77;40;15;0.69;1.19;11;89;42;0;0;0;0.00;0.00;0;20;95.90;0.25;0.43;4;0;0.00;0.00;99;0.00;0;0;0;0.00;0.00;0;0.00;0.00;0.00;0.00;0;0;7.69;56;27;23;76;56;1.06;47;0.07;0.12;1.65;69;0.10;0.18;80;18;1.12;1.95;2.06;1.19;85;19;0.18;68;39;12;67;0;40;15;0;0.00;99;3;0.00;0.33;15.42;8.88;142;69;96;96;7.49;4.31;48.59;19;2.06;4;0;2000.00;0;0.00;99;100;6.25;10.86;67;26;65;96;0;0;0;0;0;47;64;84;53;0;69;28;62;49;2;14;51;5;N/A;N/A
Alexsander Cristhian Gomes da Costa;22;1065596400;08/10/2003;Serie A;2025;Midfielder;Atlético Mineiro;829;452;377;Brazil;14;7;7;1;0;1;0;0;0;0;0;3;2;1;10;5;5;2;0;0.11;0;0.11;0;0.24;829;1.09;83;59;415;0;0.22;200;301;-1;9;505851;5.99;0;48;46.47;26.75;75;428;23.44;375;75;40.71;75;0.00;0.00;0.50;8;0.00;0.31;3.69;2.12;34;0.00;1.19;0.00;0.00;0.00;0.75;0.94;0.56;13.00;1.41;0.56;2.12;0.00;0.25;0.10;0.00;0.19;0.00;0.00;0;0;;13;0.81;69;4;0.43;61;9;0.98;75;8;6;8;99;0.00;99;0;12;1.30;86;5;90;0.54;41;0;0.00;99;0;0.00;0;0;0.00;0;0.87;53;34;3.69;91;15;1.63;44.12;0;0.00;0;0;0;0.00;0;9;0.00;55;0.98;73;N/A;N/A;N/A;N/A;0.00;0;0.00;0;1.65;0.00;0;87.62;30.77;40;15;0.69;1.19;11;89;42;0;0;0;0.00;0.00;0;20;95.90;0.25;0.43;4;0;0.00;0.00;99;0.00;0;0;0;0.00;0.00;0;0.00;0.00;0.00;0.00;0;0;7.69;56;27;23;76;56;1.06;47;0.07;0.12;1.65;69;0.10;0.18;80;18;1.12;1.95;2.06;1.19;85;19;0.18;68;39;12;67;0;40;15;0;0.00;99;3;0.00;0.33;15.42;8.88;142;69;96;96;7.49;4.31;48.59;19;2.06;4;0;2000.00;0;0.00;99;100;6.25;10.86;67;26;65;96;0;0;0;0;0;47;64;84;53;0;69;28;62;49;2;14;51;5;N/A;N/A
Alexsander Cristhian Gomes da Costa;22;1065596400;08/10/2003;Serie A;2025;Midfielder;Atlético Mineiro;829;452;377;Brazil;14;7;7;1;0;1;0;0;0;0;0;3;2;1;10;5;5;2;0;0.11;0;0.11;0;0.24;829;1.09;83;59;415;0;0.22;200;301;-1;9;505851;5.99;0;48;46.47;26.75;75;428;23.44;375;75;40.71;75;0.00;0.00;0.50;8;0.00;0.31;3.69;2.12;34;0.00;1.19;0.00;0.00;0.00;0.75;0.94;0.56;13.00;1.41;0.56;2.12;0.00;0.25;0.10;0.00;0.19;0.00;0.00;0;0;;13;0.81;69;4;0.43;61;9;0.98;75;8;6;8;99;0.00;99;0;12;1.30;86;5;90;0.54;41;0;0.00;99;0;0.00;0;0;0.00;0;0.87;53;34;3.69;91;15;1.63;44.12;0;0.00;0;0;0;0.00;0;9;0.00;55;0.98;73;N/A;N/A;N/A;N/A;0.00;0;0.00;0;1.65;0.00;0;87.62;30.77;40;15;0.69;1.19;11;89;42;0;0;0;0.00;0.00;0;20;95.90;0.25;0.43;4;0;0.00;0.00;99;0.00;0;0;0;0.00;0.00;0;0.00;0.00;0.00;0.00;0;0;7.69;56;27;23;76;56;1.06;47;0.07;0.12;1.65;69;0.10;0.18;80;18;1.12;1.95;2.06;1.19;85;19;0.18;68;39;12;67;0;40;15;0;0.00;99;3;0.00;0.33;15.42;8.88;142;69;96;96;7.49;4.31;48.59;19;2.06;4;0;2000.00;0;0.00;99;100;6.25;10.86;67;26;65;96;0;0;0;0;0;47;64;84;53;0;69;28;62;49;2;14;51;5;N/A;N/A
Alexsander Cristhian Gomes da Costa;22;1065596400;08/10/2003;Serie A;2025;Midfielder;Atlético Mineiro;829;452;377;Brazil;14;7;7;1;0;1;0;0;0;0;0;3;2;1;10;5;5;2;0;0.11;0;0.11;0;0.24;829;1.09;83;59;415;0;0.22;200;301;-1;9;505851;5.99;0;48;46.47;26.75;75;428;23.44;375;75;40.71;75;0.00;0.00;0.50;8;0.00;0.31;3.69;2.12;34;0.00;1.19;0.00;0.00;0.00;0.75;0.94;0.56;13.00;1.41;0.56;2.12;0.00;0.25;0.10;0.00;0.19;0.00;0.00;0;0;;13;0.81;69;4;0.43;61;9;0.98;75;8;6;8;99;0.00;99;0;12;1.30;86;5;90;0.54;41;0;0.00;99;0;0.00;0;0;0.00;0;0.87;53;34;3.69;91;15;1.63;44.12;0;0.00;0;0;0;0.00;0;9;0.00;55;0.98;73;N/A;N/A;N/A;N/A;0.00;0;0.00;0;1.65;0.00;0;87.62;30.77;40;15;0.69;1.19;11;89;42;0;0;0;0.00;0.00;0;20;95.90;0.25;0.43;4;0;0.00;0.00;99;0.00;0;0;0;0.00;0.00;0;0.00;0.00;0.00;0.00;0;0;7.69;56;27;23;76;56;1.06;47;0.07;0.12;1.65;69;0.10;0.18;80;18;1.12;1.95;2.06;1.19;85;19;0.18;68;39;12;67;0;40;15;0;0.00;99;3;0.00;0.33;15.42;8.88;142;69;96;96;7.49;4.31;48.59;19;2.06;4;0;2000.00;0;0.00;99;100;6.25;10.86;67;26;65;96;0;0;0;0;0;47;64;84;53;0;69;28;62;49;2;14;51;5;N/A;N/A
Alexsander Cristhian Gomes da Costa;22;1065596400;08/10/2003;Serie A;2025;Midfielder;Atlético Mineiro;829;452;377;Brazil;14;7;7;1;0;1;0;0;0;0;0;3;2;1;10;5;5;2;0;0.11;0;0.11;0;0.24;829;1.09;83;59;415;0;0.22;200;301;-1;9;505851;5.99;0;48;46.47;26.75;75;428;23.44;375;75;40.71;75;0.00;0.00;0.50;8;0.00;0.31;3.69;2.12;34;0.00;1.19;0.00;0.00;0.00;0.75;0.94;0.56;13.00;1.41;0.56;2.12;0.00;0.25;0.10;0.00;0.19;0.00;0.00;0;0;;13;0.81;69;4;0.43;61;9;0.98;75;8;6;8;99;0.00;99;0;12;1.30;86;5;90;0.54;41;0;0.00;99;0;0.00;0;0;0.00;0;0.87;53;34;3.69;91;15;1.63;44.12;0;0.00;0;0;0;0.00;0;9;0.00;55;0.98;73;N/A;N/A;N/A;N/A;0.00;0;0.00;0;1.65;0.00;0;87.62;30.77;40;15;0.69;1.19;11;89;42;0;0;0;0.00;0.00;0;20;95.90;0.25;0.43;4;0;0.00;0.00;99;0.00;0;0;0;0.00;0.00;0;0.00;0.00;0.00;0.00;0;0;7.69;56;27;23;76;56;1.06;47;0.07;0.12;1.65;69;0.10;0.18;80;18;1.12;1.95;2.06;1.19;85;19;0.18;68;39;12;67;0;40;15;0;0.00;99;3;0.00;0.33;15.42;8.88;142;69;96;96;7.49;4.31;48.59;19;2.06;4;0;2000.00;0;0.00;99;100;6.25;10.86;67;26;65;96;0;0;0;0;0;47;64;84;53;0;69;28;62;49;2;14;51;5;N/A;N/A
Alisson Euler de Freitas Castro;32;740991600;25/06/1993;Serie A;2025;Midfielder;São Paulo;1959;970;989;Brazil;31;15;16;0;0;0;1;1;0;0;0;9;5;4;23;12;11;6;0;0.05;0.05;0;0;0;0;1.06;85;63;327;1959;0.28;448;239;-1;35;384843;6.58;0.03;56;57.66;39.22;93;1255;34.84;1115;83;51.23;93;0.00;0.00;0.50;16;0.00;0.91;1.33;0.91;29;0.00;0.22;0.00;0.00;0.00;0.44;0.09;0.38;0.00;0.55;0.16;0.34;0.00;0.22;0.04;0.00;0.41;0.00;0.00;0;0;;12;0.38;32;7;0.32;51;5;0.23;21;4;10;21;41;0.00;99;0;14;0.64;44;29;55;1.33;55;0;0.00;99;0;0.00;0;0;0.00;0;0.74;45;11;0.51;28;3;0.14;27.27;0;0.00;0;0;0;0.00;0;12;0.00;58;0.55;34;N/A;N/A;N/A;N/A;0.00;0;0.00;0;1.12;0.00;0;88.84;58.33;92;12;0.84;1.24;27;21;17;0;0;0;0.22;0.32;7;63;210.57;0.88;1.29;28;0;0.00;0.00;99;0.00;0;0;0;0.00;0.00;0;0.00;0.00;0.09;0.06;2;0;0.00;42;75;85;40;58;3.41;66;0.11;0.16;1.12;30;0.04;0.05;64;32;1.00;1.47;0.92;0.62;27;20;0.05;30;54;48;67;0;57;32;0;0.00;99;13;0.00;0.60;7.30;4.97;159;77;22;25;3.54;2.41;48.43;7;0.32;73;0;355.17;0;0.00;99;103;3.22;4.73;50;72;83;66;0;0;0;0;0;32;40;63;53;0;54;50;46;64;6;19;68;25;N/A;N/A
Alisson Euler de Freitas Castro;32;740991600;25/06/1993;Serie A;2025;Midfielder;São Paulo;1959;970;989;Brazil;31;15;16;0;0;0;1;1;0;0;0;9;5;4;23;12;11;6;0;0.05;0.05;0;0;0;0;1.06;85;63;327;1959;0.28;448;239;-1;35;384843;6.58;0.03;56;57.66;39.22;93;1255;34.84;1115;83;51.23;93;0.00;0.00;0.50;16;0.00;0.91;1.33;0.91;29;0.00;0.22;0.00;0.00;0.00;0.44;0.09;0.38;0.00;0.55;0.16;0.34;0.00;0.22;0.04;0.00;0.41;0.00;0.00;0;0;;12;0.38;32;7;0.32;51;5;0.23;21;4;10;21;41;0.00;99;0;14;0.64;44;29;55;1.33;55;0;0.00;99;0;0.00;0;0;0.00;0;0.74;45;11;0.51;28;3;0.14;27.27;0;0.00;0;0;0;0.00;0;12;0.00;58;0.55;34;N/A;N/A;N/A;N/A;0.00;0;0.00;0;1.12;0.00;0;88.84;58.33;92;12;0.84;1.24;27;21;17;0;0;0;0.22;0.32;7;63;210.57;0.88;1.29;28;0;0.00;0.00;99;0.00;0;0;0;0.00;0.00;0;0.00;0.00;0.09;0.06;2;0;0.00;42;75;85;40;58;3.41;66;0.11;0.16;1.12;30;0.04;0.05;64;32;1.00;1.47;0.92;0.62;27;20;0.05;30;54;48;67;0;57;32;0;0.00;99;13;0.00;0.60;7.30;4.97;159;77;22;25;3.54;2.41;48.43;7;0.32;73;0;355.17;0;0.00;99;103;3.22;4.73;50;72;83;66;0;0;0;0;0;32;40;63;53;0;54;50;46;64;6;19;68;25;N/A;N/A
Alisson Euler de Freitas Castro;32;740991600;25/06/1993;Serie A;2025;Midfielder;São Paulo;1959;970;989;Brazil;31;15;16;0;0;0;1;1;0;0;0;9;5;4;23;12;11;6;0;0.05;0.05;0;0;0;0;1.06;85;63;327;1959;0.28;448;239;-1;35;384843;6.58;0.03;56;57.66;39.22;93;1255;34.84;1115;83;51.23;93;0.00;0.00;0.50;16;0.00;0.91;1.33;0.91;29;0.00;0.22;0.00;0.00;0.00;0.44;0.09;0.38;0.00;0.55;0.16;0.34;0.00;0.22;0.04;0.00;0.41;0.00;0.00;0;0;;12;0.38;32;7;0.32;51;5;0.23;21;4;10;21;41;0.00;99;0;14;0.64;44;29;55;1.33;55;0;0.00;99;0;0.00;0;0;0.00;0;0.74;45;11;0.51;28;3;0.14;27.27;0;0.00;0;0;0;0.00;0;12;0.00;58;0.55;34;N/A;N/A;N/A;N/A;0.00;0;0.00;0;1.12;0.00;0;88.84;58.33;92;12;0.84;1.24;27;21;17;0;0;0;0.22;0.32;7;63;210.57;0.88;1.29;28;0;0.00;0.00;99;0.00;0;0;0;0.00;0.00;0;0.00;0.00;0.09;0.06;2;0;0.00;42;75;85;40;58;3.41;66;0.11;0.16;1.12;30;0.04;0.05;64;32;1.00;1.47;0.92;0.62;27;20;0.05;30;54;48;67;0;57;32;0;0.00;99;13;0.00;0.60;7.30;4.97;159;77;22;25;3.54;2.41;48.43;7;0.32;73;0;355.17;0;0.00;99;103;3.22;4.73;50;72;83;66;0;0;0;0;0;32;40;63;53;0;54;50;46;64;6;19;68;25;N/A;N/A
Alisson Euler de Freitas Castro;32;740991600;25/06/1993;Serie A;2025;Midfielder;São Paulo;1959;970;989;Brazil;31;15;16;0;0;0;1;1;0;0;0;9;5;4;23;12;11;6;0;0.05;0.05;0;0;0;0;1.06;85;63;327;1959;0.28;448;239;-1;35;384843;6.58;0.03;56;57.66;39.22;93;1255;34.84;1115;83;51.23;93;0.00;0.00;0.50;16;0.00;0.91;1.33;0.91;29;0.00;0.22;0.00;0.00;0.00;0.44;0.09;0.38;0.00;0.55;0.16;0.34;0.00;0.22;0.04;0.00;0.41;0.00;0.00;0;0;;12;0.38;32;7;0.32;51;5;0.23;21;4;10;21;41;0.00;99;0;14;0.64;44;29;55;1.33;55;0;0.00;99;0;0.00;0;0;0.00;0;0.74;45;11;0.51;28;3;0.14;27.27;0;0.00;0;0;0;0.00;0;12;0.00;58;0.55;34;N/A;N/A;N/A;N/A;0.00;0;0.00;0;1.12;0.00;0;88.84;58.33;92;12;0.84;1.24;27;21;17;0;0;0;0.22;0.32;7;63;210.57;0.88;1.29;28;0;0.00;0.00;99;0.00;0;0;0;0.00;0.00;0;0.00;0.00;0.09;0.06;2;0;0.00;42;75;85;40;58;3.41;66;0.11;0.16;1.12;30;0.04;0.05;64;32;1.00;1.47;0.92;0.62;27;20;0.05;30;54;48;67;0;57;32;0;0.00;99;13;0.00;0.60;7.30;4.97;159;77;22;25;3.54;2.41;48.43;7;0.32;73;0;355.17;0;0.00;99;103;3.22;4.73;50;72;83;66;0;0;0;0;0;32;40;63;53;0;54;50;46;64;6;19;68;25;N/A;N/A
Alisson Euler de Freitas Castro;32;740991600;25/06/1993;Serie A;2025;Midfielder;São Paulo;1959;970;989;Brazil;31;15;16;0;0;0;1;1;0;0;0;9;5;4;23;12;11;6;0;0.05;0.05;0;0;0;0;1.06;85;63;327;1959;0.28;448;239;-1;35;384843;6.58;0.03;56;57.66;39.22;93;1255;34.84;1115;83;51.23;93;0.00;0.00;0.50;16;0.00;0.91;1.33;0.91;29;0.00;0.22;0.00;0.00;0.00;0.44;0.09;0.38;0.00;0.55;0.16;0.34;0.00;0.22;0.04;0.00;0.41;0.00;0.00;0;0;;12;0.38;32;7;0.32;51;5;0.23;21;4;10;21;41;0.00;99;0;14;0.64;44;29;55;1.33;55;0;0.00;99;0;0.00;0;0;0.00;0;0.74;45;11;0.51;28;3;0.14;27.27;0;0.00;0;0;0;0.00;0;12;0.00;58;0.55;34;N/A;N/A;N/A;N/A;0.00;0;0.00;0;1.12;0.00;0;88.84;58.33;92;12;0.84;1.24;27;21;17;0;0;0;0.22;0.32;7;63;210.57;0.88;1.29;28;0;0.00;0.00;99;0.00;0;0;0;0.00;0.00;0;0.00;0.00;0.09;0.06;2;0;0.00;42;75;85;40;58;3.41;66;0.11;0.16;1.12;30;0.04;0.05;64;32;1.00;1.47;0.92;0.62;27;20;0.05;30;54;48;67;0;57;32;0;0.00;99;13;0.00;0.60;7.30;4.97;159;77;22;25;3.54;2.41;48.43;7;0.32;73;0;355.17;0;0.00;99;103;3.22;4.73;50;72;83;66;0;0;0;0;0;32;40;63;53;0;54;50;46;64;6;19;68;25;N/A;N/A
Alisson Rodrigues;56;N/A;N/A;Serie A;2025;Defender;Internacional;44;0;44;Brazil;1;0;1;0;0;0;0;0;0;0;0;0;0;0;0;0;0;1;1;0;0;0;0;0;0;0;0;44;22;0;4.09;-1;-1;-1;37;0;0.00;0;48;0.00;0.00;0;0;0.00;0;0;0.00;0;0.00;0.00;0.00;0;0.00;0.00;0.00;0.00;0;0.00;0.00;0.00;0.00;0.00;0.00;0.00;0.00;0.00;0.00;0.00;0.00;0.00;0.00;0.00;0.00;0.00;0.00;0.00;0;0;;0;0.00;8;0;0.00;13;0;0.00;9;0;1;0;4;0.00;99;0;0;0.00;9;0;27;0.00;12;0;0.00;99;0;0.00;0;0;0.00;0;0.00;6;0;0.00;7;0;0.00;0.00;0;0.00;0;0;0;0.00;0;0;0.00;99;0.00;0;N/A;N/A;N/A;N/A;0.00;0;0.00;0;0.00;0.00;0;0.00;0.00;13;99;0.00;0.00;0;10;10;0;0;0;0.00;0.00;0;20;0.00;0.00;0.00;0;0;0.00;0.00;99;0.00;0;0;0;0.00;0.00;0;0.00;0.00;0.00;0.00;0;0;0.00;42;0;0;40;0;0.00;0;0.00;0.00;0.00;8;0.00;0.00;1;0;0.00;0.00;0.00;0.00;5;0;0.00;8;0;1;67;0;40;2;0;0.00;99;0;0.00;0.00;0.00;0.00;0;0;0;0;0.00;0.00;0.00;0;0.00;99;0;0.00;0;0.00;99;0;0.00;0.00;27;0;29;9;0;0;0;0;0;27;40;63;53;0;17;1;9;99;0;0;10;30;0;0
Alisson Rodrigues;56;N/A;N/A;Serie A;2025;Defender;Internacional;44;0;44;Brazil;1;0;1;0;0;0;0;0;0;0;0;0;0;0;0;0;0;1;1;0;0;0;0;0;0;0;0;44;22;0;4.09;-1;-1;-1;37;0;0.00;0;48;0.00;0.00;0;0;0.00;0;0;0.00;0;0.00;0.00;0.00;0;0.00;0.00;0.00;0.00;0;0.00;0.00;0.00;0.00;0.00;0.00;0.00;0.00;0.00;0.00;0.00;0.00;0.00;0.00;0.00;0.00;0.00;0.00;0.00;0;0;;0;0.00;8;0;0.00;13;0;0.00;9;0;1;0;4;0.00;99;0;0;0.00;9;0;27;0.00;12;0;0.00;99;0;0.00;0;0;0.00;0;0.00;6;0;0.00;7;0;0.00;0.00;0;0.00;0;0;0;0.00;0;0;0.00;99;0.00;0;N/A;N/A;N/A;N/A;0.00;0;0.00;0;0.00;0.00;0;0.00;0.00;13;99;0.00;0.00;0;10;10;0;0;0;0.00;0.00;0;20;0.00;0.00;0.00;0;0;0.00;0.00;99;0.00;0;0;0;0.00;0.00;0;0.00;0.00;0.00;0.00;0;0;0.00;42;0;0;40;0;0.00;0;0.00;0.00;0.00;8;0.00;0.00;1;0;0.00;0.00;0.00;0.00;5;0;0.00;8;0;1;67;0;40;2;0;0.00;99;0;0.00;0.00;0.00;0.00;0;0;0;0;0.00;0.00;0.00;0;0.00;99;0;0.00;0;0.00;99;0;0.00;0.00;27;0;29;9;0;0;0;0;0;27;40;63;53;0;17;1;9;99;0;0;10;30;0;0
Alix Vinicius de Souza Sampaio;26;941875200;06/11/1999;Serie A;2025;Defender;Bragantino;861;439;422;Brazil;11;5;6;0;0;0;0;0;0;0;0;3;2;1;13;4;9;3;0;0;0;0;0;0;0;1.36;66;78;287;0;0.31;388;276;139;17;327315;4.59;0;48;47.56;28.44;76;455;23.88;382;53;39.93;73;0.00;0.00;0.12;2;0.00;0.12;0.84;0.50;8;0.00;0.00;0.00;0.00;0.00;0.62;0.06;0.88;0.00;0.52;0.25;0.25;0.00;0.06;0.02;0.00;1.12;0.00;0.00;0;0;;5;0.31;29;1;0.10;22;4;0.42;38;3;2;9;21;0.00;99;0;10;1.05;72;2;98;0.21;26;0;0.00;99;0;0.00;0;0;0.00;0;0.21;19;4;0.42;25;1;0.10;25.00;0;0.00;0;0;0;0.00;0;14;0.00;28;1.46;86;N/A;N/A;N/A;N/A;0.00;0;0.00;0;0.31;0.00;0;83.96;20.00;22;79;0.19;0.31;3;16;16;0;0;0;0.44;0.73;7;89;73.45;3.69;6.17;59;0;0.00;0.00;99;0.00;0;0;0;0.00;0.00;0;0.00;0.00;0.00;0.00;0;1;0.00;42;28;14;40;28;0.78;19;0.05;0.08;0.31;21;0.02;0.03;33;7;0.44;0.73;1.67;1.00;70;16;0.03;21;15;96;67;0;40;80;0;0.00;99;18;0.00;1.88;6.79;4.06;65;33;21;20;3.45;2.06;50.77;0;0.00;99;0;5000.00;0;0.00;99;100;6.25;10.45;66;30;37;53;0;0;0;0;0;27;40;63;53;0;47;45;39;71;3;27;86;4;N/A;N/A
Alix Vinicius de Souza Sampaio;26;941875200;06/11/1999;Serie A;2025;Defender;Bragantino;861;439;422;Brazil;11;5;6;0;0;0;0;0;0;0;0;3;2;1;13;4;9;3;0;0;0;0;0;0;0;1.36;66;78;287;0;0.31;388;276;139;17;327315;4.59;0;48;47.56;28.44;76;455;23.88;382;53;39.93;73;0.00;0.00;0.12;2;0.00;0.12;0.84;0.50;8;0.00;0.00;0.00;0.00;0.00;0.62;0.06;0.88;0.00;0.52;0.25;0.25;0.00;0.06;0.02;0.00;1.12;0.00;0.00;0;0;;5;0.31;29;1;0.10;22;4;0.42;38;3;2;9;21;0.00;99;0;10;1.05;72;2;98;0.21;26;0;0.00;99;0;0.00;0;0;0.00;0;0.21;19;4;0.42;25;1;0.10;25.00;0;0.00;0;0;0;0.00;0;14;0.00;28;1.46;86;N/A;N/A;N/A;N/A;0.00;0;0.00;0;0.31;0.00;0;83.96;20.00;22;79;0.19;0.31;3;16;16;0;0;0;0.44;0.73;7;89;73.45;3.69;6.17;59;0;0.00;0.00;99;0.00;0;0;0;0.00;0.00;0;0.00;0.00;0.00;0.00;0;1;0.00;42;28;14;40;28;0.78;19;0.05;0.08;0.31;21;0.02;0.03;33;7;0.44;0.73;1.67;1.00;70;16;0.03;21;15;96;67;0;40;80;0;0.00;99;18;0.00;1.88;6.79;4.06;65;33;21;20;3.45;2.06;50.77;0;0.00;99;0;5000.00;0;0.00;99;100;6.25;10.45;66;30;37;53;0;0;0;0;0;27;40;63;53;0;47;45;39;71;3;27;86;4;N/A;N/A
Alix Vinicius de Souza Sampaio;26;941875200;06/11/1999;Serie A;2025;Defender;Bragantino;861;439;422;Brazil;11;5;6;0;0;0;0;0;0;0;0;3;2;1;13;4;9;3;0;0;0;0;0;0;0;1.36;66;78;287;0;0.31;388;276;139;17;327315;4.59;0;48;47.56;28.44;76;455;23.88;382;53;39.93;73;0.00;0.00;0.12;2;0.00;0.12;0.84;0.50;8;0.00;0.00;0.00;0.00;0.00;0.62;0.06;0.88;0.00;0.52;0.25;0.25;0.00;0.06;0.02;0.00;1.12;0.00;0.00;0;0;;5;0.31;29;1;0.10;22;4;0.42;38;3;2;9;21;0.00;99;0;10;1.05;72;2;98;0.21;26;0;0.00;99;0;0.00;0;0;0.00;0;0.21;19;4;0.42;25;1;0.10;25.00;0;0.00;0;0;0;0.00;0;14;0.00;28;1.46;86;N/A;N/A;N/A;N/A;0.00;0;0.00;0;0.31;0.00;0;83.96;20.00;22;79;0.19;0.31;3;16;16;0;0;0;0.44;0.73;7;89;73.45;3.69;6.17;59;0;0.00;0.00;99;0.00;0;0;0;0.00;0.00;0;0.00;0.00;0.00;0.00;0;1;0.00;42;28;14;40;28;0.78;19;0.05;0.08;0.31;21;0.02;0.03;33;7;0.44;0.73;1.67;1.00;70;16;0.03;21;15;96;67;0;40;80;0;0.00;99;18;0.00;1.88;6.79;4.06;65;33;21;20;3.45;2.06;50.77;0;0.00;99;0;5000.00;0;0.00;99;100;6.25;10.45;66;30;37;53;0;0;0;0;0;27;40;63;53;0;47;45;39;71;3;27;86;4;N/A;N/A
Alix Vinicius de Souza Sampaio;26;941875200;06/11/1999;Serie A;2025;Defender;Bragantino;861;439;422;Brazil;11;5;6;0;0;0;0;0;0;0;0;3;2;1;13;4;9;3;0;0;0;0;0;0;0;1.36;66;78;287;0;0.31;388;276;139;17;327315;4.59;0;48;47.56;28.44;76;455;23.88;382;53;39.93;73;0.00;0.00;0.12;2;0.00;0.12;0.84;0.50;8;0.00;0.00;0.00;0.00;0.00;0.62;0.06;0.88;0.00;0.52;0.25;0.25;0.00;0.06;0.02;0.00;1.12;0.00;0.00;0;0;;5;0.31;29;1;0.10;22;4;0.42;38;3;2;9;21;0.00;99;0;10;1.05;72;2;98;0.21;26;0;0.00;99;0;0.00;0;0;0.00;0;0.21;19;4;0.42;25;1;0.10;25.00;0;0.00;0;0;0;0.00;0;14;0.00;28;1.46;86;N/A;N/A;N/A;N/A;0.00;0;0.00;0;0.31;0.00;0;83.96;20.00;22;79;0.19;0.31;3;16;16;0;0;0;0.44;0.73;7;89;73.45;3.69;6.17;59;0;0.00;0.00;99;0.00;0;0;0;0.00;0.00;0;0.00;0.00;0.00;0.00;0;1;0.00;42;28;14;40;28;0.78;19;0.05;0.08;0.31;21;0.02;0.03;33;7;0.44;0.73;1.67;1.00;70;16;0.03;21;15;96;67;0;40;80;0;0.00;99;18;0.00;1.88;6.79;4.06;65;33;21;20;3.45;2.06;50.77;0;0.00;99;0;5000.00;0;0.00;99;100;6.25;10.45;66;30;37;53;0;0;0;0;0;27;40;63;53;0;47;45;39;71;3;27;86;4;N/A;N/A
Allan;28;857376000;03/03/1997;Serie A;2025;Midfielder;Flamengo;683;506;177;Brazil;13;8;5;0;0;0;0;0;0;0;0;9;6;3;2;2;0;2;0;0;0;0;0;0;0;0.26;342;53;342;0;0.26;529;522;-1;27;503879;3.97;0;48;68.26;24.67;98;518;23.19;487;99;64.17;99;0.00;0.00;0.24;5;0.00;0.00;0.79;0.29;6;0.00;0.29;0.00;0.00;0.00;0.29;0.24;0.05;0.00;0.26;0.05;0.29;0.00;0.05;0.01;0.00;0.19;0.00;0.00;0;0;;2;0.10;13;1;0.13;25;1;0.13;12;1;4;9;19;0.00;99;0;6;0.79;55;0;27;0.00;12;0;0.00;99;0;0.00;0;0;0.00;0;0.66;43;6;0.79;38;5;0.66;83.33;0;0.00;0;0;0;0.00;0;1;0.00;99;0.13;3;N/A;N/A;N/A;N/A;0.00;0;0.00;0;0.21;0.00;0;94.02;50.00;84;99;0.00;0.00;0;61;94;0;0;0;0.24;0.66;5;86;83.31;0.38;1.05;8;0;0.00;0.00;99;0.00;0;0;0;0.00;0.00;0;0.00;0.00;0.00;0.00;0;0;0.00;42;18;20;40;99;1.43;76;0.07;0.19;0.21;21;0.01;0.03;42;7;0.33;0.92;2.37;0.86;94;18;0.03;21;8;41;67;0;40;27;0;0.00;99;4;0.00;0.53;6.33;2.29;48;22;11;15;2.90;1.05;45.83;6;0.79;45;0;0.00;0;0.00;99;0;0.00;0.00;27;30;52;26;0;0;0;0;0;27;40;63;53;0;68;99;50;60;2;15;55;29;N/A;N/A
Allan;28;857376000;03/03/1997;Serie A;2025;Midfielder;Flamengo;683;506;177;Brazil;13;8;5;0;0;0;0;0;0;0;0;9;6;3;2;2;0;2;0;0;0;0;0;0;0;0.26;342;53;342;0;0.26;529;522;-1;27;503879;3.97;0;48;68.26;24.67;98;518;23.19;487;99;64.17;99;0.00;0.00;0.24;5;0.00;0.00;0.79;0.29;6;0.00;0.29;0.00;0.00;0.00;0.29;0.24;0.05;0.00;0.26;0.05;0.29;0.00;0.05;0.01;0.00;0.19;0.00;0.00;0;0;;2;0.10;13;1;0.13;25;1;0.13;12;1;4;9;19;0.00;99;0;6;0.79;55;0;27;0.00;12;0;0.00;99;0;0.00;0;0;0.00;0;0.66;43;6;0.79;38;5;0.66;83.33;0;0.00;0;0;0;0.00;0;1;0.00;99;0.13;3;N/A;N/A;N/A;N/A;0.00;0;0.00;0;0.21;0.00;0;94.02;50.00;84;99;0.00;0.00;0;61;94;0;0;0;0.24;0.66;5;86;83.31;0.38;1.05;8;0;0.00;0.00;99;0.00;0;0;0;0.00;0.00;0;0.00;0.00;0.00;0.00;0;0;0.00;42;18;20;40;99;1.43;76;0.07;0.19;0.21;21;0.01;0.03;42;7;0.33;0.92;2.37;0.86;94;18;0.03;21;8;41;67;0;40;27;0;0.00;99;4;0.00;0.53;6.33;2.29;48;22;11;15;2.90;1.05;45.83;6;0.79;45;0;0.00;0;0.00;99;0;0.00;0.00;27;30;52;26;0;0;0;0;0;27;40;63;53;0;68;99;50;60;2;15;55;29;N/A;N/A
Allan;28;857376000;03/03/1997;Serie A;2025;Midfielder;Flamengo;683;506;177;Brazil;13;8;5;0;0;0;0;0;0;0;0;9;6;3;2;2;0;2;0;0;0;0;0;0;0;0.26;342;53;342;0;0.26;529;522;-1;27;503879;3.97;0;48;68.26;24.67;98;518;23.19;487;99;64.17;99;0.00;0.00;0.24;5;0.00;0.00;0.79;0.29;6;0.00;0.29;0.00;0.00;0.00;0.29;0.24;0.05;0.00;0.26;0.05;0.29;0.00;0.05;0.01;0.00;0.19;0.00;0.00;0;0;;2;0.10;13;1;0.13;25;1;0.13;12;1;4;9;19;0.00;99;0;6;0.79;55;0;27;0.00;12;0;0.00;99;0;0.00;0;0;0.00;0;0.66;43;6;0.79;38;5;0.66;83.33;0;0.00;0;0;0;0.00;0;1;0.00;99;0.13;3;N/A;N/A;N/A;N/A;0.00;0;0.00;0;0.21;0.00;0;94.02;50.00;84;99;0.00;0.00;0;61;94;0;0;0;0.24;0.66;5;86;83.31;0.38;1.05;8;0;0.00;0.00;99;0.00;0;0;0;0.00;0.00;0;0.00;0.00;0.00;0.00;0;0;0.00;42;18;20;40;99;1.43;76;0.07;0.19;0.21;21;0.01;0.03;42;7;0.33;0.92;2.37;0.86;94;18;0.03;21;8;41;67;0;40;27;0;0.00;99;4;0.00;0.53;6.33;2.29;48;22;11;15;2.90;1.05;45.83;6;0.79;45;0;0.00;0;0.00;99;0;0.00;0.00;27;30;52;26;0;0;0;0;0;27;40;63;53;0;68;99;50;60;2;15;55;29;N/A;N/A
Allan;28;857376000;03/03/1997;Serie A;2025;Midfielder;Flamengo;683;506;177;Brazil;13;8;5;0;0;0;0;0;0;0;0;9;6;3;2;2;0;2;0;0;0;0;0;0;0;0.26;342;53;342;0;0.26;529;522;-1;27;503879;3.97;0;48;68.26;24.67;98;518;23.19;487;99;64.17;99;0.00;0.00;0.24;5;0.00;0.00;0.79;0.29;6;0.00;0.29;0.00;0.00;0.00;0.29;0.24;0.05;0.00;0.26;0.05;0.29;0.00;0.05;0.01;0.00;0.19;0.00;0.00;0;0;;2;0.10;13;1;0.13;25;1;0.13;12;1;4;9;19;0.00;99;0;6;0.79;55;0;27;0.00;12;0;0.00;99;0;0.00;0;0;0.00;0;0.66;43;6;0.79;38;5;0.66;83.33;0;0.00;0;0;0;0.00;0;1;0.00;99;0.13;3;N/A;N/A;N/A;N/A;0.00;0;0.00;0;0.21;0.00;0;94.02;50.00;84;99;0.00;0.00;0;61;94;0;0;0;0.24;0.66;5;86;83.31;0.38;1.05;8;0;0.00;0.00;99;0.00;0;0;0;0.00;0.00;0;0.00;0.00;0.00;0.00;0;0;0.00;42;18;20;40;99;1.43;76;0.07;0.19;0.21;21;0.01;0.03;42;7;0.33;0.92;2.37;0.86;94;18;0.03;21;8;41;67;0;40;27;0;0.00;99;4;0.00;0.53;6.33;2.29;48;22;11;15;2.90;1.05;45.83;6;0.79;45;0;0.00;0;0.00;99;0;0.00;0.00;27;30;52;26;0;0;0;0;0;27;40;63;53;0;68;99;50;60;2;15;55;29;N/A;N/A
Allan;28;857376000;03/03/1997;Serie A;2025;Midfielder;Flamengo;683;506;177;Brazil;13;8;5;0;0;0;0;0;0;0;0;9;6;3;2;2;0;2;0;0;0;0;0;0;0;0.26;342;53;342;0;0.26;529;522;-1;27;503879;3.97;0;48;68.26;24.67;98;518;23.19;487;99;64.17;99;0.00;0.00;0.24;5;0.00;0.00;0.79;0.29;6;0.00;0.29;0.00;0.00;0.00;0.29;0.24;0.05;0.00;0.26;0.05;0.29;0.00;0.05;0.01;0.00;0.19;0.00;0.00;0;0;;2;0.10;13;1;0.13;25;1;0.13;12;1;4;9;19;0.00;99;0;6;0.79;55;0;27;0.00;12;0;0.00;99;0;0.00;0;0;0.00;0;0.66;43;6;0.79;38;5;0.66;83.33;0;0.00;0;0;0;0.00;0;1;0.00;99;0.13;3;N/A;N/A;N/A;N/A;0.00;0;0.00;0;0.21;0.00;0;94.02;50.00;84;99;0.00;0.00;0;61;94;0;0;0;0.24;0.66;5;86;83.31;0.38;1.05;8;0;0.00;0.00;99;0.00;0;0;0;0.00;0.00;0;0.00;0.00;0.00;0.00;0;0;0.00;42;18;20;40;99;1.43;76;0.07;0.19;0.21;21;0.01;0.03;42;7;0.33;0.92;2.37;0.86;94;18;0.03;21;8;41;67;0;40;27;0;0.00;99;4;0.00;0.53;6.33;2.29;48;22;11;15;2.90;1.05;45.83;6;0.79;45;0;0.00;0;0.00;99;0;0.00;0.00;27;30;52;26;0;0;0;0;0;27;40;63;53;0;68;99;50;60;2;15;55;29;N/A;N/A
Allan;34;663321600;08/01/1991;Serie A;2025;Midfielder;Botafogo;962;525;437;Brazil;21;13;8;0;0;0;0;0;0;0;0;9;5;4;14;10;4;8;0;0;0;0;0;0;0;1.31;69;46;120;0;0.75;547;543;-1;34;2963999;4.96;0;48;59.88;23.70;94;640;21.59;583;94;54.54;94;0.00;0.00;0.19;5;0.00;0.30;2.62;1.04;28;0.00;0.30;0.00;0.00;0.00;0.26;0.15;0.33;0.00;0.19;0.04;0.26;0.00;0.04;0.01;0.00;0.15;0.00;0.00;0;0;;2;0.07;10;1;0.09;20;1;0.09;10;4;10;11;91;0.00;99;0;7;0.65;45;8;97;0.75;47;0;0.00;99;0;0.00;0;0;0.00;0;0.47;31;7;0.65;33;4;0.37;57.14;0;0.00;0;0;0;0.00;0;9;0.00;31;0.84;61;N/A;N/A;N/A;N/A;0.00;0;0.00;0;0.20;0.00;0;91.09;50.00;84;2;0.67;1.68;18;39;75;0;0;0;0.11;0.28;3;57;133.89;0.70;1.78;19;0;0.00;0.00;99;0.00;0;0;0;0.00;0.00;0;0.00;0.00;0.00;0.00;0;0;0.00;42;34;52;40;34;1.61;61;0.06;0.15;0.20;15;0.01;0.02;43;10;0.37;0.94;2.62;1.04;97;28;0.02;15;21;59;67;0;40;17;0;0.00;99;4;0.00;0.37;9.82;3.89;105;44;36;57;4.12;1.63;41.90;8;0.75;46;0;3762.50;0;0.00;99;301;11.15;28.16;92;40;83;66;0;0;0;0;0;27;40;63;53;0;99;87;10;99;8;38;97;25;N/A;N/A
Allan;34;663321600;08/01/1991;Serie A;2025;Midfielder;Botafogo;962;525;437;Brazil;21;13;8;0;0;0;0;0;0;0;0;9;5;4;14;10;4;8;0;0;0;0;0;0;0;1.31;69;46;120;0;0.75;547;543;-1;34;2963999;4.96;0;48;59.88;23.70;94;640;21.59;583;94;54.54;94;0.00;0.00;0.19;5;0.00;0.30;2.62;1.04;28;0.00;0.30;0.00;0.00;0.00;0.26;0.15;0.33;0.00;0.19;0.04;0.26;0.00;0.04;0.01;0.00;0.15;0.00;0.00;0;0;;2;0.07;10;1;0.09;20;1;0.09;10;4;10;11;91;0.00;99;0;7;0.65;45;8;97;0.75;47;0;0.00;99;0;0.00;0;0;0.00;0;0.47;31;7;0.65;33;4;0.37;57.14;0;0.00;0;0;0;0.00;0;9;0.00;31;0.84;61;N/A;N/A;N/A;N/A;0.00;0;0.00;0;0.20;0.00;0;91.09;50.00;84;2;0.67;1.68;18;39;75;0;0;0;0.11;0.28;3;57;133.89;0.70;1.78;19;0;0.00;0.00;99;0.00;0;0;0;0.00;0.00;0;0.00;0.00;0.00;0.00;0;0;0.00;42;34;52;40;34;1.61;61;0.06;0.15;0.20;15;0.01;0.02;43;10;0.37;0.94;2.62;1.04;97;28;0.02;15;21;59;67;0;40;17;0;0.00;99;4;0.00;0.37;9.82;3.89;105;44;36;57;4.12;1.63;41.90;8;0.75;46;0;3762.50;0;0.00;99;301;11.15;28.16;92;40;83;66;0;0;0;0;0;27;40;63;53;0;99;87;10;99;8;38;97;25;N/A;N/A
Allan;34;663321600;08/01/1991;Serie A;2025;Midfielder;Botafogo;962;525;437;Brazil;21;13;8;0;0;0;0;0;0;0;0;9;5;4;14;10;4;8;0;0;0;0;0;0;0;1.31;69;46;120;0;0.75;547;543;-1;34;2963999;4.96;0;48;59.88;23.70;94;640;21.59;583;94;54.54;94;0.00;0.00;0.19;5;0.00;0.30;2.62;1.04;28;0.00;0.30;0.00;0.00;0.00;0.26;0.15;0.33;0.00;0.19;0.04;0.26;0.00;0.04;0.01;0.00;0.15;0.00;0.00;0;0;;2;0.07;10;1;0.09;20;1;0.09;10;4;10;11;91;0.00;99;0;7;0.65;45;8;97;0.75;47;0;0.00;99;0;0.00;0;0;0.00;0;0.47;31;7;0.65;33;4;0.37;57.14;0;0.00;0;0;0;0.00;0;9;0.00;31;0.84;61;N/A;N/A;N/A;N/A;0.00;0;0.00;0;0.20;0.00;0;91.09;50.00;84;2;0.67;1.68;18;39;75;0;0;0;0.11;0.28;3;57;133.89;0.70;1.78;19;0;0.00;0.00;99;0.00;0;0;0;0.00;0.00;0;0.00;0.00;0.00;0.00;0;0;0.00;42;34;52;40;34;1.61;61;0.06;0.15;0.20;15;0.01;0.02;43;10;0.37;0.94;2.62;1.04;97;28;0.02;15;21;59;67;0;40;17;0;0.00;99;4;0.00;0.37;9.82;3.89;105;44;36;57;4.12;1.63;41.90;8;0.75;46;0;3762.50;0;0.00;99;301;11.15;28.16;92;40;83;66;0;0;0;0;0;27;40;63;53;0;99;87;10;99;8;38;97;25;N/A;N/A
Allan;34;663321600;08/01/1991;Serie A;2025;Midfielder;Botafogo;962;525;437;Brazil;21;13;8;0;0;0;0;0;0;0;0;9;5;4;14;10;4;8;0;0;0;0;0;0;0;1.31;69;46;120;0;0.75;547;543;-1;34;2963999;4.96;0;48;59.88;23.70;94;640;21.59;583;94;54.54;94;0.00;0.00;0.19;5;0.00;0.30;2.62;1.04;28;0.00;0.30;0.00;0.00;0.00;0.26;0.15;0.33;0.00;0.19;0.04;0.26;0.00;0.04;0.01;0.00;0.15;0.00;0.00;0;0;;2;0.07;10;1;0.09;20;1;0.09;10;4;10;11;91;0.00;99;0;7;0.65;45;8;97;0.75;47;0;0.00;99;0;0.00;0;0;0.00;0;0.47;31;7;0.65;33;4;0.37;57.14;0;0.00;0;0;0;0.00;0;9;0.00;31;0.84;61;N/A;N/A;N/A;N/A;0.00;0;0.00;0;0.20;0.00;0;91.09;50.00;84;2;0.67;1.68;18;39;75;0;0;0;0.11;0.28;3;57;133.89;0.70;1.78;19;0;0.00;0.00;99;0.00;0;0;0;0.00;0.00;0;0.00;0.00;0.00;0.00;0;0;0.00;42;34;52;40;34;1.61;61;0.06;0.15;0.20;15;0.01;0.02;43;10;0.37;0.94;2.62;1.04;97;28;0.02;15;21;59;67;0;40;17;0;0.00;99;4;0.00;0.37;9.82;3.89;105;44;36;57;4.12;1.63;41.90;8;0.75;46;0;3762.50;0;0.00;99;301;11.15;28.16;92;40;83;66;0;0;0;0;0;27;40;63;53;0;99;87;10;99;8;38;97;25;N/A;N/A
Allan;34;663321600;08/01/1991;Serie A;2025;Midfielder;Botafogo;962;525;437;Brazil;21;13;8;0;0;0;0;0;0;0;0;9;5;4;14;10;4;8;0;0;0;0;0;0;0;1.31;69;46;120;0;0.75;547;543;-1;34;2963999;4.96;0;48;59.88;23.70;94;640;21.59;583;94;54.54;94;0.00;0.00;0.19;5;0.00;0.30;2.62;1.04;28;0.00;0.30;0.00;0.00;0.00;0.26;0.15;0.33;0.00;0.19;0.04;0.26;0.00;0.04;0.01;0.00;0.15;0.00;0.00;0;0;;2;0.07;10;1;0.09;20;1;0.09;10;4;10;11;91;0.00;99;0;7;0.65;45;8;97;0.75;47;0;0.00;99;0;0.00;0;0;0.00;0;0.47;31;7;0.65;33;4;0.37;57.14;0;0.00;0;0;0;0.00;0;9;0.00;31;0.84;61;N/A;N/A;N/A;N/A;0.00;0;0.00;0;0.20;0.00;0;91.09;50.00;84;2;0.67;1.68;18;39;75;0;0;0;0.11;0.28;3;57;133.89;0.70;1.78;19;0;0.00;0.00;99;0.00;0;0;0;0.00;0.00;0;0.00;0.00;0.00;0.00;0;0;0.00;42;34;52;40;34;1.61;61;0.06;0.15;0.20;15;0.01;0.02;43;10;0.37;0.94;2.62;1.04;97;28;0.02;15;21;59;67;0;40;17;0;0.00;99;4;0.00;0.37;9.82;3.89;105;44;36;57;4.12;1.63;41.90;8;0.75;46;0;3762.50;0;0.00;99;301;11.15;28.16;92;40;83;66;0;0;0;0;0;27;40;63;53;0;99;87;10;99;8;38;97;25;N/A;N/A
Allan Andrade Elias;21;1082358000;19/04/2004;Serie A;2025;Midfielder;Palmeiras;907;436;471;Brazil;28;13;15;2;0;2;3;2;1;0;0;11;7;4;8;2;6;1;1;0.5;0.3;0.2;0;0.38;454;0.79;113;32;454;302;0.2;117;35;-1;14;267642;6.31;0.11;94;26.37;8.87;26;266;7.03;211;29;20.91;25;0.00;0.00;0.40;12;0.00;0.50;2.58;0.87;26;0.00;0.47;0.00;0.00;0.00;0.30;0.73;0.20;12.00;2.38;0.50;1.37;0.00;0.30;0.10;0.00;0.40;0.00;0.00;0;0;;24;0.80;90;9;0.89;87;15;1.49;92;10;20;8;90;0.00;99;0;9;0.89;61;15;69;1.49;58;0;0.00;99;0;0.00;0;0;0.00;0;1.19;69;41;4.06;93;22;2.18;53.66;0;0.00;0;0;0;0.00;0;6;0.00;85;0.59;39;N/A;N/A;N/A;N/A;0.00;0;0.00;0;3.03;0.00;0;79.32;37.50;57;2;0.57;1.69;17;96;68;0;0;0;0.17;0.50;5;79;189.29;0.43;1.29;13;0;0.00;0.00;99;0.00;0;0;1;0.03;0.10;0;0.00;0.00;0.10;0.03;1;0;8.33;58;32;75;61;85;2.66;90;0.09;0.26;3.03;87;0.10;0.30;56;12;0.40;1.19;1.39;0.47;55;14;0.30;84;45;48;90;0;61;61;0;0.00;99;12;0.00;1.19;15.26;5.13;154;72;94;95;7.14;2.40;46.75;14;1.39;19;0;666.67;0;0.00;99;100;3.33;9.91;63;26;99;99;0;0;0;0;0;91;81;94;53;0;40;80;67;44;0;0;10;40;N/A;N/A
Allan Andrade Elias;21;1082358000;19/04/2004;Serie A;2025;Midfielder;Palmeiras;907;436;471;Brazil;28;13;15;2;0;2;3;2;1;0;0;11;7;4;8;2;6;1;1;0.5;0.3;0.2;0;0.38;454;0.79;113;32;454;302;0.2;117;35;-1;14;267642;6.31;0.11;94;26.37;8.87;26;266;7.03;211;29;20.91;25;0.00;0.00;0.40;12;0.00;0.50;2.58;0.87;26;0.00;0.47;0.00;0.00;0.00;0.30;0.73;0.20;12.00;2.38;0.50;1.37;0.00;0.30;0.10;0.00;0.40;0.00;0.00;0;0;;24;0.80;90;9;0.89;87;15;1.49;92;10;20;8;90;0.00;99;0;9;0.89;61;15;69;1.49;58;0;0.00;99;0;0.00;0;0;0.00;0;1.19;69;41;4.06;93;22;2.18;53.66;0;0.00;0;0;0;0.00;0;6;0.00;85;0.59;39;N/A;N/A;N/A;N/A;0.00;0;0.00;0;3.03;0.00;0;79.32;37.50;57;2;0.57;1.69;17;96;68;0;0;0;0.17;0.50;5;79;189.29;0.43;1.29;13;0;0.00;0.00;99;0.00;0;0;1;0.03;0.10;0;0.00;0.00;0.10;0.03;1;0;8.33;58;32;75;61;85;2.66;90;0.09;0.26;3.03;87;0.10;0.30;56;12;0.40;1.19;1.39;0.47;55;14;0.30;84;45;48;90;0;61;61;0;0.00;99;12;0.00;1.19;15.26;5.13;154;72;94;95;7.14;2.40;46.75;14;1.39;19;0;666.67;0;0.00;99;100;3.33;9.91;63;26;99;99;0;0;0;0;0;91;81;94;53;0;40;80;67;44;0;0;10;40;N/A;N/A
Allan Andrade Elias;21;1082358000;19/04/2004;Serie A;2025;Midfielder;Palmeiras;907;436;471;Brazil;28;13;15;2;0;2;3;2;1;0;0;11;7;4;8;2;6;1;1;0.5;0.3;0.2;0;0.38;454;0.79;113;32;454;302;0.2;117;35;-1;14;267642;6.31;0.11;94;26.37;8.87;26;266;7.03;211;29;20.91;25;0.00;0.00;0.40;12;0.00;0.50;2.58;0.87;26;0.00;0.47;0.00;0.00;0.00;0.30;0.73;0.20;12.00;2.38;0.50;1.37;0.00;0.30;0.10;0.00;0.40;0.00;0.00;0;0;;24;0.80;90;9;0.89;87;15;1.49;92;10;20;8;90;0.00;99;0;9;0.89;61;15;69;1.49;58;0;0.00;99;0;0.00;0;0;0.00;0;1.19;69;41;4.06;93;22;2.18;53.66;0;0.00;0;0;0;0.00;0;6;0.00;85;0.59;39;N/A;N/A;N/A;N/A;0.00;0;0.00;0;3.03;0.00;0;79.32;37.50;57;2;0.57;1.69;17;96;68;0;0;0;0.17;0.50;5;79;189.29;0.43;1.29;13;0;0.00;0.00;99;0.00;0;0;1;0.03;0.10;0;0.00;0.00;0.10;0.03;1;0;8.33;58;32;75;61;85;2.66;90;0.09;0.26;3.03;87;0.10;0.30;56;12;0.40;1.19;1.39;0.47;55;14;0.30;84;45;48;90;0;61;61;0;0.00;99;12;0.00;1.19;15.26;5.13;154;72;94;95;7.14;2.40;46.75;14;1.39;19;0;666.67;0;0.00;99;100;3.33;9.91;63;26;99;99;0;0;0;0;0;91;81;94;53;0;40;80;67;44;0;0;10;40;N/A;N/A
Allan Andrade Elias;21;1082358000;19/04/2004;Serie A;2025;Midfielder;Palmeiras;907;436;471;Brazil;28;13;15;2;0;2;3;2;1;0;0;11;7;4;8;2;6;1;1;0.5;0.3;0.2;0;0.38;454;0.79;113;32;454;302;0.2;117;35;-1;14;267642;6.31;0.11;94;26.37;8.87;26;266;7.03;211;29;20.91;25;0.00;0.00;0.40;12;0.00;0.50;2.58;0.87;26;0.00;0.47;0.00;0.00;0.00;0.30;0.73;0.20;12.00;2.38;0.50;1.37;0.00;0.30;0.10;0.00;0.40;0.00;0.00;0;0;;24;0.80;90;9;0.89;87;15;1.49;92;10;20;8;90;0.00;99;0;9;0.89;61;15;69;1.49;58;0;0.00;99;0;0.00;0;0;0.00;0;1.19;69;41;4.06;93;22;2.18;53.66;0;0.00;0;0;0;0.00;0;6;0.00;85;0.59;39;N/A;N/A;N/A;N/A;0.00;0;0.00;0;3.03;0.00;0;79.32;37.50;57;2;0.57;1.69;17;96;68;0;0;0;0.17;0.50;5;79;189.29;0.43;1.29;13;0;0.00;0.00;99;0.00;0;0;1;0.03;0.10;0;0.00;0.00;0.10;0.03;1;0;8.33;58;32;75;61;85;2.66;90;0.09;0.26;3.03;87;0.10;0.30;56;12;0.40;1.19;1.39;0.47;55;14;0.30;84;45;48;90;0;61;61;0;0.00;99;12;0.00;1.19;15.26;5.13;154;72;94;95;7.14;2.40;46.75;14;1.39;19;0;666.67;0;0.00;99;100;3.33;9.91;63;26;99;99;0;0;0;0;0;91;81;94;53;0;40;80;67;44;0;0;10;40;N/A;N/A
Allan Andrade Elias;21;1082358000;19/04/2004;Serie A;2025;Midfielder;Palmeiras;907;436;471;Brazil;28;13;15;2;0;2;3;2;1;0;0;11;7;4;8;2;6;1;1;0.5;0.3;0.2;0;0.38;454;0.79;113;32;454;302;0.2;117;35;-1;14;267642;6.31;0.11;94;26.37;8.87;26;266;7.03;211;29;20.91;25;0.00;0.00;0.40;12;0.00;0.50;2.58;0.87;26;0.00;0.47;0.00;0.00;0.00;0.30;0.73;0.20;12.00;2.38;0.50;1.37;0.00;0.30;0.10;0.00;0.40;0.00;0.00;0;0;;24;0.80;90;9;0.89;87;15;1.49;92;10;20;8;90;0.00;99;0;9;0.89;61;15;69;1.49;58;0;0.00;99;0;0.00;0;0;0.00;0;1.19;69;41;4.06;93;22;2.18;53.66;0;0.00;0;0;0;0.00;0;6;0.00;85;0.59;39;N/A;N/A;N/A;N/A;0.00;0;0.00;0;3.03;0.00;0;79.32;37.50;57;2;0.57;1.69;17;96;68;0;0;0;0.17;0.50;5;79;189.29;0.43;1.29;13;0;0.00;0.00;99;0.00;0;0;1;0.03;0.10;0;0.00;0.00;0.10;0.03;1;0;8.33;58;32;75;61;85;2.66;90;0.09;0.26;3.03;87;0.10;0.30;56;12;0.40;1.19;1.39;0.47;55;14;0.30;84;45;48;90;0;61;61;0;0.00;99;12;0.00;1.19;15.26;5.13;154;72;94;95;7.14;2.40;46.75;14;1.39;19;0;666.67;0;0.00;99;100;3.33;9.91;63;26;99;99;0;0;0;0;0;91;81;94;53;0;40;80;67;44;0;0;10;40;N/A;N/A
Allan Victor Oliveira Mota;25;954831600;04/04/2000;Serie A;2025;Forward;Fortaleza;282;178;104;Brazil;9;4;5;0;0;0;2;1;1;0;0;1;1;0;4;3;1;1;0;0.64;0.64;0;0;0;0;1.28;71;31;282;141;0.32;398;1;-1;39;89258;5.59;0.22;99;23.30;6.64;17;73;5.18;57;23;18.19;19;0.00;0.00;0.55;6;0.00;1.36;0.96;0.27;3;0.00;0.73;0.00;0.00;0.00;0.27;0.73;0.18;0.00;1.91;0.55;1.73;0.00;0.00;0.03;0.00;0.45;0.00;0.00;0;0;;6;0.55;82;0;0.00;13;6;1.91;97;4;7;2;26;0.00;99;0;3;0.96;66;15;65;4.79;90;0;0.00;99;0;0.00;0;0;0.00;0;1.91;91;19;6.06;99;8;2.55;42.11;0;0.00;0;0;0;0.00;0;2;0.00;36;0.64;43;N/A;N/A;N/A;N/A;0.00;0;0.00;0;0.29;0.00;0;78.08;0.00;13;99;0.00;0.00;0;98;38;0;0;0;0.18;0.64;2;85;61.48;0.18;0.64;2;0;0.00;0.00;99;0.00;0;0;0;0.00;0.00;0;0.00;0.00;0.32;0.09;1;1;0.00;42;0;7;40;37;1.49;99;0.14;0.48;0.29;49;0.03;0.09;98;11;1.00;3.51;1.91;0.55;81;6;0.09;48;31;20;67;0;86;74;0;0.00;99;5;0.00;1.60;17.55;5.00;55;27;98;98;8.62;2.45;49.09;8;2.55;1;0;520.00;0;0.00;99;78;7.09;24.89;90;1;70;66;0;0;0;0;0;97;40;63;53;0;21;5;38;73;1;11;40;19;N/A;N/A
Allan Victor Oliveira Mota;25;954831600;04/04/2000;Serie A;2025;Forward;Fortaleza;282;178;104;Brazil;9;4;5;0;0;0;2;1;1;0;0;1;1;0;4;3;1;1;0;0.64;0.64;0;0;0;0;1.28;71;31;282;141;0.32;398;1;-1;39;89258;5.59;0.22;99;23.30;6.64;17;73;5.18;57;23;18.19;19;0.00;0.00;0.55;6;0.00;1.36;0.96;0.27;3;0.00;0.73;0.00;0.00;0.00;0.27;0.73;0.18;0.00;1.91;0.55;1.73;0.00;0.00;0.03;0.00;0.45;0.00;0.00;0;0;;6;0.55;82;0;0.00;13;6;1.91;97;4;7;2;26;0.00;99;0;3;0.96;66;15;65;4.79;90;0;0.00;99;0;0.00;0;0;0.00;0;1.91;91;19;6.06;99;8;2.55;42.11;0;0.00;0;0;0;0.00;0;2;0.00;36;0.64;43;N/A;N/A;N/A;N/A;0.00;0;0.00;0;0.29;0.00;0;78.08;0.00;13;99;0.00;0.00;0;98;38;0;0;0;0.18;0.64;2;85;61.48;0.18;0.64;2;0;0.00;0.00;99;0.00;0;0;0;0.00;0.00;0;0.00;0.00;0.32;0.09;1;1;0.00;42;0;7;40;37;1.49;99;0.14;0.48;0.29;49;0.03;0.09;98;11;1.00;3.51;1.91;0.55;81;6;0.09;48;31;20;67;0;86;74;0;0.00;99;5;0.00;1.60;17.55;5.00;55;27;98;98;8.62;2.45;49.09;8;2.55;1;0;520.00;0;0.00;99;78;7.09;24.89;90;1;70;66;0;0;0;0;0;97;40;63;53;0;21;5;38;73;1;11;40;19;N/A;N/A
Allan Vitor Silva de Barros;21;1073548800;08/01/2004;Serie A;2025;Midfielder;Vasco da Gama;0;0;0;Brazil;0;0;0;0;0;0;0;0;0;0;0;0;0;0;0;0;0;0;0;0;0;0;0;0;0;0;0;0;0;0;0;-1;-1;-1;-1;N/A;N/A;N/A;N/A;N/A;N/A;N/A;N/A;N/A;N/A;N/A;N/A;N/A;N/A;N/A;N/A;N/A;N/A;N/A;N/A;N/A;N/A;N/A;N/A;N/A;N/A;N/A;N/A;N/A;N/A;N/A;N/A;N/A;N/A;N/A;N/A;N/A;N/A;N/A;N/A;N/A;N/A;N/A;N/A;N/A;N/A;N/A;N/A;N/A;N/A;N/A;N/A;N/A;N/A;N/A;N/A;N/A;N/A;N/A;N/A;N/A;N/A;N/A;N/A;N/A;N/A;N/A;N/A;N/A;N/A;N/A;N/A;N/A;N/A;N/A;N/A;N/A;N/A;N/A;N/A;N/A;N/A;N/A;N/A;N/A;N/A;N/A;N/A;N/A;N/A;N/A;N/A;N/A;N/A;N/A;N/A;N/A;N/A;N/A;N/A;N/A;N/A;N/A;N/A;N/A;N/A;N/A;N/A;N/A;N/A;N/A;N/A;N/A;N/A;N/A;N/A;N/A;N/A;N/A;N/A;N/A;N/A;N/A;N/A;N/A;N/A;N/A;N/A;N/A;N/A;N/A;N/A;N/A;N/A;N/A;N/A;N/A;N/A;N/A;N/A;N/A;N/A;N/A;N/A;N/A;N/A;N/A;N/A;N/A;N/A;N/A;N/A;N/A;N/A;N/A;N/A;N/A;N/A;N/A;N/A;N/A;N/A;N/A;N/A;N/A;N/A;N/A;N/A;N/A;N/A;N/A;N/A;N/A;N/A;N/A;N/A;N/A;N/A;N/A;N/A;N/A;N/A;N/A;N/A;N/A;N/A;N/A;N/A;N/A;N/A;N/A;N/A;N/A;N/A;N/A;N/A;N/A;N/A;N/A;N/A;N/A;N/A;N/A;N/A;N/A;N/A;N/A;N/A;N/A;N/A;N/A;N/A;N/A;N/A;N/A;N/A;N/A;N/A;N/A;N/A;N/A;N/A;N/A;N/A
Allan Vitor Silva de Barros;21;1073548800;08/01/2004;Serie A;2025;Midfielder;Vasco da Gama;0;0;0;Brazil;0;0;0;0;0;0;0;0;0;0;0;0;0;0;0;0;0;0;0;0;0;0;0;0;0;0;0;0;0;0;0;-1;-1;-1;-1;N/A;N/A;N/A;N/A;N/A;N/A;N/A;N/A;N/A;N/A;N/A;N/A;N/A;N/A;N/A;N/A;N/A;N/A;N/A;N/A;N/A;N/A;N/A;N/A;N/A;N/A;N/A;N/A;N/A;N/A;N/A;N/A;N/A;N/A;N/A;N/A;N/A;N/A;N/A;N/A;N/A;N/A;N/A;N/A;N/A;N/A;N/A;N/A;N/A;N/A;N/A;N/A;N/A;N/A;N/A;N/A;N/A;N/A;N/A;N/A;N/A;N/A;N/A;N/A;N/A;N/A;N/A;N/A;N/A;N/A;N/A;N/A;N/A;N/A;N/A;N/A;N/A;N/A;N/A;N/A;N/A;N/A;N/A;N/A;N/A;N/A;N/A;N/A;N/A;N/A;N/A;N/A;N/A;N/A;N/A;N/A;N/A;N/A;N/A;N/A;N/A;N/A;N/A;N/A;N/A;N/A;N/A;N/A;N/A;N/A;N/A;N/A;N/A;N/A;N/A;N/A;N/A;N/A;N/A;N/A;N/A;N/A;N/A;N/A;N/A;N/A;N/A;N/A;N/A;N/A;N/A;N/A;N/A;N/A;N/A;N/A;N/A;N/A;N/A;N/A;N/A;N/A;N/A;N/A;N/A;N/A;N/A;N/A;N/A;N/A;N/A;N/A;N/A;N/A;N/A;N/A;N/A;N/A;N/A;N/A;N/A;N/A;N/A;N/A;N/A;N/A;N/A;N/A;N/A;N/A;N/A;N/A;N/A;N/A;N/A;N/A;N/A;N/A;N/A;N/A;N/A;N/A;N/A;N/A;N/A;N/A;N/A;N/A;N/A;N/A;N/A;N/A;N/A;N/A;N/A;N/A;N/A;N/A;N/A;N/A;N/A;N/A;N/A;N/A;N/A;N/A;N/A;N/A;N/A;N/A;N/A;N/A;N/A;N/A;N/A;N/A;N/A;N/A;N/A;N/A;N/A;N/A;N/A;N/A
Allan Vitor Silva de Barros;21;1073548800;08/01/2004;Serie A;2025;Midfielder;Vasco da Gama;0;0;0;Brazil;0;0;0;0;0;0;0;0;0;0;0;0;0;0;0;0;0;0;0;0;0;0;0;0;0;0;0;0;0;0;0;-1;-1;-1;-1;N/A;N/A;N/A;N/A;N/A;N/A;N/A;N/A;N/A;N/A;N/A;N/A;N/A;N/A;N/A;N/A;N/A;N/A;N/A;N/A;N/A;N/A;N/A;N/A;N/A;N/A;N/A;N/A;N/A;N/A;N/A;N/A;N/A;N/A;N/A;N/A;N/A;N/A;N/A;N/A;N/A;N/A;N/A;N/A;N/A;N/A;N/A;N/A;N/A;N/A;N/A;N/A;N/A;N/A;N/A;N/A;N/A;N/A;N/A;N/A;N/A;N/A;N/A;N/A;N/A;N/A;N/A;N/A;N/A;N/A;N/A;N/A;N/A;N/A;N/A;N/A;N/A;N/A;N/A;N/A;N/A;N/A;N/A;N/A;N/A;N/A;N/A;N/A;N/A;N/A;N/A;N/A;N/A;N/A;N/A;N/A;N/A;N/A;N/A;N/A;N/A;N/A;N/A;N/A;N/A;N/A;N/A;N/A;N/A;N/A;N/A;N/A;N/A;N/A;N/A;N/A;N/A;N/A;N/A;N/A;N/A;N/A;N/A;N/A;N/A;N/A;N/A;N/A;N/A;N/A;N/A;N/A;N/A;N/A;N/A;N/A;N/A;N/A;N/A;N/A;N/A;N/A;N/A;N/A;N/A;N/A;N/A;N/A;N/A;N/A;N/A;N/A;N/A;N/A;N/A;N/A;N/A;N/A;N/A;N/A;N/A;N/A;N/A;N/A;N/A;N/A;N/A;N/A;N/A;N/A;N/A;N/A;N/A;N/A;N/A;N/A;N/A;N/A;N/A;N/A;N/A;N/A;N/A;N/A;N/A;N/A;N/A;N/A;N/A;N/A;N/A;N/A;N/A;N/A;N/A;N/A;N/A;N/A;N/A;N/A;N/A;N/A;N/A;N/A;N/A;N/A;N/A;N/A;N/A;N/A;N/A;N/A;N/A;N/A;N/A;N/A;N/A;N/A;N/A;N/A;N/A;N/A;N/A;N/A
Allan Vitor Silva de Barros;21;1073548800;08/01/2004;Serie A;2025;Midfielder;Vasco da Gama;0;0;0;Brazil;0;0;0;0;0;0;0;0;0;0;0;0;0;0;0;0;0;0;0;0;0;0;0;0;0;0;0;0;0;0;0;-1;-1;-1;-1;N/A;N/A;N/A;N/A;N/A;N/A;N/A;N/A;N/A;N/A;N/A;N/A;N/A;N/A;N/A;N/A;N/A;N/A;N/A;N/A;N/A;N/A;N/A;N/A;N/A;N/A;N/A;N/A;N/A;N/A;N/A;N/A;N/A;N/A;N/A;N/A;N/A;N/A;N/A;N/A;N/A;N/A;N/A;N/A;N/A;N/A;N/A;N/A;N/A;N/A;N/A;N/A;N/A;N/A;N/A;N/A;N/A;N/A;N/A;N/A;N/A;N/A;N/A;N/A;N/A;N/A;N/A;N/A;N/A;N/A;N/A;N/A;N/A;N/A;N/A;N/A;N/A;N/A;N/A;N/A;N/A;N/A;N/A;N/A;N/A;N/A;N/A;N/A;N/A;N/A;N/A;N/A;N/A;N/A;N/A;N/A;N/A;N/A;N/A;N/A;N/A;N/A;N/A;N/A;N/A;N/A;N/A;N/A;N/A;N/A;N/A;N/A;N/A;N/A;N/A;N/A;N/A;N/A;N/A;N/A;N/A;N/A;N/A;N/A;N/A;N/A;N/A;N/A;N/A;N/A;N/A;N/A;N/A;N/A;N/A;N/A;N/A;N/A;N/A;N/A;N/A;N/A;N/A;N/A;N/A;N/A;N/A;N/A;N/A;N/A;N/A;N/A;N/A;N/A;N/A;N/A;N/A;N/A;N/A;N/A;N/A;N/A;N/A;N/A;N/A;N/A;N/A;N/A;N/A;N/A;N/A;N/A;N/A;N/A;N/A;N/A;N/A;N/A;N/A;N/A;N/A;N/A;N/A;N/A;N/A;N/A;N/A;N/A;N/A;N/A;N/A;N/A;N/A;N/A;N/A;N/A;N/A;N/A;N/A;N/A;N/A;N/A;N/A;N/A;N/A;N/A;N/A;N/A;N/A;N/A;N/A;N/A;N/A;N/A;N/A;N/A;N/A;N/A;N/A;N/A;N/A;N/A;N/A;N/A