timestamp,date_GMT,status,attendance,home_team_name,away_team_name,referee,Game Week,Pre-Match PPG (Home),Pre-Match PPG (Away),home_ppg,away_ppg,home_team_goal_count,away_team_goal_count,total_goal_count,total_goals_at_half_time,home_team_goal_count_half_time,away_team_goal_count_half_time,home_team_goal_timings,away_team_goal_timings,home_team_corner_count,away_team_corner_count,home_team_yellow_cards,home_team_red_cards,away_team_yellow_cards,away_team_red_cards,home_team_first_half_cards,home_team_second_half_cards,away_team_first_half_cards,away_team_second_half_cards,home_team_shots,away_team_shots,home_team_shots_on_target,away_team_shots_on_target,home_team_shots_off_target,away_team_shots_off_target,home_team_fouls,away_team_fouls,home_team_possession,away_team_possession,Home Team Pre-Match xG,Away Team Pre-Match xG,team_a_xg,team_b_xg,average_goals_per_match_pre_match,btts_percentage_pre_match,over_15_percentage_pre_match,over_25_percentage_pre_match,over_35_percentage_pre_match,over_45_percentage_pre_match,over_15_HT_FHG_percentage_pre_match,over_05_HT_FHG_percentage_pre_match,over_15_2HG_percentage_pre_match,over_05_2HG_percentage_pre_match,average_corners_per_match_pre_match,average_cards_per_match_pre_match,odds_ft_home_team_win,odds_ft_draw,odds_ft_away_team_win,odds_ft_over15,odds_ft_over25,odds_ft_over35,odds_ft_over45,odds_btts_yes,odds_btts_no,stadium_name
1737669600,Jan 23 2025 - 10:00pm,complete,N/A,Tigre,Vélez Sarsfield,Carlos Gariano,1,0.00,0.00,1.69,1.19,3,0,3,2,2,0,"3,9,47","",0,3,3,0,1,0,2,1,0,1,9,3,5,1,4,2,15,10,32,68,0.00,0.00,1.14,0.72,0.00,0,0,0,0,0,0,0,0,0,0.00,0.00,3.71,2.86,2.33,1.60,2.62,4.40,11.00,2.20,1.62,Estadio José Dellagiovanna
1737669600,Jan 23 2025 - 10:00pm,complete,N/A,Godoy Cruz,Rosario Central,Pablo Echavarría,1,0.00,0.00,0.94,1.88,0,3,3,2,0,2,"","18,26,48",4,4,3,0,2,0,0,3,1,1,8,11,1,5,7,6,14,11,56,44,0.00,0.00,1.08,1.42,0.00,0,0,0,0,0,0,0,0,0,0.00,0.00,2.80,2.83,2.80,1.62,2.78,5.75,12.00,2.20,1.62,Estadio Ciudad de Caseros
1737678600,Jan 24 2025 - 12:30am,complete,N/A,Defensa y Justicia,Banfield,Pablo Dóvalo,1,0.00,0.00,1.50,0.88,0,1,1,0,0,0,"","58",5,2,0,0,0,0,0,0,0,0,5,4,2,3,3,1,9,10,70,30,0.00,0.00,0.99,0.67,0.00,0,0,0,0,0,0,0,0,0,0.00,0.00,1.85,3.30,4.10,1.44,2.47,4.33,7.80,2.10,1.68,Estadio Norberto Tito Tomaghello
1737678600,Jan 24 2025 - 12:30am,complete,N/A,Newell's Old Boys,Independiente Rivadavia,Silvio Trucco,1,0.00,0.00,1.06,1.24,0,1,1,1,0,1,"","45",9,7,4,0,3,0,1,3,0,3,14,9,4,6,10,3,13,11,68,32,0.00,0.00,1.92,1.33,0.00,0,0,0,0,0,0,0,0,0,0.00,0.00,2.31,2.83,3.40,1.64,2.93,6.02,14.00,2.33,1.52,Estadio Marcelo Alberto Bielsa
1737678600,Jan 24 2025 - 12:30am,complete,N/A,Lanús,Deportivo Riestra,Andrés Merlos,1,0.00,0.00,1.88,1.24,0,2,2,0,0,0,"","76,86",8,3,2,0,1,0,1,1,1,0,10,6,3,2,7,4,6,14,72,28,0.00,0.00,1.47,0.96,0.00,0,0,0,0,0,0,0,0,0,0.00,0.00,1.75,3.50,4.55,1.35,2.20,4.17,7.50,2.07,1.67,Estadio Ciudad de Lanús - Néstor Díaz Pérez
1737748800,Jan 24 2025 - 8:00pm,complete,N/A,Barracas Central,Racing Club,N/A,1,0.00,0.00,1.47,1.76,1,3,4,2,1,1,"21","74,90'2,30",1,7,1,0,1,0,0,1,0,1,9,13,2,6,7,7,12,11,31,69,0.00,0.00,1.06,1.84,0.00,0,0,0,0,0,0,0,0,0,0.00,0.00,6.00,3.70,1.63,1.32,2.10,3.50,7.50,2.05,1.70,Estadio Claudio Chiqui Tapia
1737756900,Jan 24 2025 - 10:15pm,complete,N/A,Independiente,Sarmiento,N/A,1,0.00,0.00,1.94,1.13,2,1,3,1,1,0,"15,48","77",4,2,1,0,5,0,0,1,2,3,16,5,3,2,13,3,10,18,63,37,0.00,0.00,1.82,0.74,0.00,0,0,0,0,0,0,0,0,0,0.00,0.00,1.60,3.72,6.50,1.46,2.38,5.00,9.32,2.40,1.53,Estadio Libertadores de América
1737763200,Jan 25 2025 - 12:00am,complete,N/A,Belgrano,Huracán,N/A,1,0.00,0.00,1.25,1.44,1,1,2,2,1,1,"34","38",11,4,4,0,1,0,2,2,0,1,13,9,6,4,7,5,17,12,57,43,0.00,0.00,1.80,1.27,0.00,0,0,0,0,0,0,0,0,0,0.00,0.00,2.14,2.90,4.10,1.62,2.96,5.62,7.80,2.25,1.58,Estadio Julio César Villagra
1737765000,Jan 25 2025 - 12:30am,complete,N/A,San Martín San Juan,Atlético Tucumán,N/A,1,0.00,0.00,1.13,0.31,0,1,1,1,0,1,"","10",5,0,2,0,2,0,1,1,0,2,11,11,1,5,10,6,11,18,61,39,0.00,0.00,1.32,1.57,0.00,0,0,0,0,0,0,0,0,0,0.00,0.00,2.60,2.81,2.90,1.51,2.60,4.40,11.00,2.10,1.63,Estadio Ingeniero Hilario Sánchez
1737835200,Jan 25 2025 - 8:00pm,complete,N/A,San Lorenzo,Talleres Córdoba,N/A,1,0.00,0.00,1.78,1.18,1,0,1,0,0,0,"81","",3,6,3,0,1,0,0,3,1,0,8,14,3,8,5,6,14,17,35,65,0.00,0.00,1.10,1.97,0.00,0,0,0,0,0,0,0,0,0,0.00,0.00,3.40,2.75,2.40,1.60,3.40,6.50,11.00,2.25,1.53,N/A
1737843300,Jan 25 2025 - 10:15pm,complete,N/A,Estudiantes,Unión Santa Fe,N/A,1,0.00,0.00,1.88,1.00,3,1,4,3,3,0,"8,11,21","80",5,3,2,0,2,0,1,1,0,2,20,8,9,3,11,5,14,11,48,52,0.00,0.00,2.33,1.02,0.00,0,0,0,0,0,0,0,0,0,0.00,0.00,1.77,3.05,5.00,1.55,2.64,5.00,10.00,2.30,1.57,Estadio Ciudad de La Plata
1737843300,Jan 25 2025 - 10:15pm,complete,N/A,Instituto,Gimnasia La Plata,N/A,1,0.00,0.00,1.50,1.28,3,0,3,1,1,0,"34,75,90'5","",6,1,3,0,6,0,0,3,1,5,12,6,5,2,7,4,12,14,47,53,0.00,0.00,1.67,0.84,0.00,0,0,0,0,0,0,0,0,0,0.00,0.00,1.97,2.90,4.40,1.55,2.66,4.75,10.00,2.30,1.61,Estadio Juan Domingo Perón
1737851400,Jan 26 2025 - 12:30am,complete,N/A,Platense,River Plate,Ariel Penel,1,0.00,0.00,1.31,1.35,1,1,2,1,1,0,"12","87",3,6,1,0,1,0,1,0,0,1,4,11,3,6,1,5,9,8,21,79,0.00,0.00,0.60,1.64,0.00,0,0,0,0,0,0,0,0,0,0.00,0.00,5.50,3.20,1.60,1.57,2.91,6.23,10.00,2.38,1.53,Estadio Ciudad de Vicente López
1737928800,Jan 26 2025 - 10:00pm,complete,N/A,Boca Juniors,Argentinos Juniors,Hernán Mastrángelo,1,0.00,0.00,2.10,1.28,0,0,0,0,0,0,"","",5,5,1,0,2,0,0,1,0,2,6,10,2,3,4,7,10,13,58,42,0.00,0.00,0.87,1.24,0.00,0,0,0,0,0,0,0,0,0,0.00,0.00,2.10,2.75,3.65,1.55,2.43,4.75,7.80,2.10,1.67,Estadio Alberto José Armando
1737936000,Jan 27 2025 - 12:00am,complete,N/A,Central Córdoba SdE,Aldosivi,Jorge Baliño,1,0.00,0.00,1.61,0.81,1,0,1,0,0,0,"74","",5,3,1,0,1,0,0,1,1,0,9,8,4,3,5,5,17,11,53,47,0.00,0.00,1.27,1.05,0.00,0,0,0,0,0,0,0,0,0,0.00,0.00,2.00,2.95,4.60,1.57,2.53,6.00,10.00,2.40,1.56,N/A
1738018800,Jan 27 2025 - 11:00pm,complete,N/A,Banfield,Newell's Old Boys,N/A,2,0.00,0.00,1.31,1.00,3,0,3,2,2,0,"30,45'1,55","",7,6,2,0,4,0,0,2,2,2,10,7,5,2,5,5,19,13,36,64,0.00,0.00,1.40,1.06,0.00,0,0,0,0,0,0,0,0,0,0.00,0.00,2.40,2.80,3.35,1.55,3.10,5.50,10.00,2.36,1.59,Estadio Florencio Solá
1738094400,Jan 28 2025 - 8:00pm,complete,N/A,Deportivo Riestra,San Martín San Juan,N/A,2,0.00,0.00,1.82,0.63,0,0,0,0,0,0,"","",2,5,3,0,1,0,1,2,0,1,6,14,1,2,5,12,18,10,51,49,0.00,0.00,0.76,1.40,0.00,0,0,0,0,0,0,0,0,0,0.00,0.00,2.18,2.81,3.50,1.70,2.95,6.00,12.00,2.33,1.55,Estadio Guillermo Laza
1738102500,Jan 28 2025 - 10:15pm,complete,N/A,Sarmiento,Godoy Cruz,N/A,2,0.00,0.00,1.06,0.88,0,0,0,0,0,0,"","",9,1,1,0,2,0,0,1,1,1,10,7,5,2,5,5,13,19,47,53,0.00,0.00,1.53,1.14,0.00,0,0,0,0,0,0,0,0,0,0.00,0.00,2.35,2.80,3.50,1.51,2.56,5.53,11.00,2.11,1.67,Estadio Eva Perón de Junín
1738102500,Jan 28 2025 - 10:15pm,complete,N/A,Rosario Central,Lanús,N/A,2,0.00,0.00,2.05,1.12,2,1,3,2,2,0,"10,38","84",4,7,3,0,3,0,3,0,2,1,4,6,2,2,2,4,17,10,47,53,0.00,0.00,0.92,1.09,0.00,0,0,0,0,0,0,0,0,0,0.00,0.00,2.42,2.80,3.25,1.52,2.65,4.60,11.90,2.17,1.66,Estadio El Fortín de Ludueña
1738110600,Jan 29 2025 - 12:30am,complete,N/A,Vélez Sarsfield,Platense,N/A,2,0.00,0.00,1.24,1.20,0,1,1,0,0,0,"","90'3",7,2,2,0,5,0,0,2,2,3,9,4,5,1,4,3,10,19,66,34,0.00,0.00,1.44,0.56,0.00,0,0,0,0,0,0,0,0,0,0.00,0.00,1.85,2.98,5.29,1.70,3.00,6.50,15.10,2.60,1.50,Estadio José Amalfitani
1738110600,Jan 29 2025 - 12:30am,complete,N/A,Independiente Rivadavia,Barracas Central,N/A,2,0.00,0.00,1.38,1.50,0,0,0,0,0,0,"","",3,4,2,0,2,0,0,2,0,2,10,8,4,1,6,7,11,16,62,38,0.00,0.00,1.34,0.88,0.00,0,0,0,0,0,0,0,0,0,0.00,0.00,1.82,3.12,5.47,1.57,2.70,5.50,10.00,2.38,1.53,Estadio Juan Bautista Gargantini
1738180800,Jan 29 2025 - 8:00pm,complete,N/A,Gimnasia La Plata,San Lorenzo,N/A,2,0.00,0.00,1.24,1.28,0,2,2,0,0,0,"","83,74",10,2,6,0,2,0,2,4,1,1,4,7,1,3,3,4,14,5,58,42,0.00,0.00,0.93,1.05,0.00,0,0,0,0,0,0,0,0,0,0.00,0.00,2.45,2.66,3.35,1.73,3.08,6.80,9.50,2.38,1.53,Estadio Juan Carmelo Zerillo
1738180800,Jan 29 2025 - 8:00pm,complete,N/A,Talleres Córdoba,Independiente,N/A,2,0.00,0.00,0.88,1.12,2,3,5,3,1,2,"85,5","38,90'2,17",7,3,2,0,4,0,2,0,2,2,16,3,8,3,8,0,9,18,58,42,0.00,0.00,2.07,0.64,0.00,0,0,0,0,0,0,0,0,0,0.00,0.00,2.14,2.80,3.45,1.57,2.80,5.45,10.00,2.20,1.65,Estadio Juan Domingo Perón
1738188900,Jan 29 2025 - 10:15pm,complete,N/A,Unión Santa Fe,Boca Juniors,N/A,2,0.00,0.00,1.35,1.56,1,1,2,1,0,1,"90'2","5",8,2,4,0,3,0,2,2,2,1,9,6,4,5,5,1,13,12,55,45,0.00,0.00,1.51,1.19,0.00,0,0,0,0,0,0,0,0,0,0.00,0.00,2.80,2.90,2.70,1.52,2.75,5.50,9.30,2.31,1.62,Estadio 15 de Abril
1738188900,Jan 29 2025 - 10:15pm,complete,N/A,Huracán,Estudiantes,N/A,2,0.00,0.00,1.56,1.05,0,0,0,0,0,0,"","",8,2,2,0,6,1,1,1,4,3,20,4,7,1,13,3,13,20,60,40,0.00,0.00,2.37,0.61,0.00,0,0,0,0,0,0,0,0,0,0.00,0.00,3.05,2.76,2.44,1.62,3.10,6.00,8.50,2.20,1.57,Estadio Tomás Adolfo Ducó
1738197000,Jan 30 2025 - 12:30am,complete,N/A,River Plate,Instituto,N/A,2,0.00,0.00,1.89,0.59,1,0,1,0,0,0,"90","",3,0,4,0,1,0,2,2,1,0,10,9,5,3,5,6,15,15,70,30,0.00,0.00,1.47,1.08,0.00,0,0,0,0,0,0,0,0,0,0.00,0.00,1.41,4.45,6.70,1.33,1.91,3.40,7.50,2.10,1.62,Estadio Monumental Antonio Vespucio Liberti
1738267200,Jan 30 2025 - 8:00pm,complete,N/A,Aldosivi,Defensa y Justicia,N/A,2,0.00,0.00,1.25,0.88,0,5,5,2,0,2,"","4,25,49,68,84",11,4,2,0,4,0,0,2,2,2,16,9,7,7,9,2,7,13,51,49,0.00,0.00,2.25,1.49,0.00,0,0,0,0,0,0,0,0,0,0.00,0.00,3.08,2.80,2.62,1.53,2.50,4.70,9.10,2.07,1.69,Estadio José María Minella
1738275300,Jan 30 2025 - 10:15pm,complete,N/A,Racing Club,Belgrano,N/A,2,0.00,0.00,1.55,1.06,4,0,4,1,1,0,"21,82,68,62","",7,6,0,0,0,0,0,0,0,0,10,6,4,2,6,4,15,11,52,48,0.00,0.00,1.31,1.04,0.00,0,0,0,0,0,0,0,0,0,0.00,0.00,1.58,3.85,5.50,1.25,1.80,2.90,5.80,1.80,1.91,Estadio Presidente Juan Domingo Perón
1738283400,Jan 31 2025 - 12:30am,complete,N/A,Central Córdoba SdE,Atlético Tucumán,N/A,2,3.00,3.00,1.61,0.31,2,0,2,1,1,0,"44,55","",4,1,1,0,3,0,0,1,1,2,15,8,6,2,9,6,9,10,40,60,1.27,1.57,1.67,0.99,1.00,0,0,0,0,0,0,50,0,50,5.00,3.00,2.40,3.00,3.00,1.55,2.63,5.00,9.85,2.10,1.65,N/A
1738283400,Jan 31 2025 - 12:30am,complete,N/A,Argentinos Juniors,Tigre,N/A,2,0.00,0.00,2.28,1.37,1,0,1,1,1,0,"20","",5,2,3,0,3,1,1,2,0,4,8,5,2,0,6,5,8,13,57,43,0.00,0.00,1.19,0.74,0.00,0,0,0,0,0,0,0,0,0,0.00,0.00,2.06,3.10,3.85,1.51,2.77,5.00,9.50,2.31,1.55,Estadio Diego Armando Maradona
1738440000,Feb 01 2025 - 8:00pm,complete,N/A,Barracas Central,Banfield,N/A,3,0.00,3.00,1.47,0.88,1,0,1,1,1,0,"18","",0,6,2,0,3,0,1,1,2,1,4,11,2,6,2,5,13,17,32,68,1.06,0.67,0.60,1.62,2.50,50,50,50,50,0,50,50,50,100,3.00,1.00,3.00,2.77,2.70,1.71,3.00,7.00,14.00,2.30,1.49,Estadio Claudio Chiqui Tapia
1738447200,Feb 01 2025 - 10:00pm,complete,N/A,San Martín San Juan,Rosario Central,N/A,3,0.00,3.00,1.13,1.88,0,0,0,0,0,0,"","",4,7,3,0,5,0,2,1,1,4,8,10,1,4,7,6,8,12,33,67,1.32,1.42,1.03,1.43,2.00,0,50,50,0,0,50,100,0,50,9.00,4.00,3.40,2.81,2.46,1.62,2.95,6.00,17.00,2.30,1.53,Estadio Ingeniero Hilario Sánchez
1738454400,Feb 02 2025 - 12:00am,complete,N/A,Lanús,Sarmiento,Pablo Dóvalo,3,0.00,0.00,1.88,1.13,2,0,2,2,2,0,"5,23","",1,6,2,0,2,0,1,1,0,2,15,11,4,6,11,5,11,10,50,50,1.47,0.74,1.60,1.68,2.50,50,100,50,0,0,0,50,100,100,10.00,7.00,1.79,3.20,4.80,1.50,2.40,4.75,9.75,2.55,1.53,Estadio Ciudad de Lanús - Néstor Díaz Pérez
1738526400,Feb 02 2025 - 8:00pm,complete,N/A,San Lorenzo,River Plate,Darío Herrera,3,3.00,1.00,1.78,1.35,0,0,0,0,0,0,"","",4,4,2,0,7,0,1,1,1,6,8,10,3,5,5,5,14,17,36,64,1.10,1.64,1.06,1.42,1.50,50,50,0,0,0,0,50,0,100,9.00,4.00,4.60,3.30,1.83,1.68,2.60,5.80,8.50,2.57,1.56,N/A
1738534500,Feb 02 2025 - 10:15pm,complete,N/A,Newell's Old Boys,Aldosivi,Andrés Merlos,3,0.00,0.00,1.06,0.81,1,0,1,1,1,0,"28","",5,5,0,0,0,0,0,0,0,0,11,14,4,3,7,11,9,13,47,53,1.92,1.05,1.37,1.60,1.00,0,0,0,0,0,0,50,0,50,12.00,5.00,1.76,3.05,4.65,1.43,2.42,4.90,10.00,2.27,1.60,Estadio Marcelo Alberto Bielsa
1738534500,Feb 02 2025 - 10:15pm,complete,N/A,Boca Juniors,Huracán,Silvio Trucco,3,1.00,1.00,2.10,1.44,2,1,3,2,1,1,"19,68","30",7,4,2,0,4,0,2,0,2,2,9,7,3,4,6,3,14,14,55,45,0.87,1.27,1.25,1.13,1.00,50,50,0,0,0,50,50,0,0,9.00,2.00,1.90,3.00,4.63,1.53,2.73,5.40,11.90,2.30,1.53,Estadio Alberto José Armando
1738542600,Feb 03 2025 - 12:30am,complete,N/A,Independiente,Gimnasia La Plata,Pablo Echavarría,3,3.00,0.00,1.94,1.28,2,0,2,1,1,0,"9,81","",8,3,2,0,0,1,0,2,0,1,15,8,6,2,9,6,9,15,57,43,1.82,0.84,1.95,1.09,3.00,50,100,100,0,0,0,100,100,100,5.00,7.00,1.67,3.25,5.50,1.53,2.50,5.60,10.00,2.30,1.55,Estadio Libertadores de América
1738542600,Feb 03 2025 - 12:30am,complete,N/A,Instituto,Vélez Sarsfield,Fernando Echenique,3,3.00,0.00,1.50,1.19,2,0,2,1,1,0,"51,43","",3,2,3,0,3,0,3,0,2,1,8,6,3,3,5,3,23,18,39,61,1.67,0.72,0.99,0.81,3.00,0,100,100,0,0,50,100,50,100,9.00,4.00,2.59,2.80,2.85,1.57,2.74,5.45,10.00,2.10,1.62,Estadio Juan Domingo Perón
1738612800,Feb 03 2025 - 8:00pm,complete,N/A,Defensa y Justicia,Central Córdoba SdE,Sebastían Zunino,3,0.00,0.00,1.50,1.00,2,1,3,0,0,0,"64,79","62",2,6,2,0,1,0,0,2,0,1,13,7,6,5,7,2,11,9,59,41,0.99,0.00,1.68,1.25,0.50,0,0,0,0,0,0,0,0,50,5.00,0.00,2.03,3.19,3.10,1.38,2.25,4.30,9.40,1.91,1.75,Estadio Norberto Tito Tomaghello
1738620900,Feb 03 2025 - 10:15pm,complete,N/A,Estudiantes,Racing Club,Facundo Tello Figueroa,3,3.00,3.00,1.88,1.76,2,0,2,1,1,0,"34,58","",2,4,2,0,5,0,2,0,1,4,9,8,5,0,4,8,13,23,50,50,2.33,1.84,1.34,0.96,4.00,100,100,100,100,0,100,100,50,100,12.00,3.00,2.50,3.10,3.20,1.33,2.10,3.75,8.00,1.80,1.91,Estadio Ciudad de La Plata
1738620900,Feb 03 2025 - 10:15pm,complete,N/A,Tigre,Unión Santa Fe,Juan Pafundi,3,3.00,0.00,1.69,1.00,1,0,1,1,1,0,"42","",3,5,1,0,1,1,0,1,0,2,13,10,4,2,9,8,11,11,42,58,1.14,1.02,1.44,1.12,3.50,50,100,100,50,0,100,100,0,100,3.00,5.00,2.30,2.70,3.54,1.55,2.95,5.50,11.00,2.32,1.60,Estadio José Dellagiovanna
1738629000,Feb 04 2025 - 12:30am,complete,N/A,Argentinos Juniors,Platense,Leandro Rey Hilfer,3,3.00,3.00,2.28,1.20,1,0,1,0,0,0,"90'2","",5,2,3,0,4,0,1,2,1,3,14,5,5,3,9,2,11,12,72,28,1.19,0.56,1.62,0.80,1.00,0,0,0,0,0,0,50,0,50,7.00,8.00,2.15,2.75,3.95,1.92,3.80,8.50,12.00,2.75,1.37,Estadio Diego Armando Maradona
1738629000,Feb 04 2025 - 12:30am,complete,N/A,Belgrano,Independiente Rivadavia,Carlos Gariano,3,1.00,3.00,1.25,1.24,0,3,3,3,0,3,"","17,45'2,7",6,2,1,0,2,0,0,1,2,0,17,11,4,5,13,6,15,11,58,42,1.80,1.33,1.91,1.36,1.50,50,50,0,0,0,50,100,0,0,18.00,7.00,1.95,3.10,3.95,1.48,2.43,4.73,9.00,2.10,1.67,Estadio Julio César Villagra
1738713600,Feb 05 2025 - 12:00am,complete,N/A,Atlético Tucumán,Deportivo Riestra,Jorge Baliño,3,0.00,3.00,1.81,1.24,0,3,3,1,0,1,"","38,78,69",12,5,1,0,1,0,0,1,0,1,10,10,4,5,6,5,11,11,73,27,0.00,0.96,1.46,1.32,1.00,0,50,0,0,0,0,0,50,50,3.00,1.00,1.91,3.20,4.30,1.55,2.60,5.00,10.00,2.20,1.67,Estadio Monumental Presidente José Fierro
1738872000,Feb 06 2025 - 8:00pm,complete,N/A,Aldosivi,Barracas Central,N/A,4,0.00,1.00,1.25,1.50,1,3,4,2,0,2,"90'7","35,28,89",4,4,3,0,4,0,0,3,1,3,19,5,8,4,11,1,6,12,68,32,2.25,0.88,2.43,0.89,2.50,0,50,50,50,50,50,50,50,50,15.00,4.00,2.47,2.83,3.10,1.67,2.95,6.25,11.00,2.25,1.60,Estadio José María Minella
1738882800,Feb 06 2025 - 11:00pm,complete,N/A,Sarmiento,San Martín San Juan,N/A,4,1.00,1.00,1.06,0.63,1,1,2,1,0,1,"55","15",4,7,2,0,3,0,0,2,1,2,14,10,5,4,9,6,9,17,73,27,1.53,1.40,1.79,1.31,0.00,0,0,0,0,0,0,0,0,0,14.00,2.00,2.50,2.76,3.50,1.67,3.30,6.50,19.00,2.50,1.50,Estadio Eva Perón de Junín
1738961100,Feb 07 2025 - 8:45pm,complete,N/A,Banfield,Belgrano,N/A,4,3.00,0.00,1.31,1.06,1,1,2,1,1,0,"34","90'9",5,3,2,0,6,0,0,2,3,3,7,12,2,6,5,6,19,20,53,47,1.40,1.04,1.06,1.67,3.50,0,100,100,50,0,50,100,50,100,13.00,2.00,2.31,2.90,3.35,1.50,2.60,5.60,10.00,2.15,1.67,Estadio Florencio Solá
1738969200,Feb 07 2025 - 11:00pm,complete,N/A,Huracán,Tigre,N/A,4,1.00,0.00,1.56,1.37,2,0,2,1,1,0,"17,83","",3,8,2,0,6,0,0,2,2,4,9,14,5,5,4,9,12,13,52,48,2.37,0.74,1.19,1.57,0.50,0,0,0,0,0,0,50,0,0,10.00,6.00,2.23,2.76,4.02,1.66,3.00,6.39,13.00,2.47,1.50,Estadio Tomás Adolfo Ducó
1738969200,Feb 07 2025 - 11:00pm,complete,N/A,Central Córdoba SdE,Newell's Old Boys,N/A,4,3.00,0.00,1.61,1.00,2,0,2,1,1,0,"36,90'7","",2,4,0,0,5,1,0,0,0,6,16,9,8,4,8,5,5,6,45,55,1.47,1.06,2.10,1.34,2.25,0,75,50,0,0,50,75,0,100,10.50,5.00,2.25,3.04,3.52,1.50,2.80,5.62,10.00,2.38,1.57,N/A
1738977300,Feb 08 2025 - 1:15am,complete,N/A,Independiente Rivadavia,Estudiantes,N/A,4,1.00,1.00,1.38,1.05,2,2,4,0,0,0,"83,80","59,82",5,3,3,0,4,0,2,1,2,2,16,9,6,3,10,6,9,15,50,50,1.34,0.61,1.91,1.17,0.00,0,0,0,0,0,0,0,0,0,5.00,9.00,3.10,3.07,2.42,1.55,2.67,5.30,13.00,2.20,1.62,Estadio Juan Bautista Gargantini
1738977300,Feb 08 2025 - 1:15am,complete,N/A,Unión Santa Fe,Argentinos Juniors,N/A,4,1.00,1.00,1.35,1.28,0,1,1,1,0,1,"","6",4,4,2,0,1,0,0,2,0,1,14,11,4,7,10,4,13,14,50,50,1.51,1.24,1.55,1.54,1.00,50,50,0,0,0,0,50,0,50,13.00,6.00,3.05,2.95,2.65,1.65,2.85,6.00,11.00,2.20,1.61,Estadio 15 de Abril
1739048400,Feb 08 2025 - 9:00pm,complete,N/A,Vélez Sarsfield,San Lorenzo,N/A,4,0.00,3.00,1.24,1.28,0,0,0,0,0,0,"","",6,5,3,0,4,0,1,2,2,2,9,2,3,0,6,2,13,19,69,31,1.44,1.05,1.11,0.37,1.50,0,50,0,0,0,0,0,50,100,9.00,4.00,2.31,2.60,3.35,1.73,3.20,7.00,18.00,2.50,1.50,Estadio José Amalfitani
1739053800,Feb 08 2025 - 10:30pm,complete,N/A,Rosario Central,Atlético Tucumán,N/A,4,3.00,1.50,2.05,0.31,3,1,4,1,1,0,"36,53,61","49",4,4,0,0,0,0,0,0,0,0,10,13,6,7,4,6,7,9,50,50,0.92,1.28,1.46,1.77,2.25,50,75,50,0,0,50,100,0,75,4.50,5.50,1.78,3.20,5.43,1.51,2.60,4.73,10.00,2.32,1.55,Estadio El Fortín de Ludueña
1739056500,Feb 08 2025 - 11:15pm,complete,N/A,River Plate,Independiente,N/A,4,3.00,3.00,1.89,1.12,2,0,2,0,0,0,"90'2,51","",2,6,2,0,2,0,0,2,1,1,13,8,5,3,8,5,13,7,53,47,1.47,0.64,1.58,1.03,3.00,50,50,50,50,50,50,50,50,100,6.00,8.00,1.75,3.25,5.10,1.44,2.28,4.30,7.80,2.10,1.67,Estadio Monumental Antonio Vespucio Liberti
1739063700,Feb 09 2025 - 1:15am,complete,N/A,Racing Club,Boca Juniors,Yael Falcón Pérez,4,3.00,1.00,1.55,1.56,2,0,2,1,1,0,"16,87","",8,3,5,0,7,1,2,3,2,6,11,12,3,2,8,10,17,12,42,58,1.31,1.19,1.37,1.30,3.00,50,100,50,50,0,0,100,50,100,9.00,3.00,2.07,3.00,3.30,1.33,2.11,3.76,9.50,1.89,1.95,Estadio Presidente Juan Domingo Perón
1739131200,Feb 09 2025 - 8:00pm,complete,N/A,Deportivo Riestra,Defensa y Justicia,Pablo Echavarría,4,1.00,3.00,1.82,0.88,1,1,2,0,0,0,"90","49",8,6,3,0,4,0,1,2,1,3,9,8,3,3,6,5,14,17,49,51,0.76,1.49,1.38,1.22,2.50,0,50,50,50,50,50,50,50,50,6.00,7.00,2.56,2.97,2.85,1.42,2.30,5.11,9.00,2.00,1.78,Estadio Guillermo Laza
1739131200,Feb 09 2025 - 8:00pm,complete,N/A,Platense,Instituto,Hernán Mastrángelo,4,1.00,0.00,1.31,0.59,1,0,1,0,0,0,"56","",3,2,0,0,2,0,0,0,1,1,13,3,4,2,9,1,14,17,53,47,0.60,1.08,1.60,0.71,1.50,50,50,0,0,0,0,50,0,100,3.00,2.00,2.77,2.60,3.10,1.90,3.70,7.20,11.00,2.88,1.39,Estadio Ciudad de Vicente López
1739139300,Feb 09 2025 - 10:15pm,complete,N/A,Gimnasia La Plata,Godoy Cruz,Sebastián Nicolás Martinez,4,0.00,1.00,1.24,0.88,3,0,3,1,1,0,"22,75,63","",4,5,2,0,4,0,0,2,1,3,9,5,6,1,3,4,16,12,37,63,0.93,1.14,1.43,0.82,1.00,0,50,0,0,0,0,0,50,50,11.00,8.00,1.91,3.00,4.10,1.55,2.50,5.00,8.50,2.20,1.58,Estadio Juan Carmelo Zerillo
1739147400,Feb 10 2025 - 12:30am,complete,N/A,Talleres Córdoba,Lanús,Nazareno Arasa,4,0.00,0.00,0.88,1.12,0,1,1,1,0,1,"","42",10,3,0,0,3,0,0,0,2,1,19,5,6,3,13,2,7,16,66,34,2.07,1.09,2.25,0.77,4.00,100,100,100,50,50,100,100,50,100,14.00,5.00,1.95,3.36,4.05,1.47,2.30,3.90,6.50,1.97,1.72,Estadio Juan Domingo Perón
1739306700,Feb 11 2025 - 8:45pm,complete,N/A,Barracas Central,Central Córdoba SdE,N/A,5,1.50,0.00,1.47,1.00,3,3,6,0,0,0,"73,55,90'6","62,75,80",2,4,1,0,3,0,1,0,1,2,6,13,5,4,1,9,11,10,38,62,0.83,1.25,1.11,1.65,2.75,75,75,75,25,0,25,50,75,75,6.50,2.50,3.70,2.70,2.20,1.70,2.90,6.50,12.00,2.36,1.53,Estadio Claudio Chiqui Tapia
1739314800,Feb 11 2025 - 11:00pm,complete,N/A,Estudiantes,Banfield,N/A,5,3.00,1.50,1.88,0.88,1,0,1,0,0,0,"78","",4,1,3,0,5,0,1,2,1,4,13,8,4,0,9,8,14,13,58,42,1.83,1.15,1.52,0.89,2.00,25,50,25,25,0,25,75,0,75,7.50,3.50,1.58,3.70,6.00,1.44,2.25,4.75,10.00,2.30,1.57,Estadio Ciudad de La Plata
1739314800,Feb 11 2025 - 11:00pm,complete,N/A,Boca Juniors,Independiente Rivadavia,N/A,5,2.00,3.00,2.10,1.24,2,0,2,0,0,0,"51,83","",5,4,4,0,2,0,1,3,0,2,9,7,5,4,4,3,13,11,50,50,1.06,1.35,1.26,1.17,1.75,25,50,50,0,0,50,75,0,25,10.50,4.00,1.73,3.41,5.50,1.53,2.45,5.00,12.00,2.41,1.53,Estadio Alberto José Armando
1739322900,Feb 12 2025 - 1:15am,complete,N/A,Belgrano,Aldosivi,N/A,5,0.50,0.00,1.25,0.81,2,0,2,1,1,0,"5,54","",5,6,3,0,2,0,0,3,0,2,6,7,5,2,1,5,17,11,50,50,1.85,1.33,1.08,1.00,1.75,25,50,25,0,0,50,75,0,25,12.50,3.00,1.64,3.45,5.50,1.37,2.35,4.50,8.80,2.20,1.65,Estadio Julio César Villagra
1739322900,Feb 12 2025 - 1:15am,complete,N/A,Tigre,Racing Club,N/A,5,3.00,1.50,1.69,1.76,1,0,1,1,1,0,"4","",3,4,3,0,4,0,0,3,2,2,9,6,4,3,5,3,14,15,37,63,1.29,1.40,1.17,1.04,2.50,25,75,50,25,0,50,100,25,75,7.00,5.00,2.63,2.88,2.84,1.44,2.40,4.75,9.00,2.00,1.74,Estadio José Dellagiovanna
1739390400,Feb 12 2025 - 8:00pm,complete,N/A,Deportivo Riestra,Rosario Central,N/A,5,1.00,2.00,1.82,1.88,0,0,0,0,0,0,"","",7,7,2,0,2,0,0,2,2,0,5,5,2,2,3,3,14,16,33,67,1.07,1.43,0.95,0.91,1.25,25,50,25,0,0,25,25,25,50,10.50,6.50,2.51,3.06,3.60,1.63,2.91,5.91,10.00,2.22,1.62,Estadio Guillermo Laza
1739393100,Feb 12 2025 - 8:45pm,complete,N/A,Newell's Old Boys,Defensa y Justicia,N/A,5,1.50,2.00,1.06,0.88,0,1,1,0,0,0,"","90'3",5,4,1,0,0,0,1,0,0,0,11,12,4,4,7,8,13,8,38,62,1.64,1.36,1.44,1.63,2.25,25,50,25,25,25,25,75,50,50,12.00,6.00,2.70,3.10,2.77,1.40,2.37,4.33,9.60,2.02,1.77,Estadio Marcelo Alberto Bielsa
1739401200,Feb 12 2025 - 11:00pm,complete,N/A,Argentinos Juniors,Huracán,N/A,5,3.00,0.50,2.28,1.44,1,1,2,1,1,0,"9","57",4,4,0,0,3,0,0,0,2,1,12,4,3,1,9,3,16,17,63,37,1.41,1.20,1.43,0.65,1.75,50,50,25,0,0,50,75,0,50,9.00,5.50,2.03,2.90,4.94,1.66,2.52,5.48,15.00,2.48,1.53,Estadio Diego Armando Maradona
1739401200,Feb 12 2025 - 11:00pm,complete,N/A,Independiente,Vélez Sarsfield,N/A,5,3.00,0.00,1.94,1.19,3,0,3,2,2,0,"31,43,78","",1,8,2,0,3,0,2,0,0,3,14,9,5,2,9,7,6,18,56,44,1.89,0.76,1.64,1.19,2.50,25,100,50,0,0,25,100,25,100,8.50,3.50,1.91,3.08,4.25,1.53,2.63,4.50,9.30,2.34,1.60,Estadio Libertadores de América
1739409300,Feb 13 2025 - 1:15am,complete,N/A,Godoy Cruz,River Plate,N/A,5,0.00,1.00,0.94,1.35,0,0,0,0,0,0,"","",7,8,5,0,2,0,0,5,1,1,9,13,4,3,5,10,17,7,32,68,1.08,1.53,1.24,1.53,2.00,25,75,50,0,0,50,75,0,75,9.00,7.00,6.10,3.50,1.46,1.49,2.27,3.80,9.12,2.34,1.55,Estadio Malvinas Argentinas
1739479500,Feb 13 2025 - 8:45pm,complete,N/A,Lanús,Gimnasia La Plata,N/A,5,1.50,0.00,1.88,1.28,0,0,0,0,0,0,"","",13,6,1,0,2,0,0,1,1,1,18,8,8,2,10,6,4,9,62,38,1.54,0.97,2.35,1.06,2.25,0,100,25,0,0,25,75,50,75,6.50,6.00,1.80,3.00,4.48,1.50,2.63,5.00,14.00,2.15,1.67,Estadio Ciudad de Lanús - Néstor Díaz Pérez
1739487600,Feb 13 2025 - 11:00pm,complete,N/A,San Lorenzo,Platense,N/A,5,2.00,1.50,1.78,1.20,2,1,3,2,1,1,"44,90'1","31",3,4,1,0,5,0,0,1,1,4,14,8,7,3,7,5,5,15,58,42,1.08,0.68,1.80,1.11,0.75,0,0,0,0,0,0,0,0,75,5.50,7.00,2.55,2.45,3.75,2.15,4.00,10.00,29.00,2.80,1.37,N/A
1739487600,Feb 13 2025 - 11:00pm,complete,N/A,San Martín San Juan,Talleres Córdoba,N/A,5,0.50,0.00,1.13,1.18,0,1,1,0,0,0,"","64",4,2,4,0,1,0,2,2,1,0,14,16,6,8,8,8,8,11,44,56,1.18,1.97,1.87,2.08,0.75,0,0,0,0,0,0,25,0,50,10.50,3.50,4.25,2.80,2.05,1.61,2.62,5.91,14.00,2.23,1.58,Estadio Ingeniero Hilario Sánchez
1739495700,Feb 14 2025 - 1:15am,complete,N/A,Unión Santa Fe,Instituto,N/A,5,0.50,0.00,1.35,0.59,0,0,0,0,0,0,"","",8,5,0,1,1,0,1,0,1,0,5,11,1,4,4,7,11,10,45,55,1.53,0.89,0.88,1.39,1.25,25,25,0,0,0,0,50,0,75,7.00,4.50,2.58,2.84,2.94,1.65,3.10,6.50,12.00,2.40,1.55,Estadio 15 de Abril
1739495700,Feb 14 2025 - 1:15am,complete,N/A,Atlético Tucumán,Sarmiento,N/A,5,0.00,0.00,1.81,1.13,5,0,5,4,4,0,"2,30,45,67,42","",3,4,2,0,3,0,1,1,1,2,14,6,10,2,4,4,12,12,54,46,1.46,1.21,1.92,0.89,2.75,25,100,75,0,0,25,100,75,75,16.00,4.50,1.75,3.20,4.35,1.50,2.66,5.25,12.50,2.25,1.60,Estadio Monumental Presidente José Fierro
1739574000,Feb 14 2025 - 11:00pm,complete,N/A,Banfield,Boca Juniors,N/A,6,2.00,0.50,1.31,1.56,0,1,1,0,0,0,"","86",5,4,0,0,2,1,0,0,0,3,13,11,4,2,9,9,12,15,42,58,1.23,1.24,1.65,1.25,2.25,50,100,25,0,0,25,100,0,100,8.50,8.00,3.00,2.88,2.60,1.57,2.87,5.90,14.00,2.25,1.64,Estadio Florencio Solá
1739649600,Feb 15 2025 - 8:00pm,complete,N/A,Aldosivi,Estudiantes,N/A,6,0.00,1.00,1.25,1.05,2,2,4,1,0,1,"57,77","12,81",6,3,4,1,3,0,2,3,1,2,10,6,4,3,6,3,16,16,41,59,2.34,0.89,1.34,1.00,3.25,50,75,75,75,25,50,50,75,75,10.00,8.00,4.69,3.30,1.88,1.55,2.86,6.00,12.00,2.10,1.60,Estadio José María Minella
1739649600,Feb 15 2025 - 8:00pm,complete,N/A,Defensa y Justicia,Barracas Central,N/A,6,1.50,2.00,1.50,1.50,1,1,2,1,1,0,"37","90'9",6,2,2,0,3,0,0,2,0,3,14,11,7,4,7,7,12,8,61,39,1.34,0.89,1.92,1.45,2.00,50,50,50,25,0,25,25,50,75,7.50,4.00,1.85,3.05,4.54,1.46,2.40,4.60,8.30,2.14,1.58,Estadio Norberto Tito Tomaghello
1739657700,Feb 15 2025 - 10:15pm,complete,N/A,Central Córdoba SdE,Belgrano,N/A,6,3.00,0.50,1.61,1.06,4,0,4,2,2,0,"18,42,61,87","",9,0,0,0,1,1,0,0,1,1,21,10,12,2,9,8,5,9,62,38,1.68,1.35,2.72,1.12,2.34,25,84,25,25,0,0,84,25,100,8.17,3.67,2.23,3.14,3.48,1.48,2.61,5.20,10.00,2.12,1.67,N/A
1739657700,Feb 15 2025 - 10:15pm,complete,N/A,Independiente Rivadavia,Tigre,N/A,6,1.00,0.00,1.38,1.37,1,4,5,2,0,2,"70","25,5,55,90'1",4,7,1,1,0,0,1,1,0,0,16,19,9,7,7,12,6,8,46,54,1.62,1.16,2.17,2.17,1.75,25,50,25,25,0,0,50,25,50,9.00,7.50,2.40,2.95,3.50,1.82,3.00,6.20,13.00,2.30,1.50,Estadio Juan Bautista Gargantini
1739665800,Feb 16 2025 - 12:30am,complete,N/A,Racing Club,Argentinos Juniors,Hernán Mastrángelo,6,3.00,2.00,1.55,1.28,2,3,5,2,0,2,"88,82","28,22,47",7,5,3,0,3,0,1,2,2,1,11,12,3,6,8,6,12,13,53,47,1.34,1.39,1.27,1.47,1.75,0,50,25,25,0,0,75,25,50,12.00,4.00,2.56,2.88,3.02,1.50,2.73,5.15,9.75,2.00,1.69,Estadio Presidente Juan Domingo Perón
1739736000,Feb 16 2025 - 8:00pm,complete,N/A,Newell's Old Boys,Rosario Central,Fernando Echenique,6,1.00,1.67,1.06,1.88,1,2,3,1,0,1,"87","63,16",13,5,3,0,2,0,1,2,0,2,15,6,6,2,9,4,15,18,66,34,1.58,1.26,1.97,0.90,1.00,0,17,17,0,0,17,50,0,33,12.33,4.67,3.10,2.60,2.53,1.67,3.00,6.60,9.20,2.40,1.52,Estadio Marcelo Alberto Bielsa
1739744100,Feb 16 2025 - 10:15pm,complete,N/A,River Plate,Lanús,Facundo Tello Figueroa,6,3.00,1.50,1.89,1.12,1,0,1,0,0,0,"77","",2,4,4,0,2,0,0,4,1,1,13,8,4,4,9,4,15,15,67,33,1.53,0.93,1.54,1.10,1.75,25,50,25,0,0,25,50,25,75,7.50,6.00,1.58,3.95,5.70,1.37,2.20,3.60,7.50,2.18,1.67,Estadio Monumental Antonio Vespucio Liberti
1739752200,Feb 17 2025 - 12:30am,complete,N/A,Huracán,Unión Santa Fe,Leandro Rey Hilfer,6,2.00,0.00,1.56,1.00,1,0,1,0,0,0,"51","",6,8,2,0,2,0,0,2,1,1,9,13,4,4,5,9,12,15,49,51,1.78,1.07,1.35,1.54,1.75,25,50,25,25,0,25,75,0,50,9.50,4.50,1.88,3.07,4.70,1.62,2.75,5.50,9.00,2.55,1.53,Estadio Tomás Adolfo Ducó
1739752200,Feb 17 2025 - 12:30am,complete,N/A,Talleres Córdoba,Atlético Tucumán,Carlos Gariano,6,0.00,1.00,0.88,0.31,1,1,2,0,0,0,"73","47",5,5,0,0,1,0,0,0,0,1,15,10,5,5,10,5,9,8,64,36,2.16,1.44,1.85,1.29,2.67,42,59,42,42,25,25,100,42,59,10.17,2.67,1.76,3.70,6.00,1.35,2.05,4.00,8.00,2.10,1.65,Estadio Juan Domingo Perón
1739822400,Feb 17 2025 - 8:00pm,complete,N/A,Sarmiento,Deportivo Riestra,Silvio Trucco,6,1.00,3.00,1.06,1.24,2,1,3,1,0,1,"84,90'5","33",10,1,1,0,2,0,0,1,0,2,15,4,8,3,7,1,7,14,72,28,1.66,1.14,2.38,0.83,1.75,25,75,25,0,0,0,50,50,75,10.50,2.50,2.80,2.80,2.86,1.65,3.10,6.20,11.00,2.37,1.60,Estadio Eva Perón de Junín
1739822400,Feb 17 2025 - 8:00pm,complete,N/A,Gimnasia La Plata,San Martín San Juan,Yael Falcón Pérez,6,1.50,1.00,1.24,0.63,1,0,1,1,1,0,"38","",2,4,2,1,2,0,2,1,1,1,7,9,3,1,4,8,13,14,39,61,1.18,1.36,0.90,1.04,1.75,25,75,25,0,0,0,50,50,75,13.00,6.00,1.83,2.90,4.50,1.47,2.70,5.40,9.30,2.38,1.50,Estadio Juan Carmelo Zerillo
1739830500,Feb 17 2025 - 10:15pm,complete,N/A,Platense,Independiente,Juan Pafundi,6,2.00,1.50,1.31,1.12,1,1,2,0,0,0,"89","76",9,1,0,0,6,0,0,0,1,5,7,5,2,2,5,3,12,11,45,55,1.10,0.83,1.12,0.79,2.50,50,75,25,25,25,25,50,50,100,7.50,3.50,3.30,2.60,2.51,1.98,4.00,7.30,11.00,2.58,1.43,Estadio Ciudad de Vicente López
1739838600,Feb 18 2025 - 12:30am,complete,N/A,Instituto,San Lorenzo,N/A,6,3.00,2.00,1.50,1.28,0,1,1,1,0,1,"","45'4",4,1,1,0,4,0,1,0,1,3,8,3,1,2,7,1,12,20,67,33,1.33,0.71,1.02,0.63,1.75,0,75,25,0,0,0,50,50,75,8.00,6.00,2.30,2.60,3.90,1.79,3.50,6.38,11.00,2.57,1.45,Estadio Juan Domingo Perón
1739838600,Feb 18 2025 - 12:30am,complete,N/A,Vélez Sarsfield,Godoy Cruz,Ariel Penel,6,0.50,0.50,1.24,0.88,0,2,2,2,0,2,"","18,28",7,4,0,0,2,0,0,0,1,1,15,6,5,3,10,3,7,13,69,31,1.28,0.98,1.96,0.93,1.00,0,25,25,0,0,0,25,25,50,9.50,5.50,1.58,3.78,6.43,1.55,2.35,4.50,12.00,2.50,1.53,Estadio José Amalfitani
1740168000,Feb 21 2025 - 8:00pm,complete,N/A,Deportivo Riestra,Talleres Córdoba,N/A,7,1.00,1.50,1.82,1.18,0,0,0,0,0,0,"","",3,7,1,0,3,1,0,1,0,4,12,13,4,3,8,10,9,13,24,76,1.03,2.02,1.50,1.67,0.84,17,17,0,0,0,0,0,17,67,9.67,3.67,3.90,3.00,2.00,1.55,2.66,5.00,10.00,2.10,1.67,Estadio Guillermo Laza
1740176100,Feb 21 2025 - 10:15pm,complete,N/A,Estudiantes,Central Córdoba SdE,N/A,7,3.00,0.50,1.88,1.00,3,2,5,1,0,1,"84,69,71","44,51",5,3,4,0,3,0,1,3,0,3,15,7,6,3,9,4,13,8,61,39,1.73,1.45,1.87,0.96,3.42,67,84,67,42,25,17,34,50,100,8.67,4.33,1.88,3.25,4.50,1.40,2.35,4.50,9.52,2.09,1.67,Estadio Ciudad de La Plata
1740176100,Feb 21 2025 - 10:15pm,complete,N/A,Godoy Cruz,Platense,N/A,7,0.50,1.00,0.94,1.20,1,1,2,1,0,1,"67","38",3,1,2,0,2,0,1,1,1,1,7,8,3,2,4,6,13,7,56,44,1.16,0.82,0.97,1.00,1.59,17,42,42,0,0,42,42,0,75,8.17,8.67,2.85,2.60,2.87,1.83,3.95,8.00,11.00,2.75,1.39,Estadio Malvinas Argentinas
1740184200,Feb 22 2025 - 12:30am,complete,N/A,Lanús,Vélez Sarsfield,N/A,7,1.33,0.00,1.88,1.19,0,0,0,0,0,0,"","",7,0,2,1,6,0,1,2,3,3,13,5,6,1,7,4,11,13,50,50,1.81,0.90,1.67,0.61,2.00,0,84,34,0,0,50,67,17,67,11.66,4.00,2.25,3.03,3.60,1.53,2.50,4.75,12.00,2.20,1.63,Estadio Ciudad de Lanús - Néstor Díaz Pérez
1740258000,Feb 22 2025 - 9:00pm,complete,N/A,Independiente,Instituto,N/A,7,3.00,0.33,1.94,0.59,2,0,2,0,0,0,"71,53","",1,2,5,0,6,0,2,3,3,3,15,2,3,1,12,1,17,14,55,45,1.81,1.06,1.59,0.54,1.67,17,50,34,0,0,17,50,17,84,6.66,3.00,1.80,3.05,5.20,1.53,2.70,5.00,9.50,2.21,1.53,Estadio Libertadores de América
1740263400,Feb 22 2025 - 10:30pm,complete,N/A,Boca Juniors,Aldosivi,N/A,7,2.33,0.00,2.10,0.81,2,1,3,0,0,0,"49,84","63",4,5,4,0,1,0,1,3,1,0,11,6,6,2,5,4,15,12,65,35,1.13,1.22,1.70,0.82,1.50,17,50,17,0,0,17,50,17,67,10.34,3.33,1.67,3.25,5.50,1.44,2.36,4.15,9.00,2.12,1.56,Estadio Alberto José Armando
1740270600,Feb 23 2025 - 12:30am,complete,N/A,San Martín San Juan,River Plate,Carlos Gariano,7,0.33,1.00,1.13,1.35,0,2,2,0,0,0,"","56,69",6,6,0,0,2,0,0,0,0,2,8,10,2,4,6,6,18,13,34,66,1.41,1.53,0.96,1.31,0.67,17,17,0,0,0,0,33,0,33,10.33,6.33,7.50,3.80,1.49,1.41,2.46,3.90,9.20,2.25,1.47,Estadio Ingeniero Hilario Sánchez
1740271500,Feb 23 2025 - 12:45am,complete,N/A,Rosario Central,Sarmiento,Luis Lobo Medina,7,3.00,0.00,2.05,1.13,1,0,1,1,1,0,"6","",3,3,3,0,3,1,0,3,0,4,6,6,2,2,4,4,12,13,57,43,1.19,1.10,1.07,0.86,3.42,67,100,84,42,17,59,100,42,84,8.00,4.83,1.64,3.35,5.50,1.45,2.62,5.05,12.00,2.53,1.53,Estadio El Fortín de Ludueña
1740344400,Feb 23 2025 - 9:00pm,complete,N/A,Huracán,San Lorenzo,Darío Herrera,7,2.33,2.33,1.56,1.28,2,0,2,1,1,0,"11,90","",2,3,5,0,3,0,1,4,2,1,8,7,5,1,3,6,13,15,48,52,1.64,0.68,1.26,0.94,1.00,0,33,0,0,0,0,33,17,50,8.34,5.33,2.38,2.70,3.45,1.99,3.79,7.60,17.00,2.81,1.48,Estadio Tomás Adolfo Ducó
1740355200,Feb 24 2025 - 12:00am,complete,N/A,Atlético Tucumán,Gimnasia La Plata,N/A,7,1.50,0.33,1.81,1.28,0,1,1,1,0,1,"","5",5,4,3,0,2,0,2,1,0,2,12,7,5,3,7,4,8,15,64,36,1.69,1.00,1.64,1.04,2.84,0,84,67,25,25,25,84,42,84,10.83,4.83,2.05,3.25,3.35,1.37,2.47,4.30,8.50,1.95,1.75,Estadio Monumental Presidente José Fierro
1740355200,Feb 24 2025 - 12:00am,complete,N/A,Belgrano,Defensa y Justicia,Fernando Espinoza,7,1.33,2.33,1.25,0.88,2,0,2,1,1,0,"38,57","",3,10,5,0,1,1,0,5,1,1,11,12,6,1,5,11,9,5,43,57,1.60,1.45,1.40,1.35,2.50,33,84,33,17,17,50,67,34,67,12.00,5.34,2.46,3.10,2.90,1.36,2.35,4.25,8.50,1.85,1.95,Estadio Julio César Villagra
1740427200,Feb 24 2025 - 8:00pm,complete,N/A,Barracas Central,Newell's Old Boys,Pablo Echavarría,7,1.33,0.00,1.47,1.00,2,0,2,1,1,0,"2,90'1","",3,3,3,0,2,0,2,1,0,2,10,15,6,5,4,10,11,14,42,58,0.92,1.20,1.45,1.82,3.09,34,84,59,34,17,42,84,34,84,6.00,6.33,2.90,2.76,2.72,1.62,3.15,5.30,11.00,2.25,1.60,Estadio Claudio Chiqui Tapia
1740434400,Feb 24 2025 - 10:00pm,complete,N/A,Argentinos Juniors,Independiente Rivadavia,N/A,7,2.33,2.00,2.28,1.24,0,0,0,0,0,0,"","",10,2,2,0,5,0,1,1,3,2,19,5,7,1,12,4,11,15,76,24,1.41,1.29,2.45,0.63,1.67,17,50,17,0,0,17,67,17,50,9.00,4.33,1.64,3.50,5.75,1.45,2.40,4.50,9.50,2.20,1.64,Estadio Diego Armando Maradona
1740441600,Feb 25 2025 - 12:00am,complete,N/A,Tigre,Banfield,Nazareno Arasa,7,3.00,1.00,1.69,0.88,1,0,1,0,0,0,"59","",3,1,2,0,3,0,1,1,2,1,9,2,6,1,3,1,16,21,49,51,1.25,1.06,1.43,0.62,1.34,0,17,17,0,0,17,67,0,50,5.00,5.00,2.31,2.81,3.45,1.68,3.00,6.50,15.00,2.30,1.57,Estadio José Dellagiovanna
1740783600,Feb 28 2025 - 11:00pm,complete,N/A,Boca Juniors,Rosario Central,N/A,8,2.50,2.00,2.10,1.88,1,0,1,1,1,0,"9","",5,4,2,0,3,0,2,0,1,2,18,10,5,2,13,8,11,12,50,50,1.27,1.17,2.04,1.23,1.75,38,63,50,0,0,25,38,38,63,11.00,5.50,1.94,3.05,3.70,1.45,2.58,5.00,10.70,2.05,1.65,Estadio Alberto José Armando
1740791700,Mar 01 2025 - 1:15am,complete,N/A,Central Córdoba SdE,Deportivo Riestra,N/A,8,3.00,2.00,1.61,1.24,0,0,0,0,0,0,"","",8,1,0,0,5,0,0,0,2,3,15,6,7,4,8,2,4,16,78,22,1.94,1.04,1.93,0.83,2.46,17,88,46,13,0,13,71,63,100,8.00,1.83,1.73,3.56,5.10,1.37,2.20,5.20,8.70,2.05,1.73,N/A
1740791700,Mar 01 2025 - 1:15am,complete,N/A,San Martín San Juan,Belgrano,N/A,8,0.25,0.33,1.13,1.06,3,1,4,0,0,0,"53,55,90'2","51",5,7,4,0,2,0,0,4,1,1,11,12,5,5,6,7,11,14,45,55,1.30,1.27,1.44,1.64,2.17,17,63,34,34,0,17,63,46,75,7.75,4.92,2.79,3.00,2.73,1.50,2.45,4.50,9.50,2.05,1.70,Estadio Ingeniero Hilario Sánchez
1740859200,Mar 01 2025 - 8:00pm,complete,N/A,Aldosivi,Sarmiento,N/A,8,0.33,0.00,1.25,1.13,2,2,4,4,2,2,"3,7","23,37",6,0,2,0,3,0,0,2,1,2,18,10,12,3,6,7,10,8,53,47,2.01,1.04,2.52,1.12,3.54,46,88,75,63,29,59,100,63,75,10.75,7.08,2.30,2.96,3.56,1.66,2.90,5.20,12.00,2.52,1.56,Estadio José María Minella
1740867300,Mar 01 2025 - 10:15pm,complete,N/A,River Plate,Estudiantes,N/A,8,3.00,1.00,1.89,1.05,0,2,2,1,0,1,"","9,90'4",7,2,3,1,7,0,2,2,3,4,12,8,3,4,9,4,15,19,70,30,1.53,0.93,1.71,1.14,2.00,34,50,34,34,0,0,17,50,84,5.00,8.00,1.70,3.60,5.00,1.35,2.02,3.75,6.50,2.00,1.75,Estadio Monumental Antonio Vespucio Liberti
1740875400,Mar 02 2025 - 12:30am,complete,N/A,Unión Santa Fe,Gimnasia La Plata,Pablo Echavarría,8,0.67,1.00,1.35,1.28,1,0,1,0,0,0,"81","",8,1,2,0,3,0,2,0,2,1,16,5,3,0,13,5,13,14,60,40,1.31,1.01,1.97,0.70,1.25,17,42,13,0,0,0,71,13,42,10.17,5.67,2.30,2.90,3.35,1.57,2.70,5.80,9.00,2.25,1.64,Estadio 15 de Abril
1740875400,Mar 02 2025 - 12:30am,complete,N/A,Talleres Córdoba,Tigre,Sebastián Nicolás Martinez,8,0.33,1.00,0.88,1.37,1,2,3,2,1,1,"44","36,66",8,1,1,0,5,0,0,1,1,4,21,6,6,4,15,2,11,10,62,38,2.06,1.49,2.40,0.99,2.67,50,67,33,33,33,33,84,50,67,13.00,4.00,1.76,3.40,5.00,1.35,2.17,4.34,8.03,2.05,1.67,Estadio Juan Domingo Perón
1740945600,Mar 02 2025 - 8:00pm,complete,N/A,Independiente Rivadavia,Lanús,Leandro Rey Hilfer,8,0.67,1.00,1.38,1.12,1,1,2,0,0,0,"46","71",4,7,2,0,1,0,1,1,1,0,4,9,2,4,2,5,6,10,41,59,1.80,0.99,0.67,1.29,2.34,50,50,50,34,17,33,50,34,67,8.67,5.34,2.94,2.80,2.75,1.50,2.86,5.60,7.50,2.05,1.70,Estadio Juan Bautista Gargantini
1740945600,Mar 02 2025 - 8:00pm,complete,N/A,Argentinos Juniors,Instituto,Luis Lobo Medina,8,2.00,0.25,2.28,0.59,2,0,2,0,0,0,"74,55","",7,4,5,0,1,0,1,4,0,1,15,5,4,3,11,2,14,13,64,36,1.67,0.93,1.86,0.88,1.00,13,25,0,0,0,0,25,13,63,8.25,4.50,1.64,3.45,6.00,1.50,2.55,5.20,11.20,2.40,1.56,Estadio Diego Armando Maradona
1740953700,Mar 02 2025 - 10:15pm,complete,N/A,Vélez Sarsfield,Huracán,Nazareno Arasa,8,0.33,0.67,1.24,1.44,0,2,2,1,0,1,"","22,80",1,4,4,2,3,0,1,5,1,2,2,12,0,6,2,6,17,14,55,45,1.51,1.02,0.35,1.55,1.67,50,67,17,0,0,50,67,0,50,10.67,4.34,2.50,2.80,3.35,1.61,3.43,6.50,15.00,2.27,1.52,Estadio José Amalfitani
1741032000,Mar 03 2025 - 8:00pm,complete,N/A,Barracas Central,Godoy Cruz,Fernando Echenique,8,1.75,1.33,1.47,0.88,1,2,3,1,0,1,"51","26,90",2,4,4,0,1,0,1,3,0,1,6,14,3,6,3,8,11,14,49,51,1.05,0.96,0.92,1.84,2.46,25,71,42,25,13,29,71,42,54,4.83,4.42,2.43,2.79,3.35,1.58,3.40,5.80,13.00,2.45,1.53,Estadio Julio Humberto Grondona
1741039200,Mar 03 2025 - 10:00pm,complete,N/A,San Lorenzo,Racing Club,Facundo Tello Figueroa,8,2.33,1.00,1.78,1.76,3,2,5,2,1,1,"2,86,90'1","30,50",10,6,3,0,4,0,1,2,0,4,18,8,11,8,7,0,11,22,55,45,1.32,1.28,2.55,1.61,1.83,33,50,33,17,0,33,67,17,67,8.33,5.33,2.50,2.75,3.35,1.74,2.95,7.00,11.00,2.33,1.49,N/A
1741046400,Mar 04 2025 - 12:00am,complete,N/A,Atlético Tucumán,Newell's Old Boys,Andrés Merlos,8,1.00,0.00,1.81,1.00,1,2,3,3,1,2,"41","4,45'1",7,3,3,0,2,0,0,3,0,2,16,9,4,3,12,6,10,8,63,37,1.67,1.41,1.82,1.14,2.67,0,84,50,17,17,33,100,17,84,11.00,6.00,2.16,3.09,3.50,1.49,2.60,5.75,14.00,2.10,1.70,Estadio Monumental Presidente José Fierro
1741127400,Mar 04 2025 - 10:30pm,complete,N/A,Banfield,Independiente,Silvio Trucco,8,1.33,1.33,1.31,1.12,0,0,0,0,0,0,"","",4,3,6,0,5,0,2,4,2,3,3,5,1,2,2,3,19,14,47,53,1.37,0.82,0.59,0.70,2.50,50,84,33,17,17,33,50,50,100,9.00,5.33,2.95,1.16,6.00,1.57,3.24,7.06,12.00,2.50,1.57,Estadio Florencio Solá
1741129200,Mar 04 2025 - 11:00pm,complete,N/A,Platense,Defensa y Justicia,Nicolás Lamolina,8,1.67,1.75,1.31,0.88,0,1,1,1,0,1,"","11",3,1,2,0,1,0,0,2,0,1,1,4,1,2,0,2,1,5,55,45,1.11,1.42,0.34,0.51,2.09,46,71,13,13,13,13,42,42,100,11.00,3.08,5.99,2.65,1.36,1.70,3.10,7.06,12.00,2.39,1.56,Estadio Ciudad de Vicente López
1741384800,Mar 07 2025 - 10:00pm,complete,N/A,Vélez Sarsfield,San Martín San Juan,N/A,9,0.25,0.67,1.24,0.63,1,0,1,0,0,0,"80","",5,6,3,0,2,1,1,2,1,2,15,9,6,3,9,6,9,13,62,38,1.22,1.25,2.05,1.34,1.13,17,42,0,0,0,13,59,0,42,10.58,5.00,1.91,3.10,4.82,1.56,2.87,5.91,13.00,2.58,1.54,Estadio José Amalfitani
1741384800,Mar 07 2025 - 10:00pm,complete,N/A,Banfield,Argentinos Juniors,N/A,9,1.25,2.33,1.31,1.28,1,2,3,1,1,0,"7","62,90'1",2,3,3,0,3,0,1,2,1,2,10,11,6,7,4,4,13,13,30,70,1.18,1.42,1.34,1.70,1.75,29,42,29,17,17,29,59,17,54,9.92,4.50,4.50,2.83,2.00,1.61,2.87,4.70,11.00,2.29,1.50,Estadio Florencio Solá
1741392900,Mar 08 2025 - 12:15am,complete,N/A,Central Córdoba SdE,Boca Juniors,N/A,9,2.60,1.33,1.61,1.56,0,3,3,2,0,2,"","89,36,16",5,2,3,1,1,0,2,2,1,0,11,7,5,5,6,2,16,12,42,58,1.94,1.24,1.53,1.23,1.74,17,64,10,10,0,10,64,10,90,8.60,5.40,2.67,3.30,2.65,1.36,2.05,3.80,7.40,1.92,1.88,N/A
1741464000,Mar 08 2025 - 8:00pm,complete,N/A,San Lorenzo,Independiente,N/A,9,2.50,1.25,1.78,1.12,1,2,3,2,1,1,"22","12,74",3,6,1,0,2,0,0,1,0,2,11,7,4,3,7,4,7,15,41,59,1.63,0.79,1.39,1.11,2.25,50,63,38,25,25,38,38,50,75,8.25,6.50,3.05,2.62,2.80,1.74,3.50,7.40,16.00,2.40,1.53,N/A
1741472100,Mar 08 2025 - 10:15pm,complete,N/A,Racing Club,Huracán,N/A,9,2.00,1.25,1.55,1.44,0,1,1,1,0,1,"","25",6,1,4,0,3,0,1,3,1,2,16,12,3,5,13,7,10,16,61,39,1.32,1.15,1.89,1.43,2.96,54,100,46,34,17,42,100,34,88,11.33,5.42,2.40,3.06,3.32,1.38,2.19,4.75,11.50,2.00,1.75,Estadio Presidente Juan Domingo Perón
1741480200,Mar 09 2025 - 12:30am,complete,N/A,Platense,Lanús,N/A,9,1.25,1.00,1.31,1.12,0,0,0,0,0,0,"","",2,4,1,0,2,0,0,1,0,2,8,12,4,5,4,7,7,13,44,56,0.92,1.06,1.31,1.71,1.63,50,50,13,0,0,13,50,25,75,9.75,3.00,3.04,2.70,2.66,1.61,3.40,6.75,11.00,2.38,1.55,Estadio Ciudad de Vicente López
1741480200,Mar 09 2025 - 12:30am,complete,N/A,Sarmiento,Barracas Central,N/A,9,1.67,1.67,1.06,1.50,1,1,2,0,0,0,"65","90'7",4,5,5,1,0,0,2,4,0,0,16,22,3,11,13,11,12,6,43,57,1.90,1.08,1.69,2.73,1.84,67,67,33,17,0,17,67,33,67,11.00,4.33,2.30,2.75,3.45,1.36,3.02,3.70,12.00,1.79,1.54,Estadio Eva Perón de Junín
1741550400,Mar 09 2025 - 8:00pm,complete,N/A,Aldosivi,Tigre,N/A,9,0.50,1.50,1.25,1.37,0,2,2,1,0,1,"","7,81",4,4,2,0,1,0,1,1,1,0,14,11,6,4,8,7,10,12,58,42,2.14,1.37,1.76,1.40,3.50,63,88,75,63,25,63,100,50,75,11.25,6.75,3.07,2.85,2.60,1.57,2.87,5.91,8.40,2.33,1.65,Estadio José María Minella
1741550400,Mar 09 2025 - 8:00pm,complete,N/A,Defensa y Justicia,Estudiantes,N/A,9,1.33,1.50,1.50,1.05,1,0,1,0,0,0,"87","",6,4,3,0,2,0,0,3,1,1,18,11,6,4,12,7,12,10,49,51,1.53,0.98,2.41,1.50,2.25,59,71,42,25,0,0,42,42,88,6.83,6.58,3.00,3.05,2.62,1.35,2.20,3.65,7.40,1.85,1.90,Estadio Norberto Tito Tomaghello
1741558500,Mar 09 2025 - 10:15pm,complete,N/A,River Plate,Atlético Tucumán,N/A,9,2.25,1.00,1.89,0.31,1,0,1,0,0,0,"79","",9,3,1,1,3,0,0,2,1,2,27,3,8,1,19,2,13,11,62,38,1.58,1.40,2.85,0.57,1.88,25,63,13,13,0,0,50,38,88,6.00,5.25,1.28,5.00,10.00,1.39,1.90,3.15,5.75,2.30,1.53,Estadio Monumental Antonio Vespucio Liberti
1741566600,Mar 10 2025 - 12:30am,complete,N/A,Newell's Old Boys,Belgrano,N/A,9,0.75,0.25,1.06,1.06,0,0,0,0,0,0,"","",5,3,2,0,1,2,0,2,0,3,14,5,4,3,10,2,10,17,49,51,1.67,1.37,1.64,0.85,2.50,38,63,50,38,0,13,75,50,75,12.00,4.50,2.47,3.00,3.10,1.43,2.40,4.71,8.50,2.09,1.78,Estadio Marcelo Alberto Bielsa
1741566600,Mar 10 2025 - 12:30am,complete,N/A,Instituto,Godoy Cruz,N/A,9,2.00,1.75,1.50,0.88,1,1,2,2,1,1,"42","37",11,1,1,0,3,0,0,1,1,2,14,4,6,1,8,3,18,14,50,50,1.23,1.18,2.14,0.78,2.00,13,71,42,0,0,13,88,42,59,7.83,4.58,2.19,3.06,3.94,1.61,3.10,5.30,14.00,2.51,1.56,Estadio Juan Domingo Perón
1741644000,Mar 10 2025 - 10:00pm,complete,N/A,Gimnasia La Plata,Deportivo Riestra,N/A,9,2.00,1.75,1.24,1.24,1,1,2,1,0,1,"90'5","2",7,2,3,0,3,0,1,2,2,1,12,3,4,1,8,2,12,16,75,25,1.09,0.99,1.73,0.49,2.00,13,71,42,0,0,0,59,71,71,7.83,5.92,2.16,2.87,4.00,1.60,2.87,5.40,15.00,2.30,1.57,Estadio Juan Carmelo Zerillo
1741652100,Mar 11 2025 - 12:15am,complete,N/A,Independiente Rivadavia,Unión Santa Fe,N/A,9,0.75,0.00,1.38,1.00,2,0,2,1,1,0,"38,55","",5,5,0,1,1,0,0,1,1,0,10,10,9,2,1,8,9,10,43,57,1.52,1.23,1.60,1.27,2.38,54,54,42,42,13,29,46,38,71,9.33,4.83,2.62,2.85,2.86,1.65,2.90,5.75,12.00,2.25,1.55,Estadio Juan Bautista Gargantini
1741652100,Mar 11 2025 - 12:15am,complete,N/A,Talleres Córdoba,Rosario Central,N/A,9,0.25,1.60,0.88,1.88,0,0,0,0,0,0,"","",6,2,3,0,6,0,2,1,1,5,16,4,4,2,12,2,9,13,53,47,2.15,1.18,1.73,0.70,2.08,48,58,45,13,13,35,68,35,58,12.90,3.55,1.80,3.05,4.40,1.45,2.50,5.40,9.00,2.15,1.67,Estadio Juan Domingo Perón
1741989600,Mar 14 2025 - 10:00pm,complete,N/A,Argentinos Juniors,Aldosivi,N/A,10,2.20,0.00,2.28,0.81,0,2,2,1,0,1,"","89,10",10,2,0,1,5,0,1,0,3,2,8,15,3,7,5,8,9,17,69,31,1.71,1.12,1.32,1.69,1.48,23,45,13,0,0,0,45,23,68,10.95,3.60,1.30,4.77,11.96,1.32,2.23,3.50,7.50,2.62,1.42,Estadio Diego Armando Maradona
1741996800,Mar 15 2025 - 12:00am,complete,N/A,Godoy Cruz,San Lorenzo,N/A,10,0.67,1.75,0.94,1.28,0,0,0,0,0,0,"","",3,6,3,0,4,0,1,2,2,2,6,11,1,2,5,9,15,8,41,59,1.10,0.75,0.81,1.37,1.46,17,59,17,0,0,17,59,13,59,7.42,6.58,3.35,2.70,2.50,1.75,3.20,7.00,11.00,2.50,1.50,Estadio Malvinas Argentinas
1742065200,Mar 15 2025 - 7:00pm,complete,N/A,Deportivo Riestra,River Plate,N/A,10,1.00,1.50,1.82,1.35,0,0,0,0,0,0,"","",5,6,5,0,1,0,3,2,1,0,4,17,1,3,3,14,17,13,25,75,1.15,1.48,0.71,1.93,0.75,25,38,0,0,0,0,13,25,38,11.00,5.25,5.00,3.42,1.69,1.37,2.38,4.50,9.99,2.05,1.70,Estadio Guillermo Laza
1742074200,Mar 15 2025 - 9:30pm,complete,N/A,Rosario Central,Gimnasia La Plata,N/A,10,3.00,0.80,2.05,1.28,2,1,3,2,1,1,"33,54","38",4,3,2,0,4,0,1,1,3,1,8,10,5,5,3,5,8,10,58,42,1.15,0.95,1.29,1.38,2.04,34,54,44,17,0,17,80,27,64,6.67,5.00,2.08,2.95,4.05,1.57,2.75,5.25,10.00,2.36,1.57,Estadio El Fortín de Ludueña
1742074200,Mar 15 2025 - 9:30pm,complete,N/A,Estudiantes,Newell's Old Boys,N/A,10,3.00,0.75,1.88,1.00,1,1,2,2,1,1,"25","45'1",9,4,5,2,2,0,1,6,0,2,16,7,6,2,10,5,15,10,75,25,1.77,1.34,1.92,0.92,2.75,38,88,50,25,13,38,88,13,88,8.00,6.25,1.69,3.55,4.95,1.33,2.21,3.90,7.80,2.17,1.75,Estadio Ciudad de La Plata
1742083200,Mar 16 2025 - 12:00am,complete,N/A,Sarmiento,Talleres Córdoba,Ariel Penel,10,1.50,1.33,1.06,1.18,0,0,0,0,0,0,"","",2,7,2,0,1,0,1,1,0,1,8,15,2,7,6,8,5,4,33,67,1.85,1.91,1.04,2.08,1.21,38,38,13,0,0,0,25,25,71,11.75,4.75,4.30,3.36,1.89,1.48,2.50,4.60,9.00,2.08,1.60,Estadio Eva Perón de Junín
1742083200,Mar 16 2025 - 12:00am,complete,N/A,Huracán,Independiente Rivadavia,Facundo Tello Figueroa,10,2.50,1.75,1.56,1.24,2,0,2,0,0,0,"69,88","",1,4,2,0,4,0,1,1,2,2,7,5,5,1,2,4,6,9,55,45,1.54,1.12,1.18,0.73,1.38,0,50,13,0,0,13,50,13,50,8.50,5.75,1.89,3.05,4.50,1.58,2.80,5.50,8.50,2.25,1.48,Estadio Tomás Adolfo Ducó
1742151600,Mar 16 2025 - 7:00pm,complete,N/A,Independiente,Racing Club,N/A,10,3.00,0.75,1.94,1.76,1,1,2,1,0,1,"78","21",7,4,7,0,5,0,2,5,1,4,11,8,2,6,9,2,2,18,67,33,1.75,1.36,1.26,1.19,2.75,38,88,50,25,13,38,88,50,88,8.75,6.00,2.45,3.00,3.12,1.50,2.66,5.15,9.50,1.93,1.75,Estadio Libertadores de América
1742159700,Mar 16 2025 - 9:15pm,complete,N/A,Boca Juniors,Defensa y Justicia,Pablo Dóvalo,10,2.60,2.00,2.10,0.88,4,0,4,2,2,0,"9,32,50,81","",3,3,3,0,2,0,1,2,0,2,11,8,6,2,5,6,13,9,46,54,1.42,1.24,1.55,1.08,2.00,30,60,30,10,10,20,50,40,70,10.20,5.00,1.85,3.40,4.45,1.36,2.10,3.60,7.10,1.91,1.83,Estadio Alberto José Armando
1742169600,Mar 17 2025 - 12:00am,complete,N/A,Lanús,Instituto,Sebastían Zunino,10,1.25,0.20,1.88,0.59,4,1,5,2,1,1,"44,61,70,90'2","18",6,2,1,0,2,0,0,1,0,2,21,6,10,4,11,2,13,13,55,45,1.77,0.92,2.41,0.94,1.10,0,45,0,0,0,13,13,33,53,9.85,4.20,2.10,2.85,4.65,1.60,2.80,6.00,15.00,2.42,1.53,Estadio Ciudad de Lanús - Néstor Díaz Pérez
1742169600,Mar 17 2025 - 12:00am,complete,N/A,Belgrano,Barracas Central,Carlos Gariano,10,1.75,1.50,1.25,1.50,1,1,2,2,1,1,"31","36",8,6,5,0,4,0,0,5,0,4,9,3,3,2,6,1,11,10,65,35,1.55,1.49,1.38,0.90,2.13,50,88,25,13,0,38,75,25,63,10.00,5.50,1.77,3.35,5.46,1.36,2.30,4.35,10.00,2.05,1.65,Estadio Julio César Villagra
1742248800,Mar 17 2025 - 10:00pm,complete,N/A,Tigre,Central Córdoba SdE,Hernán Mastrángelo,10,3.00,0.33,1.69,1.00,1,2,3,0,0,0,"72","90'1,80",5,2,3,0,2,0,2,1,0,2,3,5,1,4,2,1,15,11,47,53,1.30,1.29,0.73,1.04,3.09,50,63,63,34,34,13,54,50,75,6.58,4.58,2.14,3.24,3.60,1.52,2.51,4.80,10.00,2.05,1.73,Estadio José Dellagiovanna
1742248800,Mar 17 2025 - 10:00pm,complete,N/A,Unión Santa Fe,Banfield,Darío Herrera,10,1.25,0.75,1.35,0.88,3,1,4,1,1,0,"45'2,90'4,79","49",5,3,3,0,4,0,1,2,2,2,11,13,6,3,5,10,11,12,52,48,1.48,0.95,1.55,1.43,1.00,13,13,0,0,0,0,38,0,63,9.50,5.25,2.28,2.89,3.40,1.74,3.27,7.00,9.00,2.40,1.53,Estadio 15 de Abril
1742256900,Mar 18 2025 - 12:15am,complete,N/A,Atlético Tucumán,Vélez Sarsfield,N/A,10,0.75,0.25,1.81,1.19,1,2,3,2,1,1,"21","27,68",7,1,2,0,0,0,1,1,0,0,10,6,3,2,7,4,18,13,56,44,1.71,0.83,1.44,0.91,2.50,13,75,63,13,13,50,88,13,63,10.00,5.50,2.40,2.85,3.20,1.63,2.70,6.00,10.00,2.20,1.58,Estadio Monumental Presidente José Fierro
1742256900,Mar 18 2025 - 12:15am,complete,N/A,San Martín San Juan,Platense,Leandro Rey Hilfer,10,0.80,1.00,1.13,1.20,0,2,2,2,0,2,"","11,31",3,2,3,0,3,0,1,2,1,2,14,12,5,6,9,6,10,12,63,37,1.33,0.87,1.84,1.69,1.68,35,45,23,10,0,13,35,20,80,7.05,6.60,3.15,2.47,2.81,2.04,3.70,10.00,26.00,2.63,1.44,Estadio Ingeniero Hilario Sánchez
1742515200,Mar 21 2025 - 12:00am,complete,N/A,Unión Santa Fe,Racing Club,N/A,7,1.60,0.80,1.35,1.76,0,1,1,0,0,0,"","58",10,1,2,0,2,1,1,1,1,2,24,5,7,1,17,4,8,6,73,27,1.49,1.33,2.74,0.70,2.20,50,60,30,30,10,20,80,30,70,11.60,6.40,2.90,2.90,2.55,1.46,2.43,4.33,9.45,2.07,1.73,Estadio 15 de Abril
1742673600,Mar 22 2025 - 8:00pm,complete,N/A,Godoy Cruz,Talleres Córdoba,Yael Falcón Pérez,3,0.75,1.25,0.94,1.18,0,0,0,0,0,0,"","",4,6,2,0,2,0,2,0,1,1,5,9,0,4,5,5,12,8,49,51,1.02,1.95,0.49,0.99,0.88,13,25,13,0,0,13,25,0,50,9.75,5.00,5.08,2.05,2.54,1.51,2.45,4.00,9.00,2.05,1.72,N/A
1743100200,Mar 27 2025 - 6:30pm,complete,N/A,Aldosivi,Unión Santa Fe,N/A,11,0.40,0.00,1.25,1.00,2,1,3,1,1,0,"18,73","89",5,8,0,0,2,0,0,0,2,0,14,18,9,7,5,11,20,4,37,63,2.06,1.24,1.86,2.14,2.90,43,75,53,53,10,43,88,30,78,11.45,4.80,3.15,2.98,2.65,1.55,2.95,6.00,11.50,2.15,1.65,Estadio José María Minella
1743109200,Mar 27 2025 - 9:00pm,complete,N/A,Barracas Central,Estudiantes,N/A,11,1.40,1.20,1.47,1.05,2,1,3,1,1,0,"24,88","83",4,2,0,0,6,0,0,0,2,4,13,15,7,3,6,12,8,19,37,63,1.03,1.08,1.70,1.71,2.70,50,70,50,40,10,10,60,50,80,4.40,6.80,4.60,3.25,1.85,1.44,2.50,4.82,9.00,2.10,1.61,Estadio Claudio Chiqui Tapia
1743120000,Mar 28 2025 - 12:00am,complete,N/A,Independiente Rivadavia,Racing Club,N/A,11,1.20,1.17,1.38,1.76,2,1,3,1,0,1,"79,69","25",2,8,4,0,3,0,1,3,2,1,11,9,4,4,7,5,13,13,48,52,1.54,1.22,1.31,1.35,2.55,55,74,37,37,19,27,62,47,82,8.53,6.23,2.80,3.10,2.30,1.40,2.42,4.33,7.20,1.91,1.83,Estadio Juan Bautista Gargantini
1743192000,Mar 28 2025 - 8:00pm,complete,N/A,Defensa y Justicia,Tigre,N/A,11,1.75,1.80,1.50,1.37,1,2,3,0,0,0,"52","58,79",0,7,0,0,1,0,0,0,0,1,7,12,3,5,4,7,10,12,60,40,1.75,1.37,1.06,1.60,2.18,45,65,33,10,10,20,63,23,90,9.15,4.95,2.21,3.11,3.15,1.33,2.10,4.00,7.00,1.85,1.96,Estadio Norberto Tito Tomaghello
1743200100,Mar 28 2025 - 10:15pm,complete,N/A,San Lorenzo,Lanús,N/A,11,2.00,1.00,1.78,1.12,1,1,2,0,0,0,"65","82",3,5,5,1,3,0,2,4,0,3,9,17,3,5,6,12,10,11,46,54,1.58,1.19,1.14,1.82,1.90,50,50,40,10,10,40,50,20,70,9.60,4.20,2.74,2.78,2.85,1.67,3.08,6.97,11.00,2.40,1.53,N/A
1743200100,Mar 28 2025 - 10:15pm,complete,N/A,Banfield,Huracán,N/A,11,1.00,1.60,1.31,1.44,0,0,0,0,0,0,"","",3,4,3,0,2,0,2,1,2,0,9,4,2,2,7,2,13,12,45,55,1.21,1.21,1.26,0.91,1.90,50,70,30,0,0,30,80,10,70,8.00,5.40,3.20,2.75,2.67,1.75,3.20,7.33,12.10,2.40,1.49,Estadio Florencio Solá
1743208200,Mar 29 2025 - 12:30am,complete,N/A,Vélez Sarsfield,Deportivo Riestra,N/A,11,0.80,1.60,1.24,1.24,0,1,1,1,0,1,"","9",4,1,2,0,6,1,1,1,3,4,4,6,1,3,3,3,9,20,77,23,1.38,0.89,0.87,0.91,1.60,20,60,20,0,0,10,50,30,70,7.60,5.40,2.00,3.03,0.00,1.57,2.90,6.00,8.50,2.39,1.52,Estadio José Amalfitani
1743208200,Mar 29 2025 - 12:30am,complete,N/A,Platense,Atlético Tucumán,N/A,11,1.20,0.80,1.31,0.31,2,1,3,2,1,1,"8,77","38",3,3,1,0,1,0,0,1,1,0,11,7,6,2,5,5,12,7,49,51,1.00,1.24,1.58,0.81,1.60,40,50,10,10,0,0,50,30,70,6.60,2.60,1.83,3.00,5.00,1.58,2.88,6.25,11.00,2.45,1.50,Estadio Ciudad de Vicente López
1743276600,Mar 29 2025 - 7:30pm,complete,N/A,Instituto,San Martín San Juan,N/A,11,1.75,0.50,1.50,0.63,1,0,1,0,0,0,"86","",10,1,4,0,5,0,2,2,1,4,14,4,3,1,11,3,9,17,59,41,1.46,1.27,1.63,0.63,1.50,25,50,13,0,0,13,75,13,50,11.50,4.50,1.91,2.80,4.80,1.62,2.95,5.75,11.00,2.30,1.49,Estadio Juan Domingo Perón
1743283800,Mar 29 2025 - 9:30pm,complete,N/A,Central Córdoba SdE,Argentinos Juniors,N/A,11,2.17,2.50,1.61,1.28,1,1,2,0,0,0,"80","68",2,3,0,0,0,0,0,0,0,0,5,9,2,2,3,7,14,8,36,64,1.87,1.49,0.77,1.19,2.13,25,59,42,21,13,29,71,34,67,9.75,3.42,3.65,3.00,2.11,1.50,2.55,4.50,9.50,2.00,1.66,N/A
1743284700,Mar 29 2025 - 9:45pm,complete,N/A,Independiente,Godoy Cruz,N/A,11,2.60,1.60,1.94,0.88,4,0,4,4,4,0,"2,25,18,35","",3,2,1,0,1,0,1,0,1,0,10,7,8,4,2,3,6,12,61,39,1.65,1.10,1.51,1.04,2.20,40,90,40,0,0,30,80,40,70,7.20,5.80,1.40,4.05,9.00,1.40,2.30,4.75,9.52,2.80,1.44,Estadio Libertadores de América
1743292800,Mar 30 2025 - 12:00am,complete,N/A,River Plate,Rosario Central,N/A,11,2.40,1.50,1.89,1.88,2,2,4,2,1,1,"18,61","85,8",4,4,2,0,2,0,1,1,2,0,20,8,7,4,13,4,17,12,64,36,1.83,1.10,2.23,1.10,1.29,9,37,17,0,0,9,35,19,67,9.43,6.93,1.44,3.90,8.50,1.38,2.31,3.80,8.70,2.36,1.56,Estadio Monumental Antonio Vespucio Liberti
1743357600,Mar 30 2025 - 6:00pm,complete,N/A,Belgrano,Talleres Córdoba,N/A,11,1.60,1.20,1.25,1.18,1,1,2,1,0,1,"66","19",5,1,5,1,5,0,2,4,2,3,11,9,2,2,9,7,8,14,54,46,1.51,1.76,1.22,0.97,1.30,20,50,10,0,0,30,50,0,40,12.20,5.40,3.10,2.80,2.50,1.44,2.40,4.60,9.00,2.00,1.71,Estadio Julio César Villagra
1743361200,Mar 30 2025 - 7:00pm,complete,N/A,Gimnasia La Plata,Sarmiento,N/A,11,1.75,0.20,1.24,1.13,0,0,0,0,0,0,"","",8,2,2,1,4,0,1,2,2,2,22,9,4,3,18,6,10,14,56,44,1.25,1.06,2.19,1.16,2.50,33,78,43,20,10,30,88,35,58,8.75,7.10,1.83,3.28,4.80,1.50,2.60,6.00,10.30,2.40,1.51,Estadio Juan Carmelo Zerillo
1743373800,Mar 30 2025 - 10:30pm,complete,N/A,Newell's Old Boys,Boca Juniors,N/A,11,0.80,1.75,1.06,1.56,2,0,2,2,2,0,"5,45'3","",3,7,3,0,1,0,0,3,1,0,7,10,4,1,3,9,16,11,23,77,1.67,1.24,1.01,1.22,1.60,23,48,23,0,0,13,68,10,70,10.15,6.00,3.70,3.10,2.10,1.48,2.61,4.50,9.00,2.10,1.67,Estadio Marcelo Alberto Bielsa
1743804000,Apr 04 2025 - 10:00pm,complete,N/A,Estudiantes,Belgrano,N/A,12,2.60,0.40,1.88,1.06,0,1,1,1,0,1,"","41",9,5,1,0,3,0,0,1,0,3,15,5,6,1,9,4,11,13,65,35,1.80,1.26,2.00,0.82,2.80,50,80,50,50,10,30,70,40,80,8.80,6.60,1.85,3.46,4.40,1.35,2.20,3.60,7.20,1.98,1.75,Estadio Ciudad de La Plata
1743814800,Apr 05 2025 - 1:00am,complete,N/A,San Martín San Juan,San Lorenzo,N/A,12,0.67,1.60,1.13,1.28,0,1,1,0,0,0,"","69",4,7,1,0,4,0,1,0,1,3,10,4,5,2,5,2,15,17,46,54,1.41,0.87,1.35,0.76,1.34,9,45,9,9,0,9,37,27,45,7.90,6.07,3.25,2.80,2.48,1.65,3.02,7.50,19.00,2.45,1.50,Estadio Ingeniero Hilario Sánchez
1743877800,Apr 05 2025 - 6:30pm,complete,N/A,Godoy Cruz,Independiente Rivadavia,N/A,12,0.80,1.40,0.94,1.24,1,1,2,1,1,0,"45'1","74",1,5,5,0,4,0,3,2,3,1,7,8,1,5,6,3,18,13,39,61,0.92,1.05,0.76,1.30,1.30,10,50,20,0,0,20,40,20,40,8.00,6.20,2.82,2.80,2.60,1.67,3.00,6.67,11.50,2.38,1.53,Estadio Malvinas Argentinas
1743877800,Apr 05 2025 - 6:30pm,complete,N/A,Rosario Central,Vélez Sarsfield,N/A,12,3.00,0.80,2.05,1.19,2,1,3,1,0,1,"58,90'1","10",10,3,4,0,6,1,2,2,2,5,8,4,4,3,4,1,6,16,65,35,1.18,0.85,1.38,0.73,2.48,48,78,68,13,0,55,90,13,78,6.55,4.60,2.15,2.84,3.89,1.55,2.90,7.00,15.00,2.39,1.57,Estadio El Fortín de Ludueña
1743886800,Apr 05 2025 - 9:00pm,complete,N/A,Huracán,Aldosivi,N/A,12,2.60,0.60,1.56,0.81,3,3,6,2,1,1,"24,48,68","20,80,63",5,5,0,0,4,0,0,0,1,3,15,10,7,7,8,3,7,17,61,39,1.47,1.23,2.03,1.61,1.60,10,60,10,0,0,0,50,20,80,8.20,4.40,1.90,3.00,4.15,1.50,2.55,6.00,9.50,2.25,1.60,Estadio Tomás Adolfo Ducó
1743886800,Apr 05 2025 - 9:00pm,complete,N/A,Talleres Córdoba,Gimnasia La Plata,N/A,12,0.40,0.67,0.88,1.28,2,0,2,1,1,0,"16,65","",9,5,0,0,3,0,0,0,1,2,15,19,6,2,9,17,6,15,46,54,2.06,1.02,1.73,1.81,1.94,39,55,37,10,10,29,64,29,64,10.20,4.37,1.85,3.05,3.45,1.50,2.50,5.07,9.30,2.09,1.57,Estadio Juan Domingo Perón
1743895800,Apr 05 2025 - 11:30pm,complete,N/A,Sarmiento,River Plate,N/A,12,1.40,1.40,1.06,1.35,1,1,2,2,1,1,"44","30",4,5,2,0,3,0,1,1,1,2,14,12,6,7,8,5,9,16,29,71,1.69,1.57,1.76,1.87,1.10,40,50,10,0,0,0,30,30,50,11.80,5.20,5.21,3.55,1.73,1.32,2.23,4.08,10.00,2.15,1.60,Estadio Eva Perón de Junín
1743964200,Apr 06 2025 - 6:30pm,complete,N/A,Unión Santa Fe,Central Córdoba SdE,Nazareno Arasa,12,1.33,1.00,1.35,1.00,1,0,1,1,1,0,"29","",8,2,2,0,3,0,0,2,0,3,9,4,1,1,8,3,16,13,47,53,1.70,1.22,1.25,0.82,2.88,67,67,59,34,25,0,38,59,84,10.92,4.75,2.04,3.27,3.45,1.46,2.37,4.33,8.50,2.10,1.63,Estadio 15 de Abril
1743964200,Apr 06 2025 - 6:30pm,complete,N/A,Lanús,Independiente,Leandro Rey Hilfer,12,1.60,1.60,1.88,1.12,1,1,2,1,0,1,"61","3",2,2,3,0,1,0,2,1,0,1,6,11,4,9,2,2,1,0,41,59,1.90,0.85,0.98,1.74,2.10,40,70,30,20,20,40,40,50,60,10.80,5.60,2.30,3.00,3.10,1.61,2.60,5.25,10.00,2.05,1.62,Estadio Ciudad de Lanús - Néstor Díaz Pérez
1743973200,Apr 06 2025 - 9:00pm,complete,N/A,Boca Juniors,Barracas Central,Fernando Echenique,12,2.67,1.40,2.10,1.50,1,0,1,1,1,0,"40","",6,2,2,0,1,0,1,1,1,0,10,7,5,0,5,7,15,13,58,42,1.44,1.37,1.51,0.79,2.09,57,74,35,19,0,37,55,45,64,9.03,5.27,1.38,3.95,7.50,1.36,2.25,3.94,7.50,2.38,1.53,Estadio Alberto José Armando
1743981300,Apr 06 2025 - 11:15pm,complete,N/A,Racing Club,Banfield,Fernando Espinoza,12,1.50,0.60,1.55,0.88,4,1,5,1,1,0,"46,42,55,75","90",7,0,1,0,1,0,0,1,0,1,15,5,6,2,9,3,17,9,58,42,1.46,1.05,1.86,0.75,2.30,23,48,35,35,13,13,70,35,78,9.60,6.00,1.65,3.60,4.45,1.36,2.24,3.35,7.54,1.85,1.77,Estadio Presidente Juan Domingo Perón
1743981300,Apr 06 2025 - 11:15pm,complete,N/A,Argentinos Juniors,Defensa y Justicia,N/A,12,1.83,1.67,2.28,0.88,4,1,5,4,4,0,"5,12,31,24","52",2,3,1,0,2,0,0,1,0,2,12,8,8,4,4,4,5,17,64,36,1.65,1.21,1.62,1.06,1.92,17,59,17,17,9,17,59,34,75,11.50,4.83,1.57,3.90,5.55,1.36,2.00,3.80,7.50,2.10,1.66,Estadio Diego Armando Maradona
1744050600,Apr 07 2025 - 6:30pm,complete,N/A,Deportivo Riestra,Platense,Yael Falcón Pérez,12,1.00,1.40,1.82,1.20,1,0,1,0,0,0,"57","",1,5,5,0,1,1,3,2,1,1,7,5,3,1,4,4,22,7,35,65,1.06,1.03,0.92,0.88,1.10,30,40,10,0,0,20,30,10,50,7.20,6.60,3.40,2.60,2.35,2.00,3.75,8.00,11.00,2.70,1.40,Estadio Guillermo Laza
1744070400,Apr 08 2025 - 12:00am,complete,N/A,Tigre,Newell's Old Boys,Andrés Merlos,12,2.40,0.80,1.69,1.00,0,2,2,1,0,1,"","13,74",7,3,2,0,3,0,1,1,2,1,16,5,9,2,7,3,10,14,65,35,1.18,1.26,2.19,0.75,2.10,30,70,40,0,0,40,80,10,60,6.80,5.60,1.96,3.10,4.20,1.53,2.60,6.25,7.80,2.25,1.61,Estadio José Dellagiovanna
1744070400,Apr 08 2025 - 12:00am,complete,N/A,Atlético Tucumán,Instituto,Hernán Mastrángelo,12,0.60,0.17,1.81,0.59,3,2,5,1,1,0,"49,45,90'1","81,56",4,5,1,0,2,0,0,1,1,1,14,12,4,6,10,6,14,13,44,56,1.66,0.92,1.47,1.62,2.42,29,65,49,19,19,39,59,35,72,9.30,4.37,2.32,2.97,2.92,1.47,2.50,4.75,10.00,2.12,1.70,Estadio Monumental Presidente José Fierro
1744408800,Apr 11 2025 - 10:00pm,complete,N/A,Banfield,Independiente Rivadavia,N/A,13,1.00,1.33,1.31,1.24,1,1,2,1,1,0,"12","84",5,2,4,1,1,0,1,4,0,1,8,6,3,4,5,2,14,17,39,61,1.22,1.09,1.09,1.01,1.59,25,59,25,0,0,17,50,25,59,8.33,6.00,2.55,2.88,3.20,1.64,2.85,5.91,13.00,2.25,1.60,Estadio Florencio Solá
1744416000,Apr 12 2025 - 12:00am,complete,N/A,Newell's Old Boys,Argentinos Juniors,N/A,13,1.17,2.20,1.06,1.28,0,0,0,0,0,0,"","",7,11,1,0,1,0,0,1,0,1,12,8,5,5,7,3,13,12,33,67,1.56,1.43,1.47,1.48,1.77,39,47,29,10,10,19,64,39,47,10.67,3.97,3.60,2.88,2.20,1.50,2.70,5.75,9.85,2.25,1.61,Estadio Marcelo Alberto Bielsa
1744482600,Apr 12 2025 - 6:30pm,complete,N/A,San Lorenzo,Atlético Tucumán,N/A,13,1.83,0.67,1.78,0.31,1,0,1,0,0,0,"57","",2,3,4,0,5,0,0,4,2,3,7,11,4,3,3,8,9,18,59,41,1.51,1.17,1.04,1.29,2.25,59,67,42,17,9,34,59,33,83,7.00,4.34,1.85,2.90,4.15,1.50,2.62,5.00,9.50,2.20,1.62,N/A
1744491600,Apr 12 2025 - 9:00pm,complete,N/A,Barracas Central,Tigre,N/A,13,1.67,2.00,1.47,1.37,1,0,1,1,1,0,"16","",2,9,3,1,2,0,3,1,1,1,3,8,2,1,1,7,9,12,38,62,1.14,1.41,0.57,1.31,2.92,59,83,59,25,17,25,83,50,83,6.83,4.66,3.55,2.94,2.40,1.53,2.74,5.75,11.50,2.28,1.67,Estadio Julio Humberto Grondona
1744500600,Apr 12 2025 - 11:30pm,complete,N/A,Belgrano,Boca Juniors,N/A,13,1.50,1.40,1.25,1.56,1,3,4,1,0,1,"61","38,62,76",4,6,1,0,1,0,0,1,0,1,12,13,3,8,9,5,16,8,41,59,1.47,1.24,1.51,1.86,2.09,35,90,19,0,0,45,90,0,65,9.93,7.57,3.48,3.08,2.30,1.46,2.43,4.90,8.50,2.00,1.72,Estadio Julio César Villagra
1744569000,Apr 13 2025 - 6:30pm,complete,N/A,Instituto,Deportivo Riestra,N/A,13,2.00,1.83,1.50,1.24,3,0,3,0,0,0,"48,61,87","",4,2,2,0,2,1,1,1,2,1,16,5,3,2,13,3,7,16,66,34,1.49,0.89,1.80,0.89,1.82,27,64,27,0,0,10,74,35,64,8.97,5.57,2.23,2.90,3.90,1.85,3.40,7.50,11.00,2.38,1.55,Estadio Juan Domingo Perón
1744569000,Apr 13 2025 - 6:30pm,complete,N/A,Gimnasia La Plata,Estudiantes,N/A,13,1.60,1.00,1.24,1.05,1,1,2,1,1,0,"33","90'3",3,2,7,0,6,0,2,5,1,5,9,12,4,7,5,5,16,13,37,63,1.44,1.19,1.22,1.67,1.97,35,64,35,17,0,0,55,45,72,8.87,8.43,3.05,2.88,2.58,1.59,2.62,6.50,10.00,2.10,1.65,Estadio Juan Carmelo Zerillo
1744578000,Apr 13 2025 - 9:00pm,complete,N/A,Independiente,San Martín San Juan,N/A,13,2.67,0.40,1.94,0.63,2,0,2,0,0,0,"69,82","",10,0,1,0,2,0,1,0,2,0,13,6,3,3,10,3,8,19,69,31,1.63,1.14,1.69,0.95,1.84,27,60,25,9,0,17,62,17,72,8.60,6.00,1.49,3.85,8.00,1.52,2.33,4.75,9.85,2.70,1.40,Estadio Libertadores de América
1744586100,Apr 13 2025 - 11:15pm,complete,N/A,River Plate,Talleres Córdoba,N/A,13,2.17,1.17,1.89,1.18,1,1,2,0,0,0,"87","50",5,1,2,0,2,0,0,2,1,1,14,7,6,2,8,5,9,14,64,36,1.90,1.63,1.86,0.81,1.25,17,34,9,9,0,9,25,17,75,9.33,5.66,1.60,3.89,5.10,1.27,2.02,3.71,6.30,2.04,1.80,Estadio Monumental Antonio Vespucio Liberti
1744655400,Apr 14 2025 - 6:30pm,complete,N/A,Aldosivi,Racing Club,N/A,13,0.83,1.00,1.25,1.76,0,2,2,2,0,2,"","13,35",4,3,1,0,2,0,1,0,1,1,6,18,2,9,4,9,9,12,42,58,2.03,1.24,0.86,2.29,3.12,62,86,63,48,16,40,93,55,85,10.86,6.04,3.75,3.51,2.04,1.28,1.97,3.10,6.82,1.73,2.00,Estadio José María Minella
1744664400,Apr 14 2025 - 9:00pm,complete,N/A,Central Córdoba SdE,Huracán,N/A,13,2.00,1.50,1.61,1.44,1,2,3,2,1,1,"42","32,58",5,2,2,1,4,0,1,2,2,2,7,6,1,5,6,1,9,14,64,36,1.72,1.16,1.10,1.11,1.84,32,69,23,7,0,31,70,15,68,8.50,3.67,2.32,2.85,3.35,1.60,2.70,5.25,9.30,2.23,1.57,N/A
1744668000,Apr 14 2025 - 10:00pm,complete,N/A,Defensa y Justicia,Unión Santa Fe,N/A,13,1.40,0.00,1.50,1.00,0,0,0,0,0,0,"","",2,6,3,0,1,0,1,2,0,1,13,17,4,2,9,15,11,11,53,47,1.61,1.42,1.50,1.69,2.10,50,60,40,10,0,10,50,30,90,9.60,3.40,2.60,2.90,2.95,1.46,2.34,4.75,9.50,2.00,1.75,Estadio Norberto Tito Tomaghello
1744676100,Apr 15 2025 - 12:15am,complete,N/A,Vélez Sarsfield,Sarmiento,N/A,13,0.67,0.33,1.24,1.13,0,1,1,0,0,0,"","71",12,1,3,0,6,0,2,1,2,4,13,4,3,1,10,3,11,13,67,33,1.30,1.07,1.66,0.57,1.84,17,50,25,17,9,34,67,9,42,7.83,6.50,1.67,3.50,5.00,1.50,2.35,5.00,9.50,2.50,1.56,Estadio José Amalfitani
1744676100,Apr 15 2025 - 12:15am,complete,N/A,Godoy Cruz,Lanús,N/A,13,0.83,1.00,0.94,1.12,0,0,0,0,0,0,"","",3,5,3,0,2,0,0,3,1,1,14,9,4,3,10,6,12,9,49,51,0.89,1.30,1.56,1.20,1.34,42,50,17,0,0,17,42,17,59,8.67,5.66,3.30,2.95,2.33,1.55,2.85,6.40,13.00,2.20,1.62,Estadio Víctor Antonio Legrotaglie
1744758000,Apr 15 2025 - 11:00pm,complete,N/A,Platense,Rosario Central,N/A,13,1.50,1.43,1.31,1.88,0,0,0,0,0,0,"","",5,5,3,0,3,0,0,3,0,3,10,7,2,1,8,6,11,9,47,53,1.09,1.10,1.33,0.94,1.54,40,47,30,7,0,23,54,23,55,8.54,3.97,2.37,2.62,3.90,2.03,4.00,7.00,12.00,2.80,1.37,Estadio Ciudad de Vicente López
1745006400,Apr 18 2025 - 8:00pm,complete,N/A,Gimnasia La Plata,River Plate,N/A,14,1.50,1.33,1.24,1.35,0,3,3,1,0,1,"","35,54,82",2,4,3,0,5,0,1,2,2,3,9,11,2,5,7,6,14,10,44,56,1.40,1.62,1.16,1.46,1.34,33,59,9,0,0,9,50,25,50,11.50,6.84,4.15,3.40,1.85,1.48,2.50,4.75,8.50,1.95,1.71,Estadio Juan Carmelo Zerillo
1745014500,Apr 18 2025 - 10:15pm,complete,N/A,Talleres Córdoba,Vélez Sarsfield,N/A,14,0.83,0.67,0.88,1.19,0,1,1,0,0,0,"","48",5,1,2,0,2,0,0,2,2,0,17,9,3,6,14,3,13,13,65,35,2.01,0.83,1.84,1.29,2.25,42,75,50,9,9,42,75,25,75,10.33,4.33,2.35,3.10,3.25,1.48,2.35,5.25,9.50,2.00,1.70,Estadio Juan Domingo Perón
1745014500,Apr 18 2025 - 10:15pm,complete,N/A,Racing Club,Central Córdoba SdE,N/A,14,1.80,0.80,1.55,1.00,1,0,1,1,1,0,"45","",9,3,1,0,2,0,0,1,0,2,18,10,6,3,12,7,13,9,56,44,1.54,1.14,2.24,1.28,3.50,60,80,70,50,40,10,70,70,80,10.40,5.00,1.59,4.05,6.00,1.31,2.02,3.25,6.32,1.90,1.89,Estadio Presidente Juan Domingo Perón
1745022600,Apr 19 2025 - 12:30am,complete,N/A,Unión Santa Fe,Newell's Old Boys,N/A,14,1.57,1.17,1.35,1.00,1,1,2,2,1,1,"11","16",10,4,4,0,4,0,1,3,1,3,16,10,11,3,5,7,16,15,65,35,1.64,1.17,2.43,1.15,1.88,31,65,24,7,0,25,79,7,62,11.12,5.60,2.25,2.80,3.55,1.52,2.55,4.97,12.00,2.12,1.76,Estadio 15 de Abril
1745090100,Apr 19 2025 - 7:15pm,complete,N/A,Lanús,Banfield,N/A,14,1.50,0.50,1.88,0.88,1,1,2,1,1,0,"27","76",2,5,2,0,7,0,1,1,3,4,7,6,5,1,2,5,20,21,55,45,1.75,1.00,1.07,0.81,2.00,33,50,25,25,17,17,50,33,67,8.34,4.67,1.90,3.10,4.80,1.62,3.08,6.13,8.50,2.40,1.43,Estadio Ciudad de Lanús - Néstor Díaz Pérez
1745097300,Apr 19 2025 - 9:15pm,complete,N/A,Huracán,Defensa y Justicia,N/A,14,2.33,1.43,1.56,0.88,1,1,2,1,0,1,"60","33",3,4,2,0,8,1,2,0,7,2,17,8,8,3,9,5,10,20,68,32,1.56,1.19,2.28,1.12,2.52,23,69,30,30,23,30,61,38,85,8.60,4.46,2.01,3.05,4.31,1.48,2.70,4.50,9.00,2.25,1.61,Estadio Tomás Adolfo Ducó
1745105400,Apr 19 2025 - 11:30pm,complete,N/A,Boca Juniors,Estudiantes,N/A,14,2.71,1.00,2.10,1.05,2,0,2,0,0,0,"63,48","",2,2,5,0,3,0,2,3,1,2,7,11,2,3,5,8,18,18,49,51,1.45,1.26,0.89,1.31,2.15,43,64,43,22,0,15,57,43,72,7.57,7.57,2.10,3.05,3.50,1.44,2.38,4.35,8.50,1.94,1.73,Estadio Alberto José Armando
1745173800,Apr 20 2025 - 6:30pm,complete,N/A,Deportivo Riestra,San Lorenzo,Fernando Echenique,14,1.33,1.83,1.82,1.28,0,0,0,0,0,0,"","",2,6,2,0,3,0,0,2,1,2,4,5,1,3,3,2,15,6,26,74,1.04,0.85,0.79,1.13,0.75,9,25,0,0,0,0,17,17,42,8.33,6.67,3.35,2.60,2.50,2.02,3.87,8.03,13.70,2.50,1.46,Estadio Guillermo Laza
1745177400,Apr 20 2025 - 7:30pm,complete,N/A,San Martín San Juan,Godoy Cruz,Sebastían Zunino,14,0.57,1.33,1.13,0.88,1,0,1,1,1,0,"33","",4,5,1,0,2,0,0,1,1,1,8,6,3,3,5,3,17,17,40,60,1.40,1.09,1.03,0.98,1.95,24,63,32,16,0,32,56,31,45,7.26,4.60,2.59,2.80,3.16,1.69,3.00,6.50,12.10,2.36,1.57,Estadio Ingeniero Hilario Sánchez
1745182800,Apr 20 2025 - 9:00pm,complete,N/A,Sarmiento,Platense,Carlos Gariano,14,1.33,1.17,1.06,1.20,0,1,1,0,0,0,"","54",7,5,1,0,4,0,0,1,2,2,11,8,2,2,9,6,10,18,53,47,1.70,1.01,1.49,1.18,1.59,50,59,17,0,0,25,50,17,67,8.17,6.00,3.50,2.60,2.42,1.85,3.40,6.75,13.70,2.50,1.46,Estadio Eva Perón de Junín
1745191800,Apr 20 2025 - 11:30pm,complete,N/A,Rosario Central,Instituto,Nicolás Lamolina,14,3.00,0.14,2.05,0.59,3,0,3,1,1,0,"8,90'4,68","",2,4,2,0,4,0,1,1,3,1,22,13,9,0,13,13,13,9,48,52,1.22,1.02,2.51,1.34,2.55,55,69,55,25,15,27,65,49,83,7.86,4.54,2.13,2.80,4.00,1.61,2.70,5.45,13.00,2.25,1.53,Estadio El Fortín de Ludueña
1745359200,Apr 22 2025 - 10:00pm,complete,N/A,Argentinos Juniors,Barracas Central,Silvio Trucco,14,2.00,1.17,2.28,1.50,3,0,3,2,2,0,"31,42,47","",2,2,1,0,3,0,0,1,0,3,10,3,6,0,4,3,14,9,72,28,1.64,1.28,1.53,0.48,1.85,48,62,16,16,7,24,62,24,61,9.97,4.62,1.53,3.80,7.35,1.40,2.30,4.33,8.40,2.44,1.65,Estadio Diego Armando Maradona
1745359200,Apr 22 2025 - 10:00pm,complete,N/A,Tigre,Belgrano,Ariel Penel,14,2.00,0.83,1.69,1.06,0,0,0,0,0,0,"","",2,3,2,0,3,0,2,0,1,2,8,6,3,4,5,2,10,22,46,54,1.35,1.19,1.13,1.00,2.17,25,59,42,25,0,17,67,34,67,7.50,5.16,2.09,3.20,3.45,1.44,2.42,4.75,9.50,2.16,1.73,Estadio José Dellagiovanna
1745367300,Apr 23 2025 - 12:15am,complete,N/A,Independiente Rivadavia,Aldosivi,Pablo Echavarría,14,1.50,0.67,1.38,0.81,1,0,1,1,1,0,"30","",3,3,0,0,1,0,0,0,1,0,8,20,2,4,6,16,7,9,40,60,1.50,1.30,1.11,2.12,2.59,50,75,42,25,17,17,59,50,83,8.16,4.84,1.95,3.10,4.05,1.44,2.42,4.80,10.00,2.06,1.75,Estadio Juan Bautista Gargantini
1745690400,Apr 26 2025 - 6:00pm,complete,N/A,Aldosivi,Banfield,N/A,15,0.71,0.57,1.25,0.88,2,1,3,1,1,0,"39,67","88",2,7,1,0,2,0,1,0,1,1,12,13,4,3,8,10,19,8,43,57,1.86,0.97,1.37,1.50,2.79,50,72,50,43,14,29,79,43,79,8.28,5.43,2.45,2.75,3.30,1.73,3.16,6.71,8.80,2.47,1.57,Estadio José María Minella
1745697600,Apr 26 2025 - 8:00pm,complete,N/A,San Lorenzo,Rosario Central,N/A,15,2.00,1.38,1.78,1.88,0,1,1,0,0,0,"","90'1",6,4,5,0,4,0,0,5,3,1,6,4,2,3,4,1,9,13,53,47,1.44,1.08,0.97,0.92,1.76,41,48,41,14,7,34,47,27,62,8.75,5.99,2.48,2.59,3.84,1.65,3.00,6.25,14.00,2.38,1.45,N/A
1745704800,Apr 26 2025 - 10:00pm,complete,N/A,Belgrano,Argentinos Juniors,N/A,15,1.29,2.00,1.25,1.28,1,1,2,1,1,0,"21","47",2,7,2,0,3,0,0,2,1,2,8,11,3,3,5,8,11,16,33,67,1.47,1.44,1.10,1.52,2.13,54,75,31,16,9,30,75,32,54,11.17,5.38,3.20,2.95,2.31,1.44,2.59,4.80,8.50,1.93,1.70,Estadio Julio César Villagra
1745778600,Apr 27 2025 - 6:30pm,complete,N/A,River Plate,Boca Juniors,N/A,15,2.00,1.67,1.89,1.56,2,1,3,3,2,1,"25,44","38",4,5,6,0,5,0,2,4,3,2,15,9,9,3,6,6,12,13,45,55,1.89,1.34,2.03,1.32,2.10,31,70,24,16,0,24,56,30,92,8.57,6.14,1.90,3.10,4.30,1.50,2.50,5.45,12.00,2.15,1.68,Estadio Monumental Antonio Vespucio Liberti
1745791200,Apr 27 2025 - 10:00pm,complete,N/A,Lanús,San Martín San Juan,N/A,15,1.43,0.33,1.88,0.63,1,0,1,0,0,0,"59","",5,6,3,0,3,0,0,3,1,2,12,7,3,2,9,5,14,18,51,49,1.65,1.11,1.42,1.03,1.52,30,52,7,7,7,15,45,23,62,9.40,4.83,1.55,3.25,5.50,1.57,3.08,5.80,9.75,2.45,1.48,Estadio Ciudad de Lanús - Néstor Díaz Pérez
1745791200,Apr 27 2025 - 10:00pm,complete,N/A,Instituto,Sarmiento,N/A,15,2.17,0.71,1.50,1.13,1,1,2,0,0,0,"67","54",13,3,2,0,5,0,0,2,3,2,14,6,6,3,8,3,8,21,70,30,1.54,1.00,2.06,0.98,2.15,23,62,38,15,7,30,69,24,55,8.90,6.33,1.99,3.00,3.90,1.58,2.50,5.25,10.50,2.25,1.63,Estadio Juan Domingo Perón
1745799300,Apr 28 2025 - 12:15am,complete,N/A,Independiente,Deportivo Riestra,N/A,15,2.71,1.57,1.94,1.24,0,0,0,0,0,0,"","",9,4,0,1,6,0,0,1,3,3,14,9,0,2,14,7,8,13,75,25,1.64,0.89,1.75,1.08,2.29,29,86,43,7,0,15,64,50,79,7.00,5.85,1.59,3.55,6.25,1.50,2.59,4.40,11.00,2.40,1.53,Estadio Libertadores de América
1745863200,Apr 28 2025 - 6:00pm,complete,N/A,Barracas Central,Unión Santa Fe,N/A,15,1.86,0.17,1.47,1.00,2,1,3,2,1,1,"43,86","33",5,1,1,0,3,0,1,0,1,2,19,7,6,4,13,3,12,18,43,57,1.06,1.46,2.10,1.07,2.35,45,61,45,23,7,16,77,37,69,7.83,4.12,3.16,2.87,2.70,1.57,2.94,5.91,11.00,2.20,1.58,Estadio Claudio Chiqui Tapia
1745871300,Apr 28 2025 - 8:15pm,complete,N/A,Godoy Cruz,Atlético Tucumán,N/A,15,0.86,0.57,0.94,0.31,1,0,1,1,1,0,"36","",7,0,5,0,3,0,2,3,0,3,13,4,5,2,8,2,14,14,40,60,0.99,1.18,1.54,0.75,1.50,36,50,22,7,0,14,50,15,65,6.28,5.43,2.45,0.00,0.00,1.48,2.35,4.81,8.30,2.00,1.75,Estadio Malvinas Argentinas
1745879400,Apr 28 2025 - 10:30pm,complete,N/A,Defensa y Justicia,Racing Club,N/A,15,1.33,1.25,1.50,1.76,1,2,3,0,0,0,"54","87,72",5,3,1,0,4,0,1,0,1,3,17,9,7,5,10,4,12,15,46,54,1.60,1.37,1.97,1.38,2.09,50,63,36,13,7,19,53,36,79,8.13,5.17,3.50,3.25,2.10,1.36,1.97,3.56,9.00,1.75,1.95,Estadio Norberto Tito Tomaghello
1745879400,Apr 28 2025 - 10:30pm,complete,N/A,Estudiantes,Tigre,N/A,15,2.17,1.71,1.88,1.37,0,0,0,0,0,0,"","",6,5,1,0,1,0,1,0,1,0,17,9,4,1,13,8,11,16,68,32,1.83,1.40,1.99,0.98,2.47,47,69,38,24,16,31,85,23,69,11.10,6.04,2.10,3.10,4.20,1.57,2.90,5.91,14.00,2.25,1.57,Estadio Ciudad de La Plata
1745887500,Apr 29 2025 - 12:45am,complete,N/A,Central Córdoba SdE,Independiente Rivadavia,N/A,15,1.75,1.29,1.61,1.24,1,2,3,0,0,0,"72","76,81",3,2,2,0,4,0,0,2,2,2,13,6,2,3,11,3,7,11,65,35,1.64,1.08,1.47,0.84,1.92,27,73,26,7,0,26,60,27,73,8.71,4.25,1.90,3.17,4.20,1.52,2.63,5.45,10.30,2.25,1.59,N/A
1745887500,Apr 29 2025 - 12:45am,complete,N/A,Vélez Sarsfield,Gimnasia La Plata,N/A,15,0.57,0.57,1.24,1.28,1,0,1,0,0,0,"76","",1,3,2,1,4,0,1,2,2,2,5,9,1,2,4,7,11,17,45,55,1.35,1.13,0.70,1.14,1.43,7,43,15,0,0,14,57,7,64,9.29,6.00,2.08,2.85,3.85,1.62,3.00,6.32,8.50,2.59,1.53,Estadio José Amalfitani
1745964000,Apr 29 2025 - 10:00pm,complete,N/A,Platense,Talleres Córdoba,N/A,15,1.43,1.14,1.31,1.18,2,1,3,1,0,1,"51,53","22",5,5,2,0,5,0,0,2,0,5,9,14,4,5,5,9,12,14,47,53,1.13,1.51,1.41,1.68,1.08,36,36,7,0,0,7,29,14,57,8.29,3.43,2.75,2.63,2.96,1.69,3.00,5.20,11.00,2.38,1.53,Estadio Ciudad de Vicente López
1745964000,Apr 29 2025 - 10:00pm,complete,N/A,Newell's Old Boys,Huracán,N/A,15,1.14,1.71,1.06,1.44,2,0,2,1,1,0,"43,81","",1,3,3,1,1,0,1,3,0,1,5,2,3,0,2,2,20,16,33,67,1.55,1.15,0.77,0.58,1.50,36,50,22,0,0,29,72,7,43,10.00,4.86,2.70,3.00,2.92,1.64,2.40,5.75,9.45,2.00,1.75,Estadio Marcelo Alberto Bielsa
1746057600,May 01 2025 - 12:00am,complete,N/A,Atlético Tucumán,Independiente,Darío Herrera,14,1.00,1.50,1.81,1.12,2,0,2,1,1,0,"24,87","",3,3,3,0,4,0,2,1,2,2,7,8,4,2,3,6,20,11,35,65,1.62,1.00,1.07,1.01,2.83,59,83,58,25,25,42,75,42,75,9.83,5.33,3.00,2.99,2.60,1.44,2.47,4.80,7.80,1.95,1.67,Estadio Monumental Presidente José Fierro
1746210600,May 02 2025 - 6:30pm,complete,N/A,Racing Club,Newell's Old Boys,Leandro Rey Hilfer,16,2.00,1.14,1.55,1.00,1,0,1,0,0,0,"88","",5,5,2,1,6,0,3,0,0,6,8,11,4,3,4,8,11,15,58,42,1.66,1.17,1.23,1.30,2.65,38,84,40,25,17,37,100,25,62,11.19,5.62,1.75,3.25,4.86,1.25,1.89,3.25,5.75,1.73,2.00,Estadio Presidente Juan Domingo Perón
1746210600,May 02 2025 - 6:30pm,complete,N/A,Argentinos Juniors,Estudiantes,Ariel Penel,16,2.13,0.88,2.28,1.05,4,0,4,2,2,0,"60,65,26,27","",5,4,2,0,3,0,0,2,0,3,14,6,6,2,8,4,8,12,58,42,1.63,1.26,1.76,0.86,2.13,38,69,32,19,7,13,57,32,82,8.13,6.88,2.10,3.00,3.80,1.44,2.63,5.65,10.00,2.37,1.70,Estadio Diego Armando Maradona
1746210600,May 02 2025 - 6:30pm,complete,N/A,Independiente Rivadavia,Defensa y Justicia,Silvio Trucco,16,1.71,1.38,1.38,0.88,3,2,5,3,1,2,"82,71,18","35,44",5,5,1,0,4,0,0,1,0,4,10,18,6,6,4,12,16,11,49,51,1.44,1.18,1.48,2.07,2.59,48,73,41,34,20,26,66,48,80,8.09,5.42,2.32,3.03,3.15,1.48,2.42,4.33,8.30,2.00,1.70,Estadio Juan Bautista Gargantini
1746210600,May 02 2025 - 6:30pm,complete,N/A,Banfield,Central Córdoba SdE,N/A,16,1.00,0.67,1.31,1.00,3,1,4,2,2,0,"35,1,63","77",1,6,4,0,0,0,1,3,0,0,8,14,3,5,5,9,14,9,30,70,1.20,1.17,0.94,1.87,2.37,55,62,48,17,17,7,54,41,69,7.76,5.33,1.32,3.03,3.90,1.44,2.55,5.00,14.00,2.10,1.67,Estadio Florencio Solá
1746219600,May 02 2025 - 9:00pm,complete,N/A,Unión Santa Fe,Belgrano,Sebastían Zunino,16,1.50,0.86,1.35,1.06,1,1,2,2,1,1,"38","1",3,5,1,0,1,0,1,0,0,1,14,5,1,1,13,4,6,15,48,52,1.74,1.16,1.49,0.81,1.82,34,48,28,28,0,14,60,28,54,11.49,5.49,2.20,3.10,3.20,1.49,2.36,4.45,8.58,1.87,1.67,Estadio 15 de Abril
1746298800,May 03 2025 - 7:00pm,complete,N/A,Sarmiento,San Lorenzo,Sebastián Nicolás Martinez,16,1.14,1.71,1.06,1.28,1,1,2,1,1,0,"36","87",5,6,6,0,2,0,2,4,1,1,5,10,1,5,4,5,11,14,35,65,1.67,0.89,0.79,1.48,1.15,29,43,7,0,0,7,36,22,50,10.00,5.72,3.10,2.80,2.51,1.68,3.17,5.75,11.50,2.25,1.60,Estadio Eva Perón de Junín
1746298800,May 03 2025 - 7:00pm,complete,N/A,Talleres Córdoba,Instituto,Darío Herrera,16,0.71,0.13,0.88,0.59,1,2,3,2,1,1,"13","43,80",4,2,5,1,7,1,3,3,5,3,12,10,4,7,8,3,18,15,66,34,1.98,1.06,1.33,1.40,2.19,34,60,34,20,20,21,48,46,80,10.14,3.52,2.11,3.10,3.76,1.45,2.52,5.00,8.50,2.05,1.67,Estadio Juan Domingo Perón
1746298800,May 03 2025 - 7:00pm,complete,N/A,Deportivo Riestra,Godoy Cruz,Nicolás Lamolina,16,1.29,1.14,1.82,0.88,3,0,3,1,1,0,"36,62,83","",0,3,2,0,2,0,1,1,0,2,8,13,5,6,3,7,10,9,35,65,1.00,1.07,1.16,1.80,1.29,22,43,22,7,0,22,43,22,29,7.14,5.14,2.40,2.62,3.30,1.72,3.30,7.68,10.50,2.35,1.42,Estadio Guillermo Laza
1746307800,May 03 2025 - 9:30pm,complete,N/A,Rosario Central,Independiente,Yael Falcón Pérez,16,3.00,1.29,2.05,1.12,1,0,1,1,1,0,"20","",1,5,5,0,5,0,1,4,2,3,14,8,7,1,7,7,20,14,42,58,1.44,1.00,1.69,1.03,2.56,62,85,56,16,7,31,79,47,85,7.93,5.76,2.10,2.80,4.45,1.67,2.90,6.50,16.00,2.41,1.55,Estadio El Fortín de Ludueña
1746316800,May 04 2025 - 12:00am,complete,N/A,Huracán,Barracas Central,N/A,16,2.14,1.00,1.56,1.50,0,1,1,0,0,0,"","49",7,2,5,0,4,0,1,4,2,2,11,9,4,2,7,7,14,17,65,35,1.67,1.16,1.50,1.00,2.07,43,71,22,14,7,29,64,29,72,7.57,4.57,2.08,2.85,4.33,1.62,3.00,6.00,9.10,2.45,1.57,Estadio Tomás Adolfo Ducó
1746316800,May 04 2025 - 12:00am,complete,N/A,Atlético Tucumán,Lanús,Nazareno Arasa,16,1.29,1.00,1.81,1.12,1,0,1,0,0,0,"90'2","",5,5,6,0,1,0,4,2,1,0,12,9,4,2,8,7,19,10,48,52,1.55,1.28,1.50,1.09,2.22,43,65,43,15,15,29,65,29,64,10.86,4.43,2.06,2.80,3.00,1.53,2.60,5.40,13.00,2.16,1.69,Estadio Monumental Presidente José Fierro
1746383400,May 04 2025 - 6:30pm,complete,N/A,Gimnasia La Plata,Platense,Hernán Mastrángelo,16,1.29,1.43,1.24,1.20,1,0,1,0,0,0,"90'2","",13,3,2,0,4,0,1,1,1,3,13,8,5,5,8,3,8,13,64,36,1.37,1.03,1.74,1.10,1.72,29,57,22,0,0,15,57,22,79,8.14,7.57,2.19,2.87,4.00,1.60,3.25,7.50,17.00,2.50,1.47,Estadio Juan Carmelo Zerillo
1746383400,May 04 2025 - 6:30pm,complete,N/A,San Martín San Juan,Aldosivi,Fernando Espinoza,16,0.88,0.57,1.13,0.81,0,3,3,1,0,1,"","38,90'9,90'6",4,2,3,2,4,1,0,5,0,5,10,15,4,7,6,8,10,12,63,37,1.36,1.41,1.37,1.75,1.90,21,48,21,14,7,14,55,27,61,8.52,4.25,2.20,3.00,3.80,1.60,2.80,6.25,11.50,2.30,1.57,Estadio Ingeniero Hilario Sánchez
1746392400,May 04 2025 - 9:00pm,complete,N/A,Tigre,Boca Juniors,Facundo Tello Figueroa,16,1.86,1.43,1.69,1.56,1,1,2,2,1,1,"45'3","21",4,5,3,0,3,0,3,0,2,1,11,11,4,6,7,5,16,8,37,63,1.32,1.34,1.31,1.66,2.00,29,65,36,7,0,29,72,14,64,7.43,5.58,3.40,2.85,2.46,1.57,2.75,5.45,9.20,2.20,1.69,Estadio José Dellagiovanna
1746401400,May 04 2025 - 11:30pm,complete,N/A,River Plate,Vélez Sarsfield,Andrés Merlos,16,2.13,1.00,1.89,1.19,4,1,5,4,3,1,"14,28,33,90'10","37",6,2,3,0,4,1,1,2,2,3,11,10,6,3,5,7,15,18,59,41,1.91,0.89,1.47,1.08,2.07,34,67,41,7,0,34,55,26,87,7.07,6.64,1.44,3.60,6.30,1.36,2.15,3.80,8.50,2.05,1.62,Estadio Monumental Antonio Vespucio Liberti
1746896400,May 10 2025 - 5:00pm,complete,N/A,San Lorenzo,Tigre,N/A,N/A,1.69,1.69,1.53,1.51,2,1,3,1,1,0,"4,89","49",3,2,3,1,2,0,1,3,1,1,5,12,3,4,2,8,13,16,27,73,1.17,1.33,0.75,1.46,1.69,31,50,25,6,6,22,54,19,63,8.76,5.63,2.42,2.65,3.26,1.71,3.20,5.75,13.50,2.63,1.53,N/A
1746905400,May 10 2025 - 7:30pm,complete,N/A,Rosario Central,Estudiantes,N/A,N/A,2.19,1.31,1.97,1.41,2,0,2,0,0,0,"88,90'5","",2,3,2,0,5,0,0,2,2,3,16,9,7,2,9,7,6,12,56,44,1.24,1.50,1.99,1.04,2.10,41,60,44,22,3,22,66,35,66,8.38,6.88,2.30,2.60,3.54,1.55,2.60,5.25,12.10,2.28,1.54,Estadio El Fortín de Ludueña
1746913500,May 10 2025 - 9:45pm,complete,N/A,Racing Club,Platense,N/A,N/A,1.75,1.44,1.65,1.25,0,1,1,0,0,0,"","84",9,4,3,0,4,0,1,2,1,3,7,13,4,5,3,8,8,10,68,32,1.47,1.10,1.57,1.64,2.07,41,57,32,16,10,22,63,29,75,9.12,5.50,1.75,3.25,4.30,1.37,2.35,4.33,8.50,2.10,1.60,Estadio Presidente Juan Domingo Perón
1746921600,May 11 2025 - 12:00am,complete,N/A,Boca Juniors,Lanús,N/A,N/A,2.06,1.25,1.86,1.50,0,0,0,0,0,0,"","",4,1,2,0,3,0,0,2,2,1,17,18,3,4,14,14,11,7,54,46,1.38,1.44,1.91,1.89,1.85,38,63,26,10,3,29,54,28,63,9.69,5.19,1.96,2.81,4.60,1.78,3.40,7.42,9.70,2.15,1.60,Estadio Alberto José Armando
1746988200,May 11 2025 - 6:30pm,complete,N/A,Independiente,Independiente Rivadavia,N/A,N/A,1.81,1.69,1.54,1.30,1,0,1,0,0,0,"57","",7,5,1,0,4,0,0,1,3,1,16,8,7,1,9,7,11,19,57,43,1.33,1.25,2.10,0.94,2.25,44,78,35,16,10,22,60,44,72,8.19,5.76,1.63,3.40,6.00,1.40,2.30,4.75,9.50,2.25,1.61,Estadio Libertadores de América
1746997200,May 11 2025 - 9:00pm,complete,N/A,Argentinos Juniors,Instituto,N/A,N/A,2.06,1.13,1.78,1.03,3,1,4,0,0,0,"89,64,61","71",4,1,2,0,3,1,1,1,1,3,8,8,3,3,5,5,15,9,69,31,1.56,1.32,1.23,0.98,2.16,35,66,35,16,13,22,57,41,75,10.31,4.69,1.58,3.45,6.25,1.37,2.40,4.33,10.00,2.25,1.57,Estadio Diego Armando Maradona
1747006200,May 11 2025 - 11:30pm,complete,N/A,Huracán,Deportivo Riestra,N/A,N/A,1.69,1.50,1.50,1.53,3,2,5,1,1,0,"45'2,69,78","59,82",6,1,3,0,4,0,0,3,1,3,12,8,3,3,9,5,12,20,56,44,1.36,0.97,1.38,1.07,1.60,29,57,22,3,3,13,50,26,63,6.75,5.75,2.01,2.82,4.60,1.80,3.40,9.50,13.70,2.37,1.40,Estadio Tomás Adolfo Ducó
1747092600,May 12 2025 - 11:30pm,complete,N/A,River Plate,Barracas Central,N/A,N/A,1.94,1.63,1.63,1.49,3,0,3,2,2,0,"88,12,43","",3,4,2,0,1,0,1,1,1,0,14,4,10,1,4,3,12,12,73,27,1.74,1.16,2.07,0.62,2.13,47,66,35,16,6,28,60,35,69,7.94,5.63,1.40,4.20,8.80,1.35,2.05,3.85,8.50,2.48,1.54,Estadio Monumental Antonio Vespucio Liberti
1747605600,May 18 2025 - 10:00pm,complete,N/A,Rosario Central,Huracán,Pablo Echavarría,N/A,2.24,1.76,1.97,1.50,0,1,1,1,0,1,"","21",7,4,0,0,5,0,0,0,2,3,16,7,6,3,10,4,10,19,66,34,1.29,1.36,1.93,1.00,2.00,38,62,36,12,6,24,68,27,68,8.18,5.53,1.95,2.80,4.80,1.70,3.55,7.50,12.00,2.84,1.40,Estadio El Fortín de Ludueña
1747692000,May 19 2025 - 10:00pm,complete,N/A,Argentinos Juniors,San Lorenzo,Facundo Tello Figueroa,N/A,2.12,1.76,1.78,1.53,1,1,2,0,0,0,"90'5","69",4,0,2,0,3,0,2,0,2,1,10,5,3,2,7,3,15,18,71,29,1.54,1.15,1.54,0.81,1.89,38,56,30,15,9,21,50,30,71,9.70,5.29,1.73,3.05,6.30,1.70,3.25,5.30,12.10,2.80,1.36,Estadio Diego Armando Maradona
1747701000,May 20 2025 - 12:30am,complete,N/A,Boca Juniors,Independiente,N/A,N/A,2.00,1.88,1.86,1.54,0,1,1,0,0,0,"","64",7,6,3,0,4,0,0,3,0,4,8,13,1,5,7,8,14,11,46,54,1.41,1.37,1.14,1.56,2.09,35,74,32,12,3,30,62,32,68,9.06,6.00,2.20,2.90,3.44,1.70,2.85,5.30,7.80,2.34,1.53,Estadio Alberto José Armando
1747783800,May 20 2025 - 11:30pm,complete,N/A,River Plate,Platense,Yael Falcón Pérez,N/A,2.00,1.53,1.63,1.25,1,1,2,1,0,1,"90'12","29",3,2,2,0,7,0,1,1,2,5,21,7,5,3,16,4,9,21,73,27,1.76,1.13,2.26,0.86,1.71,35,53,24,6,3,24,44,21,74,8.53,5.71,1.49,3.60,7.10,1.37,2.46,3.90,9.45,2.63,1.55,Estadio Monumental Antonio Vespucio Liberti
1748122200,May 24 2025 - 9:30pm,complete,N/A,Independiente,Huracán,N/A,N/A,1.94,1.83,1.54,1.50,0,0,0,0,0,0,"","",7,9,3,0,1,0,1,2,1,0,9,9,3,6,6,3,21,18,65,35,1.38,1.34,1.30,1.46,2.06,36,70,25,11,9,22,64,25,75,8.66,5.78,2.20,2.75,4.05,1.77,3.00,6.75,11.00,2.45,1.60,Estadio Libertadores de América
1748199600,May 25 2025 - 7:00pm,complete,N/A,San Lorenzo,Platense,Leandro Rey Hilfer,N/A,1.72,1.50,1.53,1.25,0,1,1,0,0,0,"","72",5,3,3,0,5,0,0,3,1,4,6,8,1,3,5,5,16,18,57,43,1.13,1.12,0.88,1.09,1.56,39,47,20,3,3,17,42,20,75,7.56,6.06,2.52,2.60,3.55,1.93,4.71,8.90,11.00,2.85,1.37,N/A
1748808000,Jun 01 2025 - 8:00pm,complete,N/A,Huracán,Platense,N/A,N/A,1.79,1.58,1.50,1.25,0,1,1,0,0,0,"","63",1,3,2,0,5,0,1,1,1,4,10,12,3,3,7,9,12,21,62,38,1.35,1.12,1.22,1.29,1.71,37,53,19,6,6,19,55,14,74,7.68,5.52,2.55,2.55,3.55,2.07,3.80,10.00,10.50,2.90,1.36,N/A
1752258600,Jul 11 2025 - 6:30pm,complete,N/A,Aldosivi,Central Córdoba SdE,N/A,1,1.00,0.57,1.25,1.00,0,0,0,0,0,0,"","",5,2,4,0,2,0,3,1,0,2,14,5,2,1,12,4,13,12,56,44,1.80,1.27,1.40,0.63,3.34,67,86,73,47,21,32,79,67,73,8.96,4.00,2.72,2.99,2.64,1.55,2.60,5.00,13.00,2.15,1.70,Estadio José María Minella
1752274800,Jul 11 2025 - 11:00pm,complete,N/A,Talleres Córdoba,San Lorenzo,N/A,1,0.63,1.56,0.88,1.28,1,2,3,2,1,1,"45'2","3,85",1,5,4,0,2,0,1,3,1,1,9,8,2,2,7,6,17,13,57,43,1.90,0.95,0.99,0.98,1.62,36,54,19,7,7,19,48,24,66,10.75,4.97,2.16,2.85,4.05,1.81,3.00,7.50,12.00,2.40,1.50,Estadio Juan Domingo Perón
1752346800,Jul 12 2025 - 7:00pm,complete,N/A,Rosario Central,Godoy Cruz,N/A,1,2.67,1.00,2.05,0.88,1,1,2,0,0,0,"78","90'6",7,2,2,0,4,1,0,2,1,4,13,10,5,3,8,7,9,15,64,36,1.58,1.16,1.40,1.05,2.29,35,71,53,12,0,30,89,41,53,7.24,4.46,1.57,3.50,7.50,1.50,2.50,4.40,8.50,2.50,1.42,Estadio El Fortín de Ludueña
1752355800,Jul 12 2025 - 9:30pm,complete,N/A,Gimnasia La Plata,Instituto,N/A,1,1.50,0.40,1.24,0.59,0,1,1,1,0,1,"","44",7,8,3,0,3,0,2,1,1,2,16,17,7,5,9,12,18,6,52,48,1.41,1.09,1.80,1.92,2.18,33,67,38,15,10,10,52,49,83,8.83,6.85,2.50,2.86,3.20,1.67,3.00,5.75,12.00,2.30,1.60,Estadio Juan Carmelo Zerillo
1752355800,Jul 12 2025 - 9:30pm,complete,N/A,Huracán,Belgrano,N/A,1,1.80,0.88,1.56,1.06,0,3,3,1,0,1,"","4,56,90'5",9,1,3,0,2,0,0,3,1,1,14,6,1,3,13,3,4,24,67,33,1.58,1.12,1.34,0.73,2.17,34,62,29,29,10,18,57,34,70,8.20,5.13,2.20,2.95,3.70,1.65,3.01,5.50,15.00,2.35,1.53,Estadio Tomás Adolfo Ducó
1752363900,Jul 12 2025 - 11:45pm,complete,N/A,Racing Club,Barracas Central,N/A,1,1.88,1.11,1.55,1.50,0,1,1,0,0,0,"","90'13",5,2,3,0,3,0,1,2,0,3,10,7,1,4,9,3,10,8,61,39,1.59,1.08,1.07,0.93,2.25,35,59,36,25,13,29,71,30,71,10.69,4.94,1.50,3.90,7.10,1.36,2.15,3.90,8.03,2.15,1.65,Estadio Presidente Juan Domingo Perón
1752426900,Jul 13 2025 - 5:15pm,complete,N/A,Sarmiento,Independiente,N/A,1,1.13,1.33,1.06,1.12,2,2,4,1,1,0,"33,55","46,83",2,2,3,0,3,0,1,2,2,1,12,14,4,4,8,10,17,8,28,72,1.56,1.07,1.24,1.52,1.75,54,65,18,6,6,18,53,29,71,9.52,6.42,4.25,3.10,1.82,1.49,2.38,4.80,9.00,2.15,1.65,Estadio Eva Perón de Junín
1752435000,Jul 13 2025 - 7:30pm,complete,N/A,Atlético Tucumán,San Martín San Juan,N/A,1,1.50,0.29,1.81,0.63,2,1,3,1,1,0,"4,90'5","90'1",3,7,2,0,1,0,2,0,0,1,8,10,3,4,5,6,16,12,39,61,1.54,1.10,0.91,1.36,2.01,26,52,32,13,13,19,59,20,73,9.89,5.49,1.93,3.25,4.35,1.53,2.50,5.00,12.00,2.15,1.60,Estadio Monumental Presidente José Fierro
1752435000,Jul 13 2025 - 7:30pm,complete,N/A,Independiente Rivadavia,Newell's Old Boys,N/A,1,1.88,1.00,1.38,1.00,1,2,3,1,1,0,"31","73,88",5,4,3,1,2,0,0,4,0,2,15,14,6,8,9,6,14,9,54,46,1.45,1.18,1.82,1.63,2.44,51,82,38,19,13,38,76,32,69,7.88,5.76,2.13,2.88,3.05,1.52,2.69,5.50,13.00,2.15,1.67,Estadio Juan Bautista Gargantini
1752443100,Jul 13 2025 - 9:45pm,complete,N/A,Argentinos Juniors,Boca Juniors,N/A,1,2.18,1.38,2.28,1.56,0,0,0,0,0,0,"","",4,1,3,0,2,0,2,1,1,1,15,5,4,4,11,1,16,10,65,35,1.60,1.38,1.63,0.79,2.37,43,81,37,20,5,39,72,25,73,9.52,5.34,2.10,2.68,3.70,1.68,3.00,5.97,17.00,2.30,1.57,Estadio Diego Armando Maradona
1752451200,Jul 14 2025 - 12:00am,complete,N/A,River Plate,Platense,N/A,1,2.18,1.67,1.89,1.20,3,1,4,3,2,1,"7,39,90'1","24",2,4,3,0,3,1,1,2,1,3,11,9,6,3,5,6,17,15,66,34,1.92,1.10,1.31,0.95,1.89,35,53,22,9,5,27,44,14,92,7.36,7.35,1.63,3.45,6.50,1.53,2.66,4.40,7.80,2.30,1.50,Estadio Monumental Antonio Vespucio Liberti
1752521400,Jul 14 2025 - 7:30pm,complete,N/A,Deportivo Riestra,Lanús,N/A,1,1.50,0.89,1.82,1.12,1,0,1,0,0,0,"79","",2,8,3,0,2,0,2,1,0,2,6,14,3,5,3,9,22,9,35,65,1.02,1.33,0.94,1.69,0.93,23,29,12,0,0,6,18,24,47,8.06,5.10,3.55,2.50,2.45,1.80,4.00,7.65,23.00,2.65,1.42,Estadio Guillermo Laza
1752530400,Jul 14 2025 - 10:00pm,complete,N/A,Banfield,Defensa y Justicia,N/A,1,1.25,1.22,1.31,0.88,0,0,0,0,0,0,"","",6,3,3,0,1,0,1,2,0,1,10,10,2,4,8,6,14,13,35,65,1.17,1.28,1.09,1.12,2.44,47,71,41,29,17,35,71,35,82,8.44,6.35,3.20,3.12,2.37,1.50,2.45,4.60,12.00,2.10,1.70,Estadio Florencio Solá
1752538500,Jul 15 2025 - 12:15am,complete,N/A,Unión Santa Fe,Estudiantes,N/A,1,1.44,0.70,1.35,1.05,1,0,1,1,1,0,"21","",4,1,4,0,2,0,1,3,1,1,17,5,8,1,9,4,11,12,33,67,1.71,1.20,1.90,0.68,1.98,42,62,26,21,0,16,59,36,67,9.81,7.04,2.70,2.92,2.95,1.53,2.53,5.75,10.00,2.10,1.65,Estadio 15 de Abril
1752538500,Jul 15 2025 - 12:15am,complete,N/A,Vélez Sarsfield,Tigre,N/A,1,0.88,1.44,1.24,1.37,2,1,3,2,2,0,"45,45'4","85",2,4,2,0,0,1,0,2,0,1,9,16,4,4,5,12,9,13,52,48,1.27,1.36,1.23,1.54,1.68,22,46,22,6,6,18,58,17,65,10.38,5.32,2.28,2.75,3.75,1.75,3.12,6.75,15.50,2.50,1.44,Estadio José Amalfitani
1752877800,Jul 18 2025 - 10:30pm,complete,N/A,Boca Juniors,Unión Santa Fe,N/A,2,2.30,0.14,2.10,1.00,1,1,2,0,0,0,"85","64",8,2,0,0,3,0,0,0,1,2,9,10,2,1,7,9,8,15,74,26,1.41,1.41,1.05,0.87,1.85,32,54,37,12,0,25,56,27,66,9.94,4.80,1.86,3.25,5.00,1.57,2.70,5.75,8.80,2.40,1.57,Estadio Alberto José Armando
1752885000,Jul 19 2025 - 12:30am,complete,N/A,Atlético Tucumán,Central Córdoba SdE,N/A,2,1.67,0.63,1.81,1.00,1,1,2,1,1,0,"19","61",7,3,3,0,3,0,1,2,1,2,10,6,3,2,7,4,12,9,42,58,1.47,1.19,1.22,0.80,2.89,54,71,65,30,24,23,70,48,71,8.94,4.56,2.50,3.00,3.00,1.57,2.70,5.25,11.50,2.25,1.60,Estadio Monumental Presidente José Fierro
1752946200,Jul 19 2025 - 5:30pm,complete,N/A,San Lorenzo,Gimnasia La Plata,N/A,2,1.70,0.50,1.78,1.28,0,0,0,0,0,0,"","",6,3,1,0,3,0,0,1,2,1,16,2,5,1,11,1,11,12,62,38,1.27,1.13,1.96,0.41,1.82,32,50,33,5,5,22,52,22,83,7.45,6.55,2.02,2.91,4.15,1.72,3.00,7.00,11.00,2.65,1.44,N/A
1752953400,Jul 19 2025 - 7:30pm,complete,N/A,Lanús,Rosario Central,N/A,2,1.63,1.56,1.88,1.88,0,1,1,0,0,0,"","74",6,5,3,1,2,0,2,2,0,2,15,8,5,6,10,2,12,12,47,53,1.62,1.06,1.62,1.25,1.54,30,48,23,12,7,24,47,24,54,10.17,5.35,2.20,2.87,3.75,1.66,3.10,6.25,17.00,2.40,1.46,Estadio Ciudad de Lanús - Néstor Díaz Pérez
1752961500,Jul 19 2025 - 9:45pm,complete,N/A,Platense,Vélez Sarsfield,N/A,2,1.63,0.88,1.31,1.19,0,0,0,0,0,0,"","",2,3,1,1,4,0,2,0,2,2,13,9,4,4,9,5,12,17,40,60,1.16,0.92,1.39,1.19,2.00,44,63,44,7,7,32,63,19,76,6.63,4.63,2.70,2.70,3.20,1.84,3.60,6.50,17.50,2.60,1.44,Estadio Ciudad de Vicente López
1752961500,Jul 19 2025 - 9:45pm,complete,N/A,Godoy Cruz,Sarmiento,N/A,2,1.13,0.75,0.94,1.13,0,0,0,0,0,0,"","",3,3,1,0,2,0,1,0,2,0,11,6,3,1,8,5,11,14,58,42,1.06,1.00,1.18,0.69,1.63,32,51,26,13,7,26,57,13,44,6.63,7.63,1.87,3.13,5.00,1.62,2.87,6.05,8.50,2.61,1.57,N/A
1752969600,Jul 20 2025 - 12:00am,complete,N/A,Instituto,River Plate,N/A,2,2.00,1.57,1.50,1.35,0,4,4,2,0,2,"","45'2,44,67,89",5,2,2,1,4,0,0,3,2,2,8,15,4,7,4,8,10,9,37,63,1.62,1.59,1.00,1.68,1.65,29,64,22,0,0,14,50,36,57,12.86,5.29,3.45,3.00,2.22,1.48,2.50,4.70,7.20,2.10,1.67,Estadio Juan Domingo Perón
1753032600,Jul 20 2025 - 5:30pm,complete,N/A,Barracas Central,Independiente Rivadavia,N/A,2,2.00,1.33,1.47,1.24,0,3,3,0,0,0,"","52,48,90'1",1,2,3,0,4,0,1,2,1,3,6,9,3,4,3,5,12,15,50,50,1.19,1.03,0.93,1.09,2.33,48,71,43,13,7,18,66,42,71,6.05,5.35,2.57,2.82,3.10,1.67,3.10,5.25,12.00,2.30,1.62,Estadio Claudio Chiqui Tapia
1753040700,Jul 20 2025 - 7:45pm,complete,N/A,Newell's Old Boys,Banfield,N/A,2,1.38,0.50,1.06,0.88,1,2,3,1,0,1,"59","44,73",4,5,1,0,2,0,1,0,1,1,12,17,5,7,7,10,11,25,57,43,1.45,1.04,1.50,1.87,1.75,32,44,26,13,7,7,63,26,63,9.13,5.51,2.14,2.80,4.50,1.63,2.80,5.75,13.00,2.47,1.53,Estadio Malvinas Argentinas
1753040700,Jul 20 2025 - 7:45pm,complete,N/A,Tigre,Argentinos Juniors,N/A,2,1.75,1.86,1.69,1.28,2,1,3,0,0,0,"52,90","56",1,1,2,0,4,0,0,2,1,3,9,13,5,6,4,7,11,15,29,71,1.32,1.45,1.16,1.46,1.75,41,54,27,7,7,20,60,28,54,8.81,4.24,3.64,2.88,2.25,1.65,2.88,5.75,10.00,2.20,1.49,Estadio José Dellagiovanna
1753048800,Jul 20 2025 - 10:00pm,complete,N/A,Belgrano,Racing Club,N/A,2,1.25,1.44,1.25,1.76,0,1,1,0,0,0,"","51",5,4,3,0,5,0,1,2,2,3,16,14,3,4,13,10,7,14,50,50,1.43,1.37,1.50,1.46,2.47,60,89,35,18,6,36,89,29,71,9.94,7.06,3.00,3.10,2.28,1.33,2.28,3.60,7.03,1.89,1.85,Estadio Julio César Villagra
1753056000,Jul 21 2025 - 12:00am,complete,N/A,Independiente,Talleres Córdoba,N/A,2,2.40,1.00,1.94,1.18,1,2,3,1,0,1,"56","27,79",4,4,1,1,3,1,0,2,0,4,11,14,5,6,6,8,4,13,58,42,1.66,1.53,1.38,1.46,1.52,29,54,22,5,0,10,38,28,67,10.08,5.13,1.85,3.05,5.06,1.51,2.52,4.75,12.10,2.25,1.60,Estadio Libertadores de América
1753135200,Jul 21 2025 - 10:00pm,complete,N/A,Estudiantes,Huracán,N/A,2,2.00,1.60,1.88,1.44,2,1,3,1,0,1,"65,70","3",5,5,6,1,4,1,2,5,2,3,9,18,6,3,3,15,15,14,56,44,1.85,1.11,1.33,1.60,1.87,42,59,25,15,7,30,76,7,54,9.61,5.70,2.30,2.56,3.75,1.80,3.30,8.00,10.50,2.25,1.44,Estadio Ciudad de La Plata
1753143300,Jul 22 2025 - 12:15am,complete,N/A,San Martín San Juan,Deportivo Riestra,N/A,2,0.78,1.33,1.13,1.24,3,2,5,2,1,1,"29,79,58","41,90",6,2,2,0,4,0,1,1,2,2,11,3,4,2,7,1,12,21,49,51,1.36,0.93,1.28,0.64,1.89,22,56,33,11,6,6,50,45,62,6.55,6.23,2.55,2.45,3.00,1.91,3.60,9.00,18.50,2.50,1.44,Estadio Ingeniero Hilario Sánchez
1753143300,Jul 22 2025 - 12:15am,complete,N/A,Defensa y Justicia,Aldosivi,N/A,2,1.14,0.88,1.50,0.81,2,0,2,0,0,0,"67,76","",2,2,1,0,1,1,1,0,2,0,15,6,7,1,8,5,11,7,71,29,1.65,1.45,1.90,0.60,2.12,41,60,41,7,7,7,45,41,81,7.59,4.07,1.94,3.25,3.62,1.52,2.56,5.00,6.80,2.19,1.62,Estadio Norberto Tito Tomaghello
1753480800,Jul 25 2025 - 10:00pm,complete,N/A,Sarmiento,Lanús,N/A,3,1.11,0.80,1.06,1.12,0,2,2,2,0,2,"","10,43",8,8,3,0,2,0,1,2,1,1,14,7,6,3,8,4,13,10,53,47,1.52,1.37,1.70,0.97,1.44,49,49,16,6,0,11,38,27,64,10.12,4.98,3.40,2.82,2.40,1.70,3.74,8.03,12.00,2.54,1.44,Estadio Eva Perón de Junín
1753488900,Jul 26 2025 - 12:15am,complete,N/A,Independiente Rivadavia,Belgrano,N/A,3,1.67,1.11,1.38,1.06,0,0,0,0,0,0,"","",3,4,0,0,3,0,0,0,0,3,9,13,2,2,7,11,11,10,61,39,1.49,1.08,1.03,1.12,2.50,50,73,50,33,11,22,67,56,67,7.67,5.00,2.29,2.75,3.76,1.47,2.63,5.00,10.30,2.24,1.67,Estadio Juan Bautista Gargantini
1753488900,Jul 26 2025 - 12:15am,complete,N/A,Unión Santa Fe,Tigre,N/A,3,1.60,1.30,1.35,1.37,0,0,0,0,0,0,"","",10,0,3,1,4,0,2,2,0,4,10,9,4,2,6,7,9,16,49,51,1.73,1.38,1.32,1.05,1.90,45,55,30,10,5,25,75,20,55,11.70,5.00,2.15,2.95,3.80,1.55,3.08,5.20,12.00,2.20,1.60,Estadio 15 de Abril
1753551000,Jul 26 2025 - 5:30pm,complete,N/A,Aldosivi,Newell's Old Boys,N/A,3,1.00,1.22,1.25,1.00,0,0,0,0,0,0,"","",6,6,2,0,2,0,1,1,1,1,17,11,6,2,11,9,17,12,57,43,1.76,1.23,1.78,1.26,2.61,50,89,50,22,6,44,89,34,67,9.22,5.66,2.48,2.85,2.78,1.43,2.38,4.33,9.00,1.97,1.73,Estadio José María Minella
1753560000,Jul 26 2025 - 8:00pm,complete,N/A,Rosario Central,San Martín San Juan,N/A,3,2.50,0.25,2.05,0.63,0,0,0,0,0,0,"","",9,5,1,0,3,0,1,0,2,1,13,7,5,2,8,5,8,13,73,27,1.56,1.13,1.59,0.86,1.84,38,54,32,5,0,10,59,38,73,8.90,4.93,1.73,3.40,5.70,1.57,2.70,5.30,9.10,2.50,1.50,Estadio El Fortín de Ludueña
1753567200,Jul 26 2025 - 10:00pm,complete,N/A,Vélez Sarsfield,Instituto,N/A,3,1.11,0.64,1.24,0.59,0,0,0,0,0,0,"","",12,4,2,0,4,0,2,0,1,3,15,12,5,4,10,8,11,17,61,39,1.26,1.16,2.00,1.36,1.89,24,49,28,14,9,20,45,28,75,8.18,5.87,2.00,3.00,4.20,1.50,2.80,5.30,12.00,2.43,1.60,Estadio José Amalfitani
1753567200,Jul 26 2025 - 10:00pm,complete,N/A,Platense,Argentinos Juniors,N/A,3,1.56,1.63,1.31,1.28,0,0,0,0,0,0,"","",5,4,3,0,2,0,2,1,0,2,10,7,3,3,7,4,18,14,39,61,1.19,1.45,1.11,0.96,1.67,54,54,30,7,7,12,47,36,60,8.77,3.46,3.50,2.70,2.43,1.85,3.50,6.25,23.00,2.62,1.40,Estadio Ciudad de Vicente López
1753575300,Jul 27 2025 - 12:15am,complete,N/A,Racing Club,Estudiantes,N/A,3,1.67,0.64,1.55,1.05,0,1,1,0,0,0,"","55",9,2,2,0,4,1,1,1,1,4,18,5,5,2,13,3,9,13,60,40,1.53,1.15,1.95,0.60,2.30,29,59,35,30,11,10,61,44,80,9.55,6.92,2.02,3.27,3.90,1.41,2.37,3.90,7.90,2.05,1.76,Estadio Presidente Juan Domingo Perón
1753642800,Jul 27 2025 - 7:00pm,complete,N/A,Talleres Córdoba,Godoy Cruz,N/A,3,0.56,1.00,0.88,0.88,0,0,0,0,0,0,"","",3,9,2,1,4,0,2,1,1,3,5,14,0,4,5,10,9,10,46,54,1.80,1.15,0.57,1.51,2.22,45,73,44,11,6,39,73,33,61,9.11,4.44,1.85,3.20,4.20,1.54,2.48,4.90,9.20,2.58,1.55,Estadio Juan Domingo Perón
1753642800,Jul 27 2025 - 7:00pm,complete,N/A,Gimnasia La Plata,Independiente,N/A,3,1.33,1.30,1.24,1.12,1,0,1,1,1,0,"24","",4,7,6,0,2,0,2,4,2,0,8,14,3,3,5,11,19,16,24,76,1.46,1.11,0.92,1.55,1.94,36,63,26,10,5,10,64,37,74,9.92,7.27,3.45,2.90,1.84,1.50,2.60,5.25,9.10,2.15,1.54,Estadio Juan Carmelo Zerillo
1753651800,Jul 27 2025 - 9:30pm,complete,N/A,Huracán,Boca Juniors,N/A,3,1.64,1.33,1.56,1.56,1,0,1,0,0,0,"65","",4,2,1,0,5,0,1,0,2,3,12,5,8,1,4,4,16,17,38,62,1.55,1.31,1.62,0.67,2.19,36,71,30,15,9,27,67,24,74,8.53,5.66,3.00,2.41,2.81,1.72,3.30,7.50,11.00,2.50,1.45,Estadio Tomás Adolfo Ducó
1753659000,Jul 27 2025 - 11:30pm,complete,N/A,River Plate,San Lorenzo,N/A,3,2.25,1.70,1.89,1.28,0,0,0,0,0,0,"","",7,6,6,0,2,0,2,4,1,1,11,5,2,0,9,5,12,14,70,30,1.87,0.95,1.24,0.46,1.90,40,63,26,13,4,26,49,23,76,8.27,6.27,1.60,3.55,7.75,1.45,2.75,4.50,10.00,2.45,1.45,Estadio Monumental Antonio Vespucio Liberti
1753729200,Jul 28 2025 - 7:00pm,complete,N/A,Deportivo Riestra,Atlético Tucumán,N/A,3,1.67,0.50,1.82,0.31,1,0,1,0,0,0,"78","",3,3,2,0,4,0,0,2,1,3,11,11,3,3,8,8,11,10,41,59,1.01,1.13,1.26,1.26,1.33,25,36,18,7,0,7,37,24,60,5.71,5.14,2.31,2.87,3.08,1.70,3.25,5.50,9.50,2.30,1.60,Estadio Guillermo Laza
1753736400,Jul 28 2025 - 9:00pm,complete,N/A,Central Córdoba SdE,Defensa y Justicia,N/A,3,1.56,1.20,1.61,0.88,2,1,3,1,1,0,"10,90'3","54",5,3,1,0,4,1,1,0,1,4,21,12,9,4,12,8,5,12,38,62,1.62,1.27,2.21,1.32,2.46,37,74,42,26,15,37,63,37,85,9.08,4.33,2.18,3.13,3.20,1.46,2.67,5.00,10.00,2.15,1.67,N/A
1753743600,Jul 28 2025 - 11:00pm,complete,N/A,Banfield,Barracas Central,N/A,3,1.22,1.30,1.31,1.50,1,3,4,4,1,3,"33","20,44,35",7,1,2,0,2,0,1,1,2,0,22,11,8,6,14,5,7,9,61,39,1.16,1.07,2.38,1.29,1.79,42,58,32,11,0,31,58,21,69,7.52,5.61,2.37,2.55,3.12,1.91,3.50,9.00,13.00,2.72,1.44,Estadio Florencio Solá
1754596800,Aug 07 2025 - 8:00pm,complete,N/A,Godoy Cruz,Gimnasia La Plata,N/A,4,1.11,0.56,0.94,1.28,1,2,3,2,0,2,"90'1","27,30",8,4,2,0,5,0,2,0,3,2,20,5,4,3,16,2,9,14,64,36,1.07,1.05,2.38,1.02,1.17,17,39,17,0,0,11,50,6,50,7.11,6.44,2.25,3.05,4.50,1.62,2.88,6.00,8.50,2.45,1.53,Estadio Malvinas Argentinas
1754604000,Aug 07 2025 - 10:00pm,complete,N/A,San Lorenzo,Vélez Sarsfield,N/A,4,1.64,0.89,1.78,1.19,1,0,1,1,1,0,"28","",7,5,3,0,4,0,2,1,2,2,22,6,6,0,16,6,8,18,41,59,1.33,0.95,2.50,0.87,2.02,39,56,46,10,10,36,52,19,80,6.92,6.53,2.44,2.56,3.60,2.00,3.98,6.70,12.00,2.75,1.40,N/A
1754611200,Aug 08 2025 - 12:00am,complete,N/A,Estudiantes,Independiente Rivadavia,N/A,4,2.13,1.50,1.88,1.24,2,1,3,2,2,0,"8,40","90'4",4,3,4,1,2,0,0,5,1,1,11,7,4,4,7,3,12,15,55,45,1.79,1.04,1.38,1.17,2.08,40,67,34,13,7,18,58,33,67,9.13,6.80,2.50,2.85,3.20,1.62,3.10,6.49,8.70,2.42,1.57,Estadio Ciudad de La Plata
1754690400,Aug 08 2025 - 10:00pm,complete,N/A,Tigre,Huracán,N/A,4,1.89,1.45,1.69,1.44,0,1,1,0,0,0,"","57",4,6,3,0,2,0,1,2,1,1,10,6,2,2,8,4,11,12,57,43,1.30,1.15,1.18,0.91,1.76,39,60,30,0,0,25,69,16,56,7.11,5.24,2.49,2.39,3.10,2.04,3.60,8.10,12.00,2.75,1.40,Estadio José Dellagiovanna
1754697600,Aug 09 2025 - 12:00am,complete,N/A,Newell's Old Boys,Central Córdoba SdE,N/A,4,1.22,0.67,1.06,1.00,1,1,2,0,0,0,"85","90",2,10,2,1,0,0,3,0,0,0,9,13,3,5,6,8,7,8,32,68,1.45,1.15,1.00,1.69,2.11,45,56,39,17,11,11,62,39,56,9.22,4.33,2.38,2.80,3.10,1.53,2.70,0.00,0.00,2.20,1.62,Estadio Malvinas Argentinas
1754698500,Aug 09 2025 - 12:15am,complete,N/A,Lanús,Talleres Córdoba,N/A,4,1.44,1.22,1.88,1.18,1,0,1,1,1,0,"45'1","",1,7,2,0,2,0,1,1,2,0,15,9,6,1,9,8,7,6,45,55,1.62,1.52,1.51,0.96,1.50,39,50,17,6,6,11,39,28,67,9.89,5.33,2.25,2.80,3.50,1.85,3.10,6.71,15.00,2.30,1.57,Estadio Ciudad de Lanús - Néstor Díaz Pérez
1754760600,Aug 09 2025 - 5:30pm,complete,N/A,San Martín San Juan,Sarmiento,N/A,4,1.00,0.78,1.13,1.13,0,1,1,0,0,0,"","78",8,3,2,0,6,0,2,0,3,3,15,7,4,1,11,6,10,15,49,51,1.35,0.96,1.57,0.79,2.00,27,53,32,21,11,27,53,31,52,7.17,6.49,2.15,2.70,3.95,1.72,3.00,6.00,12.00,2.53,1.44,Estadio Ingeniero Hilario Sánchez
1754767800,Aug 09 2025 - 7:30pm,complete,N/A,Boca Juniors,Racing Club,N/A,4,2.18,1.60,2.10,1.76,1,1,2,0,0,0,"88","76",11,4,1,0,4,0,0,1,3,1,17,15,5,5,12,10,6,19,52,48,1.38,1.38,1.80,1.55,2.07,39,63,34,15,5,24,53,43,72,9.49,6.25,2.46,2.95,3.10,1.43,2.46,3.90,9.30,2.08,1.80,Estadio Alberto José Armando
1754775000,Aug 09 2025 - 9:30pm,complete,N/A,Independiente,River Plate,N/A,4,2.18,1.75,1.94,1.35,0,0,0,0,0,0,"","",2,1,5,0,2,0,2,3,1,1,6,5,3,1,3,4,15,14,44,56,1.64,1.61,0.91,0.59,1.82,26,68,31,11,0,22,53,37,62,10.68,5.68,3.05,2.95,2.50,1.50,2.65,5.40,10.00,2.12,1.63,Estadio Libertadores de América
1754783100,Aug 09 2025 - 11:45pm,complete,N/A,Atlético Tucumán,Rosario Central,N/A,4,1.60,1.70,1.81,1.88,0,0,0,0,0,0,"","",3,3,4,0,5,0,2,2,2,3,14,8,3,0,11,8,17,13,45,55,1.44,1.08,1.40,0.82,2.05,35,55,45,15,10,25,65,25,65,10.30,5.70,3.48,2.60,2.40,1.55,2.90,6.20,8.40,2.14,1.62,Estadio Monumental Presidente José Fierro
1754783100,Aug 09 2025 - 11:45pm,complete,N/A,Belgrano,Banfield,N/A,4,1.11,0.78,1.25,0.88,2,1,3,1,1,0,"19,48","57",3,4,3,0,2,0,1,2,2,0,12,12,5,3,7,9,12,12,55,45,1.43,1.13,1.38,1.32,2.28,56,73,33,17,6,17,78,28,78,8.77,6.44,1.88,3.18,3.90,1.57,2.60,6.32,10.00,2.45,1.50,Estadio Julio César Villagra
1754848800,Aug 10 2025 - 6:00pm,complete,N/A,Barracas Central,Aldosivi,N/A,4,1.78,0.78,1.47,0.81,3,1,4,1,1,0,"28,48,58","50",5,5,2,0,3,0,0,2,1,2,11,11,7,2,4,9,9,14,37,63,1.16,1.36,1.54,1.09,2.61,39,73,50,17,11,17,73,50,78,5.89,4.78,2.20,2.91,3.60,1.57,3.10,5.00,10.00,2.30,1.57,Estadio Claudio Chiqui Tapia
1754856000,Aug 10 2025 - 8:00pm,complete,N/A,Instituto,Platense,N/A,4,1.75,1.54,1.50,1.20,1,1,2,1,1,0,"18","90'5",3,4,2,0,4,0,1,1,2,2,13,12,3,4,10,8,11,18,48,52,1.54,1.09,1.33,1.36,1.94,28,57,27,11,0,24,51,25,84,10.08,6.65,2.48,2.70,3.70,1.75,3.25,7.00,12.00,2.50,1.44,Estadio Mario Alberto Kempes
1754866800,Aug 10 2025 - 11:00pm,complete,N/A,Argentinos Juniors,Unión Santa Fe,N/A,4,2.08,0.25,2.28,1.00,1,0,1,1,1,0,"44","",2,6,3,0,2,0,1,2,2,0,9,15,3,1,6,14,9,16,60,40,1.60,1.34,1.08,1.31,2.09,42,65,36,19,4,25,57,29,75,9.92,4.30,1.60,3.45,4.85,1.45,2.50,5.00,10.00,2.30,1.58,Estadio Diego Armando Maradona
1754949600,Aug 11 2025 - 10:00pm,complete,N/A,Defensa y Justicia,Deportivo Riestra,N/A,4,1.38,1.20,1.50,1.24,1,0,1,0,0,0,"90'3","",6,3,2,1,3,0,0,3,1,2,12,10,7,5,5,5,7,7,79,21,1.68,0.90,2.06,1.34,2.14,45,67,44,10,10,5,37,55,79,5.70,5.10,2.10,2.68,3.90,1.55,2.95,4.70,10.90,2.29,1.60,Estadio Norberto Tito Tomaghello
1755282600,Aug 15 2025 - 6:30pm,complete,N/A,Aldosivi,Belgrano,N/A,5,1.00,1.10,1.25,1.06,0,0,0,0,0,0,"","",1,3,4,0,2,0,0,4,1,1,12,7,1,0,11,7,16,13,50,50,1.76,1.08,1.25,0.82,2.35,40,70,50,35,5,30,70,45,55,9.00,4.80,3.64,2.90,2.34,1.62,2.80,6.11,10.00,2.25,1.55,Estadio José María Minella
1755295200,Aug 15 2025 - 10:00pm,complete,N/A,Instituto,Unión Santa Fe,N/A,5,1.67,0.22,1.50,1.00,0,4,4,4,0,4,"","11,33,8,18",7,6,3,1,2,0,0,4,1,1,21,13,0,5,21,8,10,9,60,40,1.51,1.34,1.83,1.45,2.06,39,67,33,11,0,22,67,33,73,11.45,4.55,2.37,2.85,3.35,1.52,3.09,5.55,15.00,2.20,1.55,Estadio Juan Domingo Perón
1755302400,Aug 16 2025 - 12:00am,complete,N/A,Racing Club,Tigre,N/A,5,1.50,1.27,1.55,1.37,1,2,3,1,1,0,"43","90'3,90",3,6,3,1,2,0,0,4,0,2,9,14,1,4,8,10,13,7,45,55,1.58,1.35,1.06,1.64,2.15,33,52,38,20,15,19,67,29,72,11.65,5.05,2.29,3.00,3.35,1.44,2.80,4.75,9.50,2.11,1.65,Estadio Presidente Juan Domingo Perón
1755364500,Aug 16 2025 - 5:15pm,complete,N/A,Platense,San Lorenzo,N/A,5,1.50,1.64,1.31,1.28,2,1,3,3,2,1,"5,45'4","26",4,2,3,1,1,1,2,2,2,0,7,8,2,2,5,6,11,17,37,63,1.18,0.91,0.80,1.00,1.19,34,43,15,0,0,10,38,19,53,8.27,4.50,2.48,2.58,3.30,1.93,4.00,9.00,11.00,2.85,1.36,Estadio Ciudad de Vicente López
1755371700,Aug 16 2025 - 7:15pm,complete,N/A,Huracán,Argentinos Juniors,N/A,5,1.75,1.56,1.56,1.28,1,0,1,0,0,0,"87","",2,5,5,0,4,3,2,3,2,5,3,8,2,1,1,7,11,13,52,48,1.56,1.40,0.59,0.80,1.98,41,57,29,14,14,10,47,39,74,9.36,4.53,2.21,2.85,3.35,1.79,3.40,7.40,21.00,2.48,1.44,Estadio Tomás Adolfo Ducó
1755379800,Aug 16 2025 - 9:30pm,complete,N/A,Rosario Central,Deportivo Riestra,N/A,5,2.36,1.09,2.05,1.24,1,1,2,1,1,0,"8","89",5,5,3,0,4,0,1,2,2,2,13,8,5,1,8,7,12,19,62,38,1.57,0.94,1.46,0.92,2.18,41,64,45,14,9,14,64,50,69,7.09,5.73,1.70,3.13,5.80,1.70,3.28,7.00,14.50,2.70,1.40,Estadio El Fortín de Ludueña
1755387000,Aug 16 2025 - 11:30pm,complete,N/A,Vélez Sarsfield,Independiente,N/A,5,1.10,1.18,1.24,1.12,2,1,3,1,1,0,"35,84","76",10,0,4,0,6,1,0,4,1,6,12,9,3,3,9,6,17,12,57,43,1.34,1.15,1.38,0.91,1.65,28,47,19,9,5,19,52,18,67,9.70,6.15,2.85,2.87,2.80,1.65,2.90,5.75,9.00,2.25,1.57,Estadio José Amalfitani
1755450000,Aug 17 2025 - 5:00pm,complete,N/A,Gimnasia La Plata,Lanús,N/A,5,1.50,1.00,1.24,1.12,1,2,3,1,1,0,"42","55,62",4,3,4,0,2,0,0,4,2,0,8,10,4,5,4,5,18,8,41,59,1.40,1.33,1.15,1.44,1.39,24,43,15,0,0,9,49,24,58,11.18,6.08,2.39,2.50,3.15,1.70,3.25,6.80,12.00,2.38,1.53,Estadio Juan Carmelo Zerillo
1755450000,Aug 17 2025 - 5:00pm,complete,N/A,Defensa y Justicia,Newell's Old Boys,N/A,5,1.56,1.20,1.50,1.00,1,1,2,2,1,1,"38","19",5,4,1,0,1,0,0,1,0,1,16,5,4,2,12,3,7,7,79,21,1.72,1.24,2.05,0.66,1.89,42,68,32,0,0,20,46,27,75,7.98,4.97,1.76,3.15,5.20,1.45,2.23,4.40,8.50,2.15,1.62,Estadio Norberto Tito Tomaghello
1755458100,Aug 17 2025 - 7:15pm,complete,N/A,Banfield,Estudiantes,N/A,5,1.10,0.83,1.31,1.05,3,2,5,2,0,2,"61,63,54","20,45",8,6,4,0,2,0,1,3,1,1,14,16,6,5,8,11,13,13,40,60,1.28,1.11,1.62,1.57,2.04,42,64,37,23,0,19,55,35,72,7.00,7.50,2.65,3.10,2.85,1.55,2.50,6.40,12.00,2.38,1.53,Estadio Florencio Solá
1755458100,Aug 17 2025 - 7:15pm,complete,N/A,Central Córdoba SdE,Barracas Central,N/A,5,1.70,1.45,1.61,1.50,1,1,2,1,0,1,"60","16",10,1,2,0,2,0,1,1,2,0,18,10,7,2,11,8,6,11,62,38,1.68,1.09,2.00,1.04,2.20,43,72,43,14,0,38,62,29,77,7.89,3.75,2.17,3.15,3.10,1.57,2.65,5.25,10.00,2.15,1.62,N/A
1755466200,Aug 17 2025 - 9:30pm,complete,N/A,River Plate,Godoy Cruz,N/A,5,2.15,1.00,1.89,0.88,4,2,6,5,3,2,"4,19,45'5,49","9,29",6,2,3,0,3,0,1,2,1,2,23,12,10,5,13,7,17,11,64,36,1.82,1.19,2.50,1.23,2.16,38,70,39,17,4,34,62,32,63,7.98,5.98,1.64,3.60,7.80,1.43,2.40,3.90,9.00,2.25,1.57,Estadio Monumental Antonio Vespucio Liberti
1755473400,Aug 17 2025 - 11:30pm,complete,N/A,Independiente Rivadavia,Boca Juniors,N/A,5,1.60,1.20,1.38,1.56,0,3,3,1,0,1,"","30,88,90",6,5,2,0,3,0,1,1,2,1,11,11,1,4,10,7,11,12,53,47,1.44,1.25,1.24,1.20,2.25,50,70,40,20,10,30,65,35,65,7.60,5.50,2.93,2.98,2.63,1.63,2.80,5.75,12.50,2.27,1.57,Estadio Juan Bautista Gargantini
1755554400,Aug 18 2025 - 10:00pm,complete,N/A,Sarmiento,Atlético Tucumán,N/A,5,1.00,0.44,1.06,0.31,2,2,4,2,2,0,"6,45","87,90'3",3,8,3,0,4,0,1,2,0,4,13,19,5,8,8,11,21,11,43,57,1.54,1.14,1.44,2.14,1.79,47,57,21,11,0,16,58,26,69,7.94,5.24,2.75,2.70,2.88,1.62,2.77,5.50,10.00,2.23,1.60,Estadio Eva Perón de Junín
1755561600,Aug 19 2025 - 12:00am,complete,N/A,Talleres Córdoba,San Martín San Juan,N/A,5,0.60,0.33,0.88,0.63,0,0,0,0,0,0,"","",11,5,2,0,1,0,1,1,1,0,16,9,8,3,8,6,15,16,64,36,1.68,1.10,1.89,1.01,1.61,36,47,26,5,5,20,47,21,69,10.36,4.87,1.75,3.42,5.20,1.54,2.65,4.80,14.00,2.36,1.52,Estadio Juan Domingo Perón
1755887400,Aug 22 2025 - 6:30pm,complete,N/A,Barracas Central,Defensa y Justicia,N/A,6,1.90,1.09,1.47,0.88,1,1,2,0,0,0,"90'6","60",3,3,1,0,0,0,0,1,0,0,10,15,4,7,6,8,13,6,37,63,1.20,1.27,1.33,1.91,2.87,53,77,58,33,19,28,77,53,81,6.68,5.38,2.60,3.00,2.74,1.45,2.50,5.00,10.00,2.05,1.70,Estadio Claudio Chiqui Tapia
1755903600,Aug 22 2025 - 11:00pm,complete,N/A,Tigre,Independiente Rivadavia,N/A,6,1.70,1.36,1.69,1.24,1,1,2,0,0,0,"90'12","71",6,7,0,0,3,0,0,0,0,3,7,6,2,1,5,5,14,13,62,38,1.29,1.05,1.16,0.88,1.85,33,62,33,0,0,19,48,28,67,6.65,5.58,2.25,2.90,3.60,1.67,2.97,6.20,12.00,2.40,1.49,Estadio José Dellagiovanna
1755970200,Aug 23 2025 - 5:30pm,complete,N/A,San Lorenzo,Instituto,N/A,6,1.75,0.67,1.78,0.59,1,0,1,0,0,0,"47","",8,4,3,0,3,0,1,2,2,1,15,7,2,0,13,7,19,14,45,55,1.43,1.18,1.33,0.68,2.00,38,50,38,17,13,21,42,38,75,7.83,6.25,2.20,2.80,4.12,1.73,3.40,6.00,18.00,2.60,1.43,N/A
1755981000,Aug 23 2025 - 8:30pm,complete,N/A,Rosario Central,Newell's Old Boys,N/A,6,2.25,1.18,2.05,1.00,1,0,1,0,0,0,"82","",7,3,4,0,5,1,1,3,1,5,18,3,4,0,14,3,17,19,63,37,1.56,1.18,1.75,0.32,2.04,48,75,35,4,0,31,79,26,61,9.01,5.34,1.82,3.05,5.60,1.70,2.70,7.21,11.00,2.62,1.42,Estadio El Fortín de Ludueña
1755990000,Aug 23 2025 - 11:00pm,complete,N/A,Atlético Tucumán,Talleres Córdoba,N/A,6,1.55,1.10,1.81,1.18,3,0,3,2,2,0,"31,15,47","",2,7,2,1,4,1,2,1,1,4,13,17,7,6,6,11,14,10,43,57,1.44,1.47,1.47,1.81,1.93,43,57,38,9,9,14,61,29,67,9.96,5.53,2.50,2.90,3.17,1.61,2.70,5.80,10.00,2.37,1.62,Estadio Monumental Presidente José Fierro
1755990000,Aug 23 2025 - 11:00pm,complete,N/A,San Martín San Juan,Gimnasia La Plata,N/A,6,0.91,0.80,1.13,1.28,1,0,1,0,0,0,"54","",7,4,2,0,2,0,0,2,2,0,14,13,4,2,10,11,9,6,46,54,1.37,1.05,1.55,1.28,1.76,19,48,29,9,5,19,53,23,67,8.12,5.95,2.43,2.53,3.35,1.73,3.38,6.00,11.00,2.40,1.50,Estadio Ingeniero Hilario Sánchez
1756054800,Aug 24 2025 - 5:00pm,complete,N/A,Unión Santa Fe,Huracán,N/A,6,1.55,1.58,1.35,1.44,1,1,2,1,0,1,"50","43",5,1,1,0,1,1,1,0,2,0,8,8,3,2,5,6,19,9,62,38,1.69,1.13,1.16,0.84,1.52,39,47,17,5,0,22,70,9,47,11.26,5.56,2.24,2.80,3.75,1.67,2.97,6.50,17.00,2.50,1.48,Estadio 15 de Abril
1756062900,Aug 24 2025 - 7:15pm,complete,N/A,Argentinos Juniors,Racing Club,N/A,6,2.15,1.55,2.28,1.76,4,1,5,2,1,1,"70,51,28,60","26",2,3,0,0,3,0,0,0,1,2,14,12,6,2,8,10,9,20,44,56,1.56,1.40,1.52,1.24,2.22,43,68,34,21,9,25,59,38,76,9.28,5.96,2.30,3.25,3.20,1.50,2.35,5.00,11.00,2.11,1.66,Estadio Diego Armando Maradona
1756070100,Aug 24 2025 - 9:15pm,complete,N/A,Boca Juniors,Banfield,N/A,6,2.08,0.70,2.10,0.88,2,0,2,0,0,0,"55,82","",3,2,1,0,0,0,1,0,0,0,20,9,8,2,12,7,9,7,65,35,1.41,1.15,2.12,1.00,2.08,47,59,38,14,5,9,52,50,79,8.98,5.32,1.76,3.30,5.00,1.53,2.68,5.25,12.50,2.42,1.44,Estadio Alberto José Armando
1756144800,Aug 25 2025 - 6:00pm,complete,N/A,Deportivo Riestra,Sarmiento,N/A,6,1.80,1.00,1.82,1.13,3,0,3,1,1,0,"18,69,88","",3,5,3,0,2,0,1,2,2,0,11,8,4,1,7,7,26,14,30,70,1.04,0.95,1.40,1.23,1.35,20,35,20,10,5,15,30,20,50,6.00,6.90,2.19,2.90,4.40,1.72,3.02,5.95,17.00,2.45,1.46,Estadio Guillermo Laza
1756152000,Aug 25 2025 - 8:00pm,complete,N/A,Godoy Cruz,Vélez Sarsfield,N/A,6,1.00,0.80,0.94,1.19,0,2,2,2,0,2,"","31,23",5,1,3,0,3,0,2,1,1,2,7,6,2,2,5,4,14,16,57,43,1.20,0.94,1.10,0.82,1.60,30,50,35,5,5,30,60,5,55,7.10,6.60,2.35,3.00,3.35,1.63,3.15,6.25,17.00,2.38,1.49,Estadio Malvinas Argentinas
1756159200,Aug 25 2025 - 10:00pm,complete,N/A,Belgrano,Central Córdoba SdE,N/A,6,1.30,0.70,1.25,1.00,0,3,3,1,0,1,"","3,53,84",7,0,4,1,3,0,2,3,1,2,19,5,6,3,13,2,12,15,60,40,1.43,1.20,2.20,0.75,2.50,65,80,40,20,10,20,70,40,70,9.30,5.30,2.06,3.05,3.90,1.55,2.62,5.00,10.00,2.25,1.57,Estadio Julio César Villagra
1756160100,Aug 25 2025 - 10:15pm,complete,N/A,Estudiantes,Aldosivi,N/A,6,2.22,0.70,1.88,0.81,1,0,1,1,1,0,"12","",4,3,1,0,4,0,1,0,1,3,17,9,7,5,10,4,15,11,59,41,1.74,1.33,1.98,1.32,2.42,43,69,42,21,11,22,74,36,74,9.24,6.38,1.49,3.50,6.00,1.46,2.40,4.87,11.00,2.30,1.53,Estadio Ciudad de La Plata
1756167300,Aug 26 2025 - 12:15am,complete,N/A,Lanús,River Plate,N/A,6,1.60,1.67,1.88,1.35,1,1,2,0,0,0,"90'5","77",5,5,1,0,1,0,0,1,0,1,13,14,5,4,8,10,12,11,48,52,1.61,1.49,1.68,1.50,1.52,26,53,16,11,5,21,47,27,52,9.77,5.40,2.92,2.80,2.63,1.60,2.70,5.75,13.00,2.20,1.62,Estadio Ciudad de Lanús - Néstor Díaz Pérez
1756504800,Aug 29 2025 - 10:00pm,complete,N/A,Banfield,Tigre,N/A,7,1.27,1.42,1.31,1.37,1,0,1,0,0,0,"68","",6,3,2,0,5,0,1,1,3,2,14,11,7,5,7,6,12,19,47,53,1.31,1.37,1.68,1.35,2.18,53,66,48,18,9,31,70,30,66,9.40,5.59,2.62,2.47,3.05,1.72,3.35,7.40,19.00,2.61,1.53,Estadio Florencio Solá
1756504800,Aug 29 2025 - 10:00pm,complete,N/A,Newell's Old Boys,Barracas Central,N/A,7,1.20,1.42,1.06,1.50,1,2,3,2,1,1,"20","45'2,58",2,3,6,0,2,0,2,4,0,2,10,11,3,3,7,8,17,14,52,48,1.41,1.08,1.19,1.19,1.79,40,59,27,9,0,26,64,24,59,8.32,4.82,2.33,2.90,3.48,1.61,2.88,5.75,13.00,2.28,1.61,Estadio Malvinas Argentinas
1756512900,Aug 30 2025 - 12:15am,complete,N/A,Instituto,Independiente,N/A,7,1.50,1.08,1.50,1.12,0,0,0,0,0,0,"","",10,7,4,0,3,0,3,1,1,2,10,9,2,2,8,7,15,10,50,50,1.55,1.13,1.12,1.07,2.29,40,74,37,19,4,24,69,41,73,10.27,6.53,2.93,2.90,2.60,1.57,2.80,5.30,13.00,2.24,1.60,Estadio Juan Domingo Perón
1756575900,Aug 30 2025 - 5:45pm,complete,N/A,San Lorenzo,Huracán,N/A,7,1.85,1.54,1.78,1.44,0,0,0,0,0,0,"","",1,1,3,0,1,1,2,1,2,0,10,9,3,2,7,7,16,14,62,38,1.42,1.11,1.22,0.84,1.69,42,50,27,4,4,23,58,16,70,8.77,5.85,2.57,2.50,3.25,1.96,3.60,9.00,24.00,2.84,1.44,N/A
1756584000,Aug 30 2025 - 8:00pm,complete,N/A,Independiente Rivadavia,Argentinos Juniors,N/A,7,1.45,1.40,1.38,1.28,2,1,3,3,2,1,"5,17","10",6,12,6,1,1,0,1,6,0,1,8,22,3,8,5,14,10,8,28,72,1.42,1.34,0.93,2.37,2.13,53,62,43,19,14,14,52,52,67,8.89,4.98,3.00,2.90,2.46,1.70,3.00,6.40,17.00,2.40,1.50,N/A
1756584000,Aug 30 2025 - 8:00pm,complete,N/A,Central Córdoba SdE,Estudiantes,N/A,7,1.64,0.77,1.61,1.05,2,0,2,2,2,0,"5,10","",5,8,1,0,1,0,1,0,0,1,8,10,3,2,5,8,11,14,40,60,1.71,1.14,0.90,1.08,2.33,42,76,42,20,4,21,59,45,88,8.04,5.67,2.55,2.87,2.90,1.53,2.90,5.25,13.00,2.12,1.61,N/A
1756600200,Aug 31 2025 - 12:30am,complete,N/A,Vélez Sarsfield,Lanús,N/A,7,1.27,1.17,1.24,1.12,3,0,3,1,1,0,"22,50,53","",8,4,2,0,2,0,1,1,1,1,14,10,5,2,9,8,11,13,51,49,1.34,1.34,1.60,0.99,1.35,26,39,18,0,0,18,39,17,61,11.09,4.99,2.52,2.43,3.25,1.70,3.43,7.00,11.00,2.48,1.46,Estadio José Amalfitani
1756661400,Aug 31 2025 - 5:30pm,complete,N/A,Aldosivi,Boca Juniors,N/A,7,1.00,1.36,1.25,1.56,0,2,2,1,0,1,"","45'2,80",3,7,3,0,2,0,1,2,1,1,8,8,3,4,5,4,17,11,44,56,1.71,1.24,0.95,0.95,2.27,41,73,46,23,5,36,73,32,60,8.73,5.63,5.00,3.10,1.86,1.47,2.73,4.75,9.50,2.15,1.62,Estadio José María Minella
1756669500,Aug 31 2025 - 7:45pm,complete,N/A,Talleres Córdoba,Deportivo Riestra,N/A,7,0.64,1.08,0.88,1.24,0,1,1,0,0,0,"","76",10,1,3,0,1,0,0,3,0,1,18,8,7,3,11,5,13,7,71,29,1.70,0.94,1.99,0.94,2.04,44,61,39,13,13,22,57,34,70,8.77,5.76,1.90,3.18,4.20,1.57,2.70,5.50,15.00,2.36,1.55,Estadio Juan Domingo Perón
1756669500,Aug 31 2025 - 7:45pm,complete,N/A,Defensa y Justicia,Belgrano,N/A,7,1.50,1.09,1.50,1.06,2,1,3,2,1,1,"8,75","30",7,6,2,0,3,0,1,1,0,3,12,10,5,4,7,6,8,16,48,52,1.76,1.06,1.42,1.26,1.81,39,58,33,14,0,14,38,38,63,7.54,4.15,2.22,2.92,3.50,1.47,2.55,5.40,13.00,2.05,1.68,Estadio Norberto Tito Tomaghello
1756678500,Aug 31 2025 - 10:15pm,complete,N/A,River Plate,San Martín San Juan,N/A,7,2.21,0.40,1.89,0.63,2,0,2,2,2,0,"17,21","",8,4,4,0,2,0,1,3,0,2,12,13,7,4,5,9,20,10,62,38,1.87,1.09,1.48,1.36,1.84,35,51,27,15,7,22,44,21,73,9.10,5.86,1.35,4.20,10.00,1.36,2.12,3.55,8.00,2.49,1.50,Estadio Monumental Antonio Vespucio Liberti
1756685700,Sep 01 2025 - 12:15am,complete,N/A,Racing Club,Unión Santa Fe,N/A,7,1.36,0.50,1.55,1.00,2,3,5,3,1,2,"23,90'3","29,42,83",8,6,2,0,0,0,1,1,0,0,16,13,7,10,9,3,14,8,65,35,1.53,1.35,2.11,1.70,2.19,34,53,38,24,9,20,67,28,71,11.82,4.74,1.80,3.30,4.40,1.47,2.35,4.80,8.30,2.12,1.64,Estadio Presidente Juan Domingo Perón
1756756800,Sep 01 2025 - 8:00pm,complete,N/A,Gimnasia La Plata,Atlético Tucumán,N/A,7,1.36,0.50,1.24,0.31,1,0,1,0,0,0,"54","",6,6,2,0,1,1,1,1,1,1,14,14,1,2,13,12,12,11,61,39,1.38,1.24,1.45,1.33,1.87,34,53,29,10,0,10,67,33,72,8.82,6.51,2.25,3.10,3.50,1.57,2.74,5.00,13.00,2.23,1.67,Estadio Juan Carmelo Zerillo
1756764900,Sep 01 2025 - 10:15pm,complete,N/A,Platense,Godoy Cruz,N/A,7,1.64,0.91,1.31,0.88,1,3,4,1,0,1,"55","10,67,90'7",7,4,1,0,3,1,0,1,2,2,25,10,5,6,20,4,7,14,72,28,1.15,1.19,2.45,1.25,1.86,41,59,36,9,5,27,59,27,45,7.45,4.37,2.14,2.82,3.70,1.75,3.30,7.78,11.00,2.45,1.44,Estadio Ciudad de Vicente López
1757631600,Sep 11 2025 - 11:00pm,complete,N/A,Belgrano,San Martín San Juan,N/A,8,1.18,0.36,1.25,0.63,0,0,0,0,0,0,"","",6,2,4,0,4,0,2,2,1,3,10,7,2,1,8,6,20,15,62,38,1.50,1.12,1.13,0.77,1.77,37,64,23,5,0,18,64,23,64,9.91,6.00,1.81,2.77,3.90,1.70,2.90,5.75,11.00,2.38,1.58,Estadio Julio César Villagra
1757698200,Sep 12 2025 - 5:30pm,complete,N/A,Deportivo Riestra,Central Córdoba SdE,N/A,8,1.91,0.91,1.82,1.00,2,0,2,1,1,0,"33,70","",2,3,1,0,0,0,1,0,0,0,6,10,4,0,2,10,15,12,32,68,1.07,1.16,0.85,1.03,1.87,37,50,37,14,9,5,37,46,64,7.00,4.82,2.48,2.89,3.05,1.70,3.05,5.75,16.50,2.35,1.50,Estadio Guillermo Laza
1757714400,Sep 12 2025 - 10:00pm,complete,N/A,Racing Club,San Lorenzo,N/A,8,1.25,1.50,1.55,1.28,2,0,2,1,1,0,"37,58","",1,3,3,0,2,0,1,2,1,1,7,10,4,1,3,9,21,12,52,48,1.58,0.92,0.94,0.93,1.92,33,50,30,17,13,17,55,30,67,11.00,5.50,1.95,3.05,4.05,1.59,2.62,5.80,14.00,2.48,1.55,Estadio Presidente Juan Domingo Perón
1757714400,Sep 12 2025 - 10:00pm,complete,N/A,Huracán,Vélez Sarsfield,N/A,8,1.85,1.00,1.56,1.19,0,0,0,0,0,0,"","",4,4,1,0,4,1,0,1,5,0,7,6,1,3,6,3,12,24,65,35,1.49,0.93,0.82,0.85,2.09,25,59,34,12,12,27,60,20,78,7.02,6.07,2.18,2.65,4.25,1.95,4.00,8.25,12.00,2.89,1.40,Estadio Tomás Adolfo Ducó
1757722500,Sep 13 2025 - 12:15am,complete,N/A,Lanús,Independiente Rivadavia,N/A,8,1.55,1.33,1.88,1.24,1,0,1,0,0,0,"56","",2,4,1,1,0,0,0,2,0,0,9,10,3,1,6,9,12,13,54,46,1.62,1.04,1.09,0.98,1.82,39,65,21,5,5,18,44,35,70,8.84,5.44,1.98,3.05,4.50,1.63,2.82,6.25,11.00,2.44,1.55,Estadio Ciudad de Lanús - Néstor Díaz Pérez
1757722500,Sep 13 2025 - 12:15am,complete,N/A,Newell's Old Boys,Atlético Tucumán,N/A,8,1.09,0.45,1.06,0.31,2,0,2,0,0,0,"82,90'3","",6,5,4,0,2,0,1,3,1,1,10,13,3,3,7,10,5,14,56,44,1.39,1.25,1.33,1.35,1.78,36,50,27,9,0,18,60,27,69,8.36,5.37,2.40,3.00,3.35,1.55,2.68,5.69,10.00,2.23,1.68,Estadio Malvinas Argentinas
1757784600,Sep 13 2025 - 5:30pm,complete,N/A,Godoy Cruz,Barracas Central,N/A,8,0.91,1.54,0.94,1.50,0,0,0,0,0,0,"","",6,2,3,0,3,0,1,2,1,2,13,9,3,3,10,6,7,15,69,31,1.19,1.09,1.51,1.01,1.67,41,57,28,8,0,37,62,8,53,7.28,5.47,2.00,2.80,4.25,1.60,2.85,6.10,14.00,2.25,1.50,N/A
1757792700,Sep 13 2025 - 7:45pm,complete,N/A,Independiente,Banfield,N/A,8,2.08,0.64,1.94,0.88,0,1,1,1,0,1,"","37",4,5,1,0,1,0,1,0,1,0,13,8,1,4,12,4,10,23,68,32,1.58,1.14,1.41,0.99,2.10,40,66,39,13,5,9,57,44,79,8.52,5.39,1.51,3.35,6.26,1.50,2.44,4.75,10.00,2.37,1.52,Estadio Libertadores de América
1757800800,Sep 13 2025 - 10:00pm,complete,N/A,Estudiantes,River Plate,N/A,8,2.30,1.60,1.88,1.35,1,2,3,2,0,2,"90'1","6,13",6,4,3,0,7,1,1,2,3,5,11,6,2,3,9,3,12,9,60,40,1.77,1.49,1.16,0.85,1.85,40,60,30,15,5,25,60,30,55,10.00,6.30,2.75,3.30,2.60,1.56,2.25,4.60,8.80,2.03,1.75,Estadio Ciudad de La Plata
1757808900,Sep 14 2025 - 12:15am,complete,N/A,Sarmiento,Aldosivi,N/A,8,1.00,0.64,1.06,0.81,2,0,2,1,1,0,"59,39","",5,2,3,0,3,0,2,1,1,2,12,10,5,1,7,9,20,12,47,53,1.53,1.33,1.37,0.90,2.18,46,69,32,18,5,18,69,41,69,9.00,5.55,2.15,3.00,3.95,1.57,2.73,5.50,10.00,2.25,1.53,Estadio Eva Perón de Junín
1757872800,Sep 14 2025 - 6:00pm,complete,N/A,Gimnasia La Plata,Unión Santa Fe,N/A,8,1.50,0.73,1.24,1.00,1,3,4,0,0,0,"52","62,47,57",5,8,3,0,2,0,2,1,0,2,15,9,5,5,10,4,8,13,56,44,1.39,1.38,1.56,1.23,2.02,35,57,35,14,5,18,70,30,66,10.92,5.66,3.26,2.87,2.50,1.63,2.80,5.75,12.50,2.27,1.60,Estadio Juan Carmelo Zerillo
1757872800,Sep 14 2025 - 6:00pm,complete,N/A,Instituto,Argentinos Juniors,N/A,8,1.45,1.27,1.50,1.28,2,0,2,1,1,0,"90'1,45","",2,4,3,0,4,1,1,2,2,3,9,13,6,4,3,9,19,12,29,71,1.51,1.43,1.23,1.43,2.00,41,64,36,14,5,23,55,36,60,12.36,5.46,3.10,2.70,2.35,1.57,2.77,6.40,10.00,2.25,1.58,Estadio Juan Domingo Perón
1757881800,Sep 14 2025 - 8:30pm,complete,N/A,Rosario Central,Boca Juniors,N/A,8,2.31,1.50,2.05,1.56,1,1,2,2,1,1,"24","20",9,6,3,0,3,0,2,1,1,2,11,10,6,3,5,7,8,15,50,50,1.57,1.22,1.51,1.09,2.04,40,69,36,8,0,24,72,28,68,9.08,5.55,2.66,2.55,3.10,1.60,2.88,6.00,11.00,2.35,1.53,Estadio El Fortín de Ludueña
1757890800,Sep 14 2025 - 11:00pm,complete,N/A,Defensa y Justicia,Platense,N/A,8,1.64,1.50,1.50,1.20,1,2,3,1,1,0,"32","46,48",5,2,2,0,2,0,2,0,1,1,13,14,4,5,9,9,6,14,66,34,1.72,1.11,1.51,1.40,1.78,46,54,25,4,0,20,35,18,88,7.32,5.78,2.38,2.94,3.20,1.55,2.60,6.11,10.00,2.20,1.58,Estadio Norberto Tito Tomaghello
1757890800,Sep 14 2025 - 11:00pm,complete,N/A,Tigre,Talleres Córdoba,N/A,8,1.64,1.00,1.69,1.18,0,0,0,0,0,0,"","",4,7,2,0,3,0,1,1,2,1,9,15,3,5,6,10,10,14,47,53,1.28,1.50,1.02,1.45,1.59,36,50,27,0,0,14,45,27,64,8.27,5.18,2.55,2.75,3.10,1.57,2.92,5.50,16.00,2.33,1.57,Estadio José Dellagiovanna
1758312000,Sep 19 2025 - 8:00pm,complete,N/A,Deportivo Riestra,Gimnasia La Plata,N/A,9,2.00,0.73,1.82,1.28,1,0,1,0,0,0,"54","",2,4,3,0,4,0,2,1,1,3,12,10,2,4,10,6,9,11,37,63,1.05,1.07,1.31,1.25,1.32,13,39,22,0,0,9,40,17,66,6.53,5.94,1.94,2.89,4.20,1.62,2.90,6.00,11.00,2.25,1.60,Estadio Guillermo Laza
1758319200,Sep 19 2025 - 10:00pm,complete,N/A,Huracán,Racing Club,N/A,9,1.79,1.42,1.56,1.76,0,2,2,1,0,1,"","23,90'2",8,2,0,0,0,0,0,0,0,0,20,10,4,6,16,4,6,12,55,45,1.44,1.38,1.92,1.25,2.26,40,63,32,20,16,20,55,40,85,8.61,6.17,2.40,2.87,3.65,1.72,3.04,6.10,12.50,2.40,1.50,Estadio Tomás Adolfo Ducó
1758320100,Sep 19 2025 - 10:15pm,complete,N/A,San Martín San Juan,Vélez Sarsfield,N/A,9,1.08,1.00,1.13,1.19,1,2,3,1,0,1,"59","10,46",11,4,5,0,1,1,2,3,1,1,17,9,5,5,12,4,23,9,55,45,1.38,0.92,1.98,1.08,1.88,21,50,34,13,8,30,55,21,63,7.75,6.08,2.47,2.70,3.35,1.79,3.15,7.20,19.00,2.50,1.47,Estadio Ingeniero Hilario Sánchez
1758327300,Sep 20 2025 - 12:15am,complete,N/A,Lanús,Platense,N/A,9,1.67,1.60,1.88,1.20,2,1,3,2,2,0,"37,45'1","90'5",0,5,1,0,1,0,0,1,0,1,7,20,3,6,4,14,18,6,36,64,1.57,1.13,0.86,2.07,1.66,37,49,14,8,4,19,45,16,80,7.90,6.33,2.99,2.85,2.67,1.84,3.30,8.00,21.00,2.52,1.47,Estadio Ciudad de Lanús - Néstor Díaz Pérez
1758389400,Sep 20 2025 - 5:30pm,complete,N/A,Barracas Central,Sarmiento,N/A,9,1.82,0.91,1.47,1.13,0,1,1,1,0,1,"","22",7,4,6,0,3,0,3,3,2,1,9,4,3,3,6,1,6,14,55,45,1.21,0.97,1.19,0.64,2.46,46,69,50,23,9,23,64,46,69,5.46,6.00,2.30,2.85,4.00,1.64,2.90,6.00,14.50,2.50,1.50,Estadio Claudio Chiqui Tapia
1758397500,Sep 20 2025 - 7:45pm,complete,N/A,Unión Santa Fe,Independiente Rivadavia,N/A,9,1.50,1.23,1.35,1.24,2,2,4,2,1,1,"54,42","12,64",8,5,1,0,4,0,0,1,2,2,13,6,6,2,7,4,15,14,68,32,1.65,1.03,1.67,0.76,1.67,40,56,20,4,0,16,53,23,60,10.69,5.50,1.75,3.10,4.20,1.40,2.15,4.75,11.50,2.30,1.73,Estadio 15 de Abril
1758413700,Sep 21 2025 - 12:15am,complete,N/A,Atlético Tucumán,River Plate,N/A,9,1.67,1.73,1.81,1.35,2,0,2,1,1,0,"12,68","",10,4,1,0,0,0,1,0,0,0,17,18,7,3,10,15,14,11,35,65,1.44,1.44,1.79,1.73,2.11,39,70,43,13,9,30,64,31,65,9.72,6.10,2.34,2.94,3.00,1.50,2.26,3.72,9.50,2.10,1.64,Estadio Monumental Presidente José Fierro
1758466800,Sep 21 2025 - 3:00pm,complete,N/A,Tigre,Aldosivi,N/A,9,1.58,0.58,1.69,0.81,2,0,2,2,2,0,"11,37","",6,4,2,0,4,0,1,1,2,2,16,8,5,2,11,6,14,27,49,51,1.25,1.29,1.58,0.84,1.96,29,59,29,9,4,13,59,34,67,7.08,4.92,1.85,3.15,4.85,1.64,3.00,5.75,13.00,2.38,1.55,Estadio José Dellagiovanna
1758475800,Sep 21 2025 - 5:30pm,complete,N/A,Independiente,San Lorenzo,N/A,9,1.92,1.38,1.94,1.28,1,1,2,1,0,1,"68","37",1,3,1,0,1,0,0,1,0,1,4,6,0,3,4,3,17,23,61,39,1.56,0.92,0.47,0.85,1.58,27,58,23,4,0,15,50,23,58,9.15,5.47,1.92,2.57,3.95,1.78,3.30,7.55,18.00,2.50,1.44,Estadio Libertadores de América
1758483900,Sep 21 2025 - 7:45pm,complete,N/A,Godoy Cruz,Instituto,N/A,9,0.92,0.62,0.94,0.59,1,1,2,1,0,1,"50","44",4,2,3,0,3,0,1,2,0,3,14,10,3,3,11,7,19,14,56,44,1.22,1.14,1.37,1.16,1.62,28,48,28,12,8,20,44,23,55,7.81,6.23,2.16,2.86,3.65,1.63,2.90,5.95,15.00,2.34,1.54,N/A
1758492000,Sep 21 2025 - 10:00pm,complete,N/A,Argentinos Juniors,Banfield,N/A,9,2.21,0.83,2.28,0.88,3,0,3,0,0,0,"51,74,80","",1,6,0,0,1,0,0,0,0,1,9,10,4,1,5,9,11,17,60,40,1.56,1.12,1.32,1.10,2.27,43,61,39,23,11,15,62,43,77,8.13,4.57,1.64,3.35,5.70,1.52,2.55,5.00,9.50,2.30,1.55,Estadio Diego Armando Maradona
1758492000,Sep 21 2025 - 10:00pm,complete,N/A,Rosario Central,Talleres Córdoba,N/A,9,2.21,1.00,2.05,1.18,1,1,2,1,1,0,"44","48",11,4,2,0,4,1,1,1,3,2,12,11,6,3,6,8,11,19,59,41,1.57,1.49,1.60,1.17,1.67,42,53,31,4,0,15,57,31,61,10.29,5.43,2.09,3.01,3.65,1.53,2.80,5.80,13.00,2.30,1.54,Estadio El Fortín de Ludueña
1758500100,Sep 22 2025 - 12:15am,complete,N/A,Boca Juniors,Central Córdoba SdE,N/A,9,2.15,0.83,2.10,1.00,2,2,4,1,1,0,"41,56","83,62",12,4,2,0,4,0,0,2,1,3,24,9,8,2,16,7,7,23,62,38,1.47,1.15,2.39,0.91,2.22,45,69,37,17,9,12,45,56,72,9.05,4.14,1.50,3.85,7.89,1.45,2.43,4.45,8.90,2.45,1.53,Estadio Alberto José Armando
1758578400,Sep 22 2025 - 10:00pm,complete,N/A,Estudiantes,Defensa y Justicia,N/A,9,2.09,1.08,1.88,0.88,1,0,1,0,0,0,"76","",8,6,1,0,1,0,0,1,0,1,10,10,3,3,7,7,14,6,59,41,1.71,1.32,1.16,1.04,2.47,53,70,44,26,17,35,75,34,74,9.44,6.37,2.47,2.70,2.87,1.50,2.52,4.60,8.80,2.00,1.67,Estadio Ciudad de La Plata
1758585600,Sep 23 2025 - 12:00am,complete,N/A,Belgrano,Newell's Old Boys,N/A,9,1.17,1.08,1.25,1.00,3,0,3,1,1,0,"38,49,87","",2,6,2,0,3,1,1,1,3,1,7,11,4,5,3,6,8,13,62,38,1.47,1.11,0.99,1.29,2.05,46,79,29,4,0,34,79,17,63,9.50,6.91,1.86,3.25,5.46,1.50,2.73,5.56,13.00,2.52,1.57,Estadio Julio César Villagra
1758924000,Sep 26 2025 - 10:00pm,complete,N/A,Banfield,Unión Santa Fe,N/A,10,1.42,0.92,1.31,1.00,0,0,0,0,0,0,"","",9,2,0,0,3,0,0,0,0,3,16,10,4,1,12,9,11,10,51,49,1.34,1.37,1.65,0.89,2.29,50,63,46,29,8,33,63,29,67,10.25,4.92,2.40,3.00,3.30,1.72,2.65,5.55,11.00,2.33,1.52,Estadio Florencio Solá
1758924000,Sep 26 2025 - 10:00pm,complete,N/A,Platense,San Martín San Juan,N/A,10,1.50,0.42,1.31,0.63,2,2,4,2,1,1,"12,90'5","3,67",3,4,3,0,4,0,2,1,1,3,13,5,3,2,10,3,14,16,62,38,1.25,1.09,1.46,0.64,1.33,34,42,21,4,0,13,42,21,50,8.58,4.25,2.20,2.90,3.95,1.75,3.21,5.65,14.50,2.50,1.42,Estadio Ciudad de Vicente López
1758932100,Sep 27 2025 - 12:15am,complete,N/A,Central Córdoba SdE,Tigre,N/A,10,1.75,1.31,1.61,1.37,0,1,1,0,0,0,"","60",6,2,2,0,5,0,0,2,2,3,17,5,2,3,15,2,9,5,63,37,1.64,1.37,1.55,0.85,2.17,44,73,44,8,4,28,68,32,76,9.71,4.02,2.25,2.95,3.70,1.57,2.94,5.45,15.50,2.28,1.57,N/A
1758994200,Sep 27 2025 - 5:30pm,complete,N/A,Gimnasia La Plata,Rosario Central,N/A,10,1.38,1.64,1.24,1.88,0,3,3,1,0,1,"","83,86,2",6,3,3,1,2,0,1,3,0,2,9,22,1,9,8,13,9,13,48,52,1.40,1.06,1.16,2.54,1.52,25,41,29,9,0,9,49,28,57,10.32,6.96,2.65,3.05,2.85,1.55,2.45,5.75,12.50,2.36,1.59,Estadio Juan Carmelo Zerillo
1758994200,Sep 27 2025 - 5:30pm,complete,N/A,Aldosivi,Argentinos Juniors,N/A,10,0.92,1.17,1.25,1.28,0,2,2,0,0,0,"","76,80",5,5,4,1,2,0,1,4,0,2,8,14,4,4,4,10,14,10,30,70,1.65,1.43,1.16,1.53,2.13,46,67,42,21,8,25,63,38,58,10.08,5.25,3.65,3.30,2.10,1.50,2.35,5.28,12.00,2.27,1.58,Estadio José María Minella
1759002300,Sep 27 2025 - 7:45pm,complete,N/A,San Lorenzo,Godoy Cruz,N/A,10,1.79,1.08,1.78,0.88,2,0,2,1,1,0,"53,45","",2,10,3,0,2,0,1,2,1,1,8,7,4,0,4,7,13,13,38,62,1.41,1.20,1.20,0.96,2.04,39,56,40,16,8,27,56,32,61,8.07,5.90,1.72,3.45,5.50,1.55,3.27,6.80,11.00,2.87,1.40,N/A
1759010400,Sep 27 2025 - 10:00pm,complete,N/A,Defensa y Justicia,Boca Juniors,N/A,10,1.50,1.46,1.50,1.56,2,1,3,0,0,0,"84,90'4","88",3,5,3,0,1,0,2,1,1,0,11,16,6,2,5,14,13,7,35,65,1.71,1.21,1.38,1.71,2.04,48,72,37,4,0,28,55,29,73,8.48,4.82,3.50,3.15,2.20,1.47,2.25,4.20,8.00,2.10,1.80,Estadio Norberto Tito Tomaghello
1759018500,Sep 28 2025 - 12:15am,complete,N/A,Talleres Córdoba,Sarmiento,N/A,10,0.58,1.08,0.88,1.13,1,0,1,0,0,0,"88","",1,2,2,0,2,0,0,2,1,1,13,8,3,1,10,7,11,16,64,36,1.72,0.95,1.37,0.91,1.84,34,50,33,13,8,29,54,21,59,9.58,6.08,2.15,3.15,3.65,1.55,2.68,5.30,9.20,2.53,1.51,Estadio Juan Domingo Perón
1759083300,Sep 28 2025 - 6:15pm,complete,N/A,Racing Club,Independiente,N/A,10,1.38,1.08,1.55,1.12,0,0,0,0,0,0,"","",7,3,4,0,0,0,2,2,0,0,8,8,2,4,6,4,12,9,57,43,1.53,1.13,0.97,0.91,2.23,39,58,35,23,16,15,66,38,77,10.38,6.39,2.23,2.80,3.45,1.51,2.65,5.00,9.30,2.15,1.62,Estadio Presidente Juan Domingo Perón
1759093200,Sep 28 2025 - 9:00pm,complete,N/A,River Plate,Deportivo Riestra,N/A,10,2.27,1.23,1.89,1.24,1,2,3,2,1,1,"25","12,51",15,1,0,1,3,0,0,1,1,2,21,6,9,2,12,4,9,12,83,17,1.84,0.94,2.61,0.63,2.34,43,68,39,21,14,28,57,33,79,7.11,6.78,1.43,3.50,7.80,1.45,2.38,4.60,8.10,2.48,1.58,Estadio Monumental Antonio Vespucio Liberti
1759098600,Sep 28 2025 - 10:30pm,complete,N/A,Independiente Rivadavia,Huracán,N/A,10,1.58,1.50,1.38,1.44,0,0,0,0,0,0,"","",3,5,4,1,2,0,1,4,2,0,14,21,2,4,12,17,9,7,47,53,1.38,1.09,1.32,1.85,2.08,51,66,40,13,9,23,69,33,62,7.96,5.37,2.30,3.00,3.45,1.55,3.04,7.00,20.00,2.30,1.48,Estadio Juan Bautista Gargantini
1759101300,Sep 28 2025 - 11:15pm,complete,N/A,Instituto,Lanús,N/A,10,1.58,1.08,1.50,1.12,0,0,0,0,0,0,"","",7,4,1,0,2,0,0,1,1,1,22,17,8,4,14,13,9,9,48,52,1.49,1.31,2.27,1.63,1.82,28,61,28,9,0,20,53,32,65,11.42,4.98,2.80,2.90,2.90,1.60,2.85,7.00,12.00,2.41,1.55,Estadio Juan Domingo Perón
1759170600,Sep 29 2025 - 6:30pm,complete,N/A,Barracas Central,Belgrano,N/A,10,1.67,1.00,1.47,1.06,1,1,2,1,1,0,"16","49",3,2,3,0,2,0,1,2,0,2,14,13,5,5,9,8,15,15,46,54,1.21,1.07,1.56,1.51,2.34,46,67,50,25,4,21,67,46,63,6.75,5.00,2.83,2.80,3.00,1.64,2.88,5.95,13.00,2.20,1.62,Estadio Claudio Chiqui Tapia
1759186800,Sep 29 2025 - 11:00pm,complete,N/A,Vélez Sarsfield,Atlético Tucumán,N/A,10,1.42,0.42,1.24,0.31,3,1,4,3,2,1,"36,90'4,39","14",3,2,3,0,5,0,1,2,1,4,20,8,10,4,10,4,10,16,52,48,1.36,1.26,2.48,1.03,1.71,25,46,25,9,0,17,50,25,75,9.67,5.33,1.69,2.96,5.00,1.58,2.60,5.00,13.00,2.29,1.56,Estadio José Amalfitani
1759269600,Sep 30 2025 - 10:00pm,complete,N/A,Newell's Old Boys,Estudiantes,N/A,10,1.25,0.71,1.06,1.05,1,1,2,0,0,0,"90'1","75",7,2,2,0,4,0,2,0,3,1,12,16,4,5,8,11,12,16,39,61,1.38,1.14,1.43,1.74,2.02,35,65,31,15,4,19,58,42,69,8.31,6.90,3.00,2.95,2.65,1.55,2.68,5.10,9.20,2.17,1.63,Estadio Malvinas Argentinas
1759528800,Oct 03 2025 - 10:00pm,complete,N/A,Tigre,Defensa y Justicia,N/A,11,1.69,1.00,1.69,0.88,1,1,2,2,1,1,"26","45'1",3,4,3,1,1,0,3,1,0,1,12,6,5,1,7,5,12,8,36,64,1.28,1.30,1.28,0.72,2.08,39,62,31,16,12,27,54,35,70,7.92,4.92,2.25,3.20,3.40,1.52,2.65,6.00,15.00,2.25,1.60,Estadio José Dellagiovanna
1759536900,Oct 04 2025 - 12:15am,complete,N/A,Argentinos Juniors,Central Córdoba SdE,N/A,11,2.27,0.85,2.28,1.00,0,0,0,0,0,0,"","",8,2,1,0,7,1,0,1,2,6,20,4,5,1,15,3,6,19,69,31,1.54,1.13,2.25,0.65,2.55,48,72,47,29,14,18,58,51,75,8.16,3.93,2.10,3.25,3.75,1.53,2.30,4.00,7.80,2.45,1.54,Estadio Diego Armando Maradona
1759536900,Oct 04 2025 - 12:15am,complete,N/A,Unión Santa Fe,Aldosivi,N/A,11,1.46,0.54,1.35,0.81,0,2,2,0,0,0,"","90'8,63",2,4,1,0,4,0,0,1,3,1,20,13,4,5,16,8,12,16,65,35,1.65,1.26,2.05,1.45,1.97,35,58,23,15,4,19,73,27,58,10.62,5.31,1.75,3.45,5.20,1.65,2.33,4.75,9.50,2.47,1.58,Estadio 15 de Abril
1759599000,Oct 04 2025 - 5:30pm,complete,N/A,Sarmiento,Gimnasia La Plata,N/A,11,1.17,0.67,1.06,1.28,0,1,1,1,0,1,"","45'2",8,3,3,0,1,0,2,1,0,1,18,9,3,3,15,6,14,12,70,30,1.52,1.09,1.73,0.91,1.75,38,59,25,9,0,21,59,21,71,8.67,6.16,2.29,2.96,3.69,1.67,2.95,7.00,11.00,2.25,1.57,Estadio Eva Perón de Junín
1759607100,Oct 04 2025 - 7:45pm,complete,N/A,San Martín San Juan,Instituto,N/A,11,1.00,0.64,1.13,0.59,0,0,0,0,0,0,"","",4,4,2,1,4,0,0,3,1,3,16,8,2,0,14,8,17,19,45,55,1.43,1.14,1.56,0.79,2.03,30,52,34,18,11,15,45,41,74,8.67,5.83,2.55,2.60,2.93,1.70,2.99,6.50,17.00,2.43,1.53,Estadio Ingeniero Hilario Sánchez
1759615200,Oct 04 2025 - 10:00pm,complete,N/A,Huracán,Banfield,N/A,11,1.67,0.77,1.56,0.88,1,0,1,1,1,0,"45'1","",5,2,1,0,2,1,0,1,1,2,19,15,3,2,16,13,11,19,51,49,1.47,1.12,1.65,1.41,2.12,33,58,33,14,11,4,55,41,86,8.22,4.71,2.25,2.90,3.75,1.53,3.09,6.30,11.00,2.45,1.50,Estadio Tomás Adolfo Ducó
1759615200,Oct 04 2025 - 10:00pm,complete,N/A,Atlético Tucumán,Platense,N/A,11,1.77,1.50,1.81,1.20,2,0,2,0,0,0,"48,53","",6,5,5,0,1,1,1,4,1,1,12,13,6,5,6,8,8,8,50,50,1.47,1.19,1.46,1.49,2.18,41,64,40,11,8,28,68,15,86,8.65,6.50,2.05,3.20,3.95,1.57,2.69,4.85,9.50,2.10,1.55,Estadio Monumental Presidente José Fierro
1759623300,Oct 05 2025 - 12:15am,complete,N/A,Lanús,San Lorenzo,N/A,11,1.77,1.36,1.88,1.28,2,1,3,1,1,0,"29,53","78",3,7,2,0,2,0,1,1,0,2,8,22,5,3,3,19,14,15,48,52,1.52,0.91,1.04,1.87,1.56,37,56,15,4,4,19,48,19,63,8.39,4.94,2.40,2.95,3.35,1.63,3.54,7.10,11.00,2.63,1.40,Estadio Ciudad de Lanús - Néstor Díaz Pérez
1759685400,Oct 05 2025 - 5:30pm,complete,N/A,Godoy Cruz,Independiente,N/A,11,0.92,1.07,0.94,1.12,1,1,2,1,0,1,"52","23",4,2,3,0,2,1,2,1,1,2,15,7,4,3,11,4,13,14,46,54,1.23,1.11,1.61,0.92,1.51,37,52,22,7,4,19,56,18,51,8.32,6.58,3.10,2.85,2.65,1.71,3.25,6.40,11.00,2.32,1.52,Estadio Malvinas Argentinas
1759692600,Oct 05 2025 - 7:30pm,complete,N/A,Estudiantes,Barracas Central,N/A,11,2.17,1.50,1.88,1.50,1,1,2,1,1,0,"33","49",6,3,3,0,4,0,0,3,0,4,14,9,9,3,5,6,13,11,63,37,1.66,1.09,1.84,0.90,2.09,50,61,39,16,4,38,70,16,66,8.44,5.68,1.53,3.25,6.00,1.47,2.60,4.75,9.30,2.58,1.49,Estadio Ciudad de La Plata
1759693500,Oct 05 2025 - 7:45pm,complete,N/A,Talleres Córdoba,Belgrano,N/A,11,0.77,1.00,0.88,1.06,0,0,0,0,0,0,"","",3,6,2,0,2,0,0,2,1,1,15,9,4,2,11,7,12,11,49,51,1.69,1.11,1.48,1.00,1.81,38,54,35,16,4,27,54,23,62,9.84,4.77,2.12,2.92,3.70,1.56,2.57,5.25,11.50,2.20,1.59,Estadio Juan Domingo Perón
1759701600,Oct 05 2025 - 10:00pm,complete,N/A,Boca Juniors,Newell's Old Boys,N/A,11,2.07,1.00,2.10,1.00,5,0,5,3,3,0,"24,7,50,32,59","",6,1,0,0,1,0,0,0,1,0,19,5,13,2,6,3,11,14,61,39,1.53,1.12,2.49,0.70,1.97,37,71,30,7,0,26,57,36,67,10.09,5.75,1.29,4.30,8.50,1.36,2.03,3.38,7.50,2.20,1.62,Estadio Alberto José Armando
1759709700,Oct 06 2025 - 12:15am,complete,N/A,Rosario Central,River Plate,N/A,11,2.13,1.58,2.05,1.35,2,1,3,2,1,1,"57,21","10",8,3,2,0,7,1,1,1,6,2,18,7,7,2,11,5,8,16,48,52,1.57,1.46,1.99,0.78,1.84,43,67,29,8,0,23,62,33,63,10.25,5.40,2.83,2.85,2.68,1.49,2.75,5.60,11.50,2.10,1.67,Estadio El Fortín de Ludueña
1759788000,Oct 06 2025 - 10:00pm,complete,N/A,Deportivo Riestra,Vélez Sarsfield,N/A,11,2.08,1.15,1.82,1.19,2,2,4,2,1,1,"38,55","45'1,87",2,5,4,0,5,1,2,2,3,3,10,7,4,1,6,6,21,11,27,73,1.07,0.93,1.13,0.88,1.54,20,47,31,4,4,19,46,19,62,5.93,6.23,3.30,2.70,2.75,1.83,3.38,7.50,11.00,2.61,1.43,Estadio Guillermo Laza
1759795200,Oct 07 2025 - 12:00am,complete,N/A,Racing Club,Independiente Rivadavia,N/A,11,1.36,1.21,1.55,1.24,0,0,0,0,0,0,"","",5,3,3,0,3,1,2,1,0,4,9,11,2,4,7,7,7,11,61,39,1.49,1.01,1.15,1.24,2.18,36,61,36,18,11,18,54,40,79,10.36,5.71,1.93,3.25,4.37,1.40,2.31,3.80,7.30,1.95,1.76,Estadio Presidente Juan Domingo Perón
1760117400,Oct 10 2025 - 5:30pm,complete,N/A,San Lorenzo,San Martín San Juan,N/A,12,1.87,0.46,1.78,0.63,0,1,1,0,0,0,"","77",11,5,1,0,3,0,0,1,2,1,19,6,7,1,12,5,8,13,61,39,1.39,1.05,2.14,0.69,1.46,28,39,21,8,4,18,39,22,64,8.71,5.76,1.80,2.78,5.00,1.73,3.05,7.46,19.00,2.75,1.40,N/A
1760123700,Oct 10 2025 - 7:15pm,complete,N/A,Defensa y Justicia,Argentinos Juniors,N/A,12,1.62,1.31,1.50,1.28,1,0,1,0,0,0,"47","",4,10,3,0,1,0,1,2,1,0,12,15,3,1,9,14,6,15,35,65,1.68,1.44,1.17,1.56,1.97,54,66,39,4,4,15,39,42,74,9.46,4.54,3.81,2.95,2.25,1.51,2.55,5.10,13.00,2.33,1.64,Estadio Norberto Tito Tomaghello
1760125500,Oct 10 2025 - 7:45pm,complete,N/A,Central Córdoba SdE,Unión Santa Fe,N/A,12,1.62,0.92,1.61,1.00,3,1,4,1,1,0,"62,35,90'5","79",3,3,3,0,3,0,1,2,1,2,11,9,3,3,8,6,9,16,43,57,1.63,1.33,1.17,1.17,2.23,42,70,42,20,4,31,62,31,74,10.39,3.38,2.60,2.74,3.00,1.70,3.10,7.00,11.00,2.46,1.50,N/A
1760131800,Oct 10 2025 - 9:30pm,complete,N/A,Newell's Old Boys,Tigre,N/A,12,1.23,1.43,1.06,1.37,1,1,2,2,1,1,"29","22",5,1,3,0,0,0,1,2,0,0,17,16,5,3,12,13,12,13,52,48,1.39,1.33,1.94,1.50,1.85,41,60,33,4,4,18,59,34,67,9.60,5.63,2.45,2.60,2.94,1.67,2.89,7.00,17.00,2.30,1.57,Estadio Marcelo Alberto Bielsa
1760209200,Oct 11 2025 - 7:00pm,complete,N/A,Gimnasia La Plata,Talleres Córdoba,N/A,12,1.29,1.00,1.24,1.18,1,2,3,2,1,1,"7","2,90'3",0,6,2,0,4,0,0,2,1,3,14,15,7,7,7,8,12,15,39,61,1.38,1.47,1.75,1.67,1.66,34,52,30,4,0,4,55,33,67,10.71,6.86,3.45,2.85,2.30,1.57,2.75,6.00,13.00,2.20,1.62,Estadio Juan Carmelo Zerillo
1760216400,Oct 11 2025 - 9:00pm,complete,N/A,Banfield,Racing Club,N/A,12,1.38,1.54,1.31,1.76,1,3,4,1,0,1,"90'3","60,26,90'1",4,4,1,1,4,0,0,2,1,3,19,11,4,6,15,5,8,13,41,59,1.37,1.37,1.80,1.33,2.23,50,66,38,23,12,31,62,35,74,9.31,6.15,2.48,3.00,3.00,1.53,2.60,5.00,12.00,2.19,1.72,Estadio Florencio Solá
1760231700,Oct 12 2025 - 1:15am,complete,N/A,Vélez Sarsfield,Rosario Central,N/A,12,1.54,1.75,1.24,1.88,1,2,3,1,0,1,"51","17,90'7",7,2,4,1,4,0,2,3,0,4,12,11,3,3,9,8,15,11,59,41,1.45,1.18,1.44,1.17,1.51,20,40,32,8,0,20,48,20,60,10.42,5.94,2.85,3.00,2.75,1.65,3.09,6.00,13.00,2.15,1.65,Estadio José Amalfitani
1760231700,Oct 12 2025 - 1:15am,complete,N/A,Belgrano,Estudiantes,N/A,12,1.31,0.73,1.25,1.05,1,1,2,0,0,0,"68","90'4",3,10,3,1,0,0,1,3,0,0,6,19,4,6,2,13,9,6,43,57,1.43,1.18,0.88,2.03,2.28,43,79,36,18,4,22,69,42,75,8.22,7.53,2.50,3.05,3.05,1.61,2.30,5.75,13.00,2.15,1.65,Estadio Julio César Villagra
1760290200,Oct 12 2025 - 5:30pm,complete,N/A,Aldosivi,Huracán,N/A,12,0.85,1.47,1.25,1.44,2,0,2,1,1,0,"90'3,16","",6,1,4,0,5,0,1,3,2,3,13,13,9,4,4,9,14,10,34,66,1.61,1.14,1.64,1.36,1.93,39,65,33,16,4,26,68,27,58,8.57,5.42,3.55,2.48,2.23,1.73,3.20,7.50,19.00,2.45,1.50,Estadio José María Minella
1760298300,Oct 12 2025 - 7:45pm,complete,N/A,Independiente Rivadavia,Godoy Cruz,N/A,12,1.54,1.00,1.38,0.88,0,0,0,0,0,0,"","",5,7,1,2,4,0,0,3,2,2,15,12,3,4,12,8,14,15,37,63,1.38,1.18,1.51,1.41,2.42,46,73,50,23,12,27,70,46,58,8.15,5.62,2.17,2.65,3.40,1.62,2.80,6.00,15.00,2.20,1.62,Estadio Juan Bautista Gargantini
1760298300,Oct 12 2025 - 7:45pm,complete,N/A,Instituto,Atlético Tucumán,N/A,12,1.54,0.38,1.50,0.31,2,0,2,1,1,0,"26,82","",2,7,2,0,3,0,2,0,0,3,12,8,5,3,7,5,10,10,46,54,1.55,1.24,1.31,1.01,2.04,31,62,31,19,0,23,58,31,74,9.85,5.46,2.15,3.05,3.70,1.50,2.50,5.00,12.00,2.05,1.70,Estadio Juan Domingo Perón
1760307300,Oct 12 2025 - 10:15pm,complete,N/A,River Plate,Sarmiento,N/A,12,2.13,1.00,1.89,1.13,0,1,1,1,0,1,"","30",13,3,2,0,5,0,1,1,3,2,28,7,7,4,21,3,10,20,74,26,1.89,0.94,2.56,0.87,2.21,37,61,38,20,11,37,59,21,68,8.30,7.00,1.40,4.20,8.00,1.33,2.05,3.80,7.50,2.30,1.57,Estadio Monumental Antonio Vespucio Liberti
1760314500,Oct 13 2025 - 12:15am,complete,N/A,Independiente,Lanús,N/A,12,1.86,1.07,1.94,1.12,0,2,2,1,0,1,"","89,25",10,2,4,1,3,0,2,3,1,2,20,8,7,3,13,5,8,16,66,34,1.49,1.33,2.30,0.82,1.58,29,54,25,4,0,14,47,29,61,9.72,4.64,2.25,2.88,3.75,1.72,3.00,7.00,12.50,2.38,1.53,Estadio Libertadores de América
1760391000,Oct 13 2025 - 9:30pm,complete,N/A,Platense,Deportivo Riestra,N/A,12,1.46,1.36,1.31,1.24,1,1,2,2,1,1,"40","14",7,2,3,0,4,1,1,2,3,2,20,2,5,2,15,0,11,11,75,25,1.27,0.92,2.16,0.43,1.99,49,59,41,15,7,19,56,37,67,6.44,5.13,2.65,2.80,3.05,1.73,3.10,7.00,17.00,2.40,1.50,Estadio Ciudad de Vicente López
1760738400,Oct 17 2025 - 10:00pm,complete,N/A,Racing Club,Aldosivi,N/A,13,1.33,0.71,1.55,0.81,1,0,1,1,1,0,"41","",2,7,2,0,4,0,0,2,3,1,13,11,5,3,8,8,9,11,67,33,1.47,1.27,1.35,1.18,2.21,24,59,31,21,14,14,66,38,72,10.04,5.66,1.77,3.30,5.20,1.34,2.16,4.06,7.10,2.18,1.60,Estadio Presidente Juan Domingo Perón
1760746500,Oct 18 2025 - 12:15am,complete,N/A,Lanús,Godoy Cruz,N/A,13,1.86,1.00,1.88,0.88,2,0,2,1,1,0,"33,90'4","",1,6,0,0,4,0,0,0,2,2,9,17,3,2,6,15,16,16,46,54,1.49,1.19,0.96,1.55,2.04,40,64,32,14,7,25,61,33,61,8.57,5.07,1.90,3.30,4.50,1.63,2.94,5.70,15.00,2.42,1.55,Estadio Ciudad de Lanús - Néstor Díaz Pérez
1760746500,Oct 18 2025 - 12:15am,complete,N/A,Argentinos Juniors,Newell's Old Boys,N/A,13,2.19,0.93,2.28,1.00,3,1,4,4,3,1,"21,25,44","9",12,3,1,0,4,1,1,0,3,2,23,4,9,3,14,1,10,13,69,31,1.58,1.09,2.39,0.80,2.20,34,71,37,16,10,34,65,30,67,8.69,5.17,1.63,3.55,6.40,1.65,2.25,4.05,7.80,2.25,1.51,Estadio Diego Armando Maradona
1760813100,Oct 18 2025 - 6:45pm,complete,N/A,Independiente Rivadavia,Banfield,N/A,13,1.50,0.71,1.38,0.88,1,2,3,1,0,1,"80","45'2,53",5,2,6,0,5,0,1,5,1,4,21,14,4,6,17,8,15,7,51,49,1.39,1.14,2.06,1.67,2.21,47,61,47,18,11,11,61,50,68,7.71,5.43,1.99,3.10,3.30,1.49,2.65,5.25,11.00,2.34,1.63,Estadio Juan Bautista Gargantini
1760821200,Oct 18 2025 - 9:00pm,complete,N/A,Boca Juniors,Belgrano,N/A,13,2.13,1.00,2.10,1.06,1,2,3,0,0,0,"66","62,58",7,4,2,0,1,0,2,0,0,1,19,7,7,3,12,4,7,14,64,36,1.60,1.10,2.48,0.98,1.96,35,62,35,21,4,21,49,45,62,9.73,4.63,1.59,3.05,6.70,1.36,2.40,4.00,7.10,2.38,1.50,Estadio Alberto José Armando
1760830200,Oct 18 2025 - 11:30pm,complete,N/A,Talleres Córdoba,River Plate,N/A,13,0.79,1.46,0.88,1.35,0,2,2,1,0,1,"","37,68",5,1,2,0,3,0,1,1,3,0,14,11,3,5,11,6,7,11,45,55,1.68,1.41,1.15,1.11,1.67,37,56,30,8,4,30,49,23,63,10.39,5.59,3.00,3.30,2.40,1.45,2.08,4.80,12.00,2.03,1.70,Estadio Juan Domingo Perón
1760896800,Oct 19 2025 - 6:00pm,complete,N/A,Sarmiento,Vélez Sarsfield,N/A,13,1.08,1.14,1.06,1.19,0,2,2,0,0,0,"","67,61",6,9,2,0,2,0,2,0,0,2,10,12,4,10,6,2,16,15,45,55,1.54,0.93,1.30,1.74,2.03,45,67,37,15,4,33,70,26,63,8.46,6.56,3.41,2.60,2.43,1.70,3.41,6.40,18.00,2.43,1.50,Estadio Eva Perón de Junín
1760896800,Oct 19 2025 - 6:00pm,complete,N/A,Estudiantes,Gimnasia La Plata,N/A,13,2.08,0.85,1.88,1.28,2,0,2,1,1,0,"45'1,52","",8,4,1,0,1,0,0,1,0,1,16,6,6,2,10,4,13,14,57,43,1.68,1.07,1.75,0.77,1.81,35,50,31,8,4,23,66,12,69,9.00,6.38,1.44,3.90,7.60,1.38,2.36,4.33,8.50,2.35,1.55,Estadio Ciudad de La Plata
1760907600,Oct 19 2025 - 9:00pm,complete,N/A,Rosario Central,Platense,N/A,13,2.19,1.41,2.05,1.20,1,0,1,0,0,0,"51","",6,2,2,0,1,0,0,2,0,1,9,11,2,1,7,10,9,15,52,48,1.60,1.20,0.98,1.13,1.94,49,61,31,6,0,25,61,22,82,9.10,6.14,1.53,3.26,6.44,1.50,2.53,4.50,9.50,2.30,1.59,Estadio El Fortín de Ludueña
1760907600,Oct 19 2025 - 9:00pm,complete,N/A,San Martín San Juan,Independiente,N/A,13,1.00,1.07,1.13,1.12,1,0,1,0,0,0,"61","",3,7,3,0,3,0,2,1,2,1,6,10,5,3,1,7,9,9,33,67,1.44,1.10,0.93,1.20,1.83,34,52,28,14,7,14,52,35,66,9.09,6.26,3.20,2.70,2.65,1.65,2.94,6.40,17.00,2.30,1.50,Estadio Ingeniero Hilario Sánchez
1760997600,Oct 20 2025 - 10:00pm,complete,N/A,Deportivo Riestra,Instituto,N/A,13,2.00,0.67,1.82,0.59,1,0,1,0,0,0,"49","",7,8,3,0,2,0,1,2,0,2,16,12,7,3,9,9,14,10,33,67,1.08,1.12,1.84,1.32,1.65,24,45,27,14,7,10,35,35,69,6.27,5.99,2.50,2.70,3.40,1.74,3.60,7.00,11.00,2.55,1.45,Estadio Guillermo Laza
1760997600,Oct 20 2025 - 10:00pm,complete,N/A,Tigre,Barracas Central,N/A,13,1.64,1.47,1.69,1.50,2,2,4,1,0,1,"83,90'3","27,84",9,4,1,1,6,0,2,0,2,4,9,6,2,3,7,3,11,22,58,42,1.28,1.07,0.98,0.79,1.82,45,62,27,7,0,35,59,17,59,6.51,4.82,2.15,2.84,3.98,1.67,2.89,5.80,13.00,2.40,1.51,Estadio José Dellagiovanna
1761005700,Oct 21 2025 - 12:15am,complete,N/A,Atlético Tucumán,San Lorenzo,N/A,13,1.86,1.27,1.81,1.28,1,2,3,2,1,1,"9","50,45'7",3,6,5,0,3,0,4,1,1,2,8,15,4,9,4,6,10,10,57,43,1.47,0.98,1.14,1.82,2.02,38,70,35,7,7,21,66,25,70,9.63,5.53,2.71,2.72,3.29,1.72,3.36,6.15,18.00,2.40,1.51,Estadio Monumental Presidente José Fierro
1761084900,Oct 21 2025 - 10:15pm,complete,N/A,Unión Santa Fe,Defensa y Justicia,N/A,13,1.36,1.00,1.35,0.88,3,0,3,1,1,0,"35,79,51","",3,3,2,0,1,0,2,0,0,1,10,4,4,1,6,3,6,7,39,61,1.68,1.26,1.19,0.58,2.07,47,61,25,22,11,29,64,32,65,10.85,5.00,2.00,3.15,4.30,1.50,2.45,5.20,9.00,2.17,1.65,Estadio 15 de Abril
1761172200,Oct 22 2025 - 10:30pm,complete,N/A,Huracán,Central Córdoba SdE,N/A,13,1.75,0.86,1.56,1.00,0,1,1,1,0,1,"","34",8,2,1,0,1,0,0,1,1,0,25,6,5,3,20,3,7,7,60,40,1.48,1.10,2.29,0.80,2.23,38,61,35,21,14,7,54,41,76,8.20,4.68,1.90,2.90,5.40,1.67,2.99,7.00,18.00,2.68,1.44,Estadio Tomás Adolfo Ducó
1761332400,Oct 24 2025 - 7:00pm,complete,N/A,Sarmiento,Rosario Central,N/A,7,1.00,1.85,1.06,1.88,0,1,1,0,0,0,"","90'2",6,6,7,0,1,0,1,6,1,0,5,10,2,7,3,3,22,5,44,56,1.52,1.18,0.63,1.26,1.70,37,55,30,11,0,18,55,34,59,9.73,6.02,4.20,2.95,1.99,1.65,2.86,6.25,14.00,2.40,1.50,Estadio Eva Perón de Junín
1761339600,Oct 24 2025 - 9:00pm,complete,N/A,Independiente,Platense,N/A,6,1.73,1.33,1.94,1.20,3,0,3,1,1,0,"25,70,89","",2,1,2,0,2,0,1,1,1,1,11,8,6,1,5,7,12,12,56,44,1.54,1.20,1.56,0.83,1.79,33,59,25,7,0,18,52,19,81,8.42,6.28,1.95,3.00,4.74,1.58,2.64,5.10,10.00,2.50,1.54,Estadio Libertadores de América
1761591600,Oct 27 2025 - 7:00pm,complete,N/A,Barracas Central,Boca Juniors,N/A,12,1.62,1.36,1.47,1.56,1,3,4,1,1,0,"20","53,56,66",2,3,6,1,2,0,4,3,2,0,7,14,5,7,2,7,9,8,28,72,1.23,1.25,0.94,1.75,2.42,53,78,45,15,4,26,74,38,71,7.21,5.46,4.60,2.85,1.99,1.52,2.80,5.10,13.50,2.30,1.57,Estadio Claudio Chiqui Tapia
1761948000,Oct 31 2025 - 10:00pm,complete,N/A,San Lorenzo,Deportivo Riestra,N/A,14,1.75,1.33,1.78,1.24,1,0,1,0,0,0,"51","",2,4,3,0,4,0,1,2,2,2,12,9,3,5,9,4,12,18,64,36,1.44,0.89,1.32,1.25,1.88,39,53,33,10,10,20,49,30,74,7.08,6.41,1.85,2.53,4.75,1.99,3.94,9.00,29.00,3.04,1.39,N/A
1761956100,Nov 01 2025 - 12:15am,complete,N/A,Newell's Old Boys,Unión Santa Fe,N/A,14,1.21,0.86,1.06,1.00,0,1,1,1,0,1,"","24",9,2,2,0,3,0,0,2,1,2,20,9,5,4,15,5,3,7,54,46,1.43,1.32,2.13,1.17,2.07,47,64,36,18,4,25,61,36,61,10.22,4.86,2.94,2.92,2.50,1.57,2.70,5.15,9.50,2.10,1.63,Estadio Marcelo Alberto Bielsa
1761956100,Nov 01 2025 - 12:15am,complete,N/A,Instituto,Rosario Central,N/A,14,1.64,1.93,1.50,1.88,1,3,4,2,1,1,"36","38,64,67",6,0,3,0,3,0,2,1,1,2,25,6,5,3,20,3,7,7,49,51,1.53,1.18,2.35,0.78,1.72,21,54,33,11,0,18,54,29,61,10.57,5.71,3.25,2.80,2.31,1.65,3.02,6.00,11.00,2.30,1.60,Estadio Juan Domingo Perón
1762019100,Nov 01 2025 - 5:45pm,complete,N/A,Aldosivi,Independiente Rivadavia,N/A,14,1.00,1.20,1.25,1.24,3,1,4,1,1,0,"55,69,3","71",6,7,3,0,2,0,1,2,1,1,17,9,7,4,10,5,17,15,43,57,1.61,1.03,1.80,1.22,2.15,38,73,38,18,4,25,56,42,69,8.66,5.86,2.13,2.80,3.45,1.62,2.63,6.00,13.00,2.20,1.58,Estadio José María Minella
1762023600,Nov 01 2025 - 7:00pm,complete,N/A,Barracas Central,Argentinos Juniors,N/A,14,1.50,1.21,1.47,1.28,2,0,2,1,1,0,"4,86","",3,7,5,0,0,1,2,3,1,0,5,15,3,6,2,9,14,5,35,65,1.21,1.45,0.72,1.63,2.29,54,68,43,18,7,14,61,47,72,8.50,5.43,3.45,2.86,2.37,1.57,2.70,5.50,9.30,2.15,1.65,Estadio Claudio Chiqui Tapia
1762027200,Nov 01 2025 - 8:00pm,complete,N/A,Vélez Sarsfield,Talleres Córdoba,N/A,14,1.43,1.14,1.24,1.18,0,1,1,0,0,0,"","48",6,1,1,0,3,0,0,1,1,2,12,15,4,4,8,11,7,13,61,39,1.45,1.48,1.56,1.35,1.65,36,50,33,4,0,18,54,21,68,11.07,6.21,2.15,2.95,3.80,1.49,2.70,5.50,12.00,2.15,1.62,Estadio José Amalfitani
1762038000,Nov 01 2025 - 11:00pm,complete,N/A,Independiente,Atlético Tucumán,N/A,14,1.81,0.36,1.94,0.31,3,0,3,2,2,0,"55,25,30","",5,5,1,0,3,2,0,1,1,4,12,10,8,4,4,6,7,16,62,38,1.54,1.23,1.60,1.13,1.98,31,63,30,14,0,17,60,30,78,8.57,5.42,1.83,3.35,4.70,1.48,2.30,4.60,10.00,2.15,1.62,Estadio Libertadores de América
1762110000,Nov 02 2025 - 7:00pm,complete,N/A,Estudiantes,Boca Juniors,N/A,14,2.14,1.47,1.88,1.56,1,2,3,0,0,0,"59","49,90'7",5,2,3,1,2,0,3,1,2,0,13,10,4,4,9,6,11,11,58,42,1.68,1.28,1.67,1.31,2.21,49,72,38,14,4,31,76,21,69,9.99,6.00,2.35,2.85,2.92,1.58,2.59,5.75,10.00,2.14,1.57,Estadio Ciudad de La Plata
1762119000,Nov 02 2025 - 9:30pm,complete,N/A,Godoy Cruz,San Martín San Juan,N/A,14,0.93,0.64,0.94,0.63,0,0,0,0,0,0,"","",4,5,2,0,3,0,0,2,1,2,11,8,2,4,9,4,16,12,53,47,1.26,1.03,1.30,1.22,1.25,29,43,14,4,0,18,47,11,50,8.79,5.78,2.25,2.60,3.75,1.76,3.12,7.50,15.00,2.35,1.53,Estadio Malvinas Argentinas
1762126200,Nov 02 2025 - 11:30pm,complete,N/A,River Plate,Gimnasia La Plata,N/A,14,2.00,0.79,1.89,1.28,0,1,1,0,0,0,"","55",8,3,1,0,3,0,0,1,0,3,19,4,6,2,13,2,13,15,64,36,1.93,1.05,2.37,0.75,1.99,31,57,31,12,6,31,61,13,74,9.25,6.24,1.30,5.10,11.50,1.26,1.87,3.50,6.50,2.40,1.48,Estadio Monumental Antonio Vespucio Liberti
1762199100,Nov 03 2025 - 7:45pm,complete,N/A,Platense,Sarmiento,N/A,14,1.43,1.14,1.31,1.13,1,1,2,0,0,0,"90'1","72",6,0,1,0,3,0,1,0,0,3,10,5,3,3,7,2,11,21,52,48,1.33,0.94,1.27,0.69,1.79,39,50,33,14,4,25,57,25,50,7.29,5.65,1.85,3.00,4.40,1.55,2.72,6.00,15.00,2.38,1.52,Estadio Ciudad de Vicente López
1762199100,Nov 03 2025 - 7:45pm,complete,N/A,Defensa y Justicia,Huracán,N/A,14,1.71,1.38,1.50,1.44,1,3,4,1,0,1,"47","19,72,82",5,8,3,1,2,0,1,3,1,1,9,16,2,4,7,12,11,10,59,41,1.64,1.16,1.03,1.59,1.75,48,60,31,0,0,17,49,25,71,7.77,4.74,2.45,2.95,3.09,1.63,2.88,6.00,14.00,2.37,1.62,Estadio Norberto Tito Tomaghello
1762207200,Nov 03 2025 - 10:00pm,complete,N/A,Central Córdoba SdE,Racing Club,N/A,14,1.71,1.64,1.61,1.76,0,0,0,0,0,0,"","",7,4,2,0,1,0,0,2,1,0,14,9,2,3,12,6,7,6,44,56,1.60,1.37,1.39,1.06,2.47,50,79,43,22,7,29,68,43,86,9.21,4.93,2.70,3.20,2.70,1.44,2.30,4.20,8.50,1.95,1.80,N/A
1762215300,Nov 04 2025 - 12:15am,complete,N/A,Belgrano,Tigre,N/A,14,1.29,1.40,1.25,1.37,0,0,0,0,0,0,"","",7,4,3,1,2,0,1,3,1,1,15,5,1,4,14,1,9,14,68,32,1.39,1.34,1.46,0.75,2.11,49,73,38,7,4,24,73,32,69,9.07,6.17,2.13,3.15,3.80,1.58,2.74,5.05,12.00,2.35,1.61,Estadio Julio César Villagra
1762215300,Nov 04 2025 - 12:15am,complete,N/A,Banfield,Lanús,N/A,14,1.29,1.20,1.31,1.12,2,1,3,1,1,0,"35,68","90'3",7,2,4,0,3,0,1,3,0,3,16,10,4,3,12,7,9,15,31,69,1.40,1.30,1.59,1.10,1.74,39,52,32,15,4,21,49,28,62,9.81,4.99,2.40,2.90,3.45,1.65,2.99,6.50,12.50,2.38,1.54,Estadio Florencio Solá
1762560000,Nov 08 2025 - 12:00am,complete,N/A,Rosario Central,San Lorenzo,N/A,15,2.24,1.38,2.05,1.28,0,0,0,0,0,0,"","",7,3,1,0,4,0,0,1,0,4,8,11,2,1,6,10,8,8,61,39,1.56,1.03,0.99,1.01,1.82,49,64,30,3,0,22,64,24,67,10.07,5.04,1.95,3.00,4.90,1.70,3.47,8.00,13.00,2.72,1.45,Estadio El Fortín de Ludueña
1762632000,Nov 08 2025 - 8:00pm,complete,N/A,Huracán,Newell's Old Boys,N/A,15,1.65,0.87,1.56,1.00,0,2,2,2,0,2,"","27,35",6,0,1,0,3,0,0,1,1,2,14,9,4,4,10,5,14,22,72,28,1.53,1.07,1.68,1.11,2.08,29,64,29,13,10,27,67,22,68,8.75,5.65,1.80,3.11,5.11,1.57,2.70,5.40,10.00,2.25,1.57,Estadio Tomás Adolfo Ducó
1762632000,Nov 08 2025 - 8:00pm,complete,N/A,Racing Club,Defensa y Justicia,N/A,15,1.44,0.93,1.55,0.88,1,0,1,1,1,0,"41","",11,1,0,0,1,0,0,0,0,1,20,14,6,6,14,8,17,8,56,44,1.46,1.21,1.99,1.57,2.30,36,59,36,26,20,23,65,39,75,10.26,5.22,1.90,3.05,4.60,1.37,2.25,4.15,10.00,2.00,1.82,Estadio Presidente Juan Domingo Perón
1762640100,Nov 08 2025 - 10:15pm,complete,N/A,Talleres Córdoba,Platense,N/A,15,0.73,1.26,0.88,1.20,1,0,1,1,1,0,"20","",6,4,4,0,2,0,1,3,1,1,13,10,4,1,9,9,15,5,59,41,1.64,1.18,1.30,0.99,1.72,35,50,27,6,4,24,47,15,81,8.98,5.73,1.80,3.40,5.00,1.55,2.50,6.25,16.00,2.44,1.54,Estadio Juan Domingo Perón
1762648200,Nov 09 2025 - 12:30am,complete,N/A,Unión Santa Fe,Barracas Central,N/A,15,1.47,1.44,1.35,1.50,0,0,0,0,0,0,"","",5,2,3,0,3,0,0,3,1,2,7,8,1,1,6,7,12,13,55,45,1.64,1.06,0.95,0.78,1.93,48,61,29,16,0,29,68,23,61,9.34,5.08,1.70,3.50,5.50,1.50,2.40,5.25,11.00,2.40,1.48,Estadio 15 de Abril
1762648200,Nov 09 2025 - 12:30am,complete,N/A,San Martín San Juan,Lanús,N/A,15,1.13,1.13,1.13,1.12,1,1,2,1,0,1,"90","6",8,3,2,0,1,0,1,1,0,1,15,10,3,3,12,7,8,7,45,55,1.41,1.29,1.52,1.12,1.62,26,45,26,7,4,13,42,32,65,9.70,5.05,2.80,2.95,2.80,1.65,2.82,7.48,13.00,2.65,1.58,Estadio Ingeniero Hilario Sánchez
1762716600,Nov 09 2025 - 7:30pm,complete,N/A,Boca Juniors,River Plate,N/A,15,2.00,1.57,2.10,1.35,2,0,2,1,1,0,"45'1,47","",2,1,3,0,7,0,1,2,2,5,11,8,7,2,4,6,9,19,45,55,1.65,1.39,1.37,0.88,1.99,37,70,34,13,3,24,48,46,70,10.15,5.49,2.23,2.80,3.25,1.47,2.70,4.80,9.50,2.14,1.67,Estadio Alberto José Armando
1762726800,Nov 09 2025 - 10:20pm,complete,N/A,Banfield,Aldosivi,N/A,15,1.40,0.67,1.31,0.81,0,1,1,0,0,0,"","90'13",4,4,3,0,3,0,2,1,0,3,8,13,2,3,6,10,14,12,53,47,1.41,1.27,1.01,1.29,2.17,37,64,37,20,7,20,67,37,67,9.14,5.87,1.92,3.25,4.50,1.55,2.43,4.84,11.00,2.20,1.60,Estadio Florencio Solá
1762726800,Nov 09 2025 - 10:20pm,complete,N/A,Sarmiento,Instituto,N/A,15,0.93,0.63,1.06,0.59,2,1,3,2,2,0,"2,6","67",3,7,4,0,1,0,1,3,0,1,13,12,6,3,7,9,18,13,38,62,1.46,1.13,1.53,1.35,1.91,39,59,26,16,7,17,49,36,71,9.09,6.20,2.90,2.80,2.90,1.60,3.15,5.80,18.00,2.25,1.48,Estadio Eva Perón de Junín
1762734600,Nov 10 2025 - 12:30am,complete,N/A,Atlético Tucumán,Godoy Cruz,N/A,15,1.73,0.93,1.81,0.88,2,1,3,1,1,0,"19,68","80",2,7,4,0,3,0,1,3,1,2,5,13,1,2,4,11,16,10,28,72,1.45,1.22,0.57,1.33,2.40,37,77,47,17,10,30,77,30,67,9.66,5.93,2.05,3.15,4.00,1.55,2.62,5.15,9.50,2.05,1.76,Estadio Monumental Presidente José Fierro
1762734600,Nov 10 2025 - 12:30am,complete,N/A,Tigre,Estudiantes,N/A,15,1.60,0.75,1.69,1.05,1,0,1,1,1,0,"24","",2,2,4,0,2,1,0,4,2,1,9,12,2,3,7,9,16,13,32,68,1.26,1.23,0.86,1.33,2.06,42,68,29,16,3,23,52,42,67,7.50,6.14,2.90,2.85,2.85,1.57,3.09,6.50,11.00,2.43,1.50,Estadio José Dellagiovanna
1762804800,Nov 10 2025 - 8:00pm,complete,N/A,Gimnasia La Plata,Vélez Sarsfield,N/A,15,1.20,1.27,1.24,1.19,2,0,2,1,1,0,"34,68","",3,13,3,0,3,0,1,2,2,1,11,14,6,1,5,13,13,11,38,62,1.41,0.98,1.40,1.42,2.07,33,64,44,10,4,24,67,34,70,8.80,7.20,3.70,2.74,2.19,1.57,2.61,5.50,12.50,2.27,1.67,Estadio Juan Carmelo Zerillo
1762812000,Nov 10 2025 - 10:00pm,complete,N/A,Deportivo Riestra,Independiente,N/A,15,2.07,1.00,1.82,1.12,0,1,1,0,0,0,"","90'5",3,8,1,0,4,0,1,0,2,2,6,10,4,3,2,7,10,11,32,68,1.13,1.11,0.94,1.26,1.54,29,45,23,10,3,10,42,29,68,7.21,6.24,3.30,2.55,3.00,1.76,3.24,7.10,11.00,2.42,1.54,Estadio Guillermo Laza
1762820100,Nov 11 2025 - 12:15am,complete,N/A,Independiente Rivadavia,Central Córdoba SdE,N/A,15,1.40,1.00,1.38,1.00,0,0,0,0,0,0,"","",7,6,2,0,1,0,0,2,1,0,16,14,5,1,11,13,5,7,50,50,1.43,1.08,1.81,1.27,2.37,53,67,50,24,13,14,60,53,64,7.74,5.46,2.48,2.64,2.70,1.58,2.70,5.20,9.00,2.17,1.68,Estadio Juan Bautista Gargantini
1762820100,Nov 11 2025 - 12:15am,complete,N/A,Argentinos Juniors,Belgrano,N/A,15,2.24,1.13,2.28,1.06,1,0,1,1,1,0,"32","",4,3,3,0,2,0,1,2,2,0,15,13,4,2,11,11,8,10,54,46,1.63,1.09,1.60,1.15,2.08,38,63,41,25,6,25,53,34,59,8.99,4.22,1.65,3.65,5.71,1.45,2.29,4.50,8.30,2.18,1.65,Estadio Diego Armando Maradona
1763161200,Nov 14 2025 - 11:00pm,complete,N/A,Lanús,Atlético Tucumán,N/A,16,1.93,0.33,1.88,0.31,3,1,4,2,1,1,"19,72,76","32",1,3,0,0,2,0,0,0,0,2,12,18,8,5,4,13,7,18,61,39,1.45,1.22,1.55,1.84,1.97,37,60,27,14,4,24,57,27,80,7.80,5.07,2.03,3.20,4.05,1.55,2.22,4.76,8.70,2.15,1.63,Estadio Ciudad de Lanús - Néstor Díaz Pérez
1763236800,Nov 15 2025 - 8:00pm,complete,N/A,Godoy Cruz,Deportivo Riestra,N/A,16,0.93,1.25,0.94,1.24,1,1,2,2,1,1,"22","19",12,3,2,0,1,0,2,0,1,0,31,8,8,3,23,5,9,20,72,28,1.26,0.91,2.91,0.89,1.63,39,55,26,7,7,20,55,19,58,6.78,6.50,1.85,3.00,5.03,1.64,4.00,6.05,11.00,2.55,1.50,Estadio Malvinas Argentinas
1763236800,Nov 15 2025 - 8:00pm,complete,N/A,Aldosivi,San Martín San Juan,N/A,16,1.13,0.67,1.25,0.63,4,2,6,0,0,0,"75,89,77,90'9","88,63",2,1,5,0,3,0,1,4,2,1,14,9,8,5,6,4,17,10,46,54,1.63,1.04,1.64,1.20,1.84,30,57,30,20,4,20,53,34,60,9.33,5.53,2.19,2.77,3.30,1.58,2.68,5.75,13.50,2.20,1.60,Estadio José María Minella
1763245800,Nov 15 2025 - 10:30pm,complete,N/A,San Lorenzo,Sarmiento,N/A,16,1.82,1.13,1.78,1.13,1,1,2,1,1,0,"2","90'3",1,8,5,0,6,0,0,5,4,2,10,5,2,2,8,3,17,22,37,63,1.43,0.92,0.92,0.77,1.67,28,41,26,10,7,19,44,23,65,7.38,6.67,1.61,3.45,6.60,1.53,2.70,4.75,11.50,2.45,1.45,N/A
1763253000,Nov 16 2025 - 12:30am,complete,N/A,Independiente,Rosario Central,N/A,16,1.88,2.00,1.94,1.88,1,0,1,1,1,0,"28","",4,2,4,1,2,1,1,4,0,3,15,9,4,5,11,4,10,13,42,58,1.54,1.16,1.52,1.17,1.77,26,56,38,10,0,19,56,31,66,9.07,5.60,1.83,3.20,4.15,1.47,2.59,4.80,10.00,2.30,1.62,Estadio Libertadores de América
1763323200,Nov 16 2025 - 8:00pm,complete,N/A,Instituto,Talleres Córdoba,N/A,16,1.53,1.27,1.50,1.18,0,0,0,0,0,0,"","",3,3,2,0,6,0,1,1,3,3,10,8,4,2,6,6,14,18,39,61,1.58,1.48,1.12,0.81,1.80,34,60,30,10,0,20,57,27,67,10.93,5.87,3.10,2.58,2.50,1.56,2.54,5.50,13.00,2.25,1.62,Estadio Juan Domingo Perón
1763323200,Nov 16 2025 - 8:00pm,complete,N/A,Vélez Sarsfield,River Plate,N/A,16,1.33,1.47,1.24,1.35,0,0,0,0,0,0,"","",6,3,1,0,3,0,0,1,1,2,11,10,3,2,8,8,14,17,44,56,1.46,1.35,1.25,1.05,1.77,30,60,30,7,0,24,57,24,70,10.07,6.47,3.40,3.05,2.23,1.57,2.76,5.05,12.00,2.15,1.62,Estadio José Amalfitani
1763334900,Nov 16 2025 - 11:15pm,complete,N/A,Central Córdoba SdE,Banfield,N/A,16,1.67,0.87,1.61,0.88,1,1,2,1,1,0,"45'2","78",6,6,2,0,5,0,1,1,3,2,10,23,4,6,6,17,9,9,53,47,1.59,1.18,1.18,2.31,2.20,44,67,44,13,4,14,64,43,80,8.67,4.20,2.35,2.80,3.50,1.57,2.61,5.05,9.30,2.15,1.62,N/A
1763334900,Nov 16 2025 - 11:15pm,complete,N/A,Estudiantes,Argentinos Juniors,N/A,16,2.00,1.13,1.88,1.28,1,2,3,1,0,1,"63","23,65",5,2,2,0,3,0,1,1,1,2,17,8,3,4,14,4,10,12,55,45,1.68,1.46,1.60,1.06,2.00,47,64,34,10,7,20,60,27,70,11.46,5.80,2.25,2.75,2.94,1.60,2.76,5.75,11.00,2.35,1.58,Estadio Ciudad de La Plata
1763334900,Nov 16 2025 - 11:15pm,complete,N/A,Boca Juniors,Tigre,N/A,16,2.06,1.38,2.10,1.37,2,0,2,0,0,0,"73,90'3","",8,6,0,0,3,0,0,0,1,2,9,12,4,4,5,8,7,14,74,26,1.64,1.31,1.19,1.25,2.03,40,64,37,12,6,22,52,42,70,9.77,4.81,1.53,3.44,7.87,1.53,2.45,5.15,8.60,2.51,1.48,Estadio Alberto José Armando
1763334900,Nov 16 2025 - 11:15pm,complete,N/A,Newell's Old Boys,Racing Club,N/A,16,1.13,1.60,1.06,1.76,0,1,1,0,0,0,"","90'2",2,5,2,0,2,0,1,1,2,0,8,9,2,4,6,5,11,13,31,69,1.47,1.35,0.92,1.19,2.07,47,67,30,14,7,24,64,40,67,9.60,6.00,3.50,3.10,2.12,1.36,2.26,4.70,7.90,2.05,1.85,Estadio Marcelo Alberto Bielsa
1763409600,Nov 17 2025 - 8:00pm,complete,N/A,Defensa y Justicia,Independiente Rivadavia,N/A,16,1.60,1.13,1.50,1.24,0,2,2,1,0,1,"","14,69",4,2,1,0,2,0,0,1,0,2,11,8,3,3,8,5,6,15,66,34,1.60,1.04,1.26,0.96,2.10,52,68,43,10,0,16,39,46,81,8.20,5.07,1.95,3.00,4.30,1.48,2.40,4.50,9.00,2.11,1.73,Estadio Norberto Tito Tomaghello
1763409600,Nov 17 2025 - 8:00pm,complete,N/A,Belgrano,Unión Santa Fe,N/A,16,1.27,1.00,1.25,1.00,0,0,0,0,0,0,"","",9,3,2,0,2,0,0,2,1,1,18,14,4,3,14,11,10,11,58,42,1.40,1.31,1.70,1.31,2.20,47,70,40,20,4,24,70,33,64,9.86,5.66,2.06,3.00,3.25,1.53,2.54,5.05,13.00,2.15,1.68,Estadio Julio César Villagra
1763409600,Nov 17 2025 - 8:00pm,complete,N/A,Barracas Central,Huracán,N/A,16,1.60,1.47,1.47,1.44,1,1,2,1,0,1,"78","28",4,0,3,0,9,1,2,1,3,7,11,11,5,6,6,5,16,24,64,36,1.18,1.18,1.42,1.38,2.19,51,70,39,17,4,16,76,33,70,6.75,5.75,2.93,2.52,2.90,1.79,3.60,7.10,11.00,2.46,1.48,Estadio Claudio Chiqui Tapia
1763418600,Nov 17 2025 - 10:30pm,complete,N/A,Platense,Gimnasia La Plata,N/A,16,1.40,0.93,1.31,1.28,0,3,3,2,0,2,"","41,86,20",7,3,3,0,0,0,1,2,0,0,12,8,2,4,10,4,16,15,58,42,1.33,1.03,1.35,0.97,1.64,37,50,27,7,0,20,53,20,63,7.87,4.80,2.34,3.00,2.93,1.61,2.91,6.00,16.00,2.15,1.56,Estadio Ciudad de Vicente López
1763852400,Nov 22 2025 - 11:00pm,complete,N/A,Vélez Sarsfield,Argentinos Juniors,N/A,N/A,1.25,1.79,1.21,1.78,0,2,2,0,0,0,"","58,62",1,5,5,1,4,0,1,5,1,3,8,11,5,4,3,7,11,1,36,64,1.23,1.54,1.11,1.34,1.97,33,59,37,14,6,25,56,29,67,10.29,5.40,2.70,2.85,3.00,1.58,2.82,6.00,13.00,2.18,1.58,Estadio José Amalfitani
1763859600,Nov 23 2025 - 1:00am,complete,N/A,Central Córdoba SdE,San Lorenzo,N/A,N/A,1.31,1.57,1.32,1.53,2,1,3,1,0,1,"67,90'1","45'1",4,2,3,0,4,2,0,3,0,6,14,5,3,2,11,3,13,11,56,44,1.33,1.22,1.39,0.69,1.88,42,59,32,11,5,17,53,29,71,8.78,4.82,2.50,2.75,3.45,1.77,3.33,6.56,11.00,2.72,1.40,N/A
1763929800,Nov 23 2025 - 8:30pm,complete,N/A,Rosario Central,Estudiantes,N/A,N/A,2.03,1.27,1.97,1.41,0,1,1,1,0,1,"","31",3,1,1,0,5,1,0,1,0,6,18,8,3,3,15,5,10,24,66,34,1.35,1.45,1.90,0.90,1.99,43,60,36,14,3,21,62,34,69,9.49,6.16,2.25,2.87,3.50,1.50,2.64,5.30,13.50,2.22,1.62,Estadio Dr. Lisandro de la Torre
1763938800,Nov 23 2025 - 11:00pm,complete,N/A,Boca Juniors,Talleres Córdoba,N/A,N/A,1.85,1.06,1.86,1.03,2,0,2,1,1,0,"28,46","",4,5,1,0,4,0,1,0,2,2,10,16,6,4,4,12,4,5,40,60,1.46,1.53,1.37,1.73,1.86,38,60,32,9,3,22,50,32,69,10.25,5.28,1.63,3.55,6.50,1.50,2.50,4.70,11.00,2.33,1.52,Estadio Alberto José Armando
1764014400,Nov 24 2025 - 8:00pm,complete,N/A,Deportivo Riestra,Barracas Central,N/A,N/A,1.58,1.48,1.53,1.49,0,1,1,0,0,0,"","115",7,3,2,0,3,1,1,1,1,3,18,9,4,1,14,8,15,18,50,50,1.01,1.12,1.89,1.03,2.02,44,61,35,15,5,20,58,32,72,5.73,5.88,2.14,2.87,3.90,1.67,3.27,6.25,17.00,2.40,1.53,Estadio Guillermo Laza
1764022500,Nov 24 2025 - 10:15pm,complete,N/A,Racing Club,River Plate,N/A,N/A,1.61,1.68,1.65,1.63,3,2,5,1,1,0,"4,73,90'3","62,64",6,2,2,0,2,0,1,1,1,1,12,14,4,6,8,8,18,8,50,50,1.42,1.66,1.44,1.52,2.12,37,62,33,20,11,27,62,29,72,10.30,6.17,2.70,3.05,2.85,1.44,2.30,4.50,9.00,1.85,1.85,Estadio Presidente Juan Domingo Perón
1764032400,Nov 25 2025 - 1:00am,complete,N/A,Unión Santa Fe,Gimnasia La Plata,N/A,N/A,1.22,1.19,1.18,1.26,1,2,3,2,0,2,"53","24,18",6,3,2,0,3,0,1,1,2,1,22,6,7,3,15,3,9,12,65,35,1.45,1.22,2.31,0.75,1.85,32,53,31,13,2,18,63,25,64,9.78,5.44,1.75,3.40,5.50,1.55,2.55,5.00,9.00,2.30,1.55,Estadio 15 de Abril
1764203400,Nov 27 2025 - 12:30am,complete,N/A,Lanús,Tigre,N/A,N/A,1.55,1.48,1.50,1.51,0,1,1,0,0,0,"","48",2,1,2,0,1,0,1,1,1,0,18,8,3,1,15,7,13,12,41,59,1.36,1.27,1.69,0.70,1.78,39,58,27,6,3,21,55,29,64,8.21,4.61,2.07,3.00,4.20,1.60,2.62,5.65,13.00,2.33,1.63,Estadio Ciudad de Lanús - Néstor Díaz Pérez
1764462600,Nov 30 2025 - 12:30am,complete,N/A,Central Córdoba SdE,Estudiantes,N/A,N/A,1.36,1.32,1.32,1.41,0,1,1,0,0,0,"","65",7,4,1,0,2,0,0,1,1,1,4,8,2,3,2,5,10,10,58,42,1.33,1.43,0.42,0.74,2.23,48,69,39,18,6,18,63,40,74,8.86,5.50,3.25,2.85,2.38,1.60,2.78,5.60,11.00,2.20,1.62,N/A
1764538200,Nov 30 2025 - 9:30pm,complete,N/A,Boca Juniors,Argentinos Juniors,N/A,N/A,1.89,1.83,1.86,1.78,1,0,1,1,1,0,"5","",3,8,5,0,2,0,2,3,2,0,3,9,2,5,1,4,10,7,55,45,1.45,1.53,0.62,1.47,2.15,39,70,36,16,6,22,53,42,70,10.23,4.69,1.97,3.10,4.30,1.50,2.58,5.10,13.00,2.25,1.56,Estadio Alberto José Armando
1764619200,Dec 01 2025 - 8:00pm,complete,N/A,Barracas Central,Gimnasia La Plata,N/A,N/A,1.53,1.24,1.49,1.26,0,2,2,1,0,1,"","22,90'3",3,6,1,0,1,0,0,1,0,1,7,9,5,3,2,6,12,10,59,41,1.11,1.20,1.15,1.09,2.06,40,63,37,12,2,20,68,27,75,7.18,6.09,2.36,2.87,3.25,1.65,3.00,6.78,14.50,2.46,1.58,Estadio Claudio Chiqui Tapia
1764635400,Dec 02 2025 - 12:30am,complete,N/A,Racing Club,Tigre,N/A,N/A,1.65,1.53,1.65,1.51,0,0,0,0,0,0,"","",9,2,3,2,4,1,1,4,2,3,24,14,4,1,20,13,16,15,71,29,1.42,1.25,2.46,1.20,2.03,38,56,32,16,11,21,61,32,67,9.26,5.32,1.56,3.15,5.80,1.40,2.35,4.25,8.60,2.18,1.61,Estadio Presidente Juan Domingo Perón
1765144800,Dec 07 2025 - 10:00pm,complete,N/A,Boca Juniors,Racing Club,N/A,N/A,1.92,1.63,1.86,1.65,0,1,1,0,0,0,"","75",4,0,2,0,6,0,0,2,3,3,7,8,2,2,5,6,7,19,52,48,1.43,1.45,1.02,0.94,2.20,38,65,35,20,10,20,60,41,72,10.35,5.36,1.88,3.40,4.15,1.39,2.08,4.50,8.50,2.18,1.68,Estadio Alberto José Armando
1765224000,Dec 08 2025 - 8:00pm,complete,N/A,Gimnasia La Plata,Estudiantes,N/A,N/A,1.29,1.37,1.26,1.41,0,1,1,0,0,0,"","62",4,2,3,0,4,0,3,0,2,2,8,7,1,4,7,3,14,17,54,46,1.20,1.41,1.21,1.15,2.00,35,61,33,10,3,18,64,29,75,8.72,6.63,3.50,2.75,2.45,1.73,3.12,7.20,13.00,2.46,1.48,Estadio Juan Carmelo Zerillo
1765670400,Dec 14 2025 - 12:00am,complete,N/A,Racing Club,Estudiantes,N/A,N/A,1.67,1.42,1.65,1.41,1,1,2,0,0,0,"81","90'3",5,7,3,0,4,0,0,3,3,1,15,13,4,4,11,9,10,13,54,46,1.43,1.41,1.67,1.47,2.16,40,59,33,21,12,18,61,36,74,9.61,6.50,2.40,2.90,3.25,1.53,2.78,5.47,13.00,2.10,1.63,N/A
